category_code,category_name,category_order,publication_seq,publication_id,publication_title,publication_date,department,detail_url,source_file_class,source_display_name,source_original_name,atch_file_id,atch_file_seq,selection_rule,local_path,file_size,sha256,status,error
501,월간재정동향,27,51752,FSL1004,2026 월간재정동향 6월호,2026-06-16,기획재정부,https://www.openfiscaldata.go.kr/op/ko/fd/UOPKOFDA02?pageIndex=1&pageSize=8&ofdBrdId=FSL1004&ofdBrdiSeq=51752&ofdBrdiDtsClsCd=501,원문,기획예산처 월간 재정동향 26.6월호.,기획예산처 월간 재정동향 26.6월호..pdf,F0000000000000004812,2,원문 우선(목차 파일 제외),files/01_501_월간재정동향/2026-06-16_51752_2026 월간재정동향 6월호.pdf,4291335,96338928e4ca7374abbcc1fd4c97644ca0ca9c97f50ed80ea95b080d28375bd1,downloaded,
501,월간재정동향,27,51745,FSL1004,2026 월간재정동향 5월호,2026-05-26,기획재정부,https://www.openfiscaldata.go.kr/op/ko/fd/UOPKOFDA02?pageIndex=1&pageSize=8&ofdBrdId=FSL1004&ofdBrdiSeq=51745&ofdBrdiDtsClsCd=501,원문,기획예산처 월간 재정동향 26.5월호,기획예산처 월간 재정동향 26.5월호.pdf,F0000000000000004795,7,원문 우선(목차 파일 제외),files/01_501_월간재정동향/2026-05-26_51745_2026 월간재정동향 5월호.pdf,3856837,03a781064ff201c3f61ca20f986777bd038be5be9aa09ea771c44f7ffeb88a58,downloaded,
501,월간재정동향,27,51739,FSL1004,2026 월간재정동향 4월호,2026-04-16,기획재정부,https://www.openfiscaldata.go.kr/op/ko/fd/UOPKOFDA02?pageIndex=1&pageSize=8&ofdBrdId=FSL1004&ofdBrdiSeq=51739&ofdBrdiDtsClsCd=501,원문,기획예산처 월간 재정동향 26.4월호,기획예산처 월간 재정동향 26.4월호.pdf,F0000000000000004752,1,원문 우선(목차 파일 제외),files/01_501_월간재정동향/2026-04-16_51739_2026 월간재정동향 4월호.pdf,4645772,1bb813bd8277f1677017cc96fcbe8fd893f184264f245aed657bc8c803ff081e,downloaded,
501,월간재정동향,27,51729,FSL1004,2026 월간재정동향 3월호,2026-03-17,기획재정부,https://www.openfiscaldata.go.kr/op/ko/fd/UOPKOFDA02?pageIndex=1&pageSize=8&ofdBrdId=FSL1004&ofdBrdiSeq=51729&ofdBrdiDtsClsCd=501,원문,월간 재정동향_2026.3월호,월간 재정동향_2026.3월호.pdf,F0000000000000004734,1,원문 우선(목차 파일 제외),files/01_501_월간재정동향/2026-03-17_51729_2026 월간재정동향 3월호.pdf,4241194,a88230afb167cc2308c570c834a8f7cd49e386a06a62c0535467321206dd25b6,downloaded,
501,월간재정동향,27,51725,FSL1004,2026 월간재정동향 2월호,2026-02-25,기획재정부,https://www.openfiscaldata.go.kr/op/ko/fd/UOPKOFDA02?pageIndex=1&pageSize=8&ofdBrdId=FSL1004&ofdBrdiSeq=51725&ofdBrdiDtsClsCd=501,원문,월간 재정동향_2026.2월호,월간 재정동향_2026.2월호.pdf,F0000000000000004730,1,원문 우선(목차 파일 제외),files/01_501_월간재정동향/2026-02-25_51725_2026 월간재정동향 2월호.pdf,3595814,e15605064ea74d743b2e5552b54f1a03e9934d84fd1600c572a1eb66db86afe1,downloaded,
501,월간재정동향,27,51721,FSL1004,2026 월간재정동향 1월호,2026-01-20,기획재정부,https://www.openfiscaldata.go.kr/op/ko/fd/UOPKOFDA02?pageIndex=1&pageSize=8&ofdBrdId=FSL1004&ofdBrdiSeq=51721&ofdBrdiDtsClsCd=501,원문,월간 재정동향_2026.1월호,월간 재정동향_2026.1월호.pdf,F0000000000000004711,1,원문 우선(목차 파일 제외),files/01_501_월간재정동향/2026-01-20_51721_2026 월간재정동향 1월호.pdf,3626672,a6b56d32042fd01a383d98999f9c3bee9ac2da91531fcec3901833eec05947cf,downloaded,
501,월간재정동향,27,51709,FSL1004,2025 월간재정동향 12월호,2025-12-11,기획재정부,https://www.openfiscaldata.go.kr/op/ko/fd/UOPKOFDA02?pageIndex=1&pageSize=8&ofdBrdId=FSL1004&ofdBrdiSeq=51709&ofdBrdiDtsClsCd=501,원문,월간 재정동향_2025.12,월간 재정동향_2025.12.pdf,F0000000000000004674,7,원문 우선(목차 파일 제외),files/01_501_월간재정동향/2025-12-11_51709_2025 월간재정동향 12월호.pdf,3558956,7b99cb85229a25894d93d55ac5fca38a24bec941e57bee5159d0cdee4c74a2e6,downloaded,
501,월간재정동향,27,51703,FSL1004,2025 월간재정동향 11월호,2025-11-13,기획재정부,https://www.openfiscaldata.go.kr/op/ko/fd/UOPKOFDA02?pageIndex=1&pageSize=8&ofdBrdId=FSL1004&ofdBrdiSeq=51703&ofdBrdiDtsClsCd=501,원문,월간 재정동향_2025.11월호,월간 재정동향_2025.11월호.pdf,F0000000000000004610,1,원문 우선(목차 파일 제외),files/01_501_월간재정동향/2025-11-13_51703_2025 월간재정동향 11월호.pdf,4702697,e36769ba49d61dc5cb17e56e7681683b95ea04dd349b6b681feaca4126906a63,downloaded,
501,월간재정동향,27,51701,FSL1004,2025 월간재정동향 10월호,2025-10-31,기획재정부,https://www.openfiscaldata.go.kr/op/ko/fd/UOPKOFDA02?pageIndex=1&pageSize=8&ofdBrdId=FSL1004&ofdBrdiSeq=51701&ofdBrdiDtsClsCd=501,원문,월간 재정동향_2025.10월호,월간 재정동향_2025.10월호.pdf,F0000000000000004568,1,원문 우선(목차 파일 제외),files/01_501_월간재정동향/2025-10-31_51701_2025 월간재정동향 10월호.pdf,3426630,a5e80b26de7eff804c411ba0c56a9fe5c7007c0067b605066f42317bc9d58b7b,downloaded,
501,월간재정동향,27,51697,FSL1004,2025 월간재정동향 9월호,2025-09-11,기획재정부,https://www.openfiscaldata.go.kr/op/ko/fd/UOPKOFDA02?pageIndex=1&pageSize=8&ofdBrdId=FSL1004&ofdBrdiSeq=51697&ofdBrdiDtsClsCd=501,원문,월간재정동향 25.9월호,월간재정동향 25.9월호.pdf,F0000000000000004553,1,원문 우선(목차 파일 제외),files/01_501_월간재정동향/2025-09-11_51697_2025 월간재정동향 9월호.pdf,4855284,3f5634dfc6b85c6aeebda14ecfbd4e93c05b63e042bf3c7de2e8bab43260478c,downloaded,
501,월간재정동향,27,51692,FSL1004,2025 월간재정동향 8월호,2025-08-14,기획재정부,https://www.openfiscaldata.go.kr/op/ko/fd/UOPKOFDA02?pageIndex=1&pageSize=8&ofdBrdId=FSL1004&ofdBrdiSeq=51692&ofdBrdiDtsClsCd=501,원문,월간 재정동향_2025.08월호,월간 재정동향_2025.08월호.pdf,F0000000000000004543,8,원문 우선(목차 파일 제외),files/01_501_월간재정동향/2025-08-14_51692_2025 월간재정동향 8월호.pdf,4310503,8bb0ac0dc9edff985f1525858b91bb04db11c0918eed0d0ef2e1ab52a6c75e5a,downloaded,
501,월간재정동향,27,51686,FSL1004,2025년 월간재정동향 7월호,2025-07-10,기획재정부,https://www.openfiscaldata.go.kr/op/ko/fd/UOPKOFDA02?pageIndex=1&pageSize=8&ofdBrdId=FSL1004&ofdBrdiSeq=51686&ofdBrdiDtsClsCd=501,원문,월간 재정동향 7월호,월간 재정동향 7월호.pdf,F0000000000000004521,1,원문 우선(목차 파일 제외),files/01_501_월간재정동향/2025-07-10_51686_2025년 월간재정동향 7월호.pdf,4999590,1836ad6d65f835f6ee739cef2f2160037ba95597f2dfc084592a61d70ab184dd,downloaded,
501,월간재정동향,27,51683,FSL1004,2025년 월간재정동향 6월호,2025-06-12,기획재정부,https://www.openfiscaldata.go.kr/op/ko/fd/UOPKOFDA02?pageIndex=1&pageSize=8&ofdBrdId=FSL1004&ofdBrdiSeq=51683&ofdBrdiDtsClsCd=501,원문,월간 재정동향 6월호,월간 재정동향 6월호.pdf,F0000000000000004517,1,원문 우선(목차 파일 제외),files/01_501_월간재정동향/2025-06-12_51683_2025년 월간재정동향 6월호.pdf,4298968,dd3cac09bc87ba710d1291084b5e3f6ce556e25c0b47f9f18e72b012b5cdf52f,downloaded,
501,월간재정동향,27,51678,FSL1004,2025년 월간재정동향 5월호,2025-05-15,기획재정부,https://www.openfiscaldata.go.kr/op/ko/fd/UOPKOFDA02?pageIndex=1&pageSize=8&ofdBrdId=FSL1004&ofdBrdiSeq=51678&ofdBrdiDtsClsCd=501,원문,2025년 월간재정동향 5월호,2025년 월간재정동향 5월호.pdf,F0000000000000004507,1,원문 우선(목차 파일 제외),files/01_501_월간재정동향/2025-05-15_51678_2025년 월간재정동향 5월호.pdf,4449049,71aa6a2625b13c54a16f685f49a204894d836c0ab660166c74165d66aa686ce9,downloaded,
501,월간재정동향,27,51669,FSL1004,2025년 월간재정동향 4월호,2025-04-10,기획재정부,https://www.openfiscaldata.go.kr/op/ko/fd/UOPKOFDA02?pageIndex=1&pageSize=8&ofdBrdId=FSL1004&ofdBrdiSeq=51669&ofdBrdiDtsClsCd=501,원문,월간재정동향,월간재정동향.pdf,F0000000000000004475,1,원문 우선(목차 파일 제외),files/01_501_월간재정동향/2025-04-10_51669_2025년 월간재정동향 4월호.pdf,7832586,2343cbf96753fcc3e189f2810dbcba9cbdbcc99b4ab5a69a309c828d6dc8ea23,downloaded,
501,월간재정동향,27,51664,FSL1004,2025년 월간재정동향 3월호,2025-03-13,기획재정부,https://www.openfiscaldata.go.kr/op/ko/fd/UOPKOFDA02?pageIndex=1&pageSize=8&ofdBrdId=FSL1004&ofdBrdiSeq=51664&ofdBrdiDtsClsCd=501,원문,월간재정동향,월간재정동향.pdf,F0000000000000004456,1,원문 우선(목차 파일 제외),files/01_501_월간재정동향/2025-03-13_51664_2025년 월간재정동향 3월호.pdf,4280453,f79653dfaad41a3e9f2a8ccdad3d07a0879d08b83ed5d39ed396728353cd6fc2,downloaded,
501,월간재정동향,27,51656,FSL1004,2025년 월간재정동향 2월호,2025-02-13,기획재정부,https://www.openfiscaldata.go.kr/op/ko/fd/UOPKOFDA02?pageIndex=1&pageSize=8&ofdBrdId=FSL1004&ofdBrdiSeq=51656&ofdBrdiDtsClsCd=501,원문,월간재정동향,월간재정동향.pdf,F0000000000000004402,1,원문 우선(목차 파일 제외),files/01_501_월간재정동향/2025-02-13_51656_2025년 월간재정동향 2월호.pdf,4457470,3d7c52ddcb72d923fdd6254c1160d003ed2cc25e60c189a30708c0aec0cfa035,downloaded,
501,월간재정동향,27,51653,FSL1004,2025년 월간재정동향 1월호,2025-01-09,기획재정부,https://www.openfiscaldata.go.kr/op/ko/fd/UOPKOFDA02?pageIndex=1&pageSize=8&ofdBrdId=FSL1004&ofdBrdiSeq=51653&ofdBrdiDtsClsCd=501,원문,월간 재정동향,월간 재정동향.pdf,F0000000000000004393,1,원문 우선(목차 파일 제외),files/01_501_월간재정동향/2025-01-09_51653_2025년 월간재정동향 1월호.pdf,4277443,b5f90dbf447ca03f62e23bb8df75c5a4b25fbb7ed06bf6de2948c54f0f58d6a2,downloaded,
501,월간재정동향,27,51648,FSL1004,2024년 월간재정동향 12월호,2024-12-12,기획재정부,https://www.openfiscaldata.go.kr/op/ko/fd/UOPKOFDA02?pageIndex=1&pageSize=8&ofdBrdId=FSL1004&ofdBrdiSeq=51648&ofdBrdiDtsClsCd=501,원문,월간 재정동향 12월호,월간 재정동향 12월호.pdf,F0000000000000004374,1,원문 우선(목차 파일 제외),files/01_501_월간재정동향/2024-12-12_51648_2024년 월간재정동향 12월호.pdf,4864359,b8eb4841498ec10ec0a386315ade70bb55cce6d9fd9738ba84e20c84295e935e,downloaded,
501,월간재정동향,27,51644,FSL1004,2024년 월간재정동향 11월호,2024-11-14,기획재정부,https://www.openfiscaldata.go.kr/op/ko/fd/UOPKOFDA02?pageIndex=1&pageSize=8&ofdBrdId=FSL1004&ofdBrdiSeq=51644&ofdBrdiDtsClsCd=501,원문,월간 재정동향 11월호,월간 재정동향 11월호.pdf,F0000000000000004349,1,원문 우선(목차 파일 제외),files/01_501_월간재정동향/2024-11-14_51644_2024년 월간재정동향 11월호.pdf,4032033,bbf5e4df92e2bacc56d3b3a9336ce43591673e2a5fc5049babbe97bb4e437e01,downloaded,
501,월간재정동향,27,51640,FSL1004,2024년 월간재정동향 10월호,2024-10-10,기획재정부,https://www.openfiscaldata.go.kr/op/ko/fd/UOPKOFDA02?pageIndex=1&pageSize=8&ofdBrdId=FSL1004&ofdBrdiSeq=51640&ofdBrdiDtsClsCd=501,원문,월간 재정동향 10월호,월간 재정동향 10월호.pdf,F0000000000000004329,5,원문 우선(목차 파일 제외),files/01_501_월간재정동향/2024-10-10_51640_2024년 월간재정동향 10월호.pdf,3789662,92d85372ae47e1b814ad53898228d22fb4cbc35511f075bd02372ca97b6cc78b,downloaded,
501,월간재정동향,27,51636,FSL1004,2024년 월간재정동향 9월호,2024-09-12,기획재정부,https://www.openfiscaldata.go.kr/op/ko/fd/UOPKOFDA02?pageIndex=1&pageSize=8&ofdBrdId=FSL1004&ofdBrdiSeq=51636&ofdBrdiDtsClsCd=501,원문,월간 재정동향 9월호,월간 재정동향 9월호.pdf,F0000000000000004302,1,원문 우선(목차 파일 제외),files/01_501_월간재정동향/2024-09-12_51636_2024년 월간재정동향 9월호.pdf,3638199,0b0d3ac473cc7f5b4aeb6ad2dc345d9d095ca78c788f77fec85a69e0e66508ea,downloaded,
501,월간재정동향,27,51632,FSL1004,2024년 월간재정동향 8월호,2024-08-14,기획재정부,https://www.openfiscaldata.go.kr/op/ko/fd/UOPKOFDA02?pageIndex=1&pageSize=8&ofdBrdId=FSL1004&ofdBrdiSeq=51632&ofdBrdiDtsClsCd=501,원문,월간 재정동향 8월호,월간 재정동향 8월호.pdf,F0000000000000004294,5,원문 우선(목차 파일 제외),files/01_501_월간재정동향/2024-08-14_51632_2024년 월간재정동향 8월호.pdf,4881593,fd88bdce32decd8b53de5f2afa6c046872a420101849b61b2e09617be045a6d3,downloaded,
501,월간재정동향,27,51628,FSL1004,2024년 월간재정동향 7월호,2024-07-11,기획재정부,https://www.openfiscaldata.go.kr/op/ko/fd/UOPKOFDA02?pageIndex=1&pageSize=8&ofdBrdId=FSL1004&ofdBrdiSeq=51628&ofdBrdiDtsClsCd=501,원문,(책자)재정동향7월호,(책자)재정동향7월호.pdf,F0000000000000004288,1,원문 우선(목차 파일 제외),files/01_501_월간재정동향/2024-07-11_51628_2024년 월간재정동향 7월호.pdf,3808968,0c1b33449922a367a4f7ea2355d74bab306d882e9f171e5c25129bbb7365a3d2,downloaded,
501,월간재정동향,27,51623,FSL1004,2024년 월간재정동향 6월호,2024-06-13,기획재정부,https://www.openfiscaldata.go.kr/op/ko/fd/UOPKOFDA02?pageIndex=1&pageSize=8&ofdBrdId=FSL1004&ofdBrdiSeq=51623&ofdBrdiDtsClsCd=501,원문,기획재정부 월간 재정동향 6월호,기획재정부 월간 재정동향 6월호.pdf,F0000000000000004261,1,원문 우선(목차 파일 제외),files/01_501_월간재정동향/2024-06-13_51623_2024년 월간재정동향 6월호.pdf,3942472,7efd578abd60d2a42bf946f750638d3e440899ff2b3bc8a42c61305b90ff2aa5,downloaded,
501,월간재정동향,27,51614,FSL1004,2024년 월간재정동향 5월호,2024-05-09,기획재정부,https://www.openfiscaldata.go.kr/op/ko/fd/UOPKOFDA02?pageIndex=1&pageSize=8&ofdBrdId=FSL1004&ofdBrdiSeq=51614&ofdBrdiDtsClsCd=501,원문,(책자)월간 재정동향 5월호,(책자)월간 재정동향 5월호.pdf,F0000000000000004236,1,원문 우선(목차 파일 제외),files/01_501_월간재정동향/2024-05-09_51614_2024년 월간재정동향 5월호.pdf,4079145,540e5800e908dd509c63e615c453fe4323a4db6e08d4aab410dfc2162bcd5da9,downloaded,
501,월간재정동향,27,51613,FSL1004,2024년 월간재정동향 4월호,2024-04-11,기획재정부,https://www.openfiscaldata.go.kr/op/ko/fd/UOPKOFDA02?pageIndex=1&pageSize=8&ofdBrdId=FSL1004&ofdBrdiSeq=51613&ofdBrdiDtsClsCd=501,원문,(240411책자) 월간 재정동향 4월호,(240411책자) 월간 재정동향 4월호.pdf,F0000000000000004231,1,원문 우선(목차 파일 제외),files/01_501_월간재정동향/2024-04-11_51613_2024년 월간재정동향 4월호.pdf,5495418,615ec902ec9912da8d7edfc3bd60bbf6e00368edd9b22fc57c440433d49502cb,downloaded,
501,월간재정동향,27,51605,FSL1004,2024년 월간재정동향 3월호,2024-03-14,기획재정부,https://www.openfiscaldata.go.kr/op/ko/fd/UOPKOFDA02?pageIndex=1&pageSize=8&ofdBrdId=FSL1004&ofdBrdiSeq=51605&ofdBrdiDtsClsCd=501,원문,(240313책자)재정동향3월호,(240313책자)재정동향3월호.pdf,F0000000000000004220,1,원문 우선(목차 파일 제외),files/01_501_월간재정동향/2024-03-14_51605_2024년 월간재정동향 3월호.pdf,4522583,6400f01b6490887bee6455a8e8b6052b756d902109f7c98a5b2e046752645dda,downloaded,
501,월간재정동향,27,51603,FSL1004,2024년 월간재정동향 2월호,2024-02-15,기획재정부,https://www.openfiscaldata.go.kr/op/ko/fd/UOPKOFDA02?pageIndex=1&pageSize=8&ofdBrdId=FSL1004&ofdBrdiSeq=51603&ofdBrdiDtsClsCd=501,원문,(240214책자)재정동향2월호,(240214책자)재정동향2월호.pdf,F0000000000000004203,1,원문 우선(목차 파일 제외),files/01_501_월간재정동향/2024-02-15_51603_2024년 월간재정동향 2월호.pdf,3887840,533fe900bb906f5fada50e406dfb0aa7eb33f854db96fc37bb6e5973f386e0c7,downloaded,
501,월간재정동향,27,51597,FSL1004,2024년 월간재정동향 1월호,2024-01-11,기획재정부,https://www.openfiscaldata.go.kr/op/ko/fd/UOPKOFDA02?pageIndex=1&pageSize=8&ofdBrdId=FSL1004&ofdBrdiSeq=51597&ofdBrdiDtsClsCd=501,원문,(240110책자)재정동향1월호,(240110책자)재정동향1월호.pdf,F0000000000000004192,1,원문 우선(목차 파일 제외),files/01_501_월간재정동향/2024-01-11_51597_2024년 월간재정동향 1월호.pdf,3637173,55f538e0d5e12439c713c0e53586187e691e5971bd497aa98eca24c87b8ee797,downloaded,
501,월간재정동향,27,51590,FSL1004,2023년 월간재정동향 12월호,2023-12-13,기획재정부,https://www.openfiscaldata.go.kr/op/ko/fd/UOPKOFDA02?pageIndex=1&pageSize=8&ofdBrdId=FSL1004&ofdBrdiSeq=51590&ofdBrdiDtsClsCd=501,원문,(231213책자)재정동향12월호,(231213책자)재정동향12월호.pdf,F0000000000000004176,1,원문 우선(목차 파일 제외),files/01_501_월간재정동향/2023-12-13_51590_2023년 월간재정동향 12월호.pdf,3890268,c1dda9ef886a2ee702d8d642b32e62ad98e2046a43ff741d5bcbcd54989a796f,downloaded,
501,월간재정동향,27,51586,FSL1004,2023년 월간재정동향 11월호,2023-11-09,기획재정부,https://www.openfiscaldata.go.kr/op/ko/fd/UOPKOFDA02?pageIndex=1&pageSize=8&ofdBrdId=FSL1004&ofdBrdiSeq=51586&ofdBrdiDtsClsCd=501,원문,(231108책자) 재정동향11월호,(231108책자) 재정동향11월호.pdf,F0000000000000004158,1,원문 우선(목차 파일 제외),files/01_501_월간재정동향/2023-11-09_51586_2023년 월간재정동향 11월호.pdf,4326805,90f75dce7e07c9be4fffba4bcb2d6136a217f6a8d154b1d3769aa28db663716b,downloaded,
501,월간재정동향,27,51580,FSL1004,2023년 월간재정동향 10월호,2023-10-13,기획재정부,https://www.openfiscaldata.go.kr/op/ko/fd/UOPKOFDA02?pageIndex=1&pageSize=8&ofdBrdId=FSL1004&ofdBrdiSeq=51580&ofdBrdiDtsClsCd=501,원문,(231011책자)재정동향10월호,(231011책자)재정동향10월호.pdf,F0000000000000004146,1,원문 우선(목차 파일 제외),files/01_501_월간재정동향/2023-10-13_51580_2023년 월간재정동향 10월호.pdf,3568231,dfb77d8fd8c7f82bccb567465284fa2035d63f449cc7cd8cde83bce41eb87bdd,downloaded,
501,월간재정동향,27,51575,FSL1004,2023년 월간재정동향 9월호,2023-09-14,기획재정부,https://www.openfiscaldata.go.kr/op/ko/fd/UOPKOFDA02?pageIndex=1&pageSize=8&ofdBrdId=FSL1004&ofdBrdiSeq=51575&ofdBrdiDtsClsCd=501,원문,(230913책자)재정동향9월호,(230913책자)재정동향9월호.pdf,F0000000000000004121,1,원문 우선(목차 파일 제외),files/01_501_월간재정동향/2023-09-14_51575_2023년 월간재정동향 9월호.pdf,3828340,072e797e7fa49d610abf2d85d3d659ee6336798e95b0627d1e632a8811071d80,downloaded,
501,월간재정동향,27,51572,FSL1004,2023년 월간재정동향 8월호,2023-08-09,기획재정부,https://www.openfiscaldata.go.kr/op/ko/fd/UOPKOFDA02?pageIndex=1&pageSize=8&ofdBrdId=FSL1004&ofdBrdiSeq=51572&ofdBrdiDtsClsCd=501,원문,(230809책자)재정동향8월호,(230809책자)재정동향8월호.pdf,F0000000000000004106,1,원문 우선(목차 파일 제외),files/01_501_월간재정동향/2023-08-09_51572_2023년 월간재정동향 8월호.pdf,4592510,6915ecc7d7ae1763fc5e3493fe414918bdd26979067ac9bf17310143e51bc6e8,downloaded,
501,월간재정동향,27,51570,FSL1004,2023년 월간재정동향 7월호,2023-07-12,기획재정부,https://www.openfiscaldata.go.kr/op/ko/fd/UOPKOFDA02?pageIndex=1&pageSize=8&ofdBrdId=FSL1004&ofdBrdiSeq=51570&ofdBrdiDtsClsCd=501,원문,(230712책자)재정동향7월호,(230712책자)재정동향7월호.pdf,F0000000000000004100,1,원문 우선(목차 파일 제외),files/01_501_월간재정동향/2023-07-12_51570_2023년 월간재정동향 7월호.pdf,24791517,3869b8ed35c6ca9aa82c102cdb133b8bb908d3d92e75ed880fd18932ff13adf5,downloaded,
501,월간재정동향,27,51561,FSL1004,2023년 월간재정동향 6월호,2023-06-15,기획재정부,https://www.openfiscaldata.go.kr/op/ko/fd/UOPKOFDA02?pageIndex=1&pageSize=8&ofdBrdId=FSL1004&ofdBrdiSeq=51561&ofdBrdiDtsClsCd=501,원문,(230614책자)재정동향6월호,(230614책자)재정동향6월호.pdf,F0000000000000004065,1,원문 우선(목차 파일 제외),files/01_501_월간재정동향/2023-06-15_51561_2023년 월간재정동향 6월호.pdf,5040673,22a5667042f132abe4277c746102c066836567a70f6bca971ea2bf47f75b9aa2,downloaded,
501,월간재정동향,27,51553,FSL1004,2023년 월간재정동향 5월호,2023-05-11,기획재정부,https://www.openfiscaldata.go.kr/op/ko/fd/UOPKOFDA02?pageIndex=1&pageSize=8&ofdBrdId=FSL1004&ofdBrdiSeq=51553&ofdBrdiDtsClsCd=501,원문,(230511책자)재정동향 5월호,(230511책자)재정동향 5월호.pdf,F0000000000000004036,1,원문 우선(목차 파일 제외),files/01_501_월간재정동향/2023-05-11_51553_2023년 월간재정동향 5월호.pdf,4002171,869f8b0b6f52f03f241d715577c2500951a2e19a2b358720d97af2e511372c87,downloaded,
501,월간재정동향,27,51547,FSL1004,2023년 월간재정동향 4월호,2023-04-13,기획재정부,https://www.openfiscaldata.go.kr/op/ko/fd/UOPKOFDA02?pageIndex=1&pageSize=8&ofdBrdId=FSL1004&ofdBrdiSeq=51547&ofdBrdiDtsClsCd=501,원문,(230413책자)월간 재정동향 4월호,(230413책자)월간 재정동향 4월호.pdf,F0000000000000004020,1,원문 우선(목차 파일 제외),files/01_501_월간재정동향/2023-04-13_51547_2023년 월간재정동향 4월호.pdf,4022914,c5afe80514783e4a67628ae087e77e410d49de7e5105d666208eab399e6d1188,downloaded,
501,월간재정동향,27,51541,FSL1004,2023년 월간재정동향 3월호,2023-03-16,기획재정부,https://www.openfiscaldata.go.kr/op/ko/fd/UOPKOFDA02?pageIndex=1&pageSize=8&ofdBrdId=FSL1004&ofdBrdiSeq=51541&ofdBrdiDtsClsCd=501,원문,재정동향3월호,재정동향3월호.pdf,F0000000000000003990,1,원문 우선(목차 파일 제외),files/01_501_월간재정동향/2023-03-16_51541_2023년 월간재정동향 3월호.pdf,4070608,a5244243aa55ede3fb1e17aa5464505ed2586e20048b024bd2ef5fd12086ce73,downloaded,
501,월간재정동향,27,51537,FSL1004,2023년 월간재정동향 2월호,2023-02-16,기획재정부,https://www.openfiscaldata.go.kr/op/ko/fd/UOPKOFDA02?pageIndex=1&pageSize=8&ofdBrdId=FSL1004&ofdBrdiSeq=51537&ofdBrdiDtsClsCd=501,원문,재정동향 2월호,재정동향 2월호.pdf,F0000000000000003981,1,원문 우선(목차 파일 제외),files/01_501_월간재정동향/2023-02-16_51537_2023년 월간재정동향 2월호.pdf,4125046,0a82274427316e9596a565c322988a7e3681a21cb7295aeda527c210f064ab24,downloaded,
501,월간재정동향,27,51530,FSL1004,2023년 월간재정동향 1월호,2023-01-12,기획재정부,https://www.openfiscaldata.go.kr/op/ko/fd/UOPKOFDA02?pageIndex=1&pageSize=8&ofdBrdId=FSL1004&ofdBrdiSeq=51530&ofdBrdiDtsClsCd=501,원문,월간 재정동향 1월호,월간 재정동향 1월호.pdf,F0000000000000003970,1,원문 우선(목차 파일 제외),files/01_501_월간재정동향/2023-01-12_51530_2023년 월간재정동향 1월호.pdf,3399513,cd163c55a3cf7ee03bfac61e9c9c8fe6ea777269fec5199b7b4546a6d16c4dad,downloaded,
501,월간재정동향,27,51526,FSL1004,2022년 월간재정동향 12월호,2022-12-15,기획재정부,https://www.openfiscaldata.go.kr/op/ko/fd/UOPKOFDA02?pageIndex=1&pageSize=8&ofdBrdId=FSL1004&ofdBrdiSeq=51526&ofdBrdiDtsClsCd=501,원문,월간 재정동향 12월호,월간 재정동향 12월호.pdf,F0000000000000003940,1,원문 우선(목차 파일 제외),files/01_501_월간재정동향/2022-12-15_51526_2022년 월간재정동향 12월호.pdf,3585350,502220b5f3936c77a6fce137c1bd39c37ef8f827aef7a63911375d7ee67b69d4,downloaded,
501,월간재정동향,27,51522,FSL1004,2022년 월간재정동향 11월호,2022-11-17,기획재정부,https://www.openfiscaldata.go.kr/op/ko/fd/UOPKOFDA02?pageIndex=1&pageSize=8&ofdBrdId=FSL1004&ofdBrdiSeq=51522&ofdBrdiDtsClsCd=501,원문,월간 재정동향 11월호,월간 재정동향 11월호.pdf,F0000000000000003929,1,원문 우선(목차 파일 제외),files/01_501_월간재정동향/2022-11-17_51522_2022년 월간재정동향 11월호.pdf,2686276,cc7b0a684841530e3367351be1fa05569ea8fee4fde7f15b97d3a84dd7b3622b,downloaded,
501,월간재정동향,27,51515,FSL1004,2022년 월간재정동향 10월호,2022-10-13,기획재정부,https://www.openfiscaldata.go.kr/op/ko/fd/UOPKOFDA02?pageIndex=1&pageSize=8&ofdBrdId=FSL1004&ofdBrdiSeq=51515&ofdBrdiDtsClsCd=501,원문,월간 재정동향 10월호,월간 재정동향 10월호.pdf,F0000000000000003910,1,원문 우선(목차 파일 제외),files/01_501_월간재정동향/2022-10-13_51515_2022년 월간재정동향 10월호.pdf,2728112,51b4cad9abb5e06973ee6b27bb53635507e7b470f3bf1512f196d378bcc623b7,downloaded,
501,월간재정동향,27,51509,FSL1004,2022년 월간재정동향 9월호,2022-09-15,기획재정부,https://www.openfiscaldata.go.kr/op/ko/fd/UOPKOFDA02?pageIndex=1&pageSize=8&ofdBrdId=FSL1004&ofdBrdiSeq=51509&ofdBrdiDtsClsCd=501,원문,월간 재정동향 9월호,월간 재정동향 9월호.pdf,F0000000000000003889,1,원문 우선(목차 파일 제외),files/01_501_월간재정동향/2022-09-15_51509_2022년 월간재정동향 9월호.pdf,3111969,d3630da9ed90de601c44cce44090270e284a88bae223c9915554831b3d3356bc,downloaded,
501,월간재정동향,27,51505,FSL1004,2022년 월간재정동향 8월호,2022-08-18,기획재정부,https://www.openfiscaldata.go.kr/op/ko/fd/UOPKOFDA02?pageIndex=1&pageSize=8&ofdBrdId=FSL1004&ofdBrdiSeq=51505&ofdBrdiDtsClsCd=501,원문,월간 재정동향 8월호,월간 재정동향 8월호.pdf,F0000000000000003867,1,원문 우선(목차 파일 제외),files/01_501_월간재정동향/2022-08-18_51505_2022년 월간재정동향 8월호.pdf,3619418,96f80c0e5a0fbcb51d29301e644a8480e7205e731bd64f89cc30ec3b83c87803,downloaded,
501,월간재정동향,27,51501,FSL1004,2022년 월간재정동향 7월호,2022-07-14,기획재정부,https://www.openfiscaldata.go.kr/op/ko/fd/UOPKOFDA02?pageIndex=1&pageSize=8&ofdBrdId=FSL1004&ofdBrdiSeq=51501&ofdBrdiDtsClsCd=501,원문,월간 재정동향 7월호,월간 재정동향 7월호.pdf,F0000000000000003840,1,원문 우선(목차 파일 제외),files/01_501_월간재정동향/2022-07-14_51501_2022년 월간재정동향 7월호.pdf,3130961,c2ab3ef793f5cb59213aa273fbe934ed2020737551080c40f12ae514daaf3670,downloaded,
501,월간재정동향,27,51496,FSL1004,2022년 월간재정동향 6월호,2022-06-16,기획재정부,https://www.openfiscaldata.go.kr/op/ko/fd/UOPKOFDA02?pageIndex=1&pageSize=8&ofdBrdId=FSL1004&ofdBrdiSeq=51496&ofdBrdiDtsClsCd=501,원문,월간 재정동향 및 이슈 6월호,월간 재정동향 및 이슈 6월호.pdf,F0000000000000003820,1,원문 우선(목차 파일 제외),files/01_501_월간재정동향/2022-06-16_51496_2022년 월간재정동향 6월호.pdf,3759185,af4e2ebfa73c1362c782bf6d69aac2d25e0a7428815b1aeabfe8cf4a356a70b5,downloaded,
501,월간재정동향,27,51492,FSL1004,2022년 월간재정동향 5월호,2022-05-19,기획재정부,https://www.openfiscaldata.go.kr/op/ko/fd/UOPKOFDA02?pageIndex=1&pageSize=8&ofdBrdId=FSL1004&ofdBrdiSeq=51492&ofdBrdiDtsClsCd=501,원문,월간 재정동향 및 이슈 5월호,월간 재정동향 및 이슈 5월호.pdf,F0000000000000003795,1,원문 우선(목차 파일 제외),files/01_501_월간재정동향/2022-05-19_51492_2022년 월간재정동향 5월호.pdf,6899701,b293e986ffcf0d9cddfa666f4f316f4d8c1e30bb6c418cc9d8bf86099b726240,downloaded,
501,월간재정동향,27,51482,FSL1004,2022년 월간재정동향 4월호,2022-04-14,기획재정부,https://www.openfiscaldata.go.kr/op/ko/fd/UOPKOFDA02?pageIndex=1&pageSize=8&ofdBrdId=FSL1004&ofdBrdiSeq=51482&ofdBrdiDtsClsCd=501,원문,월간 재정동향 및 이슈 4월호,월간 재정동향 및 이슈 4월호.pdf,F0000000000000003770,1,원문 우선(목차 파일 제외),files/01_501_월간재정동향/2022-04-14_51482_2022년 월간재정동향 4월호.pdf,7000068,a2ffe085e34c9a0ff8099994751d6ebeb5405712c1f6af3df8df0ddef171fc39,downloaded,
501,월간재정동향,27,51475,FSL1004,2022년 월간재정동향 3월호,2022-03-17,기획재정부,https://www.openfiscaldata.go.kr/op/ko/fd/UOPKOFDA02?pageIndex=1&pageSize=8&ofdBrdId=FSL1004&ofdBrdiSeq=51475&ofdBrdiDtsClsCd=501,원문,월간 재정동향 및 이슈 3월호,월간 재정동향 및 이슈 3월호.pdf,F0000000000000003755,1,원문 우선(목차 파일 제외),files/01_501_월간재정동향/2022-03-17_51475_2022년 월간재정동향 3월호.pdf,4971676,4d60f0834a9091a106f6e099fd7b60e17379043885b7d1501f83c4d2a240f16c,downloaded,
501,월간재정동향,27,51469,FSL1004,2022년 월간재정동향 2월호,2022-02-16,기획재정부,https://www.openfiscaldata.go.kr/op/ko/fd/UOPKOFDA02?pageIndex=1&pageSize=8&ofdBrdId=FSL1004&ofdBrdiSeq=51469&ofdBrdiDtsClsCd=501,원문,기획재정부 월간 재정동향 및 이슈 2월호,기획재정부 월간 재정동향 및 이슈 2월호.pdf,F0000000000000003694,1,원문 우선(목차 파일 제외),files/01_501_월간재정동향/2022-02-16_51469_2022년 월간재정동향 2월호.pdf,5848143,00767a91bc00063859ca52890a3bf43e45b0ced42d457dc62d207a8f5554d541,downloaded,
501,월간재정동향,27,51456,FSL1004,2022년 월간재정동향 1월호,2022-01-14,기획재정부,https://www.openfiscaldata.go.kr/op/ko/fd/UOPKOFDA02?pageIndex=1&pageSize=8&ofdBrdId=FSL1004&ofdBrdiSeq=51456&ofdBrdiDtsClsCd=501,원문,220112 기획재정부 월간 재정동향 및 이슈 1월호(최종),220112 기획재정부 월간 재정동향 및 이슈 1월호(최종).pdf,F0000000000000003349,1,원문 우선(목차 파일 제외),files/01_501_월간재정동향/2022-01-14_51456_2022년 월간재정동향 1월호.pdf,3997512,cbf5ddd1edd86277248ae9112df66c9a52a4fa1dadfd20beeb43486d61410f8f,downloaded,
501,월간재정동향,27,51451,FSL1004,2021년 월간재정동향 12월호,2021-12-09,기획재정부,https://www.openfiscaldata.go.kr/op/ko/fd/UOPKOFDA02?pageIndex=1&pageSize=8&ofdBrdId=FSL1004&ofdBrdiSeq=51451&ofdBrdiDtsClsCd=501,원문,월간재정동향 12월호,월간재정동향 12월호.pdf,F0000000000000003216,1,원문 우선(목차 파일 제외),files/01_501_월간재정동향/2021-12-09_51451_2021년 월간재정동향 12월호.pdf,6016621,aab975eeca76f58b3226661d004e9c365afde8f35391206a5190ae07ecae126f,downloaded,
501,월간재정동향,27,51395,FSL1004,2021년 월간재정동향 11월호,2021-11-16,기획재정부,https://www.openfiscaldata.go.kr/op/ko/fd/UOPKOFDA02?pageIndex=1&pageSize=8&ofdBrdId=FSL1004&ofdBrdiSeq=51395&ofdBrdiDtsClsCd=501,원문,월간재정동향 11월호,월간재정동향 11월호.zip,FI000000005139566660,2,원문 우선(목차 파일 제외),files/01_501_월간재정동향/2021-11-16_51395_2021년 월간재정동향 11월호.zip,55108208,2c0aef1fc3c5cb66c6579109c34366d48312fbf54fee7f4cb75fb13f9aa1a231,downloaded,
501,월간재정동향,27,51252,FSL1004,2021년 월간재정동향 10월호,2021-10-12,기획재정부,https://www.openfiscaldata.go.kr/op/ko/fd/UOPKOFDA02?pageIndex=1&pageSize=8&ofdBrdId=FSL1004&ofdBrdiSeq=51252&ofdBrdiDtsClsCd=501,원문,211011기획재정부 월간 재정동향 및 이슈 10월호(최종),211011기획재정부 월간 재정동향 및 이슈 10월호(최종).zip,FI000000005125266367,7,원문 우선(목차 파일 제외),files/01_501_월간재정동향/2021-10-12_51252_2021년 월간재정동향 10월호.zip,25220080,313f186850e45e1f0e120339b0fdc6eb0aabe220184941b1c18fed3a9798e1b7,downloaded,
501,월간재정동향,27,51154,FSL1004,2021년 월간재정동향 9월호,2021-09-09,기획재정부,https://www.openfiscaldata.go.kr/op/ko/fd/UOPKOFDA02?pageIndex=1&pageSize=8&ofdBrdId=FSL1004&ofdBrdiSeq=51154&ofdBrdiDtsClsCd=501,원문,210908 기획재정부 월간 재정동향 및 이슈 9월호(책자),210908 기획재정부 월간 재정동향 및 이슈 9월호(책자).pdf,FI000000005115466186,1,원문 우선(목차 파일 제외),files/01_501_월간재정동향/2021-09-09_51154_2021년 월간재정동향 9월호.pdf,6826042,22987e9c9fdd8770eae8d5720890ae1f7f31a9d1d620bfd985381a0aa7676405,downloaded,
501,월간재정동향,27,51019,FSL1004,2021년 월간재정동향 8월호,2021-08-10,기획재정부,https://www.openfiscaldata.go.kr/op/ko/fd/UOPKOFDA02?pageIndex=1&pageSize=8&ofdBrdId=FSL1004&ofdBrdiSeq=51019&ofdBrdiDtsClsCd=501,원문,210809 기획재정부 월간 재정동향 및 이슈 8월호 책자(최종),210809 기획재정부 월간 재정동향 및 이슈 8월호 책자(최종).pdf,FI000000005101965961,1,원문 우선(목차 파일 제외),files/01_501_월간재정동향/2021-08-10_51019_2021년 월간재정동향 8월호.pdf,6202334,baeafc4fa8b1c33c7d1b98a731424a1fe3e763fc2e898a482a707b2f90fc7cb1,downloaded,
501,월간재정동향,27,50901,FSL1004,2021년 월간재정동향 7월호,2021-07-08,기획재정부,https://www.openfiscaldata.go.kr/op/ko/fd/UOPKOFDA02?pageIndex=1&pageSize=8&ofdBrdId=FSL1004&ofdBrdiSeq=50901&ofdBrdiDtsClsCd=501,원문,기획재정부 월간 재정동향 및 이슈 7월호 책자,기획재정부 월간 재정동향 및 이슈 7월호 책자.pdf,FI000000005090165764,1,원문 우선(목차 파일 제외),files/01_501_월간재정동향/2021-07-08_50901_2021년 월간재정동향 7월호.pdf,10654534,b775e43bb0d39a2970c59e4e18c5634f244bc86705f501a15391bfab521926de,downloaded,
501,월간재정동향,27,50662,FSL1004,2021년 월간재정동향 6월호,2021-06-08,기획재정부,https://www.openfiscaldata.go.kr/op/ko/fd/UOPKOFDA02?pageIndex=1&pageSize=8&ofdBrdId=FSL1004&ofdBrdiSeq=50662&ofdBrdiDtsClsCd=501,원문,월간 재정동향 및 이슈(6월호),월간 재정동향 및 이슈(6월호).pdf,FI000000005066265311,1,원문 우선(목차 파일 제외),files/01_501_월간재정동향/2021-06-08_50662_2021년 월간재정동향 6월호.pdf,8071774,a8cbff1a09a56fc2f4969930a4bf8807b5b2daa8f3e34366605083e26757d063,downloaded,
501,월간재정동향,27,50530,FSL1004,2021년 월간재정동향 5월호,2021-05-11,기획재정부,https://www.openfiscaldata.go.kr/op/ko/fd/UOPKOFDA02?pageIndex=1&pageSize=8&ofdBrdId=FSL1004&ofdBrdiSeq=50530&ofdBrdiDtsClsCd=501,원문,월간 재정동향 5월호,월간 재정동향 5월호.pdf,FI000000005053065132,2,원문 우선(목차 파일 제외),files/01_501_월간재정동향/2021-05-11_50530_2021년 월간재정동향 5월호.pdf,4240265,d8fc0556b346f7029282765b5500839375133f9006968278430a09d8aa1929a8,downloaded,
501,월간재정동향,27,50420,FSL1004,2021년 월간재정동향 4월호,2021-04-07,기획재정부,https://www.openfiscaldata.go.kr/op/ko/fd/UOPKOFDA02?pageIndex=1&pageSize=8&ofdBrdId=FSL1004&ofdBrdiSeq=50420&ofdBrdiDtsClsCd=501,원문,월간 재정동향 2021년 4월호,월간 재정동향 2021년 4월호.pdf,FI000000005042065008,1,원문 우선(목차 파일 제외),files/01_501_월간재정동향/2021-04-07_50420_2021년 월간재정동향 4월호.pdf,1923500,c7df3a78d1a420aa71463fd9ae2085096c7a96b10d7fbc6ddcc4bff22d55a296,downloaded,
501,월간재정동향,27,50306,FSL1004,2021년 월간재정동향 3월호,2021-03-09,기획재정부,https://www.openfiscaldata.go.kr/op/ko/fd/UOPKOFDA02?pageIndex=1&pageSize=8&ofdBrdId=FSL1004&ofdBrdiSeq=50306&ofdBrdiDtsClsCd=501,원문,월간 재정동향 2021년 3월호,월간 재정동향 2021년 3월호.pdf,FI000000005030664848,1,원문 우선(목차 파일 제외),files/01_501_월간재정동향/2021-03-09_50306_2021년 월간재정동향 3월호.pdf,1919280,c56ffeae302b6e6fe0ca369f8ed41866615ebc8ea3319a7af576485df6927a99,downloaded,
501,월간재정동향,27,50233,FSL1004,2021년 월간재정동향 2월호,2021-02-09,기획재정부,https://www.openfiscaldata.go.kr/op/ko/fd/UOPKOFDA02?pageIndex=1&pageSize=8&ofdBrdId=FSL1004&ofdBrdiSeq=50233&ofdBrdiDtsClsCd=501,원문,월간 재정동향 2021년 2월호,월간 재정동향 2021년 2월호.pdf,FI000000005023364751,6,원문 우선(목차 파일 제외),files/01_501_월간재정동향/2021-02-09_50233_2021년 월간재정동향 2월호.pdf,2208010,b3eecf636dbaa3eefec5e6c039c10a3d23716a533f8648f3a97f5d071fc849e4,downloaded,
501,월간재정동향,27,50086,FSL1004,2021년 월간재정동향 1월호,2021-01-12,기획재정부,https://www.openfiscaldata.go.kr/op/ko/fd/UOPKOFDA02?pageIndex=1&pageSize=8&ofdBrdId=FSL1004&ofdBrdiSeq=50086&ofdBrdiDtsClsCd=501,원문,월간 재정동향 2021년 1월호,월간 재정동향 2021년 1월호.pdf,FI000000005008664589,1,원문 우선(목차 파일 제외),files/01_501_월간재정동향/2021-01-12_50086_2021년 월간재정동향 1월호.pdf,1974877,e55fe6b1aab4e75a1e391c133c34a2fbb95f462f6fdd68b8b3ab22aa444c0a0f,downloaded,
501,월간재정동향,27,49875,FSL1004,2020년 월간재정동향 12월호,2020-12-08,기획재정부,https://www.openfiscaldata.go.kr/op/ko/fd/UOPKOFDA02?pageIndex=1&pageSize=8&ofdBrdId=FSL1004&ofdBrdiSeq=49875&ofdBrdiDtsClsCd=501,원문,월간 재정동향 2020년 12월호,월간 재정동향 2020년 12월호.pdf,FI000000004987564344,1,원문 우선(목차 파일 제외),files/01_501_월간재정동향/2020-12-08_49875_2020년 월간재정동향 12월호.pdf,1958474,4b75dd3b6e74bda47d04a67e5fc84720fd9d7eb824d84994c89026d9560d49fa,downloaded,
501,월간재정동향,27,49757,FSL1004,2020년 월간재정동향 11월호,2020-11-10,기획재정부,https://www.openfiscaldata.go.kr/op/ko/fd/UOPKOFDA02?pageIndex=1&pageSize=8&ofdBrdId=FSL1004&ofdBrdiSeq=49757&ofdBrdiDtsClsCd=501,원문,월간 재정동향 2020년 11월호,월간 재정동향 2020년 11월호.pdf,FI000000004975764179,1,원문 우선(목차 파일 제외),files/01_501_월간재정동향/2020-11-10_49757_2020년 월간재정동향 11월호.pdf,1968494,0992f9024e69c9b968ef03e7d9a266cbfe2104daf367f8456eec5dab4bc93c2d,downloaded,
501,월간재정동향,27,49651,FSL1004,2020년 월간재정동향 10월호,2020-10-12,기획재정부,https://www.openfiscaldata.go.kr/op/ko/fd/UOPKOFDA02?pageIndex=1&pageSize=8&ofdBrdId=FSL1004&ofdBrdiSeq=49651&ofdBrdiDtsClsCd=501,원문,월간 재정동향 2020년 10월호,월간 재정동향 2020년 10월호.pdf,FI000000004965164034,1,원문 우선(목차 파일 제외),files/01_501_월간재정동향/2020-10-12_49651_2020년 월간재정동향 10월호.pdf,2011630,0dd83e7c5f31a99a5bf9fbc2e99f82210cc13f2c94cacc414cb01696901e29a7,downloaded,
501,월간재정동향,27,49492,FSL1004,2020년 월간재정동향 9월호,2020-09-08,기획재정부,https://www.openfiscaldata.go.kr/op/ko/fd/UOPKOFDA02?pageIndex=1&pageSize=8&ofdBrdId=FSL1004&ofdBrdiSeq=49492&ofdBrdiDtsClsCd=501,원문,월간 재정동향 2020년 9월호,월간 재정동향 2020년 9월호.pdf,FI000000004949263866,1,원문 우선(목차 파일 제외),files/01_501_월간재정동향/2020-09-08_49492_2020년 월간재정동향 9월호.pdf,1994098,a6ddf095f51b2947c8a71bf85a5decd7e0b3326de437d108232e8d960df0b070,downloaded,
501,월간재정동향,27,49381,FSL1004,2020년 월간재정동향 8월호,2020-08-11,기획재정부,https://www.openfiscaldata.go.kr/op/ko/fd/UOPKOFDA02?pageIndex=1&pageSize=8&ofdBrdId=FSL1004&ofdBrdiSeq=49381&ofdBrdiDtsClsCd=501,원문,월간 재정동향 2020년 8월호,월간 재정동향 2020년 8월호.pdf,FI000000004938163727,1,원문 우선(목차 파일 제외),files/01_501_월간재정동향/2020-08-11_49381_2020년 월간재정동향 8월호.pdf,1956548,8dc4f55642f65336ea6fe4d70c44b4f75134d8fb52b59a3388f1febbb3179465,downloaded,
501,월간재정동향,27,49260,FSL1004,2020년 월간재정동향 7월호,2020-07-07,기획재정부,https://www.openfiscaldata.go.kr/op/ko/fd/UOPKOFDA02?pageIndex=1&pageSize=8&ofdBrdId=FSL1004&ofdBrdiSeq=49260&ofdBrdiDtsClsCd=501,원문,월간 재정동향 2020년 7월호,월간 재정동향 2020년 7월호.pdf,FI000000004926063576,1,원문 우선(목차 파일 제외),files/01_501_월간재정동향/2020-07-07_49260_2020년 월간재정동향 7월호.pdf,1959288,1b68aebee3579644436997b6dee8254dec6573d4e92f11d0840f55df1928d49b,downloaded,
501,월간재정동향,27,49046,FSL1004,2020년 월간재정동향 6월호,2020-06-09,기획재정부,https://www.openfiscaldata.go.kr/op/ko/fd/UOPKOFDA02?pageIndex=1&pageSize=8&ofdBrdId=FSL1004&ofdBrdiSeq=49046&ofdBrdiDtsClsCd=501,원문,월간 재정동향 2020년 6월호(배포용),월간 재정동향 2020년 6월호(배포용).pdf,FI000000004904663422,1,원문 우선(목차 파일 제외),files/01_501_월간재정동향/2020-06-09_49046_2020년 월간재정동향 6월호.pdf,1899847,f31202c32832bc9ec150c9b2eef72db60ccb8f0febf4c22844eff71269d8ba1b,downloaded,
501,월간재정동향,27,48865,FSL1004,2020년 월간재정동향 5월호,2020-05-07,기획재정부,https://www.openfiscaldata.go.kr/op/ko/fd/UOPKOFDA02?pageIndex=1&pageSize=8&ofdBrdId=FSL1004&ofdBrdiSeq=48865&ofdBrdiDtsClsCd=501,원문,월간 재정동향 2020년 5월호(배포용),월간 재정동향 2020년 5월호(배포용).pdf,FI000000004886563199,1,원문 우선(목차 파일 제외),files/01_501_월간재정동향/2020-05-07_48865_2020년 월간재정동향 5월호.pdf,1895858,642edab01ed8ea04e69cf28b826dfefed2bf2fc9c3de4dc8c7bf79ce62cbd2d1,downloaded,
501,월간재정동향,27,48727,FSL1004,2020년 월간재정동향 4월호,2020-04-07,기획재정부,https://www.openfiscaldata.go.kr/op/ko/fd/UOPKOFDA02?pageIndex=1&pageSize=8&ofdBrdId=FSL1004&ofdBrdiSeq=48727&ofdBrdiDtsClsCd=501,원문,월간 재정동향 2020년 4월호(배포용),월간 재정동향 2020년 4월호(배포용).pdf,FI000000004872763057,1,원문 우선(목차 파일 제외),files/01_501_월간재정동향/2020-04-07_48727_2020년 월간재정동향 4월호.pdf,1913450,572c415a0bfe7ab864be61ca8bb5f1098513c7f2451cfa2f0d628a6b5653b852,downloaded,
501,월간재정동향,27,48501,FSL1004,2020년 월간재정동향 3월호,2020-03-10,기획재정부,https://www.openfiscaldata.go.kr/op/ko/fd/UOPKOFDA02?pageIndex=1&pageSize=8&ofdBrdId=FSL1004&ofdBrdiSeq=48501&ofdBrdiDtsClsCd=501,원문,월간 재정동향 2020년 3월호,월간 재정동향 2020년 3월호.pdf,FI000000004850162892,1,원문 우선(목차 파일 제외),files/01_501_월간재정동향/2020-03-10_48501_2020년 월간재정동향 3월호.pdf,1909845,910a3c4db91049afe92453050489e5fe6490f5eeb68a4d99ae72e3a55b560f7d,downloaded,
501,월간재정동향,27,48364,FSL1004,2020년 월간재정동향 2월호,2020-02-10,기획재정부,https://www.openfiscaldata.go.kr/op/ko/fd/UOPKOFDA02?pageIndex=1&pageSize=8&ofdBrdId=FSL1004&ofdBrdiSeq=48364&ofdBrdiDtsClsCd=501,원문,월간 재정동향 2020년 2월호(배포용),월간 재정동향 2020년 2월호(배포용).pdf,FI000000004836462752,1,원문 우선(목차 파일 제외),files/01_501_월간재정동향/2020-02-10_48364_2020년 월간재정동향 2월호.pdf,1898482,127fca3ff74f5284c8063413ed933da3e5d6498262544ac3555b30ce9be5be71,downloaded,
501,월간재정동향,27,48280,FSL1004,2020년 월간재정동향 1월호,2020-01-08,기획재정부,https://www.openfiscaldata.go.kr/op/ko/fd/UOPKOFDA02?pageIndex=1&pageSize=8&ofdBrdId=FSL1004&ofdBrdiSeq=48280&ofdBrdiDtsClsCd=501,원문,월간 재정동향 2020년 1월호(배포용),월간 재정동향 2020년 1월호(배포용).hwp.pdf,FI000000004828062593,1,원문 우선(목차 파일 제외),files/01_501_월간재정동향/2020-01-08_48280_2020년 월간재정동향 1월호.pdf,1960077,157945a7f315c122c516fcd8230e9c4cba54d5056330efe951d8d1de0a8aca36,downloaded,
501,월간재정동향,27,48102,FSL1004,2019년 월간재정동향 12월호,2019-12-10,기획재정부,https://www.openfiscaldata.go.kr/op/ko/fd/UOPKOFDA02?pageIndex=1&pageSize=8&ofdBrdId=FSL1004&ofdBrdiSeq=48102&ofdBrdiDtsClsCd=501,원문,월간 재정동향 2019년 12월호(배포용),월간 재정동향 2019년 12월호(배포용).pdf,FI000000004810262386,1,원문 우선(목차 파일 제외),files/01_501_월간재정동향/2019-12-10_48102_2019년 월간재정동향 12월호.pdf,1981681,c9c6d8f6917c280d4894f7e1381b7acddadadcf73a5eff7c4d6d2d855d3f251c,downloaded,
501,월간재정동향,27,47978,FSL1004,2019년 월간재정동향 11월호,2019-11-08,기획재정부,https://www.openfiscaldata.go.kr/op/ko/fd/UOPKOFDA02?pageIndex=1&pageSize=8&ofdBrdId=FSL1004&ofdBrdiSeq=47978&ofdBrdiDtsClsCd=501,원문,월간 재정동향 2019년 11월호(배포용),월간 재정동향 2019년 11월호(배포용).pdf,FI000000004797862241,1,원문 우선(목차 파일 제외),files/01_501_월간재정동향/2019-11-08_47978_2019년 월간재정동향 11월호.pdf,3928773,12c16901512a38c802105811d86ee34f5dbfc6e52df687d10710fd6ec742d9a6,downloaded,
501,월간재정동향,27,47886,FSL1004,2019년 월간재정동향 10월호,2019-10-08,기획재정부,https://www.openfiscaldata.go.kr/op/ko/fd/UOPKOFDA02?pageIndex=1&pageSize=8&ofdBrdId=FSL1004&ofdBrdiSeq=47886&ofdBrdiDtsClsCd=501,원문,월간 재정동향 2019년 10월호(배포용),월간 재정동향 2019년 10월호(배포용).pdf,FI000000004788662120,1,원문 우선(목차 파일 제외),files/01_501_월간재정동향/2019-10-08_47886_2019년 월간재정동향 10월호.pdf,3928993,26bc414dc29c2c016315999835a7683d8c3e4d986c8c9b7abdb877fb330bc098,downloaded,
501,월간재정동향,27,47779,FSL1004,2019년 월간재정동향 9월호,2019-09-10,기획재정부,https://www.openfiscaldata.go.kr/op/ko/fd/UOPKOFDA02?pageIndex=1&pageSize=8&ofdBrdId=FSL1004&ofdBrdiSeq=47779&ofdBrdiDtsClsCd=501,원문,월간 재정동향 2019년 9월호(배포용),월간 재정동향 2019년 9월호(배포용).pdf,FI000000004777961976,1,원문 우선(목차 파일 제외),files/01_501_월간재정동향/2019-09-10_47779_2019년 월간재정동향 9월호.pdf,3862227,3cb9d53568bac10a6e07b094c08bd0123d8449b739e7afe70231fceed3e202a5,downloaded,
501,월간재정동향,27,47638,FSL1004,2019년 월간재정동향 8월호,2019-08-07,기획재정부,https://www.openfiscaldata.go.kr/op/ko/fd/UOPKOFDA02?pageIndex=1&pageSize=8&ofdBrdId=FSL1004&ofdBrdiSeq=47638&ofdBrdiDtsClsCd=501,원문,월간 재정동향 2019년 8월호(배포용),월간 재정동향 2019년 8월호(배포용).pdf,FI000000004763861835,1,원문 우선(목차 파일 제외),files/01_501_월간재정동향/2019-08-07_47638_2019년 월간재정동향 8월호.pdf,3816869,54509939b4a9a23f86724faec662b7ff0449b0752a828dd7acee2ea01b537cc5,downloaded,
501,월간재정동향,27,47489,FSL1004,2019년 월간재정동향 7월호,2019-07-09,기획재정부,https://www.openfiscaldata.go.kr/op/ko/fd/UOPKOFDA02?pageIndex=1&pageSize=8&ofdBrdId=FSL1004&ofdBrdiSeq=47489&ofdBrdiDtsClsCd=501,원문,월간 재정동향 2019년 7월호(배포용),월간 재정동향 2019년 7월호(배포용).pdf,FI000000004748961664,1,원문 우선(목차 파일 제외),files/01_501_월간재정동향/2019-07-09_47489_2019년 월간재정동향 7월호.pdf,3592048,a5c138c1bafa59846471a62ebcc11f353420016f35924d2ca621a343cc9555f2,downloaded,
501,월간재정동향,27,47454,FSL1004,2019년 월간재정동향 6월호,2019-06-10,기획재정부,https://www.openfiscaldata.go.kr/op/ko/fd/UOPKOFDA02?pageIndex=1&pageSize=8&ofdBrdId=FSL1004&ofdBrdiSeq=47454&ofdBrdiDtsClsCd=501,원문,월간 재정동향 2019년 6월호,월간 재정동향 2019년 6월호.pdf,FI000000004745461583,1,원문 우선(목차 파일 제외),files/01_501_월간재정동향/2019-06-10_47454_2019년 월간재정동향 6월호.pdf,3719021,c7c67926c7ee5916c815db61cb4ad8563778af95cb83feea37a6ee817475ff58,downloaded,
501,월간재정동향,27,47350,FSL1004,2019년 월간재정동향 5월호,2019-05-10,기획재정부,https://www.openfiscaldata.go.kr/op/ko/fd/UOPKOFDA02?pageIndex=1&pageSize=8&ofdBrdId=FSL1004&ofdBrdiSeq=47350&ofdBrdiDtsClsCd=501,원문,월간 재정동향 2019년 5월호(배포용),월간 재정동향 2019년 5월호(배포용).pdf,FI000000004735061411,1,원문 우선(목차 파일 제외),files/01_501_월간재정동향/2019-05-10_47350_2019년 월간재정동향 5월호.pdf,3699579,ee10c7b1d2b09ebcda78c1f572fdcc8ce7182a124ae24d536df6850f7fa5d7c3,downloaded,
501,월간재정동향,27,47239,FSL1004,2019년 월간재정동향 4월호,2019-04-10,기획재정부,https://www.openfiscaldata.go.kr/op/ko/fd/UOPKOFDA02?pageIndex=1&pageSize=8&ofdBrdId=FSL1004&ofdBrdiSeq=47239&ofdBrdiDtsClsCd=501,원문,월간 재정동향 2019년 4월호,월간 재정동향 2019년 4월호.pdf,FI000000004723961272,1,원문 우선(목차 파일 제외),files/01_501_월간재정동향/2019-04-10_47239_2019년 월간재정동향 4월호.pdf,3708187,07a521551f34df1a9990a5868ef6549060b9e8ae846eebd4eea8d7f56fc9ea2a,downloaded,
501,월간재정동향,27,47122,FSL1004,2019년 월간재정동향 3월호,2019-03-12,기획재정부,https://www.openfiscaldata.go.kr/op/ko/fd/UOPKOFDA02?pageIndex=1&pageSize=8&ofdBrdId=FSL1004&ofdBrdiSeq=47122&ofdBrdiDtsClsCd=501,원문,월간 재정동향 2019년 3월호,월간 재정동향 2019년 3월호.pdf,FI000000004712261134,1,원문 우선(목차 파일 제외),files/01_501_월간재정동향/2019-03-12_47122_2019년 월간재정동향 3월호.pdf,25821041,5bd70730cda9e5e27c2b6e9ed1d4160cfb582ad8c6b3913a6a53d836d3d04e3c,downloaded,
501,월간재정동향,27,47042,FSL1004,2019년 월간재정동향 2월호,2019-02-13,기획재정부,https://www.openfiscaldata.go.kr/op/ko/fd/UOPKOFDA02?pageIndex=1&pageSize=8&ofdBrdId=FSL1004&ofdBrdiSeq=47042&ofdBrdiDtsClsCd=501,원문,월간 재정동향 2019년 2월호,월간 재정동향 2019년 2월호.pdf,FI000000004704261024,1,원문 우선(목차 파일 제외),files/01_501_월간재정동향/2019-02-13_47042_2019년 월간재정동향 2월호.pdf,3393857,ebba923e925dac8b6211a4ee9f7c0a1ca673f3f86dd65171f41e384ef16ddbf8,downloaded,
501,월간재정동향,27,46963,FSL1004,2019년 월간재정동향 1월호,2019-01-10,기획재정부,https://www.openfiscaldata.go.kr/op/ko/fd/UOPKOFDA02?pageIndex=1&pageSize=8&ofdBrdId=FSL1004&ofdBrdiSeq=46963&ofdBrdiDtsClsCd=501,원문,월간 재정동향 2019년 1월호.hwp,월간 재정동향 2019년 1월호.hwp.pdf,FI000000004696360910,1,원문 우선(목차 파일 제외),files/01_501_월간재정동향/2019-01-10_46963_2019년 월간재정동향 1월호.pdf,1991821,bf36020464d72d97c63d47abfb410a87e5fa2286c86c1eb3e8bd32ebd1ad4391,downloaded,
501,월간재정동향,27,46857,FSL1004,2018년 월간재정동향 12월호,2018-12-11,기획재정부,https://www.openfiscaldata.go.kr/op/ko/fd/UOPKOFDA02?pageIndex=1&pageSize=8&ofdBrdId=FSL1004&ofdBrdiSeq=46857&ofdBrdiDtsClsCd=501,원문,월간 재정동향 2018년 12월호,월간 재정동향 2018년 12월호.pdf,FI000000004685760769,1,원문 우선(목차 파일 제외),files/01_501_월간재정동향/2018-12-11_46857_2018년 월간재정동향 12월호.pdf,2035360,089febb3369c3fe26cc858adad212ea6e865ea4ee49b5d4e3200453f4cf7f631,downloaded,
501,월간재정동향,27,46776,FSL1004,2018년 월간재정동향 11월호,2018-11-13,기획재정부,https://www.openfiscaldata.go.kr/op/ko/fd/UOPKOFDA02?pageIndex=1&pageSize=8&ofdBrdId=FSL1004&ofdBrdiSeq=46776&ofdBrdiDtsClsCd=501,원문,월간재정동향 2018년 11월호,월간재정동향 2018년 11월호.pdf,FI000000004677660668,1,원문 우선(목차 파일 제외),files/01_501_월간재정동향/2018-11-13_46776_2018년 월간재정동향 11월호.pdf,39357910,a41b7d8578e415ed5175727fcabb9a459dcdcd1710b7cbc0d6b40ace07ba1357,downloaded,
501,월간재정동향,27,46656,FSL1004,2018년 월간재정동향 10월호,2018-10-11,기획재정부,https://www.openfiscaldata.go.kr/op/ko/fd/UOPKOFDA02?pageIndex=1&pageSize=8&ofdBrdId=FSL1004&ofdBrdiSeq=46656&ofdBrdiDtsClsCd=501,원문,월간재정동향 2018년 10월호,월간재정동향 2018년 10월호.pdf,FI000000004665660539,1,원문 우선(목차 파일 제외),files/01_501_월간재정동향/2018-10-11_46656_2018년 월간재정동향 10월호.pdf,3556748,d03928e8fade6b63cd2e7488c717ffc82f23699fc26f630b34706f6224a0f69f,downloaded,
501,월간재정동향,27,46545,FSL1004,2018년 월간재정동향 9월호,2018-09-11,기획재정부,https://www.openfiscaldata.go.kr/op/ko/fd/UOPKOFDA02?pageIndex=1&pageSize=8&ofdBrdId=FSL1004&ofdBrdiSeq=46545&ofdBrdiDtsClsCd=501,원문,월간 재정동향 2018년 9월호,월간 재정동향 2018년 9월호.pdf,FI000000004654560401,1,원문 우선(목차 파일 제외),files/01_501_월간재정동향/2018-09-11_46545_2018년 월간재정동향 9월호.pdf,3471225,c43547896df12a2f6924f95d465e1934923eab10a87862657837d688fbe4154d,downloaded,
501,월간재정동향,27,46426,FSL1004,2018년 월간재정동향 8월호,2018-08-10,기획재정부,https://www.openfiscaldata.go.kr/op/ko/fd/UOPKOFDA02?pageIndex=1&pageSize=8&ofdBrdId=FSL1004&ofdBrdiSeq=46426&ofdBrdiDtsClsCd=501,원문,월간 재정동향 2018년 8월호,월간 재정동향 2018년 8월호.pdf,FI000000004642660268,1,원문 우선(목차 파일 제외),files/01_501_월간재정동향/2018-08-10_46426_2018년 월간재정동향 8월호.pdf,3496402,45791140ab173c65760a7962b2f392410503ec4ce1a96fc34d38839674fdd028,downloaded,
501,월간재정동향,27,46332,FSL1004,2018년 월간재정동향 7월호,2018-07-10,기획재정부,https://www.openfiscaldata.go.kr/op/ko/fd/UOPKOFDA02?pageIndex=1&pageSize=8&ofdBrdId=FSL1004&ofdBrdiSeq=46332&ofdBrdiDtsClsCd=501,원문,2018년 월간 재정동향 7월호,월간 재정동향 2018년 7월호(배포용).pdf,FI000000004633260150,1,원문 우선(목차 파일 제외),files/01_501_월간재정동향/2018-07-10_46332_2018년 월간재정동향 7월호.pdf,3535122,92e5c664daaf983592f00c133f8a2c154bcc83cfd749f3e850df2d3c9a16128e,downloaded,
501,월간재정동향,27,46218,FSL1004,2018년 월간재정동향 6월호,2018-06-12,기획재정부,https://www.openfiscaldata.go.kr/op/ko/fd/UOPKOFDA02?pageIndex=1&pageSize=8&ofdBrdId=FSL1004&ofdBrdiSeq=46218&ofdBrdiDtsClsCd=501,원문,2018년 월간 재정동향 6월호,2018년 월간 재정동향 6월호.pdf,FI000000004621859966,1,원문 우선(목차 파일 제외),files/01_501_월간재정동향/2018-06-12_46218_2018년 월간재정동향 6월호.pdf,3530819,382efe8e71405e9fa092281f35b0e7e39eba447ddf006573cc41735f45e1ee9f,downloaded,
501,월간재정동향,27,46104,FSL1004,2018년 월간재정동향 5월호,2018-05-10,기획재정부,https://www.openfiscaldata.go.kr/op/ko/fd/UOPKOFDA02?pageIndex=1&pageSize=8&ofdBrdId=FSL1004&ofdBrdiSeq=46104&ofdBrdiDtsClsCd=501,원문,2018년 월간 재정동향 5월호,2018년 월간 재정동향 5월호.pdf,FI000000004610459766,1,원문 우선(목차 파일 제외),files/01_501_월간재정동향/2018-05-10_46104_2018년 월간재정동향 5월호.pdf,31904053,9cce204a1c91a892f56188ba49ec2839ade30b1e964db39e751c94d7cd839c20,downloaded,
501,월간재정동향,27,45909,FSL1004,2018년 월간재정동향 4월호,2018-04-10,기획재정부,https://www.openfiscaldata.go.kr/op/ko/fd/UOPKOFDA02?pageIndex=1&pageSize=8&ofdBrdId=FSL1004&ofdBrdiSeq=45909&ofdBrdiDtsClsCd=501,원문,2018년 월간 재정동향 4월호,2018년 월간 재정동향 4월호.pdf,FI000000004590959629,1,원문 우선(목차 파일 제외),files/01_501_월간재정동향/2018-04-10_45909_2018년 월간재정동향 4월호.pdf,39587347,ef0c41e333f48c9f53fc8115d780a1d4481d0f3303eb9035180eef026cac1569,downloaded,
501,월간재정동향,27,45776,FSL1004,2018년 월간재정동향 3월호,2018-03-13,기획재정부,https://www.openfiscaldata.go.kr/op/ko/fd/UOPKOFDA02?pageIndex=1&pageSize=8&ofdBrdId=FSL1004&ofdBrdiSeq=45776&ofdBrdiDtsClsCd=501,원문,2018년 월간 재정동향 3월호,2018년 월간 재정동향 3월호.pdf,FI000000004577659497,1,원문 우선(목차 파일 제외),files/01_501_월간재정동향/2018-03-13_45776_2018년 월간재정동향 3월호.pdf,3499331,6ea97d652ff3d3d17f1ee61216d31faf448b3cb7ff4c58efded8e2f435d0491e,downloaded,
501,월간재정동향,27,45603,FSL1004,2018년 월간재정동향 2월호,2018-02-12,기획재정부,https://www.openfiscaldata.go.kr/op/ko/fd/UOPKOFDA02?pageIndex=1&pageSize=8&ofdBrdId=FSL1004&ofdBrdiSeq=45603&ofdBrdiDtsClsCd=501,원문,2018년 월간 재정동향 2월호,2018년 월간 재정동향 2월호.pdf,FI000000004560359387,1,원문 우선(목차 파일 제외),files/01_501_월간재정동향/2018-02-12_45603_2018년 월간재정동향 2월호.pdf,3534362,4c748beda30bb83708bc3f22bf32cd61fe836632fca5e6a7856aa17c455865ae,downloaded,
501,월간재정동향,27,45406,FSL1004,2018년 월간재정동향 1월호,2018-01-12,기획재정부,https://www.openfiscaldata.go.kr/op/ko/fd/UOPKOFDA02?pageIndex=1&pageSize=8&ofdBrdId=FSL1004&ofdBrdiSeq=45406&ofdBrdiDtsClsCd=501,원문,2018년 월간재정동향 1월호,★월간 재정동향 1월호(배포용)_최종.hwp,FI000000004540659007,7,원문 우선(목차 파일 제외),files/01_501_월간재정동향/2018-01-12_45406_2018년 월간재정동향 1월호.hwp,920064,f15146c57f081a02f36687e98705305bfd7292c6539f1e1105ddb3139d73ce39,downloaded,
501,월간재정동향,27,44367,FSL1004,2017년도 월간재정동향,2017-04-11,기획재정부,https://www.openfiscaldata.go.kr/op/ko/fd/UOPKOFDA02?pageIndex=1&pageSize=8&ofdBrdId=FSL1004&ofdBrdiSeq=44367&ofdBrdiDtsClsCd=501,목차,월간재정동향(17년1월),월간 재정동향 1월호(배포용).hwp,FI000000004436757916,1,원문 없음: 표지를 제외한 제공 파일 다운로드,files/01_501_월간재정동향/2017-04-11_44367_2017년도 월간재정동향/01_목차_월간재정동향(17년1월).hwp,1977856,086e4fa4d9d172c9f3e539e81a67a55854792e9be4169c9e7e64bccb7f89ba3f,downloaded,
501,월간재정동향,27,44367,FSL1004,2017년도 월간재정동향,2017-04-11,기획재정부,https://www.openfiscaldata.go.kr/op/ko/fd/UOPKOFDA02?pageIndex=1&pageSize=8&ofdBrdId=FSL1004&ofdBrdiSeq=44367&ofdBrdiDtsClsCd=501,목차,월간재정동향(17년2월),월간 재정동향 2017년 2월호(배포용).hwp,FI000000004436757916,2,원문 없음: 표지를 제외한 제공 파일 다운로드,files/01_501_월간재정동향/2017-04-11_44367_2017년도 월간재정동향/02_목차_월간재정동향(17년2월).hwp,1885696,d2d4ae66903c62b53b2b845ff1b6213b600a59ce6dff41ce078d896b86ba5730,downloaded,
501,월간재정동향,27,44367,FSL1004,2017년도 월간재정동향,2017-04-11,기획재정부,https://www.openfiscaldata.go.kr/op/ko/fd/UOPKOFDA02?pageIndex=1&pageSize=8&ofdBrdId=FSL1004&ofdBrdiSeq=44367&ofdBrdiDtsClsCd=501,목차,월간재정동향(17년3월),170308 월간 재정동향 3월호(배포용).hwp,FI000000004436757916,3,원문 없음: 표지를 제외한 제공 파일 다운로드,files/01_501_월간재정동향/2017-04-11_44367_2017년도 월간재정동향/03_목차_월간재정동향(17년3월).hwp,1990656,2914bbd88b879f919e5c602ad78238f1d5f576729ac232a48921e338a1db45e4,downloaded,
501,월간재정동향,27,44367,FSL1004,2017년도 월간재정동향,2017-04-11,기획재정부,https://www.openfiscaldata.go.kr/op/ko/fd/UOPKOFDA02?pageIndex=1&pageSize=8&ofdBrdId=FSL1004&ofdBrdiSeq=44367&ofdBrdiDtsClsCd=501,목차,월간재정동향(17년4월),월간 재정동향_4월호(배포용).hwp,FI000000004436757916,4,원문 없음: 표지를 제외한 제공 파일 다운로드,files/01_501_월간재정동향/2017-04-11_44367_2017년도 월간재정동향/04_목차_월간재정동향(17년4월).hwp,1862656,83665103bd3934016f87d529709853506c92a75e5704b0ae3866d0157eeece7b,downloaded,
501,월간재정동향,27,44367,FSL1004,2017년도 월간재정동향,2017-04-11,기획재정부,https://www.openfiscaldata.go.kr/op/ko/fd/UOPKOFDA02?pageIndex=1&pageSize=8&ofdBrdId=FSL1004&ofdBrdiSeq=44367&ofdBrdiDtsClsCd=501,목차,월간재정동향(17년5월),170510★5월 재정동향(배포용).hwp,FI000000004436757916,5,원문 없음: 표지를 제외한 제공 파일 다운로드,files/01_501_월간재정동향/2017-04-11_44367_2017년도 월간재정동향/05_목차_월간재정동향(17년5월).hwp,848384,9ca2a8debfb0225bc853fcdf82610e87ae619d6c7788f8d3b66bc80d1ea2bcf1,downloaded,
501,월간재정동향,27,44367,FSL1004,2017년도 월간재정동향,2017-04-11,기획재정부,https://www.openfiscaldata.go.kr/op/ko/fd/UOPKOFDA02?pageIndex=1&pageSize=8&ofdBrdId=FSL1004&ofdBrdiSeq=44367&ofdBrdiDtsClsCd=501,목차,월간재정동향(17년6월),170609★6월 재정동향(배포용)-최종본.hwp,FI000000004436757916,6,원문 없음: 표지를 제외한 제공 파일 다운로드,files/01_501_월간재정동향/2017-04-11_44367_2017년도 월간재정동향/06_목차_월간재정동향(17년6월).hwp,1111552,302d8e07b83e3ff5a7bcc1b2b8bcb2e92ed436ee27ed83102850cd494d3cb4a3,downloaded,
501,월간재정동향,27,44367,FSL1004,2017년도 월간재정동향,2017-04-11,기획재정부,https://www.openfiscaldata.go.kr/op/ko/fd/UOPKOFDA02?pageIndex=1&pageSize=8&ofdBrdId=FSL1004&ofdBrdiSeq=44367&ofdBrdiDtsClsCd=501,목차,월간재정동향(17년7월),(2017년)★월간 재정동향 7월호(배포용).hwp,FI000000004436757916,7,원문 없음: 표지를 제외한 제공 파일 다운로드,files/01_501_월간재정동향/2017-04-11_44367_2017년도 월간재정동향/07_목차_월간재정동향(17년7월).hwp,869376,ae04b22800aaddeb5913412fc902c63eae0fe17a7cf6e3d6ea078b5d5a43a5e0,downloaded,
501,월간재정동향,27,44367,FSL1004,2017년도 월간재정동향,2017-04-11,기획재정부,https://www.openfiscaldata.go.kr/op/ko/fd/UOPKOFDA02?pageIndex=1&pageSize=8&ofdBrdId=FSL1004&ofdBrdiSeq=44367&ofdBrdiDtsClsCd=501,목차,월간재정동향(17년8월),(2017년)월간 재정동향 8월호(배포용).hwp,FI000000004436757916,8,원문 없음: 표지를 제외한 제공 파일 다운로드,files/01_501_월간재정동향/2017-04-11_44367_2017년도 월간재정동향/08_목차_월간재정동향(17년8월).hwp,809984,7b2dca17206f5f77194deac4d0fc76570a9c1a687d0c94bc9184fcacfab01bc6,downloaded,
501,월간재정동향,27,44367,FSL1004,2017년도 월간재정동향,2017-04-11,기획재정부,https://www.openfiscaldata.go.kr/op/ko/fd/UOPKOFDA02?pageIndex=1&pageSize=8&ofdBrdId=FSL1004&ofdBrdiSeq=44367&ofdBrdiDtsClsCd=501,목차,월간재정동향(17년9월),170911 ★(2017년)월간 재정동향 9월호(배포용) 최종.hwp,FI000000004436757916,9,원문 없음: 표지를 제외한 제공 파일 다운로드,files/01_501_월간재정동향/2017-04-11_44367_2017년도 월간재정동향/09_목차_월간재정동향(17년9월).hwp,962048,db06cb057cc93d97c65ed024c5777467c580fe4d88b8bb05980e817612ffd2b9,downloaded,
501,월간재정동향,27,44367,FSL1004,2017년도 월간재정동향,2017-04-11,기획재정부,https://www.openfiscaldata.go.kr/op/ko/fd/UOPKOFDA02?pageIndex=1&pageSize=8&ofdBrdId=FSL1004&ofdBrdiSeq=44367&ofdBrdiDtsClsCd=501,목차,월간재정동향(17년10월),171008★_월간 재정동향 10월호(배포용)_.hwp,FI000000004436757916,10,원문 없음: 표지를 제외한 제공 파일 다운로드,files/01_501_월간재정동향/2017-04-11_44367_2017년도 월간재정동향/10_목차_월간재정동향(17년10월).hwp,911872,81c2b7bab1209e9b16667384faf87499efbc3577babc128fc4d5600312ea081c,downloaded,
501,월간재정동향,27,44367,FSL1004,2017년도 월간재정동향,2017-04-11,기획재정부,https://www.openfiscaldata.go.kr/op/ko/fd/UOPKOFDA02?pageIndex=1&pageSize=8&ofdBrdId=FSL1004&ofdBrdiSeq=44367&ofdBrdiDtsClsCd=501,목차,월간재정동향(17년11월),★171109 월간 재정동향 11월호(배포용)_최종.hwp,FI000000004436757916,11,원문 없음: 표지를 제외한 제공 파일 다운로드,files/01_501_월간재정동향/2017-04-11_44367_2017년도 월간재정동향/11_목차_월간재정동향(17년11월).hwp,911872,81c2b7bab1209e9b16667384faf87499efbc3577babc128fc4d5600312ea081c,downloaded,
501,월간재정동향,27,44367,FSL1004,2017년도 월간재정동향,2017-04-11,기획재정부,https://www.openfiscaldata.go.kr/op/ko/fd/UOPKOFDA02?pageIndex=1&pageSize=8&ofdBrdId=FSL1004&ofdBrdiSeq=44367&ofdBrdiDtsClsCd=501,목차,월간재정동향(17년12월),★171212 월간 재정동향 12월호(배포용)_최종.hwp,FI000000004436757916,12,원문 없음: 표지를 제외한 제공 파일 다운로드,files/01_501_월간재정동향/2017-04-11_44367_2017년도 월간재정동향/12_목차_월간재정동향(17년12월).hwp,915968,06b806bb034169a246a74a321337592cd07240bc13b72a0966d595e3faf20201,downloaded,
501,월간재정동향,27,42756,FSL1004,2016년도 월간재정동향,2016-01-13,기획재정부,https://www.openfiscaldata.go.kr/op/ko/fd/UOPKOFDA02?pageIndex=1&pageSize=8&ofdBrdId=FSL1004&ofdBrdiSeq=42756&ofdBrdiDtsClsCd=501,목차,월간재정동향(16년01월),★월간 재정동향 1월호(배포용).hwp,FI000000004275654712,1,원문 없음: 표지를 제외한 제공 파일 다운로드,files/01_501_월간재정동향/2016-01-13_42756_2016년도 월간재정동향/01_목차_월간재정동향(16년01월).hwp,2154496,39b2ebe54c8a72c214f4ea80f9035ecb4f84a705e53615f91b4ed7ebec2d1062,downloaded,
501,월간재정동향,27,42756,FSL1004,2016년도 월간재정동향,2016-01-13,기획재정부,https://www.openfiscaldata.go.kr/op/ko/fd/UOPKOFDA02?pageIndex=1&pageSize=8&ofdBrdId=FSL1004&ofdBrdiSeq=42756&ofdBrdiDtsClsCd=501,목차,월간재정동향(16년02월),★월간 재정동향 2월호(배포용).hwp,FI000000004275654712,2,원문 없음: 표지를 제외한 제공 파일 다운로드,files/01_501_월간재정동향/2016-01-13_42756_2016년도 월간재정동향/02_목차_월간재정동향(16년02월).hwp,2025984,7394634c9087b94f5cdb89d098b5d46fae6ad5b933ffbe5d1026c31f9a02eb9c,downloaded,
501,월간재정동향,27,42756,FSL1004,2016년도 월간재정동향,2016-01-13,기획재정부,https://www.openfiscaldata.go.kr/op/ko/fd/UOPKOFDA02?pageIndex=1&pageSize=8&ofdBrdId=FSL1004&ofdBrdiSeq=42756&ofdBrdiDtsClsCd=501,목차,월간재정동향(16년03월),★월간 재정동향 3월호(배포용).hwp,FI000000004275654712,3,원문 없음: 표지를 제외한 제공 파일 다운로드,files/01_501_월간재정동향/2016-01-13_42756_2016년도 월간재정동향/03_목차_월간재정동향(16년03월).hwp,1976320,f147dff22bc92a0bdc6b55bc036347fa42887cec0a1acd4f2137c7c0cafb1b84,downloaded,
501,월간재정동향,27,42756,FSL1004,2016년도 월간재정동향,2016-01-13,기획재정부,https://www.openfiscaldata.go.kr/op/ko/fd/UOPKOFDA02?pageIndex=1&pageSize=8&ofdBrdId=FSL1004&ofdBrdiSeq=42756&ofdBrdiDtsClsCd=501,목차,월간재정동향(16년04월),★월간 재정동향 4월호(배포용).hwp,FI000000004275654712,4,원문 없음: 표지를 제외한 제공 파일 다운로드,files/01_501_월간재정동향/2016-01-13_42756_2016년도 월간재정동향/04_목차_월간재정동향(16년04월).hwp,1824768,9b13ffb38a003e211b02c1b0174b03d2491fb4d391267cfaa4e037938199617e,downloaded,
501,월간재정동향,27,42756,FSL1004,2016년도 월간재정동향,2016-01-13,기획재정부,https://www.openfiscaldata.go.kr/op/ko/fd/UOPKOFDA02?pageIndex=1&pageSize=8&ofdBrdId=FSL1004&ofdBrdiSeq=42756&ofdBrdiDtsClsCd=501,목차,월간재정동향(16년05월),★월간 재정동향 5월호(배포용).hwp,FI000000004275654712,5,원문 없음: 표지를 제외한 제공 파일 다운로드,files/01_501_월간재정동향/2016-01-13_42756_2016년도 월간재정동향/05_목차_월간재정동향(16년05월).hwp,1843712,e65de7c516921b67ef0ccf6f943b19f6ddedd53168c4b931102507ff5110e553,downloaded,
501,월간재정동향,27,42756,FSL1004,2016년도 월간재정동향,2016-01-13,기획재정부,https://www.openfiscaldata.go.kr/op/ko/fd/UOPKOFDA02?pageIndex=1&pageSize=8&ofdBrdId=FSL1004&ofdBrdiSeq=42756&ofdBrdiDtsClsCd=501,목차,월간재정동향(16년06월),★월간 재정동향 6월호(배포용).hwp,FI000000004275654712,6,원문 없음: 표지를 제외한 제공 파일 다운로드,files/01_501_월간재정동향/2016-01-13_42756_2016년도 월간재정동향/06_목차_월간재정동향(16년06월).hwp,1854464,8f0af3b3ad644b8fedf69cd16fff55ce7d74c2bf0388d0324dc66714a162f56f,downloaded,
501,월간재정동향,27,42756,FSL1004,2016년도 월간재정동향,2016-01-13,기획재정부,https://www.openfiscaldata.go.kr/op/ko/fd/UOPKOFDA02?pageIndex=1&pageSize=8&ofdBrdId=FSL1004&ofdBrdiSeq=42756&ofdBrdiDtsClsCd=501,목차,월간재정동향(16년07월),★월간 재정동향 7월호(배포용).hwp,FI000000004275654712,7,원문 없음: 표지를 제외한 제공 파일 다운로드,files/01_501_월간재정동향/2016-01-13_42756_2016년도 월간재정동향/07_목차_월간재정동향(16년07월).hwp,1861632,8ebb5f336f596b2ea97d1bc851023ebec6736012b7c47f3358257ccad891b645,downloaded,
501,월간재정동향,27,42756,FSL1004,2016년도 월간재정동향,2016-01-13,기획재정부,https://www.openfiscaldata.go.kr/op/ko/fd/UOPKOFDA02?pageIndex=1&pageSize=8&ofdBrdId=FSL1004&ofdBrdiSeq=42756&ofdBrdiDtsClsCd=501,목차,월간재정동향(16년08월),★월간 재정동향 8월호(배포용).hwp,FI000000004275654712,8,원문 없음: 표지를 제외한 제공 파일 다운로드,files/01_501_월간재정동향/2016-01-13_42756_2016년도 월간재정동향/08_목차_월간재정동향(16년08월).hwp,1858048,4166fef5b1bc3a5c76f0969cc0896b36d6a2986161e3162d1ac03b80e3c53112,downloaded,
501,월간재정동향,27,42756,FSL1004,2016년도 월간재정동향,2016-01-13,기획재정부,https://www.openfiscaldata.go.kr/op/ko/fd/UOPKOFDA02?pageIndex=1&pageSize=8&ofdBrdId=FSL1004&ofdBrdiSeq=42756&ofdBrdiDtsClsCd=501,목차,월간재정동향(16년09월),★월간 재정동향 9월호(배포용).hwp,FI000000004275654712,9,원문 없음: 표지를 제외한 제공 파일 다운로드,files/01_501_월간재정동향/2016-01-13_42756_2016년도 월간재정동향/09_목차_월간재정동향(16년09월).hwp,1878528,47531a6e43b60da6065cfd09913af81e3c880b25ea79e4655224af38ffd29f54,downloaded,
501,월간재정동향,27,42756,FSL1004,2016년도 월간재정동향,2016-01-13,기획재정부,https://www.openfiscaldata.go.kr/op/ko/fd/UOPKOFDA02?pageIndex=1&pageSize=8&ofdBrdId=FSL1004&ofdBrdiSeq=42756&ofdBrdiDtsClsCd=501,목차,월간재정동향(16년10월),★월간 재정동향 10월호(배포용).hwp,FI000000004275654712,10,원문 없음: 표지를 제외한 제공 파일 다운로드,files/01_501_월간재정동향/2016-01-13_42756_2016년도 월간재정동향/10_목차_월간재정동향(16년10월).hwp,1912320,0e3a2a03a98633825d6656c3c2a580a8bec0d9e010675f914de284dedcecfd09,downloaded,
501,월간재정동향,27,42756,FSL1004,2016년도 월간재정동향,2016-01-13,기획재정부,https://www.openfiscaldata.go.kr/op/ko/fd/UOPKOFDA02?pageIndex=1&pageSize=8&ofdBrdId=FSL1004&ofdBrdiSeq=42756&ofdBrdiDtsClsCd=501,목차,월간재정동향(16년11월),★월간 재정동향 11월호(배포용).hwp,FI000000004275654712,11,원문 없음: 표지를 제외한 제공 파일 다운로드,files/01_501_월간재정동향/2016-01-13_42756_2016년도 월간재정동향/11_목차_월간재정동향(16년11월).hwp,1937920,d4b848d5fc6ccb43fe9db3d5b9af78ca7bc198272bf294bf1e6fa5a4b3ea3223,downloaded,
501,월간재정동향,27,42756,FSL1004,2016년도 월간재정동향,2016-01-13,기획재정부,https://www.openfiscaldata.go.kr/op/ko/fd/UOPKOFDA02?pageIndex=1&pageSize=8&ofdBrdId=FSL1004&ofdBrdiSeq=42756&ofdBrdiDtsClsCd=501,목차,월간재정동향(16년12월),★월간 재정동향 12월호(배포용).hwp,FI000000004275654712,12,원문 없음: 표지를 제외한 제공 파일 다운로드,files/01_501_월간재정동향/2016-01-13_42756_2016년도 월간재정동향/12_목차_월간재정동향(16년12월).hwp,1939456,5989ca35604db7f196346652aff6bf8cfc835716666e2c155ecf655b494bba46,downloaded,
501,월간재정동향,27,2682,FSL1004,2015년도 월간재정동향,2015-01-26,기획재정부,https://www.openfiscaldata.go.kr/op/ko/fd/UOPKOFDA02?pageIndex=1&pageSize=8&ofdBrdId=FSL1004&ofdBrdiSeq=2682&ofdBrdiDtsClsCd=501,목차,월간재정동향(15년01월),월간재정동향(15년01월).hwp,FI000000000026824509,1,원문 없음: 표지를 제외한 제공 파일 다운로드,files/01_501_월간재정동향/2015-01-26_2682_2015년도 월간재정동향/01_목차_월간재정동향(15년01월).hwp,5220864,f93aeb4eefc7fa46f6e6601609d083a524a3f8167d824c85cfaf97e648f4c74c,downloaded,
501,월간재정동향,27,2682,FSL1004,2015년도 월간재정동향,2015-01-26,기획재정부,https://www.openfiscaldata.go.kr/op/ko/fd/UOPKOFDA02?pageIndex=1&pageSize=8&ofdBrdId=FSL1004&ofdBrdiSeq=2682&ofdBrdiDtsClsCd=501,목차,월간재정동향(15년02월),월간재정동향(15년02월).hwp,FI000000000026824509,2,원문 없음: 표지를 제외한 제공 파일 다운로드,files/01_501_월간재정동향/2015-01-26_2682_2015년도 월간재정동향/02_목차_월간재정동향(15년02월).hwp,8640000,e2516be3d2c66e2f33ca10e96ba50d2cc008df25ed14f9a5f97f401a84620ef1,downloaded,
501,월간재정동향,27,2682,FSL1004,2015년도 월간재정동향,2015-01-26,기획재정부,https://www.openfiscaldata.go.kr/op/ko/fd/UOPKOFDA02?pageIndex=1&pageSize=8&ofdBrdId=FSL1004&ofdBrdiSeq=2682&ofdBrdiDtsClsCd=501,목차,월간재정동향(15년03월),20150319133932395.hwp,FI000000000026824509,3,원문 없음: 표지를 제외한 제공 파일 다운로드,files/01_501_월간재정동향/2015-01-26_2682_2015년도 월간재정동향/03_목차_월간재정동향(15년03월).hwp,2929664,f6aadcf22aaf426acfe198dbb2e91e8a66b5faea408201ddd451922337e5d1e5,downloaded,
501,월간재정동향,27,2682,FSL1004,2015년도 월간재정동향,2015-01-26,기획재정부,https://www.openfiscaldata.go.kr/op/ko/fd/UOPKOFDA02?pageIndex=1&pageSize=8&ofdBrdId=FSL1004&ofdBrdiSeq=2682&ofdBrdiDtsClsCd=501,목차,월간재정동향(15년04월),월간 재정동향 4월호 (1).hwp,FI000000000026824509,4,원문 없음: 표지를 제외한 제공 파일 다운로드,files/01_501_월간재정동향/2015-01-26_2682_2015년도 월간재정동향/04_목차_월간재정동향(15년04월).hwp,3318272,79ec84f0f691c70cfcec9ef769b91381e453216b528e2e5c4502e369617c817a,downloaded,
501,월간재정동향,27,2682,FSL1004,2015년도 월간재정동향,2015-01-26,기획재정부,https://www.openfiscaldata.go.kr/op/ko/fd/UOPKOFDA02?pageIndex=1&pageSize=8&ofdBrdId=FSL1004&ofdBrdiSeq=2682&ofdBrdiDtsClsCd=501,목차,월간재정동향(15년05월),월간재정동향5월.hwp,FI000000000026824509,5,원문 없음: 표지를 제외한 제공 파일 다운로드,files/01_501_월간재정동향/2015-01-26_2682_2015년도 월간재정동향/05_목차_월간재정동향(15년05월).hwp,1909760,d8bab6c5ab15d72e2c9fd0f5692617f570ad736aabbab2574d0254b84b02652b,downloaded,
501,월간재정동향,27,2682,FSL1004,2015년도 월간재정동향,2015-01-26,기획재정부,https://www.openfiscaldata.go.kr/op/ko/fd/UOPKOFDA02?pageIndex=1&pageSize=8&ofdBrdId=FSL1004&ofdBrdiSeq=2682&ofdBrdiDtsClsCd=501,목차,월간재정동향(15년06월),월간재정동향_6월.hwp,FI000000000026824509,6,원문 없음: 표지를 제외한 제공 파일 다운로드,files/01_501_월간재정동향/2015-01-26_2682_2015년도 월간재정동향/06_목차_월간재정동향(15년06월).hwp,2667008,a446fb208c693584b4583a8c6374149c2ee5e86dc2372a0b68dd4490c6ebee82,downloaded,
501,월간재정동향,27,2682,FSL1004,2015년도 월간재정동향,2015-01-26,기획재정부,https://www.openfiscaldata.go.kr/op/ko/fd/UOPKOFDA02?pageIndex=1&pageSize=8&ofdBrdId=FSL1004&ofdBrdiSeq=2682&ofdBrdiDtsClsCd=501,목차,월간재정동향(15년07월),20150721091205120.hwp,FI000000000026824509,7,원문 없음: 표지를 제외한 제공 파일 다운로드,files/01_501_월간재정동향/2015-01-26_2682_2015년도 월간재정동향/07_목차_월간재정동향(15년07월).hwp,2012672,8cc2c21b7c536e6d3426fe8b523a21c4634e044b25e0bb8c61f4f9202ea4ec4c,downloaded,
501,월간재정동향,27,2682,FSL1004,2015년도 월간재정동향,2015-01-26,기획재정부,https://www.openfiscaldata.go.kr/op/ko/fd/UOPKOFDA02?pageIndex=1&pageSize=8&ofdBrdId=FSL1004&ofdBrdiSeq=2682&ofdBrdiDtsClsCd=501,목차,월간재정동향(15년08월),20150820091904130.hwp,FI000000000026824509,8,원문 없음: 표지를 제외한 제공 파일 다운로드,files/01_501_월간재정동향/2015-01-26_2682_2015년도 월간재정동향/08_목차_월간재정동향(15년08월).hwp,2895872,5b14df9181fbb32400ec5d0591650f34e399a5d3736431e5b298195e06a4528d,downloaded,
501,월간재정동향,27,2682,FSL1004,2015년도 월간재정동향,2015-01-26,기획재정부,https://www.openfiscaldata.go.kr/op/ko/fd/UOPKOFDA02?pageIndex=1&pageSize=8&ofdBrdId=FSL1004&ofdBrdiSeq=2682&ofdBrdiDtsClsCd=501,목차,월간재정동향(15년09월),20150922090110348.hwp,FI000000000026824509,9,원문 없음: 표지를 제외한 제공 파일 다운로드,files/01_501_월간재정동향/2015-01-26_2682_2015년도 월간재정동향/09_목차_월간재정동향(15년09월).hwp,1832448,ed3051e20389b5351c91e2aadf97058e27124366bb2e5538e13bed4472c78ec4,downloaded,
501,월간재정동향,27,2682,FSL1004,2015년도 월간재정동향,2015-01-26,기획재정부,https://www.openfiscaldata.go.kr/op/ko/fd/UOPKOFDA02?pageIndex=1&pageSize=8&ofdBrdId=FSL1004&ofdBrdiSeq=2682&ofdBrdiDtsClsCd=501,목차,월간재정동향(15년10월),20151020100739202.hwp,FI000000000026824509,10,원문 없음: 표지를 제외한 제공 파일 다운로드,files/01_501_월간재정동향/2015-01-26_2682_2015년도 월간재정동향/10_목차_월간재정동향(15년10월).hwp,1852416,e25d99cc9dcdea4267268f3f7747175390a2b0689c224b29a6c8763432f03067,downloaded,
501,월간재정동향,27,2682,FSL1004,2015년도 월간재정동향,2015-01-26,기획재정부,https://www.openfiscaldata.go.kr/op/ko/fd/UOPKOFDA02?pageIndex=1&pageSize=8&ofdBrdId=FSL1004&ofdBrdiSeq=2682&ofdBrdiDtsClsCd=501,목차,월간재정동향(15년11월),월간재정동향11월호.hwp,FI000000000026824509,11,원문 없음: 표지를 제외한 제공 파일 다운로드,files/01_501_월간재정동향/2015-01-26_2682_2015년도 월간재정동향/11_목차_월간재정동향(15년11월).hwp,2112000,7b036377b6b21fe3ffc1c8403eddcf7d022db206197bf8e9fbfa2f57001a409a,downloaded,
501,월간재정동향,27,2682,FSL1004,2015년도 월간재정동향,2015-01-26,기획재정부,https://www.openfiscaldata.go.kr/op/ko/fd/UOPKOFDA02?pageIndex=1&pageSize=8&ofdBrdId=FSL1004&ofdBrdiSeq=2682&ofdBrdiDtsClsCd=501,목차,월간재정동향(15년12월),20151222091324942.hwp,FI000000000026824509,12,원문 없음: 표지를 제외한 제공 파일 다운로드,files/01_501_월간재정동향/2015-01-26_2682_2015년도 월간재정동향/12_목차_월간재정동향(15년12월).hwp,2115072,f62b3583a8796d15927e61effd2ced98afa2f3114acd79455af21858a2872541,downloaded,
501,월간재정동향,27,2673,FSL1004,2014년도 월간재정동향,2015-01-09,기획재정부,https://www.openfiscaldata.go.kr/op/ko/fd/UOPKOFDA02?pageIndex=1&pageSize=8&ofdBrdId=FSL1004&ofdBrdiSeq=2673&ofdBrdiDtsClsCd=501,목차,월간재정동향(14년02월),월간_재정동향(14년02월).pdf,FI000000000000026734,1,원문 없음: 표지를 제외한 제공 파일 다운로드,files/01_501_월간재정동향/2015-01-09_2673_2014년도 월간재정동향/01_목차_월간재정동향(14년02월).pdf,3871535,a3fd117bb86dd08c50c0cafa9b12738967c989bfeaa81698d4c73af06e58a237,downloaded,
501,월간재정동향,27,2673,FSL1004,2014년도 월간재정동향,2015-01-09,기획재정부,https://www.openfiscaldata.go.kr/op/ko/fd/UOPKOFDA02?pageIndex=1&pageSize=8&ofdBrdId=FSL1004&ofdBrdiSeq=2673&ofdBrdiDtsClsCd=501,목차,월간재정동향(14년03월),월간재정동향(3월).hwp,FI000000000000026734,2,원문 없음: 표지를 제외한 제공 파일 다운로드,files/01_501_월간재정동향/2015-01-09_2673_2014년도 월간재정동향/02_목차_월간재정동향(14년03월).hwp,1549824,f3ec5a75f375bee1a103afec9ada7517ec3d55e3771cbf6d4aed61af0fb8d330,downloaded,
501,월간재정동향,27,2673,FSL1004,2014년도 월간재정동향,2015-01-09,기획재정부,https://www.openfiscaldata.go.kr/op/ko/fd/UOPKOFDA02?pageIndex=1&pageSize=8&ofdBrdId=FSL1004&ofdBrdiSeq=2673&ofdBrdiDtsClsCd=501,목차,월간재정동향(14년04월),20140418201648365.hwp,FI000000000000026734,3,원문 없음: 표지를 제외한 제공 파일 다운로드,files/01_501_월간재정동향/2015-01-09_2673_2014년도 월간재정동향/03_목차_월간재정동향(14년04월).hwp,671232,53b2023a1ccc21b8f6bee3ee77145494abd453dc51d2ce84e8056ffce9484c22,downloaded,
501,월간재정동향,27,2673,FSL1004,2014년도 월간재정동향,2015-01-09,기획재정부,https://www.openfiscaldata.go.kr/op/ko/fd/UOPKOFDA02?pageIndex=1&pageSize=8&ofdBrdId=FSL1004&ofdBrdiSeq=2673&ofdBrdiDtsClsCd=501,목차,월간재정동향(14년05월),20140520085521896.hwp,FI000000000000026734,4,원문 없음: 표지를 제외한 제공 파일 다운로드,files/01_501_월간재정동향/2015-01-09_2673_2014년도 월간재정동향/04_목차_월간재정동향(14년05월).hwp,906752,4dc9f66555f7416ffc2bac0e84ca1d2cf1648b0e484408d1e169c31432519513,downloaded,
501,월간재정동향,27,2673,FSL1004,2014년도 월간재정동향,2015-01-09,기획재정부,https://www.openfiscaldata.go.kr/op/ko/fd/UOPKOFDA02?pageIndex=1&pageSize=8&ofdBrdId=FSL1004&ofdBrdiSeq=2673&ofdBrdiDtsClsCd=501,목차,월간재정동향(14년06월),20140619091522346.hwp,FI000000000000026734,5,원문 없음: 표지를 제외한 제공 파일 다운로드,files/01_501_월간재정동향/2015-01-09_2673_2014년도 월간재정동향/05_목차_월간재정동향(14년06월).hwp,870400,837d37a13135be2a633befd19597ecf56e9016d1614babdeda7ae4f58acd9c3f,downloaded,
501,월간재정동향,27,2673,FSL1004,2014년도 월간재정동향,2015-01-09,기획재정부,https://www.openfiscaldata.go.kr/op/ko/fd/UOPKOFDA02?pageIndex=1&pageSize=8&ofdBrdId=FSL1004&ofdBrdiSeq=2673&ofdBrdiDtsClsCd=501,목차,월간재정동향(14년08월),20140820090738920.hwp,FI000000000000026734,7,원문 없음: 표지를 제외한 제공 파일 다운로드,files/01_501_월간재정동향/2015-01-09_2673_2014년도 월간재정동향/06_목차_월간재정동향(14년08월).hwp,2998272,925f27f0f7aa50ff125edbce1c9936a83bf09dfc862401e2e748a70094c57ef9,downloaded,
501,월간재정동향,27,2673,FSL1004,2014년도 월간재정동향,2015-01-09,기획재정부,https://www.openfiscaldata.go.kr/op/ko/fd/UOPKOFDA02?pageIndex=1&pageSize=8&ofdBrdId=FSL1004&ofdBrdiSeq=2673&ofdBrdiDtsClsCd=501,목차,월간재정동향(14년07월),20140722092819171.hwp,FI000000000000026734,6,원문 없음: 표지를 제외한 제공 파일 다운로드,files/01_501_월간재정동향/2015-01-09_2673_2014년도 월간재정동향/07_목차_월간재정동향(14년07월).hwp,693760,e9d5459598160d5e1b5928fe2ecf5e34975d2361caaffc4f2cb62e5b253269d8,downloaded,
501,월간재정동향,27,2673,FSL1004,2014년도 월간재정동향,2015-01-09,기획재정부,https://www.openfiscaldata.go.kr/op/ko/fd/UOPKOFDA02?pageIndex=1&pageSize=8&ofdBrdId=FSL1004&ofdBrdiSeq=2673&ofdBrdiDtsClsCd=501,목차,월간재정동향(14년09월),20140923092750759.hwp,FI000000000000026734,8,원문 없음: 표지를 제외한 제공 파일 다운로드,files/01_501_월간재정동향/2015-01-09_2673_2014년도 월간재정동향/08_목차_월간재정동향(14년09월).hwp,2708480,60cb4d3a1892ab0fa6a70a2c371149488d20ba9d993b3cb37171f15200ba4fd5,downloaded,
501,월간재정동향,27,2673,FSL1004,2014년도 월간재정동향,2015-01-09,기획재정부,https://www.openfiscaldata.go.kr/op/ko/fd/UOPKOFDA02?pageIndex=1&pageSize=8&ofdBrdId=FSL1004&ofdBrdiSeq=2673&ofdBrdiDtsClsCd=501,목차,월간재정동향(14년10월),20141021090215849.hwp,FI000000000000026734,9,원문 없음: 표지를 제외한 제공 파일 다운로드,files/01_501_월간재정동향/2015-01-09_2673_2014년도 월간재정동향/09_목차_월간재정동향(14년10월).hwp,2700288,51f5b8e20b67c5f295e20478418e944853429472f5df2d75906031c762f3a25b,downloaded,
501,월간재정동향,27,2673,FSL1004,2014년도 월간재정동향,2015-01-09,기획재정부,https://www.openfiscaldata.go.kr/op/ko/fd/UOPKOFDA02?pageIndex=1&pageSize=8&ofdBrdId=FSL1004&ofdBrdiSeq=2673&ofdBrdiDtsClsCd=501,목차,월간재정동향(14년11월),20141120105352282.hwp,FI000000000000026734,10,원문 없음: 표지를 제외한 제공 파일 다운로드,files/01_501_월간재정동향/2015-01-09_2673_2014년도 월간재정동향/10_목차_월간재정동향(14년11월).hwp,2560512,f148d0438b5607d71f6eacf681762bb5c259055216442d66eb0abb44f4c86b32,downloaded,
501,월간재정동향,27,2673,FSL1004,2014년도 월간재정동향,2015-01-09,기획재정부,https://www.openfiscaldata.go.kr/op/ko/fd/UOPKOFDA02?pageIndex=1&pageSize=8&ofdBrdId=FSL1004&ofdBrdiSeq=2673&ofdBrdiDtsClsCd=501,목차,월간재정동향(14년12월),20141226150526814.hwp,FI000000000000026734,11,원문 없음: 표지를 제외한 제공 파일 다운로드,files/01_501_월간재정동향/2015-01-09_2673_2014년도 월간재정동향/11_목차_월간재정동향(14년12월).hwp,2826752,f94ad39c41f83a07a7a8f244fe4227b70449fc4d1b0fe3e139e2e1f4f2d9c251,downloaded,
502,예산(나라살림),28,51735,FSL1004,2026년도 예산,2026-02-13,기획재정부,https://www.openfiscaldata.go.kr/op/ko/fd/UOPKOFDA02?pageIndex=1&pageSize=8&ofdBrdId=FSL1004&ofdBrdiSeq=51735&ofdBrdiDtsClsCd=502,원문,2026년 나라살림 예산개요,2026년 나라살림 예산개요.pdf,F0000000000000004746,1,원문 우선(목차 파일 제외),files/02_502_예산(나라살림)/2026-02-13_51735_2026년도 예산.pdf,8680845,f2da0eafcca1c31c586a5027d04b467a398d6c4dad95cfa960b24b8c690d91d3,downloaded,
502,예산(나라살림),28,51659,FSL1004,2025년도 예산,2025-02-17,기획재정부,https://www.openfiscaldata.go.kr/op/ko/fd/UOPKOFDA02?pageIndex=1&pageSize=8&ofdBrdId=FSL1004&ofdBrdiSeq=51659&ofdBrdiDtsClsCd=502,원문,2025 나라살림 예산개요,2025 나라살림 예산개요.pdf,F0000000000000004405,1,원문 우선(목차 파일 제외),files/02_502_예산(나라살림)/2025-02-17_51659_2025년도 예산.pdf,4540286,6c9e4f7fd01489bb2376d89dd6337afee8faf8a9f3f3063eb607d1351defc3aa,downloaded,
502,예산(나라살림),28,51600,FSL1004,2024년도 예산,2024-02-05,기획재정부,https://www.openfiscaldata.go.kr/op/ko/fd/UOPKOFDA02?pageIndex=1&pageSize=8&ofdBrdId=FSL1004&ofdBrdiSeq=51600&ofdBrdiDtsClsCd=502,원문,2024 나라살림 예산개요,2024 나라살림 예산개요.pdf,F0000000000000004195,1,원문 우선(목차 파일 제외),files/02_502_예산(나라살림)/2024-02-05_51600_2024년도 예산.pdf,7630357,e24b1fd126e520b54ebb932d7a5dcac7a80246547cdf9128c7b5b9c246c0e656,downloaded,
502,예산(나라살림),28,51540,FSL1004,2023년도 예산,2023-02-13,기획재정부,https://www.openfiscaldata.go.kr/op/ko/fd/UOPKOFDA02?pageIndex=1&pageSize=8&ofdBrdId=FSL1004&ofdBrdiSeq=51540&ofdBrdiDtsClsCd=502,원문,2023 나라살림 예산개요,2023 나라살림 예산개요.pdf,F0000000000000003986,1,원문 우선(목차 파일 제외),files/02_502_예산(나라살림)/2023-02-13_51540_2023년도 예산.pdf,3465970,b1bd2dae77ba1cfab13266e3b2470db659a5205a668bbcac95d56c52882a89c5,downloaded,
502,예산(나라살림),28,51466,FSL1004,2022년도 예산,2022-02-04,기획재정부,https://www.openfiscaldata.go.kr/op/ko/fd/UOPKOFDA02?pageIndex=1&pageSize=8&ofdBrdId=FSL1004&ofdBrdiSeq=51466&ofdBrdiDtsClsCd=502,원문,2022나라살림 예산개요,2022나라살림 예산개요.pdf,F0000000000000003626,1,원문 우선(목차 파일 제외),files/02_502_예산(나라살림)/2022-02-04_51466_2022년도 예산.pdf,8120367,6afe3e52b3e910c8f64b1e9154e98a164ffe480b7dcdd038bd832e6d9eeaab89,downloaded,
502,예산(나라살림),28,50221,FSL1004,2021년도 예산,2021-02-09,기획재정부,https://www.openfiscaldata.go.kr/op/ko/fd/UOPKOFDA02?pageIndex=1&pageSize=8&ofdBrdId=FSL1004&ofdBrdiSeq=50221&ofdBrdiDtsClsCd=502,원문,2021년도 나라살림 예산개요,2021년도 나라살림 예산개요.pdf,FI000000005022164730,1,원문 우선(목차 파일 제외),files/02_502_예산(나라살림)/2021-02-09_50221_2021년도 예산.pdf,69677600,eddbb4adce15e4a57c8dd031aae14e2662fd31e28c1cb41dfd96c4f7083d4aee,downloaded,
502,예산(나라살림),28,48741,FSL1004,2020년도 예산,2020-02-07,기획재정부,https://www.openfiscaldata.go.kr/op/ko/fd/UOPKOFDA02?pageIndex=1&pageSize=8&ofdBrdId=FSL1004&ofdBrdiSeq=48741&ofdBrdiDtsClsCd=502,원문,2020년도 나라살림(예산개요),2020년도 나라살림(예산개요).pdf,FI000000004874163072,1,원문 우선(목차 파일 제외),files/02_502_예산(나라살림)/2020-02-07_48741_2020년도 예산.pdf,4759624,0bf6be7a70b22247127149e403663cb96628a9bef26adf6920bc4e7df183f1c9,downloaded,
502,예산(나라살림),28,47028,FSL1004,2019년도 예산,2019-01-31,기획재정부,https://www.openfiscaldata.go.kr/op/ko/fd/UOPKOFDA02?pageIndex=1&pageSize=8&ofdBrdId=FSL1004&ofdBrdiSeq=47028&ofdBrdiDtsClsCd=502,원문,2019년도 나라살림(예산개요),2019년도 나라살림(예산개요).pdf,FI000000004702861004,1,원문 우선(목차 파일 제외),files/02_502_예산(나라살림)/2019-01-31_47028_2019년도 예산.pdf,11226731,7853b942424fc60c6fa64b804080c2828c8d31c0af3ed19522cc7fa915fd1d5d,downloaded,
502,예산(나라살림),28,45738,FSL1004,2018년도 예산,2018-02-26,기획재정부,https://www.openfiscaldata.go.kr/op/ko/fd/UOPKOFDA02?pageIndex=1&pageSize=8&ofdBrdId=FSL1004&ofdBrdiSeq=45738&ofdBrdiDtsClsCd=502,원문,2018년도 나라살림(예산개요),2018년도 나라살림(예산개요).pdf,FI000000004573859449,1,원문 우선(목차 파일 제외),files/02_502_예산(나라살림)/2018-02-26_45738_2018년도 예산.pdf,4791329,cc5a8914d31d0cda631777b3c32466e4a07dd42f6bee2022bcf6312d350e5767,downloaded,
502,예산(나라살림),28,44380,FSL1004,2017년도 예산,2017-06-13,기획재정부,https://www.openfiscaldata.go.kr/op/ko/fd/UOPKOFDA02?pageIndex=1&pageSize=8&ofdBrdId=FSL1004&ofdBrdiSeq=44380&ofdBrdiDtsClsCd=502,원문,2017년도 나라살림(예산개요),2017년도 나라살림(예산개요).pdf,F0000000000000003742,1,원문 우선(목차 파일 제외),files/02_502_예산(나라살림)/2017-06-13_44380_2017년도 예산.pdf,12172182,c786a5d6d2e8db04a9bfb1a7f25bfe1b8e0a444839f2f460211dc54fe501ad5d,downloaded,
502,예산(나라살림),28,43004,FSL1004,2016년도 예산,2016-03-22,기획재정부,https://www.openfiscaldata.go.kr/op/ko/fd/UOPKOFDA02?pageIndex=1&pageSize=8&ofdBrdId=FSL1004&ofdBrdiSeq=43004&ofdBrdiDtsClsCd=502,목차,2016년도 나라살림(예산개요),2016년 나라살림 예산개요.pdf,FI000000004300454929,1,원문 없음: 표지를 제외한 제공 파일 다운로드,files/02_502_예산(나라살림)/2016-03-22_43004_2016년도 예산.pdf,8713269,806a11715daafa91a68f77b53cca02b1c681950cd90d64e4a0f683c5e1fb4393,downloaded,
502,예산(나라살림),28,24917,FSL1004,2015년도 예산,2015-06-30,기획재정부,https://www.openfiscaldata.go.kr/op/ko/fd/UOPKOFDA02?pageIndex=1&pageSize=8&ofdBrdId=FSL1004&ofdBrdiSeq=24917&ofdBrdiDtsClsCd=502,목차,2015년도 나라살림(예산개요),2015년도 나라살림 예산개요.pdf,FI000000002491736193,1,원문 없음: 표지를 제외한 제공 파일 다운로드,files/02_502_예산(나라살림)/2015-06-30_24917_2015년도 예산/01_목차_2015년도 나라살림(예산개요).pdf,2189955,9fc438548de8112c7ad9edf8af549b00ca0e4e6ff3eefaedd94e919930a9e925,downloaded,
502,예산(나라살림),28,24917,FSL1004,2015년도 예산,2015-06-30,기획재정부,https://www.openfiscaldata.go.kr/op/ko/fd/UOPKOFDA02?pageIndex=1&pageSize=8&ofdBrdId=FSL1004&ofdBrdiSeq=24917&ofdBrdiDtsClsCd=502,목차,2015년도 예산 및 기금운용계획 집행지침,20150205173347457.hwp,FI000000002491736193,2,원문 없음: 표지를 제외한 제공 파일 다운로드,files/02_502_예산(나라살림)/2015-06-30_24917_2015년도 예산/02_목차_2015년도 예산 및 기금운용계획 집행지침.hwp,2264064,8145c57cc5b2761f3e93ba8d93953395d1a9ae1a7de425f7dbbaebe59a92a981,downloaded,
502,예산(나라살림),28,2675,FSL1004,2014년도 예산,2015-02-02,기획재정부,https://www.openfiscaldata.go.kr/op/ko/fd/UOPKOFDA02?pageIndex=1&pageSize=8&ofdBrdId=FSL1004&ofdBrdiSeq=2675&ofdBrdiDtsClsCd=502,목차,2014년도 확정예산,2014년도 예산 국회확정안.pdf,FI000000000026754438,1,원문 없음: 표지를 제외한 제공 파일 다운로드,files/02_502_예산(나라살림)/2015-02-02_2675_2014년도 예산/01_목차_2014년도 확정예산.pdf,810188,81956e76178433e05179d6926eb717219b6c98e8fc2128acb33c5bbe749606c3,downloaded,
502,예산(나라살림),28,2675,FSL1004,2014년도 예산,2015-02-02,기획재정부,https://www.openfiscaldata.go.kr/op/ko/fd/UOPKOFDA02?pageIndex=1&pageSize=8&ofdBrdId=FSL1004&ofdBrdiSeq=2675&ofdBrdiDtsClsCd=502,목차,2014년도 기금운용계획,2014년도 기금운용계획(대한민국국회).pdf,FI000000000026754438,2,원문 없음: 표지를 제외한 제공 파일 다운로드,files/02_502_예산(나라살림)/2015-02-02_2675_2014년도 예산/02_목차_2014년도 기금운용계획.pdf,511618,9bb13ed23e118b11eeaadb2d0b85f4e7389e3fa26910b14c5bfd42492f335fd2,downloaded,
502,예산(나라살림),28,2675,FSL1004,2014년도 예산,2015-02-02,기획재정부,https://www.openfiscaldata.go.kr/op/ko/fd/UOPKOFDA02?pageIndex=1&pageSize=8&ofdBrdId=FSL1004&ofdBrdiSeq=2675&ofdBrdiDtsClsCd=502,목차,2014년도 나라살림(예산개요),2014년도 나라살림 예산개요.pdf,FI000000000026754438,3,원문 없음: 표지를 제외한 제공 파일 다운로드,files/02_502_예산(나라살림)/2015-02-02_2675_2014년도 예산/03_목차_2014년도 나라살림(예산개요).pdf,8896091,c7bbef61c93f7c0d2016aac49c1e6e07e1354fb4e0c820f5a192f053fb99dfeb,downloaded,
502,예산(나라살림),28,2671,FSL1004,2013년도 예산,2015-01-30,기획재정부,https://www.openfiscaldata.go.kr/op/ko/fd/UOPKOFDA02?pageIndex=1&pageSize=8&ofdBrdId=FSL1004&ofdBrdiSeq=2671&ofdBrdiDtsClsCd=502,목차,2013년도 확정예산,2013년도 예산 국회확정안.pdf,FI000000000026714437,1,원문 없음: 표지를 제외한 제공 파일 다운로드,files/02_502_예산(나라살림)/2015-01-30_2671_2013년도 예산/01_목차_2013년도 확정예산.pdf,1055266,39d446a86d907bd66c665afa2016cbcddc4a86c4c5ceaec1836b46c85286fe97,downloaded,
502,예산(나라살림),28,2671,FSL1004,2013년도 예산,2015-01-30,기획재정부,https://www.openfiscaldata.go.kr/op/ko/fd/UOPKOFDA02?pageIndex=1&pageSize=8&ofdBrdId=FSL1004&ofdBrdiSeq=2671&ofdBrdiDtsClsCd=502,목차,2013년도 기금운용계획,2013년도 기금운용계획(대한민국국회).pdf,FI000000000026714437,2,원문 없음: 표지를 제외한 제공 파일 다운로드,files/02_502_예산(나라살림)/2015-01-30_2671_2013년도 예산/02_목차_2013년도 기금운용계획.pdf,17659565,b32c9a3933b3f5aa6e191a39031ea8d97522033d209a49e6c7d078306e2d44a0,downloaded,
502,예산(나라살림),28,2671,FSL1004,2013년도 예산,2015-01-30,기획재정부,https://www.openfiscaldata.go.kr/op/ko/fd/UOPKOFDA02?pageIndex=1&pageSize=8&ofdBrdId=FSL1004&ofdBrdiSeq=2671&ofdBrdiDtsClsCd=502,목차,2013년도 임대형 민자사업(BTL) 한도액,2013년도 임대형 민자사업(BTL) 한도액(국회확정안).pdf,FI000000000026714437,3,원문 없음: 표지를 제외한 제공 파일 다운로드,files/02_502_예산(나라살림)/2015-01-30_2671_2013년도 예산/03_목차_2013년도 임대형 민자사업(BTL) 한도액.pdf,140015,197f051f7978df237b07bcc31842a5068ae2db45db7fc1680ce4645086957116,downloaded,
502,예산(나라살림),28,2671,FSL1004,2013년도 예산,2015-01-30,기획재정부,https://www.openfiscaldata.go.kr/op/ko/fd/UOPKOFDA02?pageIndex=1&pageSize=8&ofdBrdId=FSL1004&ofdBrdiSeq=2671&ofdBrdiDtsClsCd=502,목차,2013년도 나라살림(예산개요),2013년도 나라살림 예산개요.pdf,FI000000000026714437,4,원문 없음: 표지를 제외한 제공 파일 다운로드,files/02_502_예산(나라살림)/2015-01-30_2671_2013년도 예산/04_목차_2013년도 나라살림(예산개요).pdf,17332982,9e7814ebeebfc08e0699a7eba14660368d32316fd245ba096420d303981f7dd1,downloaded,
502,예산(나라살림),28,2668,FSL1004,2012년도 예산,2015-01-29,기획재정부,https://www.openfiscaldata.go.kr/op/ko/fd/UOPKOFDA02?pageIndex=1&pageSize=8&ofdBrdId=FSL1004&ofdBrdiSeq=2668&ofdBrdiDtsClsCd=502,목차,2012년도 확정예산,2012년도 예산 국회확정안.pdf,FI000000000026684436,1,원문 없음: 표지를 제외한 제공 파일 다운로드,files/02_502_예산(나라살림)/2015-01-29_2668_2012년도 예산/01_목차_2012년도 확정예산.pdf,3296889,4bbebb291fc3c5264385abed4101bc60856d245a47e7148bc9390b5de9704fc2,downloaded,
502,예산(나라살림),28,2668,FSL1004,2012년도 예산,2015-01-29,기획재정부,https://www.openfiscaldata.go.kr/op/ko/fd/UOPKOFDA02?pageIndex=1&pageSize=8&ofdBrdId=FSL1004&ofdBrdiSeq=2668&ofdBrdiDtsClsCd=502,목차,2012년도 기금운용계획,2012년도 기금운용계획(대한민국국회).pdf,FI000000000026684436,2,원문 없음: 표지를 제외한 제공 파일 다운로드,files/02_502_예산(나라살림)/2015-01-29_2668_2012년도 예산/02_목차_2012년도 기금운용계획.pdf,2431280,42468d647d0c3ec97a148509ee1df076c2cc156ad73447252dd25d1e3169e4d9,downloaded,
502,예산(나라살림),28,2668,FSL1004,2012년도 예산,2015-01-29,기획재정부,https://www.openfiscaldata.go.kr/op/ko/fd/UOPKOFDA02?pageIndex=1&pageSize=8&ofdBrdId=FSL1004&ofdBrdiSeq=2668&ofdBrdiDtsClsCd=502,목차,2012년도 임대형 민자사업(BTL) 한도액,2012년도 임대형 민자사업(BTL) 한도액(국회확정안).pdf,FI000000000026684436,3,원문 없음: 표지를 제외한 제공 파일 다운로드,files/02_502_예산(나라살림)/2015-01-29_2668_2012년도 예산/03_목차_2012년도 임대형 민자사업(BTL) 한도액.pdf,88310,7eb6c7c887bda70a026365108a0f340ded0065d6a6758e28ccd7f80f56e34235,downloaded,
502,예산(나라살림),28,2668,FSL1004,2012년도 예산,2015-01-29,기획재정부,https://www.openfiscaldata.go.kr/op/ko/fd/UOPKOFDA02?pageIndex=1&pageSize=8&ofdBrdId=FSL1004&ofdBrdiSeq=2668&ofdBrdiDtsClsCd=502,목차,2012년도 나라살림(예산개요),2012년도 나라살림 예산개요.pdf,FI000000000026684436,4,원문 없음: 표지를 제외한 제공 파일 다운로드,files/02_502_예산(나라살림)/2015-01-29_2668_2012년도 예산/04_목차_2012년도 나라살림(예산개요).pdf,26882048,c9cebd51b57b1c76415098cb330c2019b9ddf15aefa30a5a4b0c14f92aa73301,downloaded,
502,예산(나라살림),28,2665,FSL1004,2011년도 예산,2015-01-27,기획재정부,https://www.openfiscaldata.go.kr/op/ko/fd/UOPKOFDA02?pageIndex=1&pageSize=8&ofdBrdId=FSL1004&ofdBrdiSeq=2665&ofdBrdiDtsClsCd=502,목차,2011년도 나라살림(예산),2011 나라살림 예산.pdf,FI000000000026654433,1,원문 없음: 표지를 제외한 제공 파일 다운로드,files/02_502_예산(나라살림)/2015-01-27_2665_2011년도 예산/01_목차_2011년도 나라살림(예산).pdf,113063669,de0e5b9dbd8c6974cc416e599722207db9ec245137b65a25b8cf2f6366b102bf,downloaded,
502,예산(나라살림),28,2665,FSL1004,2011년도 예산,2015-01-27,기획재정부,https://www.openfiscaldata.go.kr/op/ko/fd/UOPKOFDA02?pageIndex=1&pageSize=8&ofdBrdId=FSL1004&ofdBrdiSeq=2665&ofdBrdiDtsClsCd=502,목차,2011년도 나라살림(예산개요 참고자료),2011 나라살림 예산개요 참고자료.pdf,FI000000000026654433,2,원문 없음: 표지를 제외한 제공 파일 다운로드,files/02_502_예산(나라살림)/2015-01-27_2665_2011년도 예산/02_목차_2011년도 나라살림(예산개요 참고자료).pdf,91479996,cd145d206d569c9ff9df02545e7eac7cd27769c85abf5381dc85cf8b630a062a,downloaded,
502,예산(나라살림),28,2665,FSL1004,2011년도 예산,2015-01-27,기획재정부,https://www.openfiscaldata.go.kr/op/ko/fd/UOPKOFDA02?pageIndex=1&pageSize=8&ofdBrdId=FSL1004&ofdBrdiSeq=2665&ofdBrdiDtsClsCd=502,목차,2011년도 확정예산,2011년도 예산 국회확정안.pdf,FI000000000026654433,3,원문 없음: 표지를 제외한 제공 파일 다운로드,files/02_502_예산(나라살림)/2015-01-27_2665_2011년도 예산/03_목차_2011년도 확정예산.pdf,10144597,c4310b5cf99bdfcf0fd3c6059628a263fabee1bf79ebb2dbdc61cfd97e68aa3b,downloaded,
502,예산(나라살림),28,2665,FSL1004,2011년도 예산,2015-01-27,기획재정부,https://www.openfiscaldata.go.kr/op/ko/fd/UOPKOFDA02?pageIndex=1&pageSize=8&ofdBrdId=FSL1004&ofdBrdiSeq=2665&ofdBrdiDtsClsCd=502,목차,2011년도 기금운용계획 첨부서류,2011년도 기금운용계획 첨부자료.pdf,FI000000000026654433,4,원문 없음: 표지를 제외한 제공 파일 다운로드,files/02_502_예산(나라살림)/2015-01-27_2665_2011년도 예산/04_목차_2011년도 기금운용계획 첨부서류.pdf,23860832,a5120184534549ff563575d4d549c2656f1ca3e9c5c67dbccf104d964519e8aa,downloaded,
502,예산(나라살림),28,2665,FSL1004,2011년도 예산,2015-01-27,기획재정부,https://www.openfiscaldata.go.kr/op/ko/fd/UOPKOFDA02?pageIndex=1&pageSize=8&ofdBrdId=FSL1004&ofdBrdiSeq=2665&ofdBrdiDtsClsCd=502,목차,2011년도 기금운용계획,2011년도 기금운용계획.pdf,FI000000000026654433,5,원문 없음: 표지를 제외한 제공 파일 다운로드,files/02_502_예산(나라살림)/2015-01-27_2665_2011년도 예산/05_목차_2011년도 기금운용계획.pdf,2115564,3b574ea5eb3a4126dd264fcd575ac8ed24060e0f888ee687ec8d16e445484dc0,downloaded,
502,예산(나라살림),28,2665,FSL1004,2011년도 예산,2015-01-27,기획재정부,https://www.openfiscaldata.go.kr/op/ko/fd/UOPKOFDA02?pageIndex=1&pageSize=8&ofdBrdId=FSL1004&ofdBrdiSeq=2665&ofdBrdiDtsClsCd=502,목차,2011년도 임대형 민자사업(BTL) 한도액,2011년도 임대형 민자사업(BTL) 한도액(국회확정안).pdf,FI000000000026654433,6,원문 없음: 표지를 제외한 제공 파일 다운로드,files/02_502_예산(나라살림)/2015-01-27_2665_2011년도 예산/06_목차_2011년도 임대형 민자사업(BTL) 한도액.pdf,198572,7dee3ed3e980d61d92953322c2a4416f0e38afc9da332d6e750aafd28ab649d3,downloaded,
502,예산(나라살림),28,2662,FSL1004,2010년도 예산,2015-01-26,기획재정부,https://www.openfiscaldata.go.kr/op/ko/fd/UOPKOFDA02?pageIndex=1&pageSize=8&ofdBrdId=FSL1004&ofdBrdiSeq=2662&ofdBrdiDtsClsCd=502,목차,2010년도 나라살림(예산개요 참고자료),2010 나라살림 예산개요 참고자료(기획재정부).pdf,FI000000000026624430,1,원문 없음: 표지를 제외한 제공 파일 다운로드,files/02_502_예산(나라살림)/2015-01-26_2662_2010년도 예산/01_목차_2010년도 나라살림(예산개요 참고자료).pdf,97600169,7b4ae16f6e32c3b496e7da53e46282d61cc0d354c068bf01eb9af0293fc3718d,downloaded,
502,예산(나라살림),28,2662,FSL1004,2010년도 예산,2015-01-26,기획재정부,https://www.openfiscaldata.go.kr/op/ko/fd/UOPKOFDA02?pageIndex=1&pageSize=8&ofdBrdId=FSL1004&ofdBrdiSeq=2662&ofdBrdiDtsClsCd=502,목차,2010년도 나라살림(예산),2010년도 나라살림(2010년도 예산)(기획재정부).pdf,FI000000000026624430,2,원문 없음: 표지를 제외한 제공 파일 다운로드,files/02_502_예산(나라살림)/2015-01-26_2662_2010년도 예산/02_목차_2010년도 나라살림(예산).pdf,2442322,8e155a799b8d43cf16ce241156d2a22fc960251ee5d62e4cee9436571db35990,downloaded,
502,예산(나라살림),28,2662,FSL1004,2010년도 예산,2015-01-26,기획재정부,https://www.openfiscaldata.go.kr/op/ko/fd/UOPKOFDA02?pageIndex=1&pageSize=8&ofdBrdId=FSL1004&ofdBrdiSeq=2662&ofdBrdiDtsClsCd=502,목차,2010년도 예산 국회확정안,2010년도 예산 국회확정안.pdf,FI000000000026624430,3,원문 없음: 표지를 제외한 제공 파일 다운로드,files/02_502_예산(나라살림)/2015-01-26_2662_2010년도 예산/03_목차_2010년도 예산 국회확정안.pdf,1078467,775abcdd8d404217f1d1789537fa95555b8d289f71e6f9cae18818ceb28ef7d1,downloaded,
502,예산(나라살림),28,2662,FSL1004,2010년도 예산,2015-01-26,기획재정부,https://www.openfiscaldata.go.kr/op/ko/fd/UOPKOFDA02?pageIndex=1&pageSize=8&ofdBrdId=FSL1004&ofdBrdiSeq=2662&ofdBrdiDtsClsCd=502,목차,2010년도 기금운용계획,2010년도 기금운용계획(대한민국국회).pdf,FI000000000026624430,4,원문 없음: 표지를 제외한 제공 파일 다운로드,files/02_502_예산(나라살림)/2015-01-26_2662_2010년도 예산/04_목차_2010년도 기금운용계획.pdf,5115433,13ec70942763a6a113c9a3819381e482e584d654d7228c66c09e241979949197,downloaded,
502,예산(나라살림),28,2659,FSL1004,2009년도 예산,2015-01-24,기획재정부,https://www.openfiscaldata.go.kr/op/ko/fd/UOPKOFDA02?pageIndex=1&pageSize=8&ofdBrdId=FSL1004&ofdBrdiSeq=2659&ofdBrdiDtsClsCd=502,목차,2009년도 나라살림(예산),2009나라살림(예산).pdf,FI000000000026594428,1,원문 없음: 표지를 제외한 제공 파일 다운로드,files/02_502_예산(나라살림)/2015-01-24_2659_2009년도 예산/01_목차_2009년도 나라살림(예산).pdf,2298088,63e9fdb116fbf9346dd90eccc0128f190661e62b37b0051cd9472c2d989a64cb,downloaded,
502,예산(나라살림),28,2659,FSL1004,2009년도 예산,2015-01-24,기획재정부,https://www.openfiscaldata.go.kr/op/ko/fd/UOPKOFDA02?pageIndex=1&pageSize=8&ofdBrdId=FSL1004&ofdBrdiSeq=2659&ofdBrdiDtsClsCd=502,목차,2009년도 나라살림(예산개요 참고자료),2009나라살림(예산개요 참고자료).pdf,FI000000000026594428,2,원문 없음: 표지를 제외한 제공 파일 다운로드,files/02_502_예산(나라살림)/2015-01-24_2659_2009년도 예산/02_목차_2009년도 나라살림(예산개요 참고자료).pdf,3370527,f74a045f66755d0c704bd60d657f7853904ea97b890432a358e91e95b906d881,downloaded,
502,예산(나라살림),28,2659,FSL1004,2009년도 예산,2015-01-24,기획재정부,https://www.openfiscaldata.go.kr/op/ko/fd/UOPKOFDA02?pageIndex=1&pageSize=8&ofdBrdId=FSL1004&ofdBrdiSeq=2659&ofdBrdiDtsClsCd=502,목차,2009년도 기금운용계획,2009년도 기금운용계획(대한민국국회).pdf,FI000000000026594428,3,원문 없음: 표지를 제외한 제공 파일 다운로드,files/02_502_예산(나라살림)/2015-01-24_2659_2009년도 예산/03_목차_2009년도 기금운용계획.pdf,3443984,4954e9df3f8bd31331d4180d4009dc6a88d801796e2bdf276d9bfc62f4fc5b2c,downloaded,
502,예산(나라살림),28,2659,FSL1004,2009년도 예산,2015-01-24,기획재정부,https://www.openfiscaldata.go.kr/op/ko/fd/UOPKOFDA02?pageIndex=1&pageSize=8&ofdBrdId=FSL1004&ofdBrdiSeq=2659&ofdBrdiDtsClsCd=502,목차,2009년도 확정예산(제1회추경예산),2009년도 제1회 추가경정예산.pdf,FI000000000026594428,4,원문 없음: 표지를 제외한 제공 파일 다운로드,files/02_502_예산(나라살림)/2015-01-24_2659_2009년도 예산/04_목차_2009년도 확정예산(제1회추경예산).pdf,4308892,49c0b9f8353fcf900a39b0b1fdc0b4564cd6d82cbced663d0155bb5389453cab,downloaded,
502,예산(나라살림),28,2656,FSL1004,2008년도 예산,2015-01-23,기획재정부,https://www.openfiscaldata.go.kr/op/ko/fd/UOPKOFDA02?pageIndex=1&pageSize=8&ofdBrdId=FSL1004&ofdBrdiSeq=2656&ofdBrdiDtsClsCd=502,목차,2008년도 나라살림(예산),2008나라살림(예산).pdf,FI000000000026564425,1,원문 없음: 표지를 제외한 제공 파일 다운로드,files/02_502_예산(나라살림)/2015-01-23_2656_2008년도 예산/01_목차_2008년도 나라살림(예산).pdf,2714504,394d1c6f306a376e341ba658ad2de17ef41b677c000e97262af2b0cfbcfdeccb,downloaded,
502,예산(나라살림),28,2656,FSL1004,2008년도 예산,2015-01-23,기획재정부,https://www.openfiscaldata.go.kr/op/ko/fd/UOPKOFDA02?pageIndex=1&pageSize=8&ofdBrdId=FSL1004&ofdBrdiSeq=2656&ofdBrdiDtsClsCd=502,목차,2008년도 나라살림(예산개요),2008나라살림(예산개요).pdf,FI000000000026564425,2,원문 없음: 표지를 제외한 제공 파일 다운로드,files/02_502_예산(나라살림)/2015-01-23_2656_2008년도 예산/02_목차_2008년도 나라살림(예산개요).pdf,5717873,627d8297cabd8f16080a9f0d2ab68232cc998c6b1d7b93deb005c6e3bf66dba0,downloaded,
502,예산(나라살림),28,2656,FSL1004,2008년도 예산,2015-01-23,기획재정부,https://www.openfiscaldata.go.kr/op/ko/fd/UOPKOFDA02?pageIndex=1&pageSize=8&ofdBrdId=FSL1004&ofdBrdiSeq=2656&ofdBrdiDtsClsCd=502,목차,2008년도 나라살림(예산개요참고자료),2008나라살림(예산개요참고자료).pdf,FI000000000026564425,3,원문 없음: 표지를 제외한 제공 파일 다운로드,files/02_502_예산(나라살림)/2015-01-23_2656_2008년도 예산/03_목차_2008년도 나라살림(예산개요참고자료).pdf,2852860,db25184287d12cff4f9aba03477b7318c0d78e0945564dee972b8288c5d664e3,downloaded,
502,예산(나라살림),28,2656,FSL1004,2008년도 예산,2015-01-23,기획재정부,https://www.openfiscaldata.go.kr/op/ko/fd/UOPKOFDA02?pageIndex=1&pageSize=8&ofdBrdId=FSL1004&ofdBrdiSeq=2656&ofdBrdiDtsClsCd=502,목차,2008년도 기금운용계획,2008년도 기금운용계획(대한민국국회).pdf,FI000000000026564425,4,원문 없음: 표지를 제외한 제공 파일 다운로드,files/02_502_예산(나라살림)/2015-01-23_2656_2008년도 예산/04_목차_2008년도 기금운용계획.pdf,2668057,09802c0f03d202b59b8e966a5333b6e77b2d23da2ee94664253e8219a24f1a5b,downloaded,
502,예산(나라살림),28,2656,FSL1004,2008년도 예산,2015-01-23,기획재정부,https://www.openfiscaldata.go.kr/op/ko/fd/UOPKOFDA02?pageIndex=1&pageSize=8&ofdBrdId=FSL1004&ofdBrdiSeq=2656&ofdBrdiDtsClsCd=502,목차,2008년도 확정예산(제1회추경예산),2008년도 제1회 추가경정예산.pdf,FI000000000026564425,5,원문 없음: 표지를 제외한 제공 파일 다운로드,files/02_502_예산(나라살림)/2015-01-23_2656_2008년도 예산/05_목차_2008년도 확정예산(제1회추경예산).pdf,4661153,ba871578c6eeecaba8e1fe230428df0c7cd01033e9edd146c3c113bf0debcd42,downloaded,
502,예산(나라살림),28,2653,FSL1004,2007년도 예산,2015-01-22,기획재정부,https://www.openfiscaldata.go.kr/op/ko/fd/UOPKOFDA02?pageIndex=1&pageSize=8&ofdBrdId=FSL1004&ofdBrdiSeq=2653&ofdBrdiDtsClsCd=502,목차,2007년도 나라살림(예산),2007나라살림(예산).pdf,FI000000000026534423,1,원문 없음: 표지를 제외한 제공 파일 다운로드,files/02_502_예산(나라살림)/2015-01-22_2653_2007년도 예산/01_목차_2007년도 나라살림(예산).pdf,62725257,bb82d7c12da005c8694fb348bfec53d30b8c5153b347bf670f5ed1ecad9a544c,downloaded,
502,예산(나라살림),28,2653,FSL1004,2007년도 예산,2015-01-22,기획재정부,https://www.openfiscaldata.go.kr/op/ko/fd/UOPKOFDA02?pageIndex=1&pageSize=8&ofdBrdId=FSL1004&ofdBrdiSeq=2653&ofdBrdiDtsClsCd=502,목차,2007년도 나라살림(예산개요참고자료),2007나라살림(예산개요참고자료).pdf,FI000000000026534423,2,원문 없음: 표지를 제외한 제공 파일 다운로드,files/02_502_예산(나라살림)/2015-01-22_2653_2007년도 예산/02_목차_2007년도 나라살림(예산개요참고자료).pdf,58637402,402165381a7acbd1f15bb49cfa2c7c8099b7690270028ef790cf5ea5561d576d,downloaded,
502,예산(나라살림),28,2653,FSL1004,2007년도 예산,2015-01-22,기획재정부,https://www.openfiscaldata.go.kr/op/ko/fd/UOPKOFDA02?pageIndex=1&pageSize=8&ofdBrdId=FSL1004&ofdBrdiSeq=2653&ofdBrdiDtsClsCd=502,목차,2007년도 기금운용계획 첨부서류,2007년도 기금운용계획 첨부서류.pdf,FI000000000026534423,3,원문 없음: 표지를 제외한 제공 파일 다운로드,files/02_502_예산(나라살림)/2015-01-22_2653_2007년도 예산/03_목차_2007년도 기금운용계획 첨부서류.pdf,20672294,e7e6cffd5268623ccfd8b4ff06d8402d63ba281a50ac57bbc33e94af4c07bac6,downloaded,
502,예산(나라살림),28,2653,FSL1004,2007년도 예산,2015-01-22,기획재정부,https://www.openfiscaldata.go.kr/op/ko/fd/UOPKOFDA02?pageIndex=1&pageSize=8&ofdBrdId=FSL1004&ofdBrdiSeq=2653&ofdBrdiDtsClsCd=502,목차,2007년도 기금운용계획,2007년도 기금운용계획.pdf,FI000000000026534423,4,원문 없음: 표지를 제외한 제공 파일 다운로드,files/02_502_예산(나라살림)/2015-01-22_2653_2007년도 예산/04_목차_2007년도 기금운용계획.pdf,5262956,009f4a0d309b8780d5cad2701bfc9c4620a0ef876e98399650965926423e8ec2,downloaded,
502,예산(나라살림),28,2650,FSL1004,2006년도 예산,2015-01-21,기획재정부,https://www.openfiscaldata.go.kr/op/ko/fd/UOPKOFDA02?pageIndex=1&pageSize=8&ofdBrdId=FSL1004&ofdBrdiSeq=2650&ofdBrdiDtsClsCd=502,목차,2006년도 나라살림(예산),2006년 나라살림 예산.pdf,FI000000000026504421,1,원문 없음: 표지를 제외한 제공 파일 다운로드,files/02_502_예산(나라살림)/2015-01-21_2650_2006년도 예산/01_목차_2006년도 나라살림(예산).pdf,13360770,6cf0936a0f496b6f0864e3450d2906511f1a7f70711b9603f73f47bba8b9dafa,downloaded,
502,예산(나라살림),28,2650,FSL1004,2006년도 예산,2015-01-21,기획재정부,https://www.openfiscaldata.go.kr/op/ko/fd/UOPKOFDA02?pageIndex=1&pageSize=8&ofdBrdId=FSL1004&ofdBrdiSeq=2650&ofdBrdiDtsClsCd=502,목차,2006년도 나라살림(예산개요 참고자료),2006년 나라살림 예산개요 참고자료.pdf,FI000000000026504421,2,원문 없음: 표지를 제외한 제공 파일 다운로드,files/02_502_예산(나라살림)/2015-01-21_2650_2006년도 예산/02_목차_2006년도 나라살림(예산개요 참고자료).pdf,2792172,fab7ed9ab17ec7a1df72f1f7339dd44b9b01cdbd40982b66c07c3cf0858ce1f6,downloaded,
502,예산(나라살림),28,2647,FSL1004,2005년도 예산,2015-01-18,기획재정부,https://www.openfiscaldata.go.kr/op/ko/fd/UOPKOFDA02?pageIndex=1&pageSize=8&ofdBrdId=FSL1004&ofdBrdiSeq=2647&ofdBrdiDtsClsCd=502,목차,2005년도 나라살림(예산),2005나라살림(예산).pdf,FI000000000026474419,1,원문 없음: 표지를 제외한 제공 파일 다운로드,files/02_502_예산(나라살림)/2015-01-18_2647_2005년도 예산/01_목차_2005년도 나라살림(예산).pdf,18499274,84a3e7ad55b058809cf9b1546dca8781ef417ec6e5b5a1cb99c123c008a71b10,downloaded,
502,예산(나라살림),28,2647,FSL1004,2005년도 예산,2015-01-18,기획재정부,https://www.openfiscaldata.go.kr/op/ko/fd/UOPKOFDA02?pageIndex=1&pageSize=8&ofdBrdId=FSL1004&ofdBrdiSeq=2647&ofdBrdiDtsClsCd=502,목차,2005년도 나라살림(예산개요),2005나라살림(예산개요).pdf,FI000000000026474419,2,원문 없음: 표지를 제외한 제공 파일 다운로드,files/02_502_예산(나라살림)/2015-01-18_2647_2005년도 예산/02_목차_2005년도 나라살림(예산개요).pdf,19880351,39a343325d7adb26b730b2103513e6fed012368c7b18471365ee6b5e90cf9357,downloaded,
502,예산(나라살림),28,2644,FSL1004,2004년도 예산,2015-01-17,기획재정부,https://www.openfiscaldata.go.kr/op/ko/fd/UOPKOFDA02?pageIndex=1&pageSize=8&ofdBrdId=FSL1004&ofdBrdiSeq=2644&ofdBrdiDtsClsCd=502,목차,2004년도 나라살림(예산),2004년 나라살림 예산.pdf,FI000000000026444417,1,원문 없음: 표지를 제외한 제공 파일 다운로드,files/02_502_예산(나라살림)/2015-01-17_2644_2004년도 예산/01_목차_2004년도 나라살림(예산).pdf,5876114,d6a501ecc070ede1c82908bc0bf36605f6013630d54a87239c31bd441ad0731f,downloaded,
502,예산(나라살림),28,2644,FSL1004,2004년도 예산,2015-01-17,기획재정부,https://www.openfiscaldata.go.kr/op/ko/fd/UOPKOFDA02?pageIndex=1&pageSize=8&ofdBrdId=FSL1004&ofdBrdiSeq=2644&ofdBrdiDtsClsCd=502,목차,2004년도 나라살림(예산개요 참고자료),2004년 나라살림 예산개요 참고자료.pdf,FI000000000026444418,1,원문 없음: 표지를 제외한 제공 파일 다운로드,files/02_502_예산(나라살림)/2015-01-17_2644_2004년도 예산/02_목차_2004년도 나라살림(예산개요 참고자료).pdf,2201875,ba8761c4b3d50c9742d75060bec9c93bad94511069c0c3124c858df235a18333,downloaded,
502,예산(나라살림),28,2641,FSL1004,2003년도 예산,2015-01-15,기획재정부,https://www.openfiscaldata.go.kr/op/ko/fd/UOPKOFDA02?pageIndex=1&pageSize=8&ofdBrdId=FSL1004&ofdBrdiSeq=2641&ofdBrdiDtsClsCd=502,목차,2003년도 나라살림(1),2003년 나라살림(1).pdf,FI000000000026414415,1,원문 없음: 표지를 제외한 제공 파일 다운로드,files/02_502_예산(나라살림)/2015-01-15_2641_2003년도 예산/01_목차_2003년도 나라살림(1).pdf,404164,a02eae3f938ed8b88fd9fde77fc161a73bf6bfe9614ced73e759a1f6a4bb4630,downloaded,
502,예산(나라살림),28,2641,FSL1004,2003년도 예산,2015-01-15,기획재정부,https://www.openfiscaldata.go.kr/op/ko/fd/UOPKOFDA02?pageIndex=1&pageSize=8&ofdBrdId=FSL1004&ofdBrdiSeq=2641&ofdBrdiDtsClsCd=502,목차,2003년도 나라살림(2),2003년 나라살림(2).pdf,FI000000000026414416,1,원문 없음: 표지를 제외한 제공 파일 다운로드,files/02_502_예산(나라살림)/2015-01-15_2641_2003년도 예산/02_목차_2003년도 나라살림(2).pdf,1732281,51c6c6208ee20de0f703179f43b7bfb196641ed06cd8cf6a109610c6047016b3,downloaded,
502,예산(나라살림),28,2638,FSL1004,2002년도 예산,2015-01-14,기획재정부,https://www.openfiscaldata.go.kr/op/ko/fd/UOPKOFDA02?pageIndex=1&pageSize=8&ofdBrdId=FSL1004&ofdBrdiSeq=2638&ofdBrdiDtsClsCd=502,목차,2002년도 나라살림,2002년 나라살림.pdf,FI000000000026384412,1,원문 없음: 표지를 제외한 제공 파일 다운로드,files/02_502_예산(나라살림)/2015-01-14_2638_2002년도 예산/01_목차_2002년도 나라살림.pdf,1723639,1037bc3b60ebd9ca62a3b445ceb1474258a4fa7107d9fd837bc46c97c38b4514,downloaded,
502,예산(나라살림),28,2638,FSL1004,2002년도 예산,2015-01-14,기획재정부,https://www.openfiscaldata.go.kr/op/ko/fd/UOPKOFDA02?pageIndex=1&pageSize=8&ofdBrdId=FSL1004&ofdBrdiSeq=2638&ofdBrdiDtsClsCd=502,목차,2002년도 확정예산(예산개요),2002년 확정예산(예산개요).pdf,FI000000000026384412,2,원문 없음: 표지를 제외한 제공 파일 다운로드,files/02_502_예산(나라살림)/2015-01-14_2638_2002년도 예산/02_목차_2002년도 확정예산(예산개요).pdf,3609917,93bae7aeccc6d1e9a514b15c694ac30d3e0ee391c4aa711b602b87616f23b714,downloaded,
502,예산(나라살림),28,2638,FSL1004,2002년도 예산,2015-01-14,기획재정부,https://www.openfiscaldata.go.kr/op/ko/fd/UOPKOFDA02?pageIndex=1&pageSize=8&ofdBrdId=FSL1004&ofdBrdiSeq=2638&ofdBrdiDtsClsCd=502,목차,2002년도 확정예산(예산개요참고자료),2002년 확정예산(예산개요참고자료).pdf,FI000000000026384412,3,원문 없음: 표지를 제외한 제공 파일 다운로드,files/02_502_예산(나라살림)/2015-01-14_2638_2002년도 예산/03_목차_2002년도 확정예산(예산개요참고자료).pdf,5810175,d968d2aca26eb2e7c52ec21a71d12d1d2d7e1a9ded1003588719b074f32fb439,downloaded,
502,예산(나라살림),28,2635,FSL1004,2001년도 예산,2015-01-13,기획재정부,https://www.openfiscaldata.go.kr/op/ko/fd/UOPKOFDA02?pageIndex=1&pageSize=8&ofdBrdId=FSL1004&ofdBrdiSeq=2635&ofdBrdiDtsClsCd=502,목차,2001년도 확정예산,2001년 확정예산(예산).pdf,FI000000000026354409,1,원문 없음: 표지를 제외한 제공 파일 다운로드,files/02_502_예산(나라살림)/2015-01-13_2635_2001년도 예산/01_목차_2001년도 확정예산.pdf,23680282,b4912f28eea39181c52b05cf113d71c9cda1963d1134e27edab1ae36f6b63dc5,downloaded,
502,예산(나라살림),28,2635,FSL1004,2001년도 예산,2015-01-13,기획재정부,https://www.openfiscaldata.go.kr/op/ko/fd/UOPKOFDA02?pageIndex=1&pageSize=8&ofdBrdId=FSL1004&ofdBrdiSeq=2635&ofdBrdiDtsClsCd=502,목차,2001년도 확정예산(예산개요),2001년 확정예산(예산개요).pdf,FI000000000026354409,2,원문 없음: 표지를 제외한 제공 파일 다운로드,files/02_502_예산(나라살림)/2015-01-13_2635_2001년도 예산/02_목차_2001년도 확정예산(예산개요).pdf,12427960,7a40fe8a8bbc6c8d7a2916666898ecebb5741909808d97608b80315860361723,downloaded,
502,예산(나라살림),28,2635,FSL1004,2001년도 예산,2015-01-13,기획재정부,https://www.openfiscaldata.go.kr/op/ko/fd/UOPKOFDA02?pageIndex=1&pageSize=8&ofdBrdId=FSL1004&ofdBrdiSeq=2635&ofdBrdiDtsClsCd=502,목차,2001년도 확정예산(예산개요참고자료),2001년 확정예산(예산개요참고자료).pdf,FI000000000026354409,3,원문 없음: 표지를 제외한 제공 파일 다운로드,files/02_502_예산(나라살림)/2015-01-13_2635_2001년도 예산/03_목차_2001년도 확정예산(예산개요참고자료).pdf,17682530,365074c035ed04d11a3b74a68e46ac34254dca32f9f25a745baccf46842e41a4,downloaded,
502,예산(나라살림),28,2635,FSL1004,2001년도 예산,2015-01-13,기획재정부,https://www.openfiscaldata.go.kr/op/ko/fd/UOPKOFDA02?pageIndex=1&pageSize=8&ofdBrdId=FSL1004&ofdBrdiSeq=2635&ofdBrdiDtsClsCd=502,목차,2001년도 나라살림,2001년도 나라살림.pdf,FI000000000026354409,4,원문 없음: 표지를 제외한 제공 파일 다운로드,files/02_502_예산(나라살림)/2015-01-13_2635_2001년도 예산/04_목차_2001년도 나라살림.pdf,5084343,c1a5519dd598f265c810c66430bc96be46f380e2d402236a7b2c2df5802b3d9b,downloaded,
504,주요재정통계,30,51743,FSL1004,2026 주요 재정통계 Ⅰ권,2026-04-30,한국재정정보원,https://www.openfiscaldata.go.kr/op/ko/fd/UOPKOFDA02?pageIndex=1&pageSize=8&ofdBrdId=FSL1004&ofdBrdiSeq=51743&ofdBrdiDtsClsCd=504,원문,2026 주요 재정통계 1권,2026 주요 재정통계 1권.pdf,F0000000000000004786,1,원문 우선(목차 파일 제외),files/03_504_주요재정통계/2026-04-30_51743_2026 주요 재정통계 Ⅰ권.pdf,10902087,e9cde60396b4e35878dea558ca8eae5333389c8bac2896d34c608ca5d3b38f86,downloaded,
504,주요재정통계,30,51744,FSL1004,2026 주요 재정통계 Ⅱ권,2026-04-30,한국재정정보원,https://www.openfiscaldata.go.kr/op/ko/fd/UOPKOFDA02?pageIndex=1&pageSize=8&ofdBrdId=FSL1004&ofdBrdiSeq=51744&ofdBrdiDtsClsCd=504,원문,2026 주요 재정통계 2권,2026 주요 재정통계 2권.pdf,F0000000000000004787,1,원문 우선(목차 파일 제외),files/03_504_주요재정통계/2026-04-30_51744_2026 주요 재정통계 Ⅱ권.pdf,7939649,0d6380ac79ec5acfee5ae2b4d52cf1f646b262a1c49daf469a2fcf6d3f2b64c4,downloaded,
504,주요재정통계,30,51675,FSL1004,2025 주요 재정통계 Ⅰ권,2025-04-30,한국재정정보원,https://www.openfiscaldata.go.kr/op/ko/fd/UOPKOFDA02?pageIndex=1&pageSize=8&ofdBrdId=FSL1004&ofdBrdiSeq=51675&ofdBrdiDtsClsCd=504,원문,2025 주요 재정통계 1권,2025 주요 재정통계 1권.pdf,F0000000000000004497,15,원문 우선(목차 파일 제외),files/03_504_주요재정통계/2025-04-30_51675_2025 주요 재정통계 Ⅰ권.pdf,11925543,e86cd46d84e853179125a0c3c5cb39a3d3b477ce5cffd86708798a015079fa08,downloaded,
504,주요재정통계,30,51676,FSL1004,2025 주요 재정통계 Ⅱ권,2025-04-30,한국재정정보원,https://www.openfiscaldata.go.kr/op/ko/fd/UOPKOFDA02?pageIndex=1&pageSize=8&ofdBrdId=FSL1004&ofdBrdiSeq=51676&ofdBrdiDtsClsCd=504,원문,2025 주요 재정통계 2권,2025 주요 재정통계 2권.pdf,F0000000000000004498,10,원문 우선(목차 파일 제외),files/03_504_주요재정통계/2025-04-30_51676_2025 주요 재정통계 Ⅱ권.pdf,11632322,92f615553361c6f71e185b6104222e806d4dc5a5dddd951b03b4d32937be5581,downloaded,
504,주요재정통계,30,51660,FSL1004,2024 주요 재정통계 Ⅰ권,2024-04-30,한국재정정보원,https://www.openfiscaldata.go.kr/op/ko/fd/UOPKOFDA02?pageIndex=1&pageSize=8&ofdBrdId=FSL1004&ofdBrdiSeq=51660&ofdBrdiDtsClsCd=504,원문,2024 주요 재정통계 1권,2024 주요 재정통계 1권.pdf,F0000000000000004412,25,원문 우선(목차 파일 제외),files/03_504_주요재정통계/2024-04-30_51660_2024 주요 재정통계 Ⅰ권.pdf,12600094,6422e7ec148dcb8d681ada2baa75598a3d3bb7f72d0c50e01864be2e187b6284,downloaded,
504,주요재정통계,30,51661,FSL1004,2024 주요 재정통계 Ⅱ권,2024-04-30,한국재정정보원,https://www.openfiscaldata.go.kr/op/ko/fd/UOPKOFDA02?pageIndex=1&pageSize=8&ofdBrdId=FSL1004&ofdBrdiSeq=51661&ofdBrdiDtsClsCd=504,원문,2024 주요 재정통계 2권,2024 주요 재정통계 2권.pdf,F0000000000000004413,5,원문 우선(목차 파일 제외),files/03_504_주요재정통계/2024-04-30_51661_2024 주요 재정통계 Ⅱ권.pdf,8422731,1dbc00f446ae12a2bf113733c18d5cd133a5b628c3afb17a8efa6f8924392713,downloaded,
504,주요재정통계,30,51551,FSL1004,2023 주요 재정통계,2023-04-25,한국재정정보원,https://www.openfiscaldata.go.kr/op/ko/fd/UOPKOFDA02?pageIndex=1&pageSize=8&ofdBrdId=FSL1004&ofdBrdiSeq=51551&ofdBrdiDtsClsCd=504,원문,2023 주요 재정통계,2023 주요 재정통계.pdf,F0000000000000004029,2,원문 우선(목차 파일 제외),files/03_504_주요재정통계/2023-04-25_51551_2023 주요 재정통계.pdf,24607325,2ff2677359774f9d45e32ad496f969105df6432be0c7807b41e8cd25f61658d3,downloaded,
504,주요재정통계,30,51481,FSL1004,2022 주요 재정통계,2022-04-08,한국재정정보원,https://www.openfiscaldata.go.kr/op/ko/fd/UOPKOFDA02?pageIndex=1&pageSize=8&ofdBrdId=FSL1004&ofdBrdiSeq=51481&ofdBrdiDtsClsCd=504,원문,2022 주요 재정통계,2022 주요 재정통계.pdf,F0000000000000003769,1,원문 우선(목차 파일 제외),files/03_504_주요재정통계/2022-04-08_51481_2022 주요 재정통계.pdf,18252889,d09ff50513be6b22b36955c8cc81ced2889f98fb87f8af9e0430b1e5a7488130,downloaded,
504,주요재정통계,30,51447,FSL1004,2021 주요 재정통계,2021-04-21,한국재정정보원,https://www.openfiscaldata.go.kr/op/ko/fd/UOPKOFDA02?pageIndex=1&pageSize=8&ofdBrdId=FSL1004&ofdBrdiSeq=51447&ofdBrdiDtsClsCd=504,원문,2021 주요 재정통계 (1),2021 주요 재정통계 (1).pdf,F0000000000000003211,1,원문 우선(목차 파일 제외),files/03_504_주요재정통계/2021-04-21_51447_2021 주요 재정통계.pdf,14289099,9efe89df543990d5af4844a801c3b6ad39bde43a73937c4ecf3944f9c69ca993,downloaded,
504,주요재정통계,30,51448,FSL1004,2020 주요 재정통계,2020-03-12,한국재정정보원,https://www.openfiscaldata.go.kr/op/ko/fd/UOPKOFDA02?pageIndex=1&pageSize=8&ofdBrdId=FSL1004&ofdBrdiSeq=51448&ofdBrdiDtsClsCd=504,원문,2020 주요재정통계,2020 주요재정통계.pdf,F0000000000000003212,1,원문 우선(목차 파일 제외),files/03_504_주요재정통계/2020-03-12_51448_2020 주요 재정통계.pdf,11059284,1a0f7dd0331617d8bbedfae3b6bd1b66d3a4def8c32bdbf75529a791feff22aa,downloaded,
504,주요재정통계,30,51449,FSL1004,2019 주요 재정통계,2019-03-25,한국재정정보원,https://www.openfiscaldata.go.kr/op/ko/fd/UOPKOFDA02?pageIndex=1&pageSize=8&ofdBrdId=FSL1004&ofdBrdiSeq=51449&ofdBrdiDtsClsCd=504,원문,2019 주요재정 통계 자료집,2019 주요재정 통계 자료집.pdf,F0000000000000003213,1,원문 우선(목차 파일 제외),files/03_504_주요재정통계/2019-03-25_51449_2019 주요 재정통계.pdf,19990744,d683d5b42d7594632d3c464e17d229ceb5cf6fc8611a3a97e2bbb2fb9996ac08,downloaded,
504,주요재정통계,30,51450,FSL1004,2018 주요 재정통계,2018-12-12,한국재정정보원,https://www.openfiscaldata.go.kr/op/ko/fd/UOPKOFDA02?pageIndex=1&pageSize=8&ofdBrdId=FSL1004&ofdBrdiSeq=51450&ofdBrdiDtsClsCd=504,원문,2019 주요재정 통계 자료집,2019 주요재정 통계 자료집.pdf,F0000000000000003214,1,원문 우선(목차 파일 제외),files/03_504_주요재정통계/2018-12-12_51450_2018 주요 재정통계.pdf,19990744,d683d5b42d7594632d3c464e17d229ceb5cf6fc8611a3a97e2bbb2fb9996ac08,downloaded,
505,회계·기금운용구조,31,51733,FSL1004,2026 회계/기금 운용구조,2026-04-02,한국재정정보원,https://www.openfiscaldata.go.kr/op/ko/fd/UOPKOFDA02?pageIndex=1&pageSize=8&ofdBrdId=FSL1004&ofdBrdiSeq=51733&ofdBrdiDtsClsCd=505,원문,2026 회계·기금 운용 구조,2026 회계·기금 운용 구조.pdf,F0000000000000004741,1,원문 우선(목차 파일 제외),files/04_505_회계·기금운용구조/2026-04-02_51733_2026 회계_기금 운용구조.pdf,21434312,41d431ed4d27f0aaa10f1c2953511bb3aebc381278bbdce7773318e31f11ed96,downloaded,
505,회계·기금운용구조,31,51734,FSL1004,「2026 회계·기금 운용 구조」 온라인 흐름도,2026-04-02,한국재정정보원,https://www.openfiscaldata.go.kr/op/ko/fd/UOPKOFDA02?pageIndex=1&pageSize=8&ofdBrdId=FSL1004&ofdBrdiSeq=51734&ofdBrdiDtsClsCd=505,원문,[별첨] 2026 회계·기금간 내부거래(재정흐름도),[별첨] 2026 회계·기금간 내부거래(재정흐름도).pdf,F0000000000000004742,2,원문 우선(목차 파일 제외),files/04_505_회계·기금운용구조/2026-04-02_51734_「2026 회계·기금 운용 구조」 온라인 흐름도.pdf,3127567,4d9a5e3eaef6647bbae23a7996ef42734e29c677c6e56ac53a100590079a2f37,downloaded,
505,회계·기금운용구조,31,51674,FSL1004,「2025 회계·기금 운용 구조」 온라인 흐름도,2025-05-08,한국재정정보원,https://www.openfiscaldata.go.kr/op/ko/fd/UOPKOFDA02?pageIndex=1&pageSize=8&ofdBrdId=FSL1004&ofdBrdiSeq=51674&ofdBrdiDtsClsCd=505,원문,[별첨] 2025 회계·기금 운용 구조_재정흐름도,[별첨] 2025 회계·기금 운용 구조_재정흐름도.pdf,F0000000000000004494,2,원문 우선(목차 파일 제외),files/04_505_회계·기금운용구조/2025-05-08_51674_「2025 회계·기금 운용 구조」 온라인 흐름도.pdf,704721,305b5fce2e819493db433f8963bbf17df7b8f594c027e2afc9cdecde11d6493f,downloaded,
505,회계·기금운용구조,31,51673,FSL1004,2025 회계/기금 운용구조,2025-05-07,한국재정정보원,https://www.openfiscaldata.go.kr/op/ko/fd/UOPKOFDA02?pageIndex=1&pageSize=8&ofdBrdId=FSL1004&ofdBrdiSeq=51673&ofdBrdiDtsClsCd=505,원문,2025 회계·기금 운용 구조,2025 회계·기금 운용 구조.pdf,F0000000000000004493,1,원문 우선(목차 파일 제외),files/04_505_회계·기금운용구조/2025-05-07_51673_2025 회계_기금 운용구조.pdf,10142230,7041feb83fa11d499a244e24ad182ec78e672532b220339844be486d6422667f,downloaded,
505,회계·기금운용구조,31,51618,FSL1004,「2024 회계·기금 운용 구조」 온라인 흐름도,2024-05-17,한국재정정보원,https://www.openfiscaldata.go.kr/op/ko/fd/UOPKOFDA02?pageIndex=1&pageSize=8&ofdBrdId=FSL1004&ofdBrdiSeq=51618&ofdBrdiDtsClsCd=505,,,,,0,원문 없음: 표지를 제외한 제공 파일 다운로드,,0,,no_downloadable_file,첨부 파일 없음
505,회계·기금운용구조,31,51622,FSL1004,2024 회계/기금 운용구조,2024-03-31,한국재정정보원,https://www.openfiscaldata.go.kr/op/ko/fd/UOPKOFDA02?pageIndex=1&pageSize=8&ofdBrdId=FSL1004&ofdBrdiSeq=51622&ofdBrdiDtsClsCd=505,원문,2024 회계·기금 운용 구조,2024 회계·기금 운용 구조.pdf,F0000000000000004257,1,원문 우선(목차 파일 제외),files/04_505_회계·기금운용구조/2024-03-31_51622_2024 회계_기금 운용구조.pdf,6236605,b36923351cea838688d0ce5e2c07374fcb9393329a395adc51f09f63ee45fdb5,downloaded,
505,회계·기금운용구조,31,51564,FSL1004,「2023 회계·기금 운용 구조」 온라인 흐름도,2023-06-19,한국재정정보원,https://www.openfiscaldata.go.kr/op/ko/fd/UOPKOFDA02?pageIndex=1&pageSize=8&ofdBrdId=FSL1004&ofdBrdiSeq=51564&ofdBrdiDtsClsCd=505,,,,,0,원문 없음: 표지를 제외한 제공 파일 다운로드,,0,,no_downloadable_file,첨부 파일 없음
505,회계·기금운용구조,31,51550,FSL1004,2023 회계/기금 운용구조,2023-04-07,한국재정정보원,https://www.openfiscaldata.go.kr/op/ko/fd/UOPKOFDA02?pageIndex=1&pageSize=8&ofdBrdId=FSL1004&ofdBrdiSeq=51550&ofdBrdiDtsClsCd=505,원문,2023 회계·기금 운용 구조,2023 회계·기금 운용 구조.pdf,F0000000000000004025,1,원문 우선(목차 파일 제외),files/04_505_회계·기금운용구조/2023-04-07_51550_2023 회계_기금 운용구조.pdf,59934821,636d2922e77a1319b60b4dbdcf58accca2baa134cd7e42c1b02bf5510e758d25,downloaded,
505,회계·기금운용구조,31,51480,FSL1004,2022 회계/기금 운용구조,2022-04-01,한국재정정보원,https://www.openfiscaldata.go.kr/op/ko/fd/UOPKOFDA02?pageIndex=1&pageSize=8&ofdBrdId=FSL1004&ofdBrdiSeq=51480&ofdBrdiDtsClsCd=505,원문,2022회계기금운용구조,2022회계기금운용구조.pdf,F0000000000000003767,1,원문 우선(목차 파일 제외),files/04_505_회계·기금운용구조/2022-04-01_51480_2022 회계_기금 운용구조.pdf,1093658,0524e24c16cba3f6b7b3c7abeb2e550bee3f4b9b1db9f415a77d06c308f028cc,downloaded,
505,회계·기금운용구조,31,51452,FSL1004,2021 회계/기금 운용구조,2021-04-21,한국재정정보원,https://www.openfiscaldata.go.kr/op/ko/fd/UOPKOFDA02?pageIndex=1&pageSize=8&ofdBrdId=FSL1004&ofdBrdiSeq=51452&ofdBrdiDtsClsCd=505,원문,2021 회계기금 운용 구조,2021 회계기금 운용 구조.pdf,F0000000000000003217,2,원문 우선(목차 파일 제외),files/04_505_회계·기금운용구조/2021-04-21_51452_2021 회계_기금 운용구조.pdf,3248743,f4f3e4601538f37166c7e5ed93092d416f9c8f7c598f94f4b1d7a6e5360564e2,downloaded,
505,회계·기금운용구조,31,51453,FSL1004,2020 회계/기금 운용구조,2020-04-03,한국재정정보원,https://www.openfiscaldata.go.kr/op/ko/fd/UOPKOFDA02?pageIndex=1&pageSize=8&ofdBrdId=FSL1004&ofdBrdiSeq=51453&ofdBrdiDtsClsCd=505,원문,2020_회계기금운용구조,2020_회계기금운용구조.pdf,F0000000000000003218,2,원문 우선(목차 파일 제외),files/04_505_회계·기금운용구조/2020-04-03_51453_2020 회계_기금 운용구조.pdf,12468298,1de1e533787fd27eb552ecf3fb7bac21058ea5f173f66c003c0539f72c06211e,downloaded,
505,회계·기금운용구조,31,51454,FSL1004,2019 회계/기금 운용구조,2019-03-22,한국재정정보원,https://www.openfiscaldata.go.kr/op/ko/fd/UOPKOFDA02?pageIndex=1&pageSize=8&ofdBrdId=FSL1004&ofdBrdiSeq=51454&ofdBrdiDtsClsCd=505,원문,2019회계기금운용구조,2019회계기금운용구조.pdf,F0000000000000003219,2,원문 우선(목차 파일 제외),files/04_505_회계·기금운용구조/2019-03-22_51454_2019 회계_기금 운용구조.pdf,1819042,c33abde153069b848ecf620d346478a01b8452c3ad421b01e909c8c633341e9d,downloaded,
505,회계·기금운용구조,31,51455,FSL1004,2018 회계/기금 운용구조,2018-12-12,한국재정정보원,https://www.openfiscaldata.go.kr/op/ko/fd/UOPKOFDA02?pageIndex=1&pageSize=8&ofdBrdId=FSL1004&ofdBrdiSeq=51455&ofdBrdiDtsClsCd=505,원문,2018 회계・기금 운용 구조,2018 회계・기금 운용 구조.pdf,F0000000000000003220,2,원문 우선(목차 파일 제외),files/04_505_회계·기금운용구조/2018-12-12_51455_2018 회계_기금 운용구조.pdf,771870,608558be8e878fe2388d8c4006c26d7805ceb07c8c9bb2eff48b897ceeb2ba45,downloaded,
507,해외재정동향,32,51754,FSL1004,[2026] 해외재정동향 5월,2026-06-16,조세재정연구원,https://www.openfiscaldata.go.kr/op/ko/fd/UOPKOFDA02?pageIndex=1&pageSize=8&ofdBrdId=FSL1004&ofdBrdiSeq=51754&ofdBrdiDtsClsCd=507,원문,재정동향 2026년 5월호_KIPF 재정지출분석센터,재정동향 2026년 5월호_KIPF 재정지출분석센터.pdf,F0000000000000004814,1,원문 우선(목차 파일 제외),files/05_507_해외재정동향/2026-06-16_51754_[2026] 해외재정동향 5월.pdf,70826316,062761754293457e8451a406bcfd855053f3d1feb1b13b186473bada28a93a93,downloaded,
507,해외재정동향,32,51746,FSL1004,[2026] 해외재정동향 4월,2026-05-26,조세재정연구원,https://www.openfiscaldata.go.kr/op/ko/fd/UOPKOFDA02?pageIndex=1&pageSize=8&ofdBrdId=FSL1004&ofdBrdiSeq=51746&ofdBrdiDtsClsCd=507,원문,재정동향 2026년 4월호_KIPF 재정지출분석센터_,재정동향 2026년 4월호_KIPF 재정지출분석센터_.pdf,F0000000000000004796,5,원문 우선(목차 파일 제외),files/05_507_해외재정동향/2026-05-26_51746_[2026] 해외재정동향 4월.pdf,74873432,ca1bade63d65e400b69783b10448c9e71b92730b2cd5bfc6e3cd1b845e0d5a35,downloaded,
507,해외재정동향,32,51740,FSL1004,[2026] 해외재정동향 3월,2026-04-16,조세재정연구원,https://www.openfiscaldata.go.kr/op/ko/fd/UOPKOFDA02?pageIndex=1&pageSize=8&ofdBrdId=FSL1004&ofdBrdiSeq=51740&ofdBrdiDtsClsCd=507,원문,재정동향 2026년 3월호_KIPF 재정지출분석센터,재정동향 2026년 3월호_KIPF 재정지출분석센터.pdf,F0000000000000004753,1,원문 우선(목차 파일 제외),files/05_507_해외재정동향/2026-04-16_51740_[2026] 해외재정동향 3월.pdf,72773403,068dba9b1eb5266aa508034080d578ebb602fddec78f269a3dc10aeb75d35bea,downloaded,
507,해외재정동향,32,51730,FSL1004,[2026] 해외재정동향 2월,2026-03-17,조세재정연구원,https://www.openfiscaldata.go.kr/op/ko/fd/UOPKOFDA02?pageIndex=1&pageSize=8&ofdBrdId=FSL1004&ofdBrdiSeq=51730&ofdBrdiDtsClsCd=507,원문,해외 재정동향 2026년 2월호,해외 재정동향 2026년 2월호.pdf,F0000000000000004735,1,원문 우선(목차 파일 제외),files/05_507_해외재정동향/2026-03-17_51730_[2026] 해외재정동향 2월.pdf,81767371,dfdf164542c72c6dc5dc6693ac9ecb81207271454d91729f03b446f6150a2c6a,downloaded,
507,해외재정동향,32,51727,FSL1004,[2026] 해외재정동향 1월,2026-02-25,조세재정연구원,https://www.openfiscaldata.go.kr/op/ko/fd/UOPKOFDA02?pageIndex=1&pageSize=8&ofdBrdId=FSL1004&ofdBrdiSeq=51727&ofdBrdiDtsClsCd=507,원문,해외 재정동향 2026년 1월호,해외 재정동향 2026년 1월호.pdf,F0000000000000004732,1,원문 우선(목차 파일 제외),files/05_507_해외재정동향/2026-02-25_51727_[2026] 해외재정동향 1월.pdf,63152202,b1cd6bfa3226b7062c36f32fec43f19905d0ff253a715365ca7e82a5f33d67e9,downloaded,
507,해외재정동향,32,51723,FSL1004,[2025] 해외재정동향 12월,2026-01-20,조세재정연구원,https://www.openfiscaldata.go.kr/op/ko/fd/UOPKOFDA02?pageIndex=1&pageSize=8&ofdBrdId=FSL1004&ofdBrdiSeq=51723&ofdBrdiDtsClsCd=507,원문,해외 재정동향_2025.12월호,해외 재정동향_2025.12월호.pdf,F0000000000000004713,1,원문 우선(목차 파일 제외),files/05_507_해외재정동향/2026-01-20_51723_[2025] 해외재정동향 12월.pdf,74275219,2343cc41fe676c2adbbaa4b96ee60e1e88e34c41c042e2758a3b1d1cfceef9c7,downloaded,
507,해외재정동향,32,51710,FSL1004,[2025] 해외재정동향 11월호,2025-12-09,조세재정연구원,https://www.openfiscaldata.go.kr/op/ko/fd/UOPKOFDA02?pageIndex=1&pageSize=8&ofdBrdId=FSL1004&ofdBrdiSeq=51710&ofdBrdiDtsClsCd=507,원문,월간 해외재정동향_2025.11,월간 해외재정동향_2025.11.pdf,F0000000000000004675,1,원문 우선(목차 파일 제외),files/05_507_해외재정동향/2025-12-09_51710_[2025] 해외재정동향 11월호.pdf,91594180,2da7b8fe7d54abdb999d08d653ea78121c4d1233b81a29221c9ebdaa9a35e857,downloaded,
507,해외재정동향,32,51704,FSL1004,[2025] 해외재정동향 10월호,2025-11-12,조세재정연구원,https://www.openfiscaldata.go.kr/op/ko/fd/UOPKOFDA02?pageIndex=1&pageSize=8&ofdBrdId=FSL1004&ofdBrdiSeq=51704&ofdBrdiDtsClsCd=507,원문,월간 해외재정동향_2025.10월호,월간 해외재정동향_2025.10월호.pdf,F0000000000000004611,1,원문 우선(목차 파일 제외),files/05_507_해외재정동향/2025-11-12_51704_[2025] 해외재정동향 10월호.pdf,87764676,b83f7c8b692dbd5b552d277ebcefc45f63deafdb5ad7f9e4e2a04c7e625f8494,downloaded,
507,해외재정동향,32,51700,FSL1004,[2025] 해외재정동향 9월호,2025-10-02,조세재정연구원,https://www.openfiscaldata.go.kr/op/ko/fd/UOPKOFDA02?pageIndex=1&pageSize=8&ofdBrdId=FSL1004&ofdBrdiSeq=51700&ofdBrdiDtsClsCd=507,원문,월간 해외재정동향_2025.9월호,월간 해외재정동향_2025.9월호.pdf,F0000000000000004565,1,원문 우선(목차 파일 제외),files/05_507_해외재정동향/2025-10-02_51700_[2025] 해외재정동향 9월호.pdf,81600659,633a30aa6e11d7f93d24be905cefe097db35ea7882fa85d7ba68f892df653356,downloaded,
507,해외재정동향,32,51698,FSL1004,[2025] 해외재정동향 8월호,2025-09-24,조세재정연구원,https://www.openfiscaldata.go.kr/op/ko/fd/UOPKOFDA02?pageIndex=1&pageSize=8&ofdBrdId=FSL1004&ofdBrdiSeq=51698&ofdBrdiDtsClsCd=507,원문,월간 해외 재정동향_2025.08월호,월간 해외 재정동향_2025.08월호.pdf,F0000000000000004554,1,원문 우선(목차 파일 제외),files/05_507_해외재정동향/2025-09-24_51698_[2025] 해외재정동향 8월호.pdf,49573259,3df94dde408656fe45bc4515fb3a87abbd3deb7d60bab64ae15dad7da8a07ae5,downloaded,
507,해외재정동향,32,51693,FSL1004,[2025] 해외재정동향 7월호,2025-08-08,조세재정연구원,https://www.openfiscaldata.go.kr/op/ko/fd/UOPKOFDA02?pageIndex=1&pageSize=8&ofdBrdId=FSL1004&ofdBrdiSeq=51693&ofdBrdiDtsClsCd=507,원문,국제기구 및 주요국 재정동향_2025. 07월호,국제기구 및 주요국 재정동향_2025. 07월호.pdf,F0000000000000004544,1,원문 우선(목차 파일 제외),files/05_507_해외재정동향/2025-08-08_51693_[2025] 해외재정동향 7월호.pdf,95818379,fab8b31ba37c3e26a85456c04df08e1af5b2d7164937a013be4d76e683c55635,downloaded,
507,해외재정동향,32,51689,FSL1004,[2025] 해외재정동향 6월호,2025-07-04,조세재정연구원,https://www.openfiscaldata.go.kr/op/ko/fd/UOPKOFDA02?pageIndex=1&pageSize=8&ofdBrdId=FSL1004&ofdBrdiSeq=51689&ofdBrdiDtsClsCd=507,원문,월간 해외 재정동향 2025년 6월호,월간 해외 재정동향 2025년 6월호.pdf,F0000000000000004532,1,원문 우선(목차 파일 제외),files/05_507_해외재정동향/2025-07-04_51689_[2025] 해외재정동향 6월호.pdf,85245158,6c14e58362db8191393326636031f3ec71ca6aef0e2f0f21231f70d70c788d00,downloaded,
507,해외재정동향,32,51685,FSL1004,[2025] 해외재정동향 5월호,2025-06-10,조세재정연구원,https://www.openfiscaldata.go.kr/op/ko/fd/UOPKOFDA02?pageIndex=1&pageSize=8&ofdBrdId=FSL1004&ofdBrdiSeq=51685&ofdBrdiDtsClsCd=507,원문,월간 해외 재정동향_ 2025. 05월호,월간 해외 재정동향_ 2025. 05월호.pdf,F0000000000000004519,1,원문 우선(목차 파일 제외),files/05_507_해외재정동향/2025-06-10_51685_[2025] 해외재정동향 5월호.pdf,73650676,fc9c00ab58f3ee885e58545fb02d60918f04bb85abb35a7bdab97477a8f1b1e9,downloaded,
507,해외재정동향,32,51680,FSL1004,[2025] 해외재정동향 4월호,2025-05-12,조세재정연구원,https://www.openfiscaldata.go.kr/op/ko/fd/UOPKOFDA02?pageIndex=1&pageSize=8&ofdBrdId=FSL1004&ofdBrdiSeq=51680&ofdBrdiDtsClsCd=507,원문,2025년 4월호 해외재정동향,2025년 4월호 해외재정동향.pdf,F0000000000000004509,1,원문 우선(목차 파일 제외),files/05_507_해외재정동향/2025-05-12_51680_[2025] 해외재정동향 4월호.pdf,103491455,124239ae792c9cd1f9cf57f5fed22dd6ae8c255211bcd27a4e210c519b5a27b9,downloaded,
507,해외재정동향,32,51670,FSL1004,[2025] 해외재정동향 3월호,2025-04-03,조세재정연구원,https://www.openfiscaldata.go.kr/op/ko/fd/UOPKOFDA02?pageIndex=1&pageSize=8&ofdBrdId=FSL1004&ofdBrdiSeq=51670&ofdBrdiDtsClsCd=507,원문,해외재정동향,해외재정동향.pdf,F0000000000000004476,1,원문 우선(목차 파일 제외),files/05_507_해외재정동향/2025-04-03_51670_[2025] 해외재정동향 3월호.pdf,89462939,4415f289628299f4a0dd8f3a7a077651c2b93f3c583664f7ac35e3219aaefdba,downloaded,
507,해외재정동향,32,51667,FSL1004,[2025] 해외재정동향 2월호,2025-03-10,조세재정연구원,https://www.openfiscaldata.go.kr/op/ko/fd/UOPKOFDA02?pageIndex=1&pageSize=8&ofdBrdId=FSL1004&ofdBrdiSeq=51667&ofdBrdiDtsClsCd=507,원문,재정동향 2025년 2월호_KIPF 재정지출분석센터,재정동향 2025년 2월호_KIPF 재정지출분석센터.pdf,F0000000000000004463,1,원문 우선(목차 파일 제외),files/05_507_해외재정동향/2025-03-10_51667_[2025] 해외재정동향 2월호.pdf,83140080,15447e9e605d77ddd6f618de82365425b0431a241e3c887031cb50ceb8bae404,downloaded,
507,해외재정동향,32,51666,FSL1004,[2025] 해외재정동향 1월호,2025-02-10,조세재정연구원,https://www.openfiscaldata.go.kr/op/ko/fd/UOPKOFDA02?pageIndex=1&pageSize=8&ofdBrdId=FSL1004&ofdBrdiSeq=51666&ofdBrdiDtsClsCd=507,원문,재정동향 2025년 1월호_KIPF 재정지출분석센터,재정동향 2025년 1월호_KIPF 재정지출분석센터.pdf,F0000000000000004462,1,원문 우선(목차 파일 제외),files/05_507_해외재정동향/2025-02-10_51666_[2025] 해외재정동향 1월호.pdf,75575689,12c63bbcbf677dc70641ef76df4f9aac89eb4e45baec6eed9ce73d0d9ea915f4,downloaded,
507,해외재정동향,32,51655,FSL1004,[2024] 해외재정동향 12월호,2024-12-31,조세재정연구원,https://www.openfiscaldata.go.kr/op/ko/fd/UOPKOFDA02?pageIndex=1&pageSize=8&ofdBrdId=FSL1004&ofdBrdiSeq=51655&ofdBrdiDtsClsCd=507,원문,해외재정동향,해외재정동향.pdf,F0000000000000004392,1,원문 우선(목차 파일 제외),files/05_507_해외재정동향/2024-12-31_51655_[2024] 해외재정동향 12월호.pdf,84223022,7733595e0093bed315fa69d813f13bb3521c6d76f4654ec9263d1093972429d0,downloaded,
507,해외재정동향,32,51650,FSL1004,[2024] 해외재정동향 11월호,2024-12-06,조세재정연구원,https://www.openfiscaldata.go.kr/op/ko/fd/UOPKOFDA02?pageIndex=1&pageSize=8&ofdBrdId=FSL1004&ofdBrdiSeq=51650&ofdBrdiDtsClsCd=507,원문,재정동향 11월호_KIPF 재정지출분석센터,재정동향 11월호_KIPF 재정지출분석센터.pdf,F0000000000000004376,1,원문 우선(목차 파일 제외),files/05_507_해외재정동향/2024-12-06_51650_[2024] 해외재정동향 11월호.pdf,93272176,68145b3d0bd159fb4bda671be84ab63b587b20cfeccce667b872448cfff2054f,downloaded,
507,해외재정동향,32,51646,FSL1004,[2024] 해외재정동향 10월호,2024-11-08,조세재정연구원,https://www.openfiscaldata.go.kr/op/ko/fd/UOPKOFDA02?pageIndex=1&pageSize=8&ofdBrdId=FSL1004&ofdBrdiSeq=51646&ofdBrdiDtsClsCd=507,원문,재정동향 10월호_KIPF 재정지출분석센터,재정동향 10월호_KIPF 재정지출분석센터.pdf,F0000000000000004351,1,원문 우선(목차 파일 제외),files/05_507_해외재정동향/2024-11-08_51646_[2024] 해외재정동향 10월호.pdf,86188011,d14dfd5331ed4b0793ce7fd0c5cb974ea228aff9bbb9ee4f3a2f7cde555523c8,downloaded,
507,해외재정동향,32,51642,FSL1004,[2024] 해외재정동향 9월호,2024-10-08,조세재정연구원,https://www.openfiscaldata.go.kr/op/ko/fd/UOPKOFDA02?pageIndex=1&pageSize=8&ofdBrdId=FSL1004&ofdBrdiSeq=51642&ofdBrdiDtsClsCd=507,원문,재정동향 9월호_KIPF 재정지출분석센터,재정동향 9월호_KIPF 재정지출분석센터.pdf,F0000000000000004331,1,원문 우선(목차 파일 제외),files/05_507_해외재정동향/2024-10-08_51642_[2024] 해외재정동향 9월호.pdf,77538407,70b2175eac3da67fcfad1485592cf115374fd796ef39ac79fb3c4292a3707dac,downloaded,
507,해외재정동향,32,51638,FSL1004,[2024] 해외재정동향 8월호,2024-09-02,조세재정연구원,https://www.openfiscaldata.go.kr/op/ko/fd/UOPKOFDA02?pageIndex=1&pageSize=8&ofdBrdId=FSL1004&ofdBrdiSeq=51638&ofdBrdiDtsClsCd=507,원문,재정동향 8월호_KIPF 재정지출분석센터,재정동향 8월호_KIPF 재정지출분석센터.pdf,F0000000000000004304,1,원문 우선(목차 파일 제외),files/05_507_해외재정동향/2024-09-02_51638_[2024] 해외재정동향 8월호.pdf,60850272,943bcbeb08deb79b5dbcc5ccd354eb4eb1f3c3d0bf8e871fd70312e13722652b,downloaded,
507,해외재정동향,32,51631,FSL1004,[2024] 해외재정동향 7월호,2024-08-09,조세재정연구원,https://www.openfiscaldata.go.kr/op/ko/fd/UOPKOFDA02?pageIndex=1&pageSize=8&ofdBrdId=FSL1004&ofdBrdiSeq=51631&ofdBrdiDtsClsCd=507,원문,재정동향 7월호_KIPF 재정지출분석센터,재정동향 7월호_KIPF 재정지출분석센터.pdf,F0000000000000004293,5,원문 우선(목차 파일 제외),files/05_507_해외재정동향/2024-08-09_51631_[2024] 해외재정동향 7월호.pdf,75903019,87608c258881a20300fcb8dc10af96b79d66ccbe285ebfcf672e249712a89f9c,downloaded,
507,해외재정동향,32,51629,FSL1004,[2024] 해외재정동향 6월호,2024-05-13,조세재정연구원,https://www.openfiscaldata.go.kr/op/ko/fd/UOPKOFDA02?pageIndex=1&pageSize=8&ofdBrdId=FSL1004&ofdBrdiSeq=51629&ofdBrdiDtsClsCd=507,원문,재정동향 2024년 6월호_KIPF 재정지출분석센터,재정동향 2024년 6월호_KIPF 재정지출분석센터.pdf,F0000000000000004289,1,원문 우선(목차 파일 제외),files/05_507_해외재정동향/2024-05-13_51629_[2024] 해외재정동향 6월호.pdf,45918844,cb1e46e06b79cbfcaeb2334aca5d4acc8bf3bad440c7d465bb7d5f0aa96211cd,downloaded,
507,해외재정동향,32,51624,FSL1004,[2024] 해외재정동향 5월호,2024-05-13,조세재정연구원,https://www.openfiscaldata.go.kr/op/ko/fd/UOPKOFDA02?pageIndex=1&pageSize=8&ofdBrdId=FSL1004&ofdBrdiSeq=51624&ofdBrdiDtsClsCd=507,원문,재정동향 2024년 5월호_KIPF 재정지출분석센터,재정동향 2024년 5월호_KIPF 재정지출분석센터.pdf,F0000000000000004262,1,원문 우선(목차 파일 제외),files/05_507_해외재정동향/2024-05-13_51624_[2024] 해외재정동향 5월호.pdf,44753011,8c0a875e55570364d95e79832d39432fd845708489a8491a67d49965aaf89808,downloaded,
507,해외재정동향,32,51616,FSL1004,[2024] 해외재정동향 4월호,2024-05-13,조세재정연구원,https://www.openfiscaldata.go.kr/op/ko/fd/UOPKOFDA02?pageIndex=1&pageSize=8&ofdBrdId=FSL1004&ofdBrdiSeq=51616&ofdBrdiDtsClsCd=507,원문,재정동향 2024년 4월호_KIPF 재정지출분석센터,재정동향 2024년 4월호_KIPF 재정지출분석센터.pdf,F0000000000000004238,1,원문 우선(목차 파일 제외),files/05_507_해외재정동향/2024-05-13_51616_[2024] 해외재정동향 4월호.pdf,61338547,690779607a58abd16dee0625f596bf0ff7c84f172d1783f56c883b38d3899481,downloaded,
507,해외재정동향,32,51612,FSL1004,[2024] 해외재정동향 3월호,2024-04-08,조세재정연구원,https://www.openfiscaldata.go.kr/op/ko/fd/UOPKOFDA02?pageIndex=1&pageSize=8&ofdBrdId=FSL1004&ofdBrdiSeq=51612&ofdBrdiDtsClsCd=507,원문,재정동향 2024년 3월호_재정지출분석센터__,재정동향 2024년 3월호_재정지출분석센터__.pdf,F0000000000000004230,1,원문 우선(목차 파일 제외),files/05_507_해외재정동향/2024-04-08_51612_[2024] 해외재정동향 3월호.pdf,55468559,67328c515f2eac2261eaf6d5bf9e126d7305796709d979ce3dea7e550c40442a,downloaded,
507,해외재정동향,32,51606,FSL1004,[2024] 해외재정동향 2월호,2024-03-06,조세재정연구원,https://www.openfiscaldata.go.kr/op/ko/fd/UOPKOFDA02?pageIndex=1&pageSize=8&ofdBrdId=FSL1004&ofdBrdiSeq=51606&ofdBrdiDtsClsCd=507,원문,재정동향 2024년 2월호_재정지출분석센터_,재정동향 2024년 2월호_재정지출분석센터_.pdf,F0000000000000004221,6,원문 우선(목차 파일 제외),files/05_507_해외재정동향/2024-03-06_51606_[2024] 해외재정동향 2월호.pdf,85251804,446a6c7a88e1e1a1c9ccb32761f98e94d0f4af1c148585c1f33048973583ff57,downloaded,
507,해외재정동향,32,51596,FSL1004,[2024] 해외재정동향 1월호,2024-02-05,조세재정연구원,https://www.openfiscaldata.go.kr/op/ko/fd/UOPKOFDA02?pageIndex=1&pageSize=8&ofdBrdId=FSL1004&ofdBrdiSeq=51596&ofdBrdiDtsClsCd=507,원문,재정동향 2024년 1월호_KIPF 재정지출분석센터,재정동향 2024년 1월호_KIPF 재정지출분석센터.pdf,F0000000000000004191,1,원문 우선(목차 파일 제외),files/05_507_해외재정동향/2024-02-05_51596_[2024] 해외재정동향 1월호.pdf,63188639,42cbb5fc0cdba501e19202d5a085c9be1a970aeb92df71fe5ee11dbfed4bf14d,downloaded,
507,해외재정동향,32,51595,FSL1004,[2023] 해외재정동향 12월호,2024-01-04,조세재정연구원,https://www.openfiscaldata.go.kr/op/ko/fd/UOPKOFDA02?pageIndex=1&pageSize=8&ofdBrdId=FSL1004&ofdBrdiSeq=51595&ofdBrdiDtsClsCd=507,원문,재정동향 2023년 12월호_KIPF 재정지출분석센터,재정동향 2023년 12월호_KIPF 재정지출분석센터.pdf,F0000000000000004185,1,원문 우선(목차 파일 제외),files/05_507_해외재정동향/2024-01-04_51595_[2023] 해외재정동향 12월호.pdf,64640527,774da51d1d844810509af9aa22a29e3d582a14371be3ecc0276a486a1dbb2867,downloaded,
507,해외재정동향,32,51589,FSL1004,[2023] 해외재정동향 11월호,2023-11-30,조세재정연구원,https://www.openfiscaldata.go.kr/op/ko/fd/UOPKOFDA02?pageIndex=1&pageSize=8&ofdBrdId=FSL1004&ofdBrdiSeq=51589&ofdBrdiDtsClsCd=507,원문,재정동향 2023년 11월호_KIPF 재정지출분석센터,재정동향 2023년 11월호_KIPF 재정지출분석센터.pdf,F0000000000000004166,1,원문 우선(목차 파일 제외),files/05_507_해외재정동향/2023-11-30_51589_[2023] 해외재정동향 11월호.pdf,74398640,58d7359a290f302e647abe8061d114f073c16af1c1b7f0671ef3c95d02955216,downloaded,
507,해외재정동향,32,51584,FSL1004,[2023] 해외재정동향 10월호,2023-11-01,조세재정연구원,https://www.openfiscaldata.go.kr/op/ko/fd/UOPKOFDA02?pageIndex=1&pageSize=8&ofdBrdId=FSL1004&ofdBrdiSeq=51584&ofdBrdiDtsClsCd=507,원문,재정동향 2023년 10월호_KIPF 재정지출분석센터_,재정동향 2023년 10월호_KIPF 재정지출분석센터_.pdf,F0000000000000004155,1,원문 우선(목차 파일 제외),files/05_507_해외재정동향/2023-11-01_51584_[2023] 해외재정동향 10월호.pdf,65061111,ce94ce5dba6770bfca14785d1c7ab2e13aadc141c34fe825479b4b790b70d31b,downloaded,
507,해외재정동향,32,51579,FSL1004,[2023] 해외재정동향 9월호,2023-10-06,조세재정연구원,https://www.openfiscaldata.go.kr/op/ko/fd/UOPKOFDA02?pageIndex=1&pageSize=8&ofdBrdId=FSL1004&ofdBrdiSeq=51579&ofdBrdiDtsClsCd=507,원문,재정동향 2023년 9월호_KIPF 재정지출분석센터,재정동향 2023년 9월호_KIPF 재정지출분석센터.pdf,F0000000000000004142,1,원문 우선(목차 파일 제외),files/05_507_해외재정동향/2023-10-06_51579_[2023] 해외재정동향 9월호.pdf,58044110,49d8f14c0ac52cdf0f883337b7129893b6b2f677610fe03c24724e48675db65f,downloaded,
507,해외재정동향,32,51581,FSL1004,[2023] 해외재정동향 8월호,2023-09-10,조세재정연구원,https://www.openfiscaldata.go.kr/op/ko/fd/UOPKOFDA02?pageIndex=1&pageSize=8&ofdBrdId=FSL1004&ofdBrdiSeq=51581&ofdBrdiDtsClsCd=507,원문,재정동향 2023년 8월호_KIPF 재정지출분석센터,재정동향 2023년 8월호_KIPF 재정지출분석센터.pdf,F0000000000000004147,3,원문 우선(목차 파일 제외),files/05_507_해외재정동향/2023-09-10_51581_[2023] 해외재정동향 8월호.pdf,52275182,db0f59fadd95f489f4197da8a0f5393bc503f128fc7356683e73ce795fe02098,downloaded,
507,해외재정동향,32,51571,FSL1004,[2023] 해외재정동향 7월호,2023-08-03,조세재정연구원,https://www.openfiscaldata.go.kr/op/ko/fd/UOPKOFDA02?pageIndex=1&pageSize=8&ofdBrdId=FSL1004&ofdBrdiSeq=51571&ofdBrdiDtsClsCd=507,원문,재정동향 2023년 7월호 KIPF 재정지출분석센터,재정동향 2023년 7월호 KIPF 재정지출분석센터.pdf,F0000000000000004104,1,원문 우선(목차 파일 제외),files/05_507_해외재정동향/2023-08-03_51571_[2023] 해외재정동향 7월호.pdf,69688371,ecdc3e652feb4e184734eba4ba5f1a833f7811d24d979d21bcf73494e65a76d6,downloaded,
507,해외재정동향,32,51566,FSL1004,[2023] 해외재정동향 6월호,2023-07-03,조세재정연구원,https://www.openfiscaldata.go.kr/op/ko/fd/UOPKOFDA02?pageIndex=1&pageSize=8&ofdBrdId=FSL1004&ofdBrdiSeq=51566&ofdBrdiDtsClsCd=507,원문,재정동향 2023년 6월호_KIPF 재정지출분석센터,재정동향 2023년 6월호_KIPF 재정지출분석센터.pdf,F0000000000000004089,1,원문 우선(목차 파일 제외),files/05_507_해외재정동향/2023-07-03_51566_[2023] 해외재정동향 6월호.pdf,55279816,698c51675d1b3375e489cc696cd8b59f2b8aafc6b478ef30188fa30b46a4e1c6,downloaded,
507,해외재정동향,32,51559,FSL1004,[2023] 해외재정동향 5월호,2023-06-02,조세재정연구원,https://www.openfiscaldata.go.kr/op/ko/fd/UOPKOFDA02?pageIndex=1&pageSize=8&ofdBrdId=FSL1004&ofdBrdiSeq=51559&ofdBrdiDtsClsCd=507,원문,재정동향 2023년 5월호_KIPF 재정지출분석센터,재정동향 2023년 5월호_KIPF 재정지출분석센터.pdf,F0000000000000004056,1,원문 우선(목차 파일 제외),files/05_507_해외재정동향/2023-06-02_51559_[2023] 해외재정동향 5월호.pdf,58603984,ede39d867b0a3991a6ac9722be6341781e28a8b84fa5f9afd2f625cb93365ad7,downloaded,
507,해외재정동향,32,51552,FSL1004,[2023] 해외재정동향 4월호,2023-05-03,조세재정연구원,https://www.openfiscaldata.go.kr/op/ko/fd/UOPKOFDA02?pageIndex=1&pageSize=8&ofdBrdId=FSL1004&ofdBrdiSeq=51552&ofdBrdiDtsClsCd=507,원문,재정동향 2023년 4월호_KIPF 재정지출분석센터,재정동향 2023년 4월호_KIPF 재정지출분석센터.pdf,F0000000000000004030,1,원문 우선(목차 파일 제외),files/05_507_해외재정동향/2023-05-03_51552_[2023] 해외재정동향 4월호.pdf,49196595,fcf4297ce6a720a132852c034307d9b479c8061d1295d2169489a84fefb38738,downloaded,
507,해외재정동향,32,51543,FSL1004,[2023] 해외재정동향 3월호,2023-04-03,조세재정연구원,https://www.openfiscaldata.go.kr/op/ko/fd/UOPKOFDA02?pageIndex=1&pageSize=8&ofdBrdId=FSL1004&ofdBrdiSeq=51543&ofdBrdiDtsClsCd=507,원문,재정동향 2023년 3월호_KIPF 재정지출분석센터,재정동향 2023년 3월호_KIPF 재정지출분석센터.pdf,F0000000000000003999,1,원문 우선(목차 파일 제외),files/05_507_해외재정동향/2023-04-03_51543_[2023] 해외재정동향 3월호.pdf,70558712,8d9ec188faf4aef2d6e9944d6535d145b20d7c5a38f0644a94af17d7db0c84f1,downloaded,
507,해외재정동향,32,51539,FSL1004,[2023] 해외재정동향 2월호,2023-03-02,조세재정연구원,https://www.openfiscaldata.go.kr/op/ko/fd/UOPKOFDA02?pageIndex=1&pageSize=8&ofdBrdId=FSL1004&ofdBrdiSeq=51539&ofdBrdiDtsClsCd=507,원문,[2023]해외재정동향 2월호,[2023]해외재정동향 2월호.pdf,F0000000000000003984,4,원문 우선(목차 파일 제외),files/05_507_해외재정동향/2023-03-02_51539_[2023] 해외재정동향 2월호.pdf,53257647,4b3e6eb76a45e64b362d9e85c635ca10357efa207a2bb8c4cf4747a5db5eaa00,downloaded,
507,해외재정동향,32,51535,FSL1004,[2023] 해외재정동향 1월호,2023-02-03,조세재정연구원,https://www.openfiscaldata.go.kr/op/ko/fd/UOPKOFDA02?pageIndex=1&pageSize=8&ofdBrdId=FSL1004&ofdBrdiSeq=51535&ofdBrdiDtsClsCd=507,원문,[2023]해외재정동향 1월호,[2023]해외재정동향 1월호.pdf,F0000000000000003977,6,원문 우선(목차 파일 제외),files/05_507_해외재정동향/2023-02-03_51535_[2023] 해외재정동향 1월호.pdf,52149796,ab662f693aee83c5b554b4a5afac34fd70840a6a694c00546489211ff5f25dfa,downloaded,
507,해외재정동향,32,51528,FSL1004,[2022] 해외재정동향 12월호,2022-12-29,조세재정연구원,https://www.openfiscaldata.go.kr/op/ko/fd/UOPKOFDA02?pageIndex=1&pageSize=8&ofdBrdId=FSL1004&ofdBrdiSeq=51528&ofdBrdiDtsClsCd=507,원문,재정동향 2022년 12월호_KIPF_재정지출분석센터,재정동향 2022년 12월호_KIPF_재정지출분석센터.pdf,F0000000000000003961,1,원문 우선(목차 파일 제외),files/05_507_해외재정동향/2022-12-29_51528_[2022] 해외재정동향 12월호.pdf,4896619,568beb0521e88bb32da3e0792af208074ae5a48e499cad461eab4f498da7600f,downloaded,
507,해외재정동향,32,51524,FSL1004,[2022] 해외재정동향 11월호,2022-12-02,조세재정연구원,https://www.openfiscaldata.go.kr/op/ko/fd/UOPKOFDA02?pageIndex=1&pageSize=8&ofdBrdId=FSL1004&ofdBrdiSeq=51524&ofdBrdiDtsClsCd=507,원문,재정동향 2022년 11월호_KIPF_재정지출분석센터,재정동향 2022년 11월호_KIPF_재정지출분석센터.pdf,F0000000000000003932,1,원문 우선(목차 파일 제외),files/05_507_해외재정동향/2022-12-02_51524_[2022] 해외재정동향 11월호.pdf,6915908,ca70c4ffa7582b850a3741bb147f2a85d443ae4d045fb658981ff4ef55ecd751,downloaded,
507,해외재정동향,32,51519,FSL1004,[2022] 해외재정동향 10월호,2022-11-01,조세재정연구원,https://www.openfiscaldata.go.kr/op/ko/fd/UOPKOFDA02?pageIndex=1&pageSize=8&ofdBrdId=FSL1004&ofdBrdiSeq=51519&ofdBrdiDtsClsCd=507,원문,재정동향 2022년 10월호_KIPF_재정지출분석센터,재정동향 2022년 10월호_KIPF_재정지출분석센터.pdf,F0000000000000003921,1,원문 우선(목차 파일 제외),files/05_507_해외재정동향/2022-11-01_51519_[2022] 해외재정동향 10월호.pdf,5996497,398fec30e6bf79661fa2ed3a7f4667161ed070ad9a16b78e57ce80bd22b1e3d6,downloaded,
507,해외재정동향,32,51513,FSL1004,[2022] 해외재정동향 9월호,2022-10-06,조세재정연구원,https://www.openfiscaldata.go.kr/op/ko/fd/UOPKOFDA02?pageIndex=1&pageSize=8&ofdBrdId=FSL1004&ofdBrdiSeq=51513&ofdBrdiDtsClsCd=507,원문,재정동향 2022년 9월호_KIPF_재정지출분석센터,재정동향 2022년 9월호_KIPF_재정지출분석센터.pdf,F0000000000000003906,1,원문 우선(목차 파일 제외),files/05_507_해외재정동향/2022-10-06_51513_[2022] 해외재정동향 9월호.pdf,6824313,e005416ee711ac2d2a6cb13c8ea4cf3adee0d885ff31d3bff3ce31041a379a1d,downloaded,
507,해외재정동향,32,51511,FSL1004,[2022] 해외재정동향 8월호,2022-09-01,조세재정연구원,https://www.openfiscaldata.go.kr/op/ko/fd/UOPKOFDA02?pageIndex=1&pageSize=8&ofdBrdId=FSL1004&ofdBrdiSeq=51511&ofdBrdiDtsClsCd=507,원문,재정동향 2022년 8월호_KIPF_재정지출분석센터,재정동향 2022년 8월호_KIPF_재정지출분석센터.pdf,F0000000000000003891,1,원문 우선(목차 파일 제외),files/05_507_해외재정동향/2022-09-01_51511_[2022] 해외재정동향 8월호.pdf,5935877,f65abd3acdb0317ce8492c8d4e9f7ac1cffd5c0ca9329d8ee36eb45fa7dd95f1,downloaded,
507,해외재정동향,32,51503,FSL1004,[2022] 해외재정동향 7월호,2022-08-03,조세재정연구원,https://www.openfiscaldata.go.kr/op/ko/fd/UOPKOFDA02?pageIndex=1&pageSize=8&ofdBrdId=FSL1004&ofdBrdiSeq=51503&ofdBrdiDtsClsCd=507,원문,재정동향 2022년 7월호_KIPF_재정지출분석센터,재정동향 2022년 7월호_KIPF_재정지출분석센터.pdf,F0000000000000003865,1,원문 우선(목차 파일 제외),files/05_507_해외재정동향/2022-08-03_51503_[2022] 해외재정동향 7월호.pdf,5045293,251bfa9debb829890338cc23bec12b3a3f16c8e66ea9228bf61b41a49cd2947a,downloaded,
507,해외재정동향,32,51498,FSL1004,[2022] 해외재정동향 6월호,2022-06-30,조세재정연구원,https://www.openfiscaldata.go.kr/op/ko/fd/UOPKOFDA02?pageIndex=1&pageSize=8&ofdBrdId=FSL1004&ofdBrdiSeq=51498&ofdBrdiDtsClsCd=507,원문,재정동향 2022년 6월호_KIPF_재정지출분석센터,재정동향 2022년 6월호_KIPF_재정지출분석센터.pdf,F0000000000000003822,1,원문 우선(목차 파일 제외),files/05_507_해외재정동향/2022-06-30_51498_[2022] 해외재정동향 6월호.pdf,6258356,7c22928b821070dbd5c853bfd329ffa962cfbe83bbe73b5c80af6e965fccea31,downloaded,
507,해외재정동향,32,51494,FSL1004,[2022] 해외재정동향 5월호,2022-05-31,조세재정연구원,https://www.openfiscaldata.go.kr/op/ko/fd/UOPKOFDA02?pageIndex=1&pageSize=8&ofdBrdId=FSL1004&ofdBrdiSeq=51494&ofdBrdiDtsClsCd=507,원문,재정동향 2022년 5월호_KIPF_재정지출분석센터,재정동향 2022년 5월호_KIPF_재정지출분석센터.pdf,F0000000000000003810,1,원문 우선(목차 파일 제외),files/05_507_해외재정동향/2022-05-31_51494_[2022] 해외재정동향 5월호.pdf,6180284,6010d56589103581a00a9f99afc8480e5caae0a2b21b2a6115c00bf17392e816,downloaded,
507,해외재정동향,32,51489,FSL1004,[2022] 해외재정동향 4월호,2022-05-03,조세재정연구원,https://www.openfiscaldata.go.kr/op/ko/fd/UOPKOFDA02?pageIndex=1&pageSize=8&ofdBrdId=FSL1004&ofdBrdiSeq=51489&ofdBrdiDtsClsCd=507,원문,재정동향 2022년 4월호_KIPF_재정지출분석센터,재정동향 2022년 4월호_KIPF_재정지출분석센터.pdf,F0000000000000003792,1,원문 우선(목차 파일 제외),files/05_507_해외재정동향/2022-05-03_51489_[2022] 해외재정동향 4월호.pdf,5177237,41e6aa31f5f3774f4dfaaecfb46a9af74e49ad260f831c9a297b051408a941dd,downloaded,
507,해외재정동향,32,51478,FSL1004,[2022] 해외재정동향 3월호,2022-03-31,조세재정연구원,https://www.openfiscaldata.go.kr/op/ko/fd/UOPKOFDA02?pageIndex=1&pageSize=8&ofdBrdId=FSL1004&ofdBrdiSeq=51478&ofdBrdiDtsClsCd=507,원문,재정동향 2022년 3월호_KIPF_재정지출분석센터,재정동향 2022년 3월호_KIPF_재정지출분석센터.pdf,F0000000000000003765,1,원문 우선(목차 파일 제외),files/05_507_해외재정동향/2022-03-31_51478_[2022] 해외재정동향 3월호.pdf,6068309,b275a5efca470ebdc4c9a6da4a22561cc134080fcdbc90f17299d2d02ee2251e,downloaded,
507,해외재정동향,32,51477,FSL1004,[2022] 해외재정동향 2월호,2022-03-02,조세재정연구원,https://www.openfiscaldata.go.kr/op/ko/fd/UOPKOFDA02?pageIndex=1&pageSize=8&ofdBrdId=FSL1004&ofdBrdiSeq=51477&ofdBrdiDtsClsCd=507,원문,재정동향 2022년 2월호_KIPF_재정지출분석센터,재정동향 2022년 2월호_KIPF_재정지출분석센터.pdf,F0000000000000003764,1,원문 우선(목차 파일 제외),files/05_507_해외재정동향/2022-03-02_51477_[2022] 해외재정동향 2월호.pdf,5334584,020eb3b34b3b0bfa78b2e7244869176b86c6527c2a65fe16511eda1d2e7f2339,downloaded,
507,해외재정동향,32,51468,FSL1004,[2022] 해외재정동향 1월호,2022-02-03,조세재정연구원,https://www.openfiscaldata.go.kr/op/ko/fd/UOPKOFDA02?pageIndex=1&pageSize=8&ofdBrdId=FSL1004&ofdBrdiSeq=51468&ofdBrdiDtsClsCd=507,원문,재정동향 2022년 1월호,재정동향 2022년 1월호.pdf,F0000000000000003631,1,원문 우선(목차 파일 제외),files/05_507_해외재정동향/2022-02-03_51468_[2022] 해외재정동향 1월호.pdf,3373425,8db34dd17a4b0630196a27392519c472f842f72484f6e83b400d2b115d59c38d,downloaded,
507,해외재정동향,32,51467,FSL1004,[2021] 해외재정동향 11월호,2021-12-13,조세재정연구원,https://www.openfiscaldata.go.kr/op/ko/fd/UOPKOFDA02?pageIndex=1&pageSize=8&ofdBrdId=FSL1004&ofdBrdiSeq=51467&ofdBrdiDtsClsCd=507,원문,재정동향 11월호,재정동향 11월호.pdf,F0000000000000003630,1,원문 우선(목차 파일 제외),files/05_507_해외재정동향/2021-12-13_51467_[2021] 해외재정동향 11월호.pdf,7449566,72c6af63984de0fe46bcdc1bdfbdeaebf9f90ec7d57ced3d2e012b0b5e5a987a,downloaded,
507,해외재정동향,32,51349,FSL1004,[2021] 해외재정동향 10월호,2021-11-02,조세재정연구원,https://www.openfiscaldata.go.kr/op/ko/fd/UOPKOFDA02?pageIndex=1&pageSize=8&ofdBrdId=FSL1004&ofdBrdiSeq=51349&ofdBrdiDtsClsCd=507,원문,재정동향 10월호,재정동향 10월호.pdf,FI000000005134966580,1,원문 우선(목차 파일 제외),files/05_507_해외재정동향/2021-11-02_51349_[2021] 해외재정동향 10월호.pdf,5545735,41c436249500b5d73b3c0ecc9707d6c00713e0f3aa3cdca86ce08321194859b5,downloaded,
507,해외재정동향,32,51279,FSL1004,[2021] 해외재정동향 9월호,2021-10-05,조세재정연구원,https://www.openfiscaldata.go.kr/op/ko/fd/UOPKOFDA02?pageIndex=1&pageSize=8&ofdBrdId=FSL1004&ofdBrdiSeq=51279&ofdBrdiDtsClsCd=507,원문,재정동향 9월호,재정동향 9월호.pdf,FI000000005127966419,1,원문 우선(목차 파일 제외),files/05_507_해외재정동향/2021-10-05_51279_[2021] 해외재정동향 9월호.pdf,6378541,61944f8402cf18cf1f45759e1a9c08db7e36e63ed54176f24376c336d651ca62,downloaded,
507,해외재정동향,32,51125,FSL1004,[2021] 해외재정동향 8월호,2021-09-01,조세재정연구원,https://www.openfiscaldata.go.kr/op/ko/fd/UOPKOFDA02?pageIndex=1&pageSize=8&ofdBrdId=FSL1004&ofdBrdiSeq=51125&ofdBrdiDtsClsCd=507,원문,재정동향 8월호,재정동향 8월호.pdf,FI000000005112566129,1,원문 우선(목차 파일 제외),files/05_507_해외재정동향/2021-09-01_51125_[2021] 해외재정동향 8월호.pdf,5983616,5dc9a4fb13484c34ed2b32274f3577c6bf4d2ee3469e84c2e1f7314d949450ce,downloaded,
507,해외재정동향,32,51000,FSL1004,[2021] 해외재정동향 7월호,2021-08-02,조세재정연구원,https://www.openfiscaldata.go.kr/op/ko/fd/UOPKOFDA02?pageIndex=1&pageSize=8&ofdBrdId=FSL1004&ofdBrdiSeq=51000&ofdBrdiDtsClsCd=507,원문,재정동향 7월호_재정지출분석센터,재정동향 7월호_재정지출분석센터.pdf,FI000000005100065931,1,원문 우선(목차 파일 제외),files/05_507_해외재정동향/2021-08-02_51000_[2021] 해외재정동향 7월호.pdf,5330172,17254e2602d09bc94dc050fc6cd052427617360f5771683e2871309238d604ba,downloaded,
507,해외재정동향,32,50836,FSL1004,[2021] 해외재정동향 6월호,2021-07-01,조세재정연구원,https://www.openfiscaldata.go.kr/op/ko/fd/UOPKOFDA02?pageIndex=1&pageSize=8&ofdBrdId=FSL1004&ofdBrdiSeq=50836&ofdBrdiDtsClsCd=507,원문,재정동향 2021년 6월호,재정동향 2021년 6월호.pdf,FI000000005083665642,1,원문 우선(목차 파일 제외),files/05_507_해외재정동향/2021-07-01_50836_[2021] 해외재정동향 6월호.pdf,5467550,1d7ba48cd087ba37c9feb3f0457baa1c7ba92bb5c87ae70e2beecdfc36a0ec12,downloaded,
507,해외재정동향,32,50663,FSL1004,[2021] 해외재정동향 5월호,2021-06-04,조세재정연구원,https://www.openfiscaldata.go.kr/op/ko/fd/UOPKOFDA02?pageIndex=1&pageSize=8&ofdBrdId=FSL1004&ofdBrdiSeq=50663&ofdBrdiDtsClsCd=507,원문,재정동향 2021년 5월호,재정동향 2021년 5월호.pdf,FI000000005066365318,1,원문 우선(목차 파일 제외),files/05_507_해외재정동향/2021-06-04_50663_[2021] 해외재정동향 5월호.pdf,5310153,2dda208057b4625b389718f242684305bc1ced080891790c3d503dc4e42a829c,downloaded,
507,해외재정동향,32,50519,FSL1004,[2021] 해외재정동향 4월호,2021-05-06,조세재정연구원,https://www.openfiscaldata.go.kr/op/ko/fd/UOPKOFDA02?pageIndex=1&pageSize=8&ofdBrdId=FSL1004&ofdBrdiSeq=50519&ofdBrdiDtsClsCd=507,원문,재정동향 2021년 4월호,재정동향 2021년 4월호.pdf,FI000000005051965117,1,원문 우선(목차 파일 제외),files/05_507_해외재정동향/2021-05-06_50519_[2021] 해외재정동향 4월호.pdf,6128484,3b5596dc9510876d45d05227f07e871ff4ac45cd0edda60ee2b4eccfcdd95e7e,downloaded,
507,해외재정동향,32,50393,FSL1004,[2021] 해외재정동향 3월호,2021-04-05,조세재정연구원,https://www.openfiscaldata.go.kr/op/ko/fd/UOPKOFDA02?pageIndex=1&pageSize=8&ofdBrdId=FSL1004&ofdBrdiSeq=50393&ofdBrdiDtsClsCd=507,원문,재정동향 2021년 3월호,재정동향 2021년 3월호.pdf,FI000000005039364976,1,원문 우선(목차 파일 제외),files/05_507_해외재정동향/2021-04-05_50393_[2021] 해외재정동향 3월호.pdf,2031686,7bbe0f885d0b769c5f6df76ccebbcf8a79fb476e0c49fc64a30424c4ba8bf54b,downloaded,
507,해외재정동향,32,50293,FSL1004,[2021] 해외재정동향 2월호,2021-03-03,조세재정연구원,https://www.openfiscaldata.go.kr/op/ko/fd/UOPKOFDA02?pageIndex=1&pageSize=8&ofdBrdId=FSL1004&ofdBrdiSeq=50293&ofdBrdiDtsClsCd=507,원문,재정동향 2021년 2월호,재정동향 2021년 2월호.pdf,FI000000005029364826,1,원문 우선(목차 파일 제외),files/05_507_해외재정동향/2021-03-03_50293_[2021] 해외재정동향 2월호.pdf,6285689,cc405e2d39ea48700c16b48773fc1d27fce4c92a7bb53492f4fd739644e4b19f,downloaded,
507,해외재정동향,32,50178,FSL1004,[2021] 해외재정동향 1월호,2021-02-01,조세재정연구원,https://www.openfiscaldata.go.kr/op/ko/fd/UOPKOFDA02?pageIndex=1&pageSize=8&ofdBrdId=FSL1004&ofdBrdiSeq=50178&ofdBrdiDtsClsCd=507,원문,재정동향 2021년 1월호,재정동향 2021년 1월호.pdf,FI000000005017864712,1,원문 우선(목차 파일 제외),files/05_507_해외재정동향/2021-02-01_50178_[2021] 해외재정동향 1월호.pdf,4939648,143ee1a31bff961c286046da036254b04d3c1b376cec4e2b87546f08ffdf1275,downloaded,
507,해외재정동향,32,49879,FSL1004,[2020] 해외재정동향 11월 2호,2020-12-08,조세재정연구원,https://www.openfiscaldata.go.kr/op/ko/fd/UOPKOFDA02?pageIndex=1&pageSize=8&ofdBrdId=FSL1004&ofdBrdiSeq=49879&ofdBrdiDtsClsCd=507,원문,재정동향 2020년 11월2호,재정동향 2020년 11월2호.pdf,FI000000004987964351,1,원문 우선(목차 파일 제외),files/05_507_해외재정동향/2020-12-08_49879_[2020] 해외재정동향 11월 2호.pdf,3626253,93199103b0d079f445df026602079d77d23171e0610ab3f40a0ed5c9b9576070,downloaded,
507,해외재정동향,32,49805,FSL1004,[2020] 해외재정동향 11월 1호,2020-11-18,조세재정연구원,https://www.openfiscaldata.go.kr/op/ko/fd/UOPKOFDA02?pageIndex=1&pageSize=8&ofdBrdId=FSL1004&ofdBrdiSeq=49805&ofdBrdiDtsClsCd=507,원문,재정동향 2020년 11월1호,재정동향 2020년 11월1호.pdf,FI000000004980564283,1,원문 우선(목차 파일 제외),files/05_507_해외재정동향/2020-11-18_49805_[2020] 해외재정동향 11월 1호.pdf,4191263,8083c2f8bc930a1e626e120eab1f9d75d211a0ce4f1cfa1804789b798cb57d7e,downloaded,
507,해외재정동향,32,49749,FSL1004,[2020] 해외재정동향 10월 2호,2020-11-05,조세재정연구원,https://www.openfiscaldata.go.kr/op/ko/fd/UOPKOFDA02?pageIndex=1&pageSize=8&ofdBrdId=FSL1004&ofdBrdiSeq=49749&ofdBrdiDtsClsCd=507,원문,재정동향 2020년 10월2호,재정동향 2020년 10월2호.pdf,FI000000004974964166,1,원문 우선(목차 파일 제외),files/05_507_해외재정동향/2020-11-05_49749_[2020] 해외재정동향 10월 2호.pdf,2685655,a2edf7b55c02279aac93a0f50171e2b615362ba1d098bed41300dd8b8770cc83,downloaded,
507,해외재정동향,32,49686,FSL1004,[2020] 해외재정동향 10월 1호,2020-10-21,조세재정연구원,https://www.openfiscaldata.go.kr/op/ko/fd/UOPKOFDA02?pageIndex=1&pageSize=8&ofdBrdId=FSL1004&ofdBrdiSeq=49686&ofdBrdiDtsClsCd=507,원문,재정동향 2020년 10월1호,재정동향 2020년 10월1호.pdf,FI000000004968664085,1,원문 우선(목차 파일 제외),files/05_507_해외재정동향/2020-10-21_49686_[2020] 해외재정동향 10월 1호.pdf,2353408,9c2b302cb2cc83f9b1a5ee163362ceb877bf7b670567367e3e5ff3403562a80e,downloaded,
507,해외재정동향,32,49655,FSL1004,[2020] 해외재정동향 9월 2호,2020-10-13,조세재정연구원,https://www.openfiscaldata.go.kr/op/ko/fd/UOPKOFDA02?pageIndex=1&pageSize=8&ofdBrdId=FSL1004&ofdBrdiSeq=49655&ofdBrdiDtsClsCd=507,원문,재정동향 2020년 9월2호,재정동향 2020년 9월2호.pdf,FI000000004965564046,1,원문 우선(목차 파일 제외),files/05_507_해외재정동향/2020-10-13_49655_[2020] 해외재정동향 9월 2호.pdf,3318074,30ef0b5fbd90804d9382b219de797812bc97f28cf6d224103bf42e83d0294600,downloaded,
507,해외재정동향,32,49602,FSL1004,[2020] 해외재정동향 9월 1호,2020-09-25,조세재정연구원,https://www.openfiscaldata.go.kr/op/ko/fd/UOPKOFDA02?pageIndex=1&pageSize=8&ofdBrdId=FSL1004&ofdBrdiSeq=49602&ofdBrdiDtsClsCd=507,원문,재정동향 2020년 9월1호,재정동향 2020년 9월1호.pdf,FI000000004960263998,1,원문 우선(목차 파일 제외),files/05_507_해외재정동향/2020-09-25_49602_[2020] 해외재정동향 9월 1호.pdf,3190465,1183ddb84498d97d645e9bc8a8a4dcf68c2e0ad404383b4ebc5ea1912a56956f,downloaded,
507,해외재정동향,32,49508,FSL1004,[2020] 해외재정동향 8월 2호,2020-09-10,조세재정연구원,https://www.openfiscaldata.go.kr/op/ko/fd/UOPKOFDA02?pageIndex=1&pageSize=8&ofdBrdId=FSL1004&ofdBrdiSeq=49508&ofdBrdiDtsClsCd=507,원문,재정동향 2020년 8월 2호,재정동향 2020년 8월 2호.pdf,FI000000004950863884,1,원문 우선(목차 파일 제외),files/05_507_해외재정동향/2020-09-10_49508_[2020] 해외재정동향 8월 2호.pdf,2858458,037f93efdb7321f34785abb0c7cceed2e1370236787d3455ebbe29e67dc027f5,downloaded,
507,해외재정동향,32,49438,FSL1004,[2020] 해외재정동향 8월 1호,2020-08-25,조세재정연구원,https://www.openfiscaldata.go.kr/op/ko/fd/UOPKOFDA02?pageIndex=1&pageSize=8&ofdBrdId=FSL1004&ofdBrdiSeq=49438&ofdBrdiDtsClsCd=507,원문,재정동향 2020년 8월1호,재정동향 2020년 8월1호.pdf,FI000000004943863811,1,원문 우선(목차 파일 제외),files/05_507_해외재정동향/2020-08-25_49438_[2020] 해외재정동향 8월 1호.pdf,2975651,85adab1f0e297fde94501569bd6a37faf77e0b2e1c1d39d5ee67f9c4648ef156,downloaded,
507,해외재정동향,32,49387,FSL1004,[2020] 해외재정동향 7월 2호,2020-08-10,조세재정연구원,https://www.openfiscaldata.go.kr/op/ko/fd/UOPKOFDA02?pageIndex=1&pageSize=8&ofdBrdId=FSL1004&ofdBrdiSeq=49387&ofdBrdiDtsClsCd=507,원문,재정동향 7월2호,재정동향 7월2호.pdf,FI000000004938763738,1,원문 우선(목차 파일 제외),files/05_507_해외재정동향/2020-08-10_49387_[2020] 해외재정동향 7월 2호.pdf,4100314,3e8424fbc2490c4c1aa54a901311ae9ea8c0b6f1806474fda296a37fb262bd28,downloaded,
507,해외재정동향,32,49341,FSL1004,[2020] 해외재정동향 7월 1호,2020-07-24,조세재정연구원,https://www.openfiscaldata.go.kr/op/ko/fd/UOPKOFDA02?pageIndex=1&pageSize=8&ofdBrdId=FSL1004&ofdBrdiSeq=49341&ofdBrdiDtsClsCd=507,원문,재정동향 7월1호,재정동향 7월1호.pdf,FI000000004934163687,1,원문 우선(목차 파일 제외),files/05_507_해외재정동향/2020-07-24_49341_[2020] 해외재정동향 7월 1호.pdf,3559985,012bb31451a7217864bd5c81ace844077f7272b7188682b282083835f476fefd,downloaded,
507,해외재정동향,32,49238,FSL1004,[2020] 해외재정동향 6월 1호,2020-06-23,조세재정연구원,https://www.openfiscaldata.go.kr/op/ko/fd/UOPKOFDA02?pageIndex=1&pageSize=8&ofdBrdId=FSL1004&ofdBrdiSeq=49238&ofdBrdiDtsClsCd=507,원문,재정동향 2020년 6월1호,재정동향 2020년 6월1호.pdf,FI000000004923863554,1,원문 우선(목차 파일 제외),files/05_507_해외재정동향/2020-06-23_49238_[2020] 해외재정동향 6월 1호.pdf,3859977,7c015bc55fca773bcaaf043af5d0d302a892a45428810529eb2bf19d6b59eb23,downloaded,
507,해외재정동향,32,49026,FSL1004,[2020] 해외재정동향 5월 2호,2020-06-05,조세재정연구원,https://www.openfiscaldata.go.kr/op/ko/fd/UOPKOFDA02?pageIndex=1&pageSize=8&ofdBrdId=FSL1004&ofdBrdiSeq=49026&ofdBrdiDtsClsCd=507,원문,재정동향 2020년 5월2호,재정동향 2020년 5월2호.pdf,FI000000004902663403,4,원문 우선(목차 파일 제외),files/05_507_해외재정동향/2020-06-05_49026_[2020] 해외재정동향 5월 2호.pdf,3736918,b52d92af98a6e09f8f1b5a33bdd03cfdfe991d57091725f20c2fbd512db48736,downloaded,
507,해외재정동향,32,48948,FSL1004,[2020] 해외재정동향 5월 1호,2020-05-22,조세재정연구원,https://www.openfiscaldata.go.kr/op/ko/fd/UOPKOFDA02?pageIndex=1&pageSize=8&ofdBrdId=FSL1004&ofdBrdiSeq=48948&ofdBrdiDtsClsCd=507,원문,재정동향 2020년 5월1호,재정동향 2020년 5월1호.pdf,FI000000004894863353,1,원문 우선(목차 파일 제외),files/05_507_해외재정동향/2020-05-22_48948_[2020] 해외재정동향 5월 1호.pdf,4543710,c4f87736c164f8c01f81d729543d4f73ecc1779eb9ba611cc86555a918015f00,downloaded,
507,해외재정동향,32,48873,FSL1004,[2020] 해외재정동향 4월 2호,2020-05-07,조세재정연구원,https://www.openfiscaldata.go.kr/op/ko/fd/UOPKOFDA02?pageIndex=1&pageSize=8&ofdBrdId=FSL1004&ofdBrdiSeq=48873&ofdBrdiDtsClsCd=507,원문,재정동향 2020년 4월2호,재정동향 2020년 4월2호.pdf,FI000000004887363216,1,원문 우선(목차 파일 제외),files/05_507_해외재정동향/2020-05-07_48873_[2020] 해외재정동향 4월 2호.pdf,4257435,b6a81e2ba234f3f0faf1d0d6de3f68946084578fc4056ee645cbf8e5e9b82565,downloaded,
507,해외재정동향,32,48823,FSL1004,[2020] 해외재정동향 4월 1호,2020-04-24,조세재정연구원,https://www.openfiscaldata.go.kr/op/ko/fd/UOPKOFDA02?pageIndex=1&pageSize=8&ofdBrdId=FSL1004&ofdBrdiSeq=48823&ofdBrdiDtsClsCd=507,원문,재정동향 2020년 4월1호,재정동향 2020년 4월1호.pdf,FI000000004882363153,1,원문 우선(목차 파일 제외),files/05_507_해외재정동향/2020-04-24_48823_[2020] 해외재정동향 4월 1호.pdf,4935722,a3f889f35a7182e35a3a89e693f1c991c2d95bd4a72f56da9ec113f693dc5c2b,downloaded,
507,해외재정동향,32,48724,FSL1004,[2020] 해외재정동향 3월 2호,2020-04-06,조세재정연구원,https://www.openfiscaldata.go.kr/op/ko/fd/UOPKOFDA02?pageIndex=1&pageSize=8&ofdBrdId=FSL1004&ofdBrdiSeq=48724&ofdBrdiDtsClsCd=507,원문,재정동향 2020년 3월2호,재정동향 2020년 3월2호.pdf,FI000000004872463033,1,원문 우선(목차 파일 제외),files/05_507_해외재정동향/2020-04-06_48724_[2020] 해외재정동향 3월 2호.pdf,5952243,71c30a3a451405662eab410c74c5d7d249e71104cbc2b613389bcc791a7e16e1,downloaded,
507,해외재정동향,32,48591,FSL1004,[2020] 해외재정동향 3월 1호,2020-03-20,조세재정연구원,https://www.openfiscaldata.go.kr/op/ko/fd/UOPKOFDA02?pageIndex=1&pageSize=8&ofdBrdId=FSL1004&ofdBrdiSeq=48591&ofdBrdiDtsClsCd=507,원문,재정동향 2020년 3월1호,재정동향 2020년 3월1호.pdf,FI000000004859162963,1,원문 우선(목차 파일 제외),files/05_507_해외재정동향/2020-03-20_48591_[2020] 해외재정동향 3월 1호.pdf,4258297,eba05d19180ca8a3655fb411d1ff61293013fd74c7c29eca25fe868439a11ee1,downloaded,
507,해외재정동향,32,48493,FSL1004,[2020] 해외재정동향 2월 2호,2020-03-09,조세재정연구원,https://www.openfiscaldata.go.kr/op/ko/fd/UOPKOFDA02?pageIndex=1&pageSize=8&ofdBrdId=FSL1004&ofdBrdiSeq=48493&ofdBrdiDtsClsCd=507,원문,재정동향 2020년 2월2호,재정동향 2020년 2월2호.pdf,FI000000004849362883,2,원문 우선(목차 파일 제외),files/05_507_해외재정동향/2020-03-09_48493_[2020] 해외재정동향 2월 2호.pdf,4313086,fdd4b30fd3ea62995bc12028e8101764bf29cabf2c82ef865aa328711f9e26fb,downloaded,
507,해외재정동향,32,48391,FSL1004,[2020] 해외재정동향 2월 1호,2020-02-14,조세재정연구원,https://www.openfiscaldata.go.kr/op/ko/fd/UOPKOFDA02?pageIndex=1&pageSize=8&ofdBrdId=FSL1004&ofdBrdiSeq=48391&ofdBrdiDtsClsCd=507,원문,재정동향 2020년 2월1호,재정동향 2020년 2월1호.pdf,FI000000004839162787,1,원문 우선(목차 파일 제외),files/05_507_해외재정동향/2020-02-14_48391_[2020] 해외재정동향 2월 1호.pdf,3222983,307c83cec0fdd655ad6b3b920212512b48da7c0ef62c71c5368e615f28a64d9c,downloaded,
507,해외재정동향,32,48344,FSL1004,[2020] 해외재정동향 1월 2호,2020-02-04,조세재정연구원,https://www.openfiscaldata.go.kr/op/ko/fd/UOPKOFDA02?pageIndex=1&pageSize=8&ofdBrdId=FSL1004&ofdBrdiSeq=48344&ofdBrdiDtsClsCd=507,원문,[2020] 해외재정동향 1월2호,[2020] 해외재정동향 1월2호.pdf,FI000000004834462727,1,원문 우선(목차 파일 제외),files/05_507_해외재정동향/2020-02-04_48344_[2020] 해외재정동향 1월 2호.pdf,4697690,4785a049f00568605af0fc7be06687f15808c4408c633a812c0d8060982fe9c4,downloaded,
507,해외재정동향,32,48277,FSL1004,[2020] 해외재정동향 1월 1호,2020-01-17,조세재정연구원,https://www.openfiscaldata.go.kr/op/ko/fd/UOPKOFDA02?pageIndex=1&pageSize=8&ofdBrdId=FSL1004&ofdBrdiSeq=48277&ofdBrdiDtsClsCd=507,원문,[2020] 해외재정동향 1월 1호,[2020] 해외재정동향 1월 1호.pdf,FI000000004827762584,1,원문 우선(목차 파일 제외),files/05_507_해외재정동향/2020-01-17_48277_[2020] 해외재정동향 1월 1호.pdf,3017599,863e4157bfe6d04ad35a441c9ef35198732fbecafd062b20fcddaf04236f57cf,downloaded,
507,해외재정동향,32,48111,FSL1004,[2019] 해외재정동향 12월 1호,2019-12-18,조세재정연구원,https://www.openfiscaldata.go.kr/op/ko/fd/UOPKOFDA02?pageIndex=1&pageSize=8&ofdBrdId=FSL1004&ofdBrdiSeq=48111&ofdBrdiDtsClsCd=507,원문,[2019] 해외재정동향 12월 1호,[2019] 해외재정동향 12월 1호.pdf,FI000000004811162407,1,원문 우선(목차 파일 제외),files/05_507_해외재정동향/2019-12-18_48111_[2019] 해외재정동향 12월 1호.pdf,4193703,bbdf088ddbab5137e3f1ab271ff64ae973deca04719b1a756f21f747b24c65d3,downloaded,
507,해외재정동향,32,48082,FSL1004,[2019] 해외재정동향 11월 2호,2019-12-04,조세재정연구원,https://www.openfiscaldata.go.kr/op/ko/fd/UOPKOFDA02?pageIndex=1&pageSize=8&ofdBrdId=FSL1004&ofdBrdiSeq=48082&ofdBrdiDtsClsCd=507,원문,[2019] 해외재정동향 11월 2호,[2019] 해외재정동향 11월 2호.pdf,FI000000004808262368,4,원문 우선(목차 파일 제외),files/05_507_해외재정동향/2019-12-04_48082_[2019] 해외재정동향 11월 2호.pdf,3845057,9d3cef149e0ec0e866c261b69b06acaca8c9ec921a49e886fb8f56fe0aee3370,downloaded,
507,해외재정동향,32,48021,FSL1004,[2019] 해외재정동향 11월 1호,2019-11-19,조세재정연구원,https://www.openfiscaldata.go.kr/op/ko/fd/UOPKOFDA02?pageIndex=1&pageSize=8&ofdBrdId=FSL1004&ofdBrdiSeq=48021&ofdBrdiDtsClsCd=507,원문,[2019] 해외재정동향 11월 1호 ,[2019] 해외재정동향 11월 1호 .pdf,FI000000004802162287,1,원문 우선(목차 파일 제외),files/05_507_해외재정동향/2019-11-19_48021_[2019] 해외재정동향 11월 1호.pdf,1208274,7dfe1e347002726f09922be0c52d20fecdaeb2100ba808fc0fc2ecbcc606b82e,downloaded,
507,해외재정동향,32,47968,FSL1004,[2019] 해외재정동향 10월 2호,2019-11-05,조세재정연구원,https://www.openfiscaldata.go.kr/op/ko/fd/UOPKOFDA02?pageIndex=1&pageSize=8&ofdBrdId=FSL1004&ofdBrdiSeq=47968&ofdBrdiDtsClsCd=507,원문,[2019] 해외재정동향 10월2호,[2019] 해외재정동향 10월2호.pdf,FI000000004796862225,1,원문 우선(목차 파일 제외),files/05_507_해외재정동향/2019-11-05_47968_[2019] 해외재정동향 10월 2호.pdf,1555244,c796b432f3d5c2515fe34684f0bd64078dd68671141214dbdfab8236baee5144,downloaded,
507,해외재정동향,32,47912,FSL1004,[2019] 해외재정동향 10월 1호,2019-10-17,조세재정연구원,https://www.openfiscaldata.go.kr/op/ko/fd/UOPKOFDA02?pageIndex=1&pageSize=8&ofdBrdId=FSL1004&ofdBrdiSeq=47912&ofdBrdiDtsClsCd=507,원문,[2019] 해외재정동향 10월1호,[2019] 해외재정동향 10월1호.pdf,FI000000004791262156,1,원문 우선(목차 파일 제외),files/05_507_해외재정동향/2019-10-17_47912_[2019] 해외재정동향 10월 1호.pdf,876792,d902541249194bb6b6eb3384cefe6a30b47b911d47cdbef57d3bfff723236b5d,downloaded,
507,해외재정동향,32,47850,FSL1004,[2019] 해외재정동향 9월 2호,2019-10-01,조세재정연구원,https://www.openfiscaldata.go.kr/op/ko/fd/UOPKOFDA02?pageIndex=1&pageSize=8&ofdBrdId=FSL1004&ofdBrdiSeq=47850&ofdBrdiDtsClsCd=507,원문,[2019] 해외경재동향 9월2호,[2019] 해외경재동향 9월2호.pdf,FI000000004785062078,4,원문 우선(목차 파일 제외),files/05_507_해외재정동향/2019-10-01_47850_[2019] 해외재정동향 9월 2호.pdf,943849,848aa8bc3a2e8f964da25b1a3797a8c232adf15f19902b127d2bdebae89e933b,downloaded,
507,해외재정동향,32,47817,FSL1004,[2019] 해외재정동향 9월 1호,2019-09-20,조세재정연구원,https://www.openfiscaldata.go.kr/op/ko/fd/UOPKOFDA02?pageIndex=1&pageSize=8&ofdBrdId=FSL1004&ofdBrdiSeq=47817&ofdBrdiDtsClsCd=507,원문,[2019] 해외재정동향 9월 1호,[2019] 해외재정동향 9월 1호.pdf,FI000000004781762028,4,원문 우선(목차 파일 제외),files/05_507_해외재정동향/2019-09-20_47817_[2019] 해외재정동향 9월 1호.pdf,1416230,533e5e73c1bfd93cd422adeb16db1ba798d659c73baa766db22ced3f05ae8cd7,downloaded,
507,해외재정동향,32,47737,FSL1004,[2019] 해외재정동향 8월 2호,2019-08-30,조세재정연구원,https://www.openfiscaldata.go.kr/op/ko/fd/UOPKOFDA02?pageIndex=1&pageSize=8&ofdBrdId=FSL1004&ofdBrdiSeq=47737&ofdBrdiDtsClsCd=507,원문,[2019] 해외재정동향 8월 2호,[2019] 해외재정동향 8월 2호.pdf,FI000000004773761927,1,원문 우선(목차 파일 제외),files/05_507_해외재정동향/2019-08-30_47737_[2019] 해외재정동향 8월 2호.pdf,891336,ec492319234a9d159e1a746a65ff24ff19f5667d3d2ef836226b6bc3ae3a13e3,downloaded,
507,해외재정동향,32,47659,FSL1004,[2019] 해외재정동향 8월 1호,2019-08-16,조세재정연구원,https://www.openfiscaldata.go.kr/op/ko/fd/UOPKOFDA02?pageIndex=1&pageSize=8&ofdBrdId=FSL1004&ofdBrdiSeq=47659&ofdBrdiDtsClsCd=507,원문,[2019] 해외재정동향 8월 1호,[2019] 해외재정동향 8월 1호.pdf,FI000000004765961863,1,원문 우선(목차 파일 제외),files/05_507_해외재정동향/2019-08-16_47659_[2019] 해외재정동향 8월 1호.pdf,1009568,0fd55797448b788b7cb17ef390011898a312a98400377838a4dad25f77ebe722,downloaded,
507,해외재정동향,32,47613,FSL1004,[2019] 해외재정동향 7월 2호,2019-08-01,조세재정연구원,https://www.openfiscaldata.go.kr/op/ko/fd/UOPKOFDA02?pageIndex=1&pageSize=8&ofdBrdId=FSL1004&ofdBrdiSeq=47613&ofdBrdiDtsClsCd=507,원문,[2019] 해외재정동향 7월 2호,[2019] 해외경재동향 7월 2호.pdf,FI000000004761361808,1,원문 우선(목차 파일 제외),files/05_507_해외재정동향/2019-08-01_47613_[2019] 해외재정동향 7월 2호.pdf,1444765,124a05082866ca4307138d63056769ba20787afcde9e31b343395ae6629c9683,downloaded,
507,해외재정동향,32,47584,FSL1004,[2019] 해외재정동향 7월 1호,2019-07-19,조세재정연구원,https://www.openfiscaldata.go.kr/op/ko/fd/UOPKOFDA02?pageIndex=1&pageSize=8&ofdBrdId=FSL1004&ofdBrdiSeq=47584&ofdBrdiDtsClsCd=507,원문,[2019] 해외재정동향 7월 1호,[2019] 해외경재동향 7월 1호.pdf,FI000000004758461778,1,원문 우선(목차 파일 제외),files/05_507_해외재정동향/2019-07-19_47584_[2019] 해외재정동향 7월 1호.pdf,1315699,0873adaff4bf8d8e85f61762e6e283ae6e701f0d61441b019e93be5fb498b593,downloaded,
507,해외재정동향,32,47485,FSL1004,[2019] 해외재정동향 6월 2호,2019-06-28,조세재정연구원,https://www.openfiscaldata.go.kr/op/ko/fd/UOPKOFDA02?pageIndex=1&pageSize=8&ofdBrdId=FSL1004&ofdBrdiSeq=47485&ofdBrdiDtsClsCd=507,원문,[2019] 해외재정동향 6월2호,[2019] 해외경재동향 6월2호.pdf,FI000000004748561653,1,원문 우선(목차 파일 제외),files/05_507_해외재정동향/2019-06-28_47485_[2019] 해외재정동향 6월 2호.pdf,1048428,c1e4d9c25f0676630e91e4e47576fe7bb61509d661e0877ff496b16de4c368b0,downloaded,
507,해외재정동향,32,47482,FSL1004,[2019] 해외재정동향 6월 1호,2019-06-18,조세재정연구원,https://www.openfiscaldata.go.kr/op/ko/fd/UOPKOFDA02?pageIndex=1&pageSize=8&ofdBrdId=FSL1004&ofdBrdiSeq=47482&ofdBrdiDtsClsCd=507,원문,[2019] 해외재정동향 6월 1호,[2019] 해외경재동향 6월 1호.pdf,FI000000004748261642,1,원문 우선(목차 파일 제외),files/05_507_해외재정동향/2019-06-18_47482_[2019] 해외재정동향 6월 1호.pdf,1112706,48e0bfb536f97e249150dbf56ffd9769b5a837a9c1e91622318f43d1dd96fe83,downloaded,
507,해외재정동향,32,47430,FSL1004,[2019] 해외재정동향 5월 2호,2019-05-31,조세재정연구원,https://www.openfiscaldata.go.kr/op/ko/fd/UOPKOFDA02?pageIndex=1&pageSize=8&ofdBrdId=FSL1004&ofdBrdiSeq=47430&ofdBrdiDtsClsCd=507,원문,[2019] 해외재정동향 5월 2호,[2019] 해외경재동향 5월 2호.pdf,FI000000004743061546,1,원문 우선(목차 파일 제외),files/05_507_해외재정동향/2019-05-31_47430_[2019] 해외재정동향 5월 2호.pdf,1107946,22512c706e2c6251d09f4b001b9afbeb32429e6a710541a2bc04d05ea87b9019,downloaded,
507,해외재정동향,32,47428,FSL1004,[2019] 해외재정동향 5월 1호,2019-05-16,조세재정연구원,https://www.openfiscaldata.go.kr/op/ko/fd/UOPKOFDA02?pageIndex=1&pageSize=8&ofdBrdId=FSL1004&ofdBrdiSeq=47428&ofdBrdiDtsClsCd=507,원문,[2019] 해외재정동향 5월 1호,[2019] 해외경재동향 5월 1호.pdf,FI000000004742861537,1,원문 우선(목차 파일 제외),files/05_507_해외재정동향/2019-05-16_47428_[2019] 해외재정동향 5월 1호.pdf,1257674,0f7a4d9150dc6e9bd3a5cc7fc2d203ff2702bf496421b71c69863c4ab251d2b2,downloaded,
507,해외재정동향,32,47351,FSL1004,[2019] 해외재정동향 4월 2호,2019-05-03,조세재정연구원,https://www.openfiscaldata.go.kr/op/ko/fd/UOPKOFDA02?pageIndex=1&pageSize=8&ofdBrdId=FSL1004&ofdBrdiSeq=47351&ofdBrdiDtsClsCd=507,원문,[2019] 해외재정동향 4월 2호,[2019] 해외재정동향 4월 2호.pdf,FI000000004735161417,1,원문 우선(목차 파일 제외),files/05_507_해외재정동향/2019-05-03_47351_[2019] 해외재정동향 4월 2호.pdf,1469804,be334eea6e43b6f4af2d529d9120571ae7820f95ca5f0b1ae0f98d1383079c67,downloaded,
507,해외재정동향,32,47283,FSL1004,[2019] 해외재정동향 4월 1호,2019-04-18,조세재정연구원,https://www.openfiscaldata.go.kr/op/ko/fd/UOPKOFDA02?pageIndex=1&pageSize=8&ofdBrdId=FSL1004&ofdBrdiSeq=47283&ofdBrdiDtsClsCd=507,원문,[2019] 해외재정동향 4월 1호,[2019] 해외재정동향 4월 1호.pdf,FI000000004728361331,1,원문 우선(목차 파일 제외),files/05_507_해외재정동향/2019-04-18_47283_[2019] 해외재정동향 4월 1호.pdf,1151195,a0b35ec38c183a309423f1892ad78a1de40d17800f11ff575c76cd05557efb22,downloaded,
507,해외재정동향,32,47197,FSL1004,[2019] 해외재정동향 3월 2호,2019-03-28,조세재정연구원,https://www.openfiscaldata.go.kr/op/ko/fd/UOPKOFDA02?pageIndex=1&pageSize=8&ofdBrdId=FSL1004&ofdBrdiSeq=47197&ofdBrdiDtsClsCd=507,원문,[2019] 해외재정동향 3월 2호,[2019] 해외재정동향 3월 2호.pdf,FI000000004719761213,1,원문 우선(목차 파일 제외),files/05_507_해외재정동향/2019-03-28_47197_[2019] 해외재정동향 3월 2호.pdf,1284325,42354a71543c9a446011825cfc9921a7f710c3d7316e0698b599efeb0ab8f326,downloaded,
507,해외재정동향,32,47152,FSL1004,[2019] 해외재정동향 3월 1호,2019-03-18,조세재정연구원,https://www.openfiscaldata.go.kr/op/ko/fd/UOPKOFDA02?pageIndex=1&pageSize=8&ofdBrdId=FSL1004&ofdBrdiSeq=47152&ofdBrdiDtsClsCd=507,원문,[2019] 해외재정동향 3월 1호,[2019] 해외재정동향 3월 1호.pdf,FI000000004715261170,1,원문 우선(목차 파일 제외),files/05_507_해외재정동향/2019-03-18_47152_[2019] 해외재정동향 3월 1호.pdf,1140213,61a673396a58aa8a6b16dc095e49c0f082b2020306d0261b242956b735133dec,downloaded,
507,해외재정동향,32,47095,FSL1004,[2019] 해외재정동향 2월 2호,2019-02-28,조세재정연구원,https://www.openfiscaldata.go.kr/op/ko/fd/UOPKOFDA02?pageIndex=1&pageSize=8&ofdBrdId=FSL1004&ofdBrdiSeq=47095&ofdBrdiDtsClsCd=507,원문,[2019] 해외재정동향 2월 2호,[2019] 해외재정동향 2월 2호.pdf,FI000000004709561104,1,원문 우선(목차 파일 제외),files/05_507_해외재정동향/2019-02-28_47095_[2019] 해외재정동향 2월 2호.pdf,944166,42def932449013cbe7d31c9866dae456360b85b8b8f4d2731c0d6e1960fbe72c,downloaded,
507,해외재정동향,32,47055,FSL1004,[2019] 해외재정동향 2월 1호,2019-02-15,조세재정연구원,https://www.openfiscaldata.go.kr/op/ko/fd/UOPKOFDA02?pageIndex=1&pageSize=8&ofdBrdId=FSL1004&ofdBrdiSeq=47055&ofdBrdiDtsClsCd=507,원문,[2019] 해외경제동향 2월 1호,[2019] 해외경제동향 2월 1호.pdf,FI000000004705561041,1,원문 우선(목차 파일 제외),files/05_507_해외재정동향/2019-02-15_47055_[2019] 해외재정동향 2월 1호.pdf,1029346,2ede6493d465a3a4ccbb6aff79f5af49ef764bf26a9e253c4a67502d78371613,downloaded,
507,해외재정동향,32,47024,FSL1004,[2019] 해외재정동향 1월 2호,2019-02-01,조세재정연구원,https://www.openfiscaldata.go.kr/op/ko/fd/UOPKOFDA02?pageIndex=1&pageSize=8&ofdBrdId=FSL1004&ofdBrdiSeq=47024&ofdBrdiDtsClsCd=507,원문,[2019] 해외재정동향 1월 2호,[2019] 해외재정동향 1월 2호.pdf,FI000000004702460981,1,원문 우선(목차 파일 제외),files/05_507_해외재정동향/2019-02-01_47024_[2019] 해외재정동향 1월 2호.pdf,1086346,0b7132f0ef8a74fdb2016cc048f82ee5d14503b0f4d293fc0fe0b2381d854762,downloaded,
507,해외재정동향,32,46991,FSL1004,[2019] 해외재정동향 1월 1호,2019-01-18,조세재정연구원,https://www.openfiscaldata.go.kr/op/ko/fd/UOPKOFDA02?pageIndex=1&pageSize=8&ofdBrdId=FSL1004&ofdBrdiSeq=46991&ofdBrdiDtsClsCd=507,원문,[2019] 해외재정동향 1월 1호,[2019] 해외재정동향 1월 1호.pdf,FI000000004699160944,1,원문 우선(목차 파일 제외),files/05_507_해외재정동향/2019-01-18_46991_[2019] 해외재정동향 1월 1호.pdf,990589,53d33c8d92aa715a1eb6364ce07aad851836195c6934a3ed9dabee65073a57ac,downloaded,
507,해외재정동향,32,46829,FSL1004,[2018] 해외재정동향 11월 2호,2018-11-29,조세재정연구원,https://www.openfiscaldata.go.kr/op/ko/fd/UOPKOFDA02?pageIndex=1&pageSize=8&ofdBrdId=FSL1004&ofdBrdiSeq=46829&ofdBrdiDtsClsCd=507,원문,[2018] 해외재정동향 11월 2호,[2018] 해외재정동향 11월 2호.pdf,FI000000004682960745,1,원문 우선(목차 파일 제외),files/05_507_해외재정동향/2018-11-29_46829_[2018] 해외재정동향 11월 2호.pdf,966425,e54a433f31ff8e6dc59ffce3e6ee634c76658b56e94cb342db154bd0cc2577c3,downloaded,
507,해외재정동향,32,46791,FSL1004,[2018] 해외재정동향 11월 1호,2018-11-15,조세재정연구원,https://www.openfiscaldata.go.kr/op/ko/fd/UOPKOFDA02?pageIndex=1&pageSize=8&ofdBrdId=FSL1004&ofdBrdiSeq=46791&ofdBrdiDtsClsCd=507,원문,2018년 재정동향 11월 1호,2018년 재정동향 11월 1호.pdf,FI000000004679160684,1,원문 우선(목차 파일 제외),files/05_507_해외재정동향/2018-11-15_46791_[2018] 해외재정동향 11월 1호.pdf,730394,e8a209315e710e010e341a5e7b944e74c39190f54f46850ae5479ef25774b2bc,downloaded,
507,해외재정동향,32,46751,FSL1004,[2018] 해외재정동향 10월 2호,2018-11-02,조세재정연구원,https://www.openfiscaldata.go.kr/op/ko/fd/UOPKOFDA02?pageIndex=1&pageSize=8&ofdBrdId=FSL1004&ofdBrdiSeq=46751&ofdBrdiDtsClsCd=507,원문,2018년 재정동향 10월 2호,2018년 재정동향 10월 2호.pdf,FI000000004675160653,1,원문 우선(목차 파일 제외),files/05_507_해외재정동향/2018-11-02_46751_[2018] 해외재정동향 10월 2호.pdf,1033925,1b46ecba81d749cb2ac6e6d0b954de34e7e186843a911d931462b7b06a92ba61,downloaded,
507,해외재정동향,32,46698,FSL1004,[2018] 해외재정동향 10월 1호,2018-10-19,조세재정연구원,https://www.openfiscaldata.go.kr/op/ko/fd/UOPKOFDA02?pageIndex=1&pageSize=8&ofdBrdId=FSL1004&ofdBrdiSeq=46698&ofdBrdiDtsClsCd=507,원문,2018년 재정동향 10월 1호,2018년 재정동향 10월 1호.pdf,FI000000004669860598,1,원문 우선(목차 파일 제외),files/05_507_해외재정동향/2018-10-19_46698_[2018] 해외재정동향 10월 1호.pdf,1095583,45fb8d05f9746e9397d07946c979a55083ae1358a46d2b129b59d6c69f059327,downloaded,
507,해외재정동향,32,46645,FSL1004,[2018] 해외재정동향 9월 2호,2018-10-05,조세재정연구원,https://www.openfiscaldata.go.kr/op/ko/fd/UOPKOFDA02?pageIndex=1&pageSize=8&ofdBrdId=FSL1004&ofdBrdiSeq=46645&ofdBrdiDtsClsCd=507,원문,2018년 재정동향 9월 2호,2018년 재정동향 9월 2호.pdf,FI000000004664560525,1,원문 우선(목차 파일 제외),files/05_507_해외재정동향/2018-10-05_46645_[2018] 해외재정동향 9월 2호.pdf,970381,53b824280c18b2239e39eee6b3b59d899c374744c88ddc6f3308f5730907790e,downloaded,
507,해외재정동향,32,46575,FSL1004,[2018] 해외재정동향 9월 1호,2018-09-17,조세재정연구원,https://www.openfiscaldata.go.kr/op/ko/fd/UOPKOFDA02?pageIndex=1&pageSize=8&ofdBrdId=FSL1004&ofdBrdiSeq=46575&ofdBrdiDtsClsCd=507,원문,2018년 재정동향 9월1호,2018년 재정동향 9월1호.pdf,FI000000004657560442,1,원문 우선(목차 파일 제외),files/05_507_해외재정동향/2018-09-17_46575_[2018] 해외재정동향 9월 1호.pdf,830114,e9d4763a7b13b2b7401c6c0a1274d8a38e483194e0d66ff26aaf24fa38473d2f,downloaded,
507,해외재정동향,32,46532,FSL1004,[2018] 해외재정동향 8월 2호,2018-09-03,조세재정연구원,https://www.openfiscaldata.go.kr/op/ko/fd/UOPKOFDA02?pageIndex=1&pageSize=8&ofdBrdId=FSL1004&ofdBrdiSeq=46532&ofdBrdiDtsClsCd=507,원문,2018년 재정동향 8월2호,2018년 재정동향 8월2호.pdf,FI000000004653260387,1,원문 우선(목차 파일 제외),files/05_507_해외재정동향/2018-09-03_46532_[2018] 해외재정동향 8월 2호.pdf,1109709,ba1106490763c8df8f57990bedf019e691dd9bdfe173f351dfb148124127b950,downloaded,
507,해외재정동향,32,46468,FSL1004,[2018] 해외재정동향 8월 1호,2018-08-22,조세재정연구원,https://www.openfiscaldata.go.kr/op/ko/fd/UOPKOFDA02?pageIndex=1&pageSize=8&ofdBrdId=FSL1004&ofdBrdiSeq=46468&ofdBrdiDtsClsCd=507,원문,2018년 재정동향 8월1호,2018년 재정동향 8월1호.pdf,FI000000004646860310,1,원문 우선(목차 파일 제외),files/05_507_해외재정동향/2018-08-22_46468_[2018] 해외재정동향 8월 1호.pdf,952661,1aa6eb5cdfdde417ac48eb8f3298762146de6f9996d0e13b557de1c7d94b8810,downloaded,
507,해외재정동향,32,46419,FSL1004,[2018] 해외재정동향 7월 2호,2018-08-01,조세재정연구원,https://www.openfiscaldata.go.kr/op/ko/fd/UOPKOFDA02?pageIndex=1&pageSize=8&ofdBrdId=FSL1004&ofdBrdiSeq=46419&ofdBrdiDtsClsCd=507,원문,2018년 재정동향 7월2호,2018년 재정동향 7월2호.pdf,FI000000004641960255,1,원문 우선(목차 파일 제외),files/05_507_해외재정동향/2018-08-01_46419_[2018] 해외재정동향 7월 2호.pdf,1006603,3c964c8cfddccf1aa750254c560094d24c6e740f905770d0d09b0bd8883f4d69,downloaded,
507,해외재정동향,32,46369,FSL1004,[2018] 해외재정동향 7월 1호,2018-07-20,조세재정연구원,https://www.openfiscaldata.go.kr/op/ko/fd/UOPKOFDA02?pageIndex=1&pageSize=8&ofdBrdId=FSL1004&ofdBrdiSeq=46369&ofdBrdiDtsClsCd=507,원문,2018년 재정동향 7월1호,2018년 재정동향 7월1호.pdf,FI000000004636960192,1,원문 우선(목차 파일 제외),files/05_507_해외재정동향/2018-07-20_46369_[2018] 해외재정동향 7월 1호.pdf,1315303,3df4c924062372c8596ccc3c33f09c0a59054262cac27bbc64724bc646e6704b,downloaded,
507,해외재정동향,32,46185,FSL1004,[2018] 해외재정동향 5월 2호,2018-06-01,조세재정연구원,https://www.openfiscaldata.go.kr/op/ko/fd/UOPKOFDA02?pageIndex=1&pageSize=8&ofdBrdId=FSL1004&ofdBrdiSeq=46185&ofdBrdiDtsClsCd=507,원문,2018년 재정동향 5월2호,2018년 재정동향 5월2호.pdf,FI000000004618559877,1,원문 우선(목차 파일 제외),files/05_507_해외재정동향/2018-06-01_46185_[2018] 해외재정동향 5월 2호.pdf,1014811,681dadfa3aa42edf941111fb3c1f1f3f5edcad4b4a9708d5d00381eff2d92379,downloaded,
507,해외재정동향,32,46135,FSL1004,[2018] 해외재정동향 5월 1호,2018-05-18,조세재정연구원,https://www.openfiscaldata.go.kr/op/ko/fd/UOPKOFDA02?pageIndex=1&pageSize=8&ofdBrdId=FSL1004&ofdBrdiSeq=46135&ofdBrdiDtsClsCd=507,원문,2018년 재정동향 5월1호,2018년 재정동향 5월1호.pdf,FI000000004613559811,1,원문 우선(목차 파일 제외),files/05_507_해외재정동향/2018-05-18_46135_[2018] 해외재정동향 5월 1호.pdf,1348355,4d4e4a69f4e9de6bc0c3c6b6cee49352c3ca4b34bdafaaa933ba066a09f38cb8,downloaded,
507,해외재정동향,32,46097,FSL1004,[2018] 해외재정동향 4월 2호,2018-05-03,조세재정연구원,https://www.openfiscaldata.go.kr/op/ko/fd/UOPKOFDA02?pageIndex=1&pageSize=8&ofdBrdId=FSL1004&ofdBrdiSeq=46097&ofdBrdiDtsClsCd=507,원문,2018년 재정동향 4월1호,2018년 재정동향 4월1호.pdf,FI000000004609759753,1,원문 우선(목차 파일 제외),files/05_507_해외재정동향/2018-05-03_46097_[2018] 해외재정동향 4월 2호.pdf,943674,b0fe2684cd98bd90e36d485787d3de348a88181268967825751c33809fa7040f,downloaded,
507,해외재정동향,32,45941,FSL1004,[2018] 해외재정동향 4월 1호,2018-04-17,조세재정연구원,https://www.openfiscaldata.go.kr/op/ko/fd/UOPKOFDA02?pageIndex=1&pageSize=8&ofdBrdId=FSL1004&ofdBrdiSeq=45941&ofdBrdiDtsClsCd=507,원문,2018년 재정동향 4월1호,2018년 재정동향 4월1호.pdf,FI000000004594159670,1,원문 우선(목차 파일 제외),files/05_507_해외재정동향/2018-04-17_45941_[2018] 해외재정동향 4월 1호.pdf,943674,b0fe2684cd98bd90e36d485787d3de348a88181268967825751c33809fa7040f,downloaded,
507,해외재정동향,32,45872,FSL1004,[2018] 해외재정동향 3월 2호,2018-03-30,조세재정연구원,https://www.openfiscaldata.go.kr/op/ko/fd/UOPKOFDA02?pageIndex=1&pageSize=8&ofdBrdId=FSL1004&ofdBrdiSeq=45872&ofdBrdiDtsClsCd=507,원문,2018년 재정동향 3월2호,2018년 재정동향 3월2호.pdf,FI000000004587259594,1,원문 우선(목차 파일 제외),files/05_507_해외재정동향/2018-03-30_45872_[2018] 해외재정동향 3월 2호.pdf,917935,028d13da33429cbe835db22d15a1f81e01528d7cec0b165a7bbd23757a88c34b,downloaded,
507,해외재정동향,32,45800,FSL1004,[2018] 해외재정동향 3월 1호,2018-03-16,조세재정연구원,https://www.openfiscaldata.go.kr/op/ko/fd/UOPKOFDA02?pageIndex=1&pageSize=8&ofdBrdId=FSL1004&ofdBrdiSeq=45800&ofdBrdiDtsClsCd=507,원문,2018년 재정동향 3월1호,2018년 재정동향 3월1호.pdf,FI000000004580059519,1,원문 우선(목차 파일 제외),files/05_507_해외재정동향/2018-03-16_45800_[2018] 해외재정동향 3월 1호.pdf,1105637,41a7bf08301a9af6b12dfb53333ebca4db6e67ab0191796420d7732197b07bb0,downloaded,
507,해외재정동향,32,45754,FSL1004,[2018] 해외재정동향 2월 2호,2018-02-28,조세재정연구원,https://www.openfiscaldata.go.kr/op/ko/fd/UOPKOFDA02?pageIndex=1&pageSize=8&ofdBrdId=FSL1004&ofdBrdiSeq=45754&ofdBrdiDtsClsCd=507,원문,2018년 재정동향 2월2호,2018년 재정동향 2월2호.pdf,FI000000004575459471,1,원문 우선(목차 파일 제외),files/05_507_해외재정동향/2018-02-28_45754_[2018] 해외재정동향 2월 2호.pdf,1023376,0856c12ae9fab83f2b9dc0383a26ab6f2d50b0194a642e1fd702a6ecbf96d69b,downloaded,
507,해외재정동향,32,45637,FSL1004,[2018] 해외재정동향 2월 1호,2018-02-14,조세재정연구원,https://www.openfiscaldata.go.kr/op/ko/fd/UOPKOFDA02?pageIndex=1&pageSize=8&ofdBrdId=FSL1004&ofdBrdiSeq=45637&ofdBrdiDtsClsCd=507,원문,2018년 재정동향 2월1호,2018년 재정동향 2월1호.pdf,FI000000004563759405,1,원문 우선(목차 파일 제외),files/05_507_해외재정동향/2018-02-14_45637_[2018] 해외재정동향 2월 1호.pdf,1050880,873c20169841c19769542bfd1375470cf7a941aaa76c5939a0d3417f6509d003,downloaded,
507,해외재정동향,32,45532,FSL1004,[2018] 해외재정동향 1월 2호,2018-02-01,조세재정연구원,https://www.openfiscaldata.go.kr/op/ko/fd/UOPKOFDA02?pageIndex=1&pageSize=8&ofdBrdId=FSL1004&ofdBrdiSeq=45532&ofdBrdiDtsClsCd=507,원문,2018년 재정동향 1월2호,2018년 재정동향 1월2호.pdf,FI000000004553259333,1,원문 우선(목차 파일 제외),files/05_507_해외재정동향/2018-02-01_45532_[2018] 해외재정동향 1월 2호.pdf,1194671,30cb5c91dff62054e4b13d1811cce0c2771c14f1da0527cc5d5a3ef43db99ec0,downloaded,
507,해외재정동향,32,45492,FSL1004,[2018] 해외재정동향 1월 1호,2018-01-17,조세재정연구원,https://www.openfiscaldata.go.kr/op/ko/fd/UOPKOFDA02?pageIndex=1&pageSize=8&ofdBrdId=FSL1004&ofdBrdiSeq=45492&ofdBrdiDtsClsCd=507,원문,2018년 재정동향 1월 1호,2018년 재정동향 1월 1호.pdf,FI000000004549259278,1,원문 우선(목차 파일 제외),files/05_507_해외재정동향/2018-01-17_45492_[2018] 해외재정동향 1월 1호.pdf,1043076,c91b621c3aa83d49d1ca0117c1b28d79640aab6fe327a2ef3878aaf2213e22e2,downloaded,
507,해외재정동향,32,45284,FSL1004,[2017] 해외재정동향,2017-01-20,조세재정연구원,https://www.openfiscaldata.go.kr/op/ko/fd/UOPKOFDA02?pageIndex=1&pageSize=8&ofdBrdId=FSL1004&ofdBrdiSeq=45284&ofdBrdiDtsClsCd=507,목차,2017년 재정동향 1월 2호,재정동향 2017년 1월 2호_재정지출분석센터_20170120.pdf,FI000000004528457922,1,원문 없음: 표지를 제외한 제공 파일 다운로드,files/05_507_해외재정동향/2017-01-20_45284_[2017] 해외재정동향/01_목차_2017년 재정동향 1월 2호.pdf,1140360,1f1e464a1add38149a078b22daf25c209f2f271c6e773faa0cc0cbed72ff0f62,downloaded,
507,해외재정동향,32,45284,FSL1004,[2017] 해외재정동향,2017-01-20,조세재정연구원,https://www.openfiscaldata.go.kr/op/ko/fd/UOPKOFDA02?pageIndex=1&pageSize=8&ofdBrdId=FSL1004&ofdBrdiSeq=45284&ofdBrdiDtsClsCd=507,목차,2017년 재정동향 2월 1호,2017년 재정동향 2월 1호.pdf,FI000000004528457922,2,원문 없음: 표지를 제외한 제공 파일 다운로드,files/05_507_해외재정동향/2017-01-20_45284_[2017] 해외재정동향/02_목차_2017년 재정동향 2월 1호.pdf,1106204,1b43fba2526c16ccfdbfce6f2deca1083a0c344f027a07925c2492343dcf392f,downloaded,
507,해외재정동향,32,45284,FSL1004,[2017] 해외재정동향,2017-01-20,조세재정연구원,https://www.openfiscaldata.go.kr/op/ko/fd/UOPKOFDA02?pageIndex=1&pageSize=8&ofdBrdId=FSL1004&ofdBrdiSeq=45284&ofdBrdiDtsClsCd=507,목차,2017년 재정동향 2월 2호,2017년 재정동향 2월 2호.pdf,FI000000004528457922,3,원문 없음: 표지를 제외한 제공 파일 다운로드,files/05_507_해외재정동향/2017-01-20_45284_[2017] 해외재정동향/03_목차_2017년 재정동향 2월 2호.pdf,968400,d37267aad17471db0bd84563681fa43db37064875a4505d0a14cac507e0ff945,downloaded,
507,해외재정동향,32,45284,FSL1004,[2017] 해외재정동향,2017-01-20,조세재정연구원,https://www.openfiscaldata.go.kr/op/ko/fd/UOPKOFDA02?pageIndex=1&pageSize=8&ofdBrdId=FSL1004&ofdBrdiSeq=45284&ofdBrdiDtsClsCd=507,목차,2017년 재정동향 3월 1호,2017년 재정동향 3월 1호.pdf,FI000000004528457922,4,원문 없음: 표지를 제외한 제공 파일 다운로드,files/05_507_해외재정동향/2017-01-20_45284_[2017] 해외재정동향/04_목차_2017년 재정동향 3월 1호.pdf,786748,e2b5543347e573d76506226d5f6fb0313e3451a23ac6b4f68081d8544d772092,downloaded,
507,해외재정동향,32,45284,FSL1004,[2017] 해외재정동향,2017-01-20,조세재정연구원,https://www.openfiscaldata.go.kr/op/ko/fd/UOPKOFDA02?pageIndex=1&pageSize=8&ofdBrdId=FSL1004&ofdBrdiSeq=45284&ofdBrdiDtsClsCd=507,목차,2017년 재정동향 3월 2호,2017년 재정동향 3월 2호.pdf,FI000000004528457922,5,원문 없음: 표지를 제외한 제공 파일 다운로드,files/05_507_해외재정동향/2017-01-20_45284_[2017] 해외재정동향/05_목차_2017년 재정동향 3월 2호.pdf,772720,19999b7fee937c1d3086b1482a2e4c578e4188a2786fa31211ebf4107721c1a8,downloaded,
507,해외재정동향,32,45284,FSL1004,[2017] 해외재정동향,2017-01-20,조세재정연구원,https://www.openfiscaldata.go.kr/op/ko/fd/UOPKOFDA02?pageIndex=1&pageSize=8&ofdBrdId=FSL1004&ofdBrdiSeq=45284&ofdBrdiDtsClsCd=507,목차,2017년 재정동향 4월호,2017년 재정동향 4월호.pdf,FI000000004528457922,6,원문 없음: 표지를 제외한 제공 파일 다운로드,files/05_507_해외재정동향/2017-01-20_45284_[2017] 해외재정동향/06_목차_2017년 재정동향 4월호.pdf,1198614,b748e49773374a1ba709e7be902401ef792797f6f8f1bde90063b01c86fc5cd2,downloaded,
507,해외재정동향,32,45284,FSL1004,[2017] 해외재정동향,2017-01-20,조세재정연구원,https://www.openfiscaldata.go.kr/op/ko/fd/UOPKOFDA02?pageIndex=1&pageSize=8&ofdBrdId=FSL1004&ofdBrdiSeq=45284&ofdBrdiDtsClsCd=507,목차,2017년 재정동향 5월호,2017년 재정동향 5월호.pdf,FI000000004528457922,7,원문 없음: 표지를 제외한 제공 파일 다운로드,files/05_507_해외재정동향/2017-01-20_45284_[2017] 해외재정동향/07_목차_2017년 재정동향 5월호.pdf,1297587,80683d4ffd729312a661f4ec82f1c265aa33678ba9035ca6d9b31e2ebd333af4,downloaded,
507,해외재정동향,32,45284,FSL1004,[2017] 해외재정동향,2017-01-20,조세재정연구원,https://www.openfiscaldata.go.kr/op/ko/fd/UOPKOFDA02?pageIndex=1&pageSize=8&ofdBrdId=FSL1004&ofdBrdiSeq=45284&ofdBrdiDtsClsCd=507,목차,2017년 상반기 재정동향,2017년 상반기 재정동향.pdf,FI000000004528457922,8,원문 없음: 표지를 제외한 제공 파일 다운로드,files/05_507_해외재정동향/2017-01-20_45284_[2017] 해외재정동향/08_목차_2017년 상반기 재정동향.pdf,4160091,a16e090e204b347f42230680f7cab9ecb03107224776c14d9de4661bb1cd9a3e,downloaded,
507,해외재정동향,32,45284,FSL1004,[2017] 해외재정동향,2017-01-20,조세재정연구원,https://www.openfiscaldata.go.kr/op/ko/fd/UOPKOFDA02?pageIndex=1&pageSize=8&ofdBrdId=FSL1004&ofdBrdiSeq=45284&ofdBrdiDtsClsCd=507,목차,2017년 재정동향 7월호,2017년 재정동향 7월호.pdf,FI000000004528457922,9,원문 없음: 표지를 제외한 제공 파일 다운로드,files/05_507_해외재정동향/2017-01-20_45284_[2017] 해외재정동향/09_목차_2017년 재정동향 7월호.pdf,1015303,130b3b09e80c30799115b43805892314618794e8908769952a5efbf8e7bb6c9c,downloaded,
507,해외재정동향,32,45284,FSL1004,[2017] 해외재정동향,2017-01-20,조세재정연구원,https://www.openfiscaldata.go.kr/op/ko/fd/UOPKOFDA02?pageIndex=1&pageSize=8&ofdBrdId=FSL1004&ofdBrdiSeq=45284&ofdBrdiDtsClsCd=507,목차,2017년 재정동향 8월호,2017년 재정동향 8월호.pdf,FI000000004528457922,10,원문 없음: 표지를 제외한 제공 파일 다운로드,files/05_507_해외재정동향/2017-01-20_45284_[2017] 해외재정동향/10_목차_2017년 재정동향 8월호.pdf,773672,c19b6b292b7f93aa9f5f81eab997b8edccf291288f5d1cc5e46f2ad44aee1454,downloaded,
507,해외재정동향,32,45284,FSL1004,[2017] 해외재정동향,2017-01-20,조세재정연구원,https://www.openfiscaldata.go.kr/op/ko/fd/UOPKOFDA02?pageIndex=1&pageSize=8&ofdBrdId=FSL1004&ofdBrdiSeq=45284&ofdBrdiDtsClsCd=507,목차,2017년 재정동향 9월호,2017년 재정동향 9월호.pdf,FI000000004528457922,11,원문 없음: 표지를 제외한 제공 파일 다운로드,files/05_507_해외재정동향/2017-01-20_45284_[2017] 해외재정동향/11_목차_2017년 재정동향 9월호.pdf,735113,c50ba92a88738eb69f3bd361037a1510b77f74db420bd29afa1dbac67085d946,downloaded,
507,해외재정동향,32,45284,FSL1004,[2017] 해외재정동향,2017-01-20,조세재정연구원,https://www.openfiscaldata.go.kr/op/ko/fd/UOPKOFDA02?pageIndex=1&pageSize=8&ofdBrdId=FSL1004&ofdBrdiSeq=45284&ofdBrdiDtsClsCd=507,목차,2017년 재정동향 11월 1호,2017년 재정동향 11월 1호.pdf,FI000000004528457922,12,원문 없음: 표지를 제외한 제공 파일 다운로드,files/05_507_해외재정동향/2017-01-20_45284_[2017] 해외재정동향/12_목차_2017년 재정동향 11월 1호.pdf,1416813,16afbd78d2efc86d0c362a7fdb37a053e2aaa6f0c3289395df8bbde59f78e7ee,downloaded,
507,해외재정동향,32,45264,FSL1004,[2016] 해외재정동향,2016-01-15,조세재정연구원,https://www.openfiscaldata.go.kr/op/ko/fd/UOPKOFDA02?pageIndex=1&pageSize=8&ofdBrdId=FSL1004&ofdBrdiSeq=45264&ofdBrdiDtsClsCd=507,목차,2016년 재정동향 1월 2호,재정동향 2016년 1월 2호_재정지출분석센터_20150115.pdf,FI000000004526454718,1,원문 없음: 표지를 제외한 제공 파일 다운로드,files/05_507_해외재정동향/2016-01-15_45264_[2016] 해외재정동향/01_목차_2016년 재정동향 1월 2호.pdf,1242104,f2ac4b2e5483345c69c934978e7dff0766cfa6896bfb67f18a06e5678a398db6,downloaded,
507,해외재정동향,32,45264,FSL1004,[2016] 해외재정동향,2016-01-15,조세재정연구원,https://www.openfiscaldata.go.kr/op/ko/fd/UOPKOFDA02?pageIndex=1&pageSize=8&ofdBrdId=FSL1004&ofdBrdiSeq=45264&ofdBrdiDtsClsCd=507,목차,2016년 재정동향 2월 1호,2016년 재정동향 2월 1호.pdf,FI000000004526454718,2,원문 없음: 표지를 제외한 제공 파일 다운로드,files/05_507_해외재정동향/2016-01-15_45264_[2016] 해외재정동향/02_목차_2016년 재정동향 2월 1호.pdf,1725079,847407a94c376a747ca089827847c97f026df9ebf9fde844d5b6ec3dc347bf7c,downloaded,
507,해외재정동향,32,45264,FSL1004,[2016] 해외재정동향,2016-01-15,조세재정연구원,https://www.openfiscaldata.go.kr/op/ko/fd/UOPKOFDA02?pageIndex=1&pageSize=8&ofdBrdId=FSL1004&ofdBrdiSeq=45264&ofdBrdiDtsClsCd=507,목차,2016년 재정동향 2월 2호,2016년 재정동향 2월 2호.pdf,FI000000004526454718,3,원문 없음: 표지를 제외한 제공 파일 다운로드,files/05_507_해외재정동향/2016-01-15_45264_[2016] 해외재정동향/03_목차_2016년 재정동향 2월 2호.pdf,1916335,b37f76b011fe2a0f233ec1cda0d36c657eeff6f891c256ebd2c3e7d847240ce7,downloaded,
507,해외재정동향,32,45264,FSL1004,[2016] 해외재정동향,2016-01-15,조세재정연구원,https://www.openfiscaldata.go.kr/op/ko/fd/UOPKOFDA02?pageIndex=1&pageSize=8&ofdBrdId=FSL1004&ofdBrdiSeq=45264&ofdBrdiDtsClsCd=507,목차,2016년 재정동향 3월 1호,2016년 재정동향 3월 1호.pdf,FI000000004526454718,4,원문 없음: 표지를 제외한 제공 파일 다운로드,files/05_507_해외재정동향/2016-01-15_45264_[2016] 해외재정동향/04_목차_2016년 재정동향 3월 1호.pdf,1317715,894843e24c6aba71b0236babddd8be4c2f9a42ffb6a12ffa54f031083c9c537c,downloaded,
507,해외재정동향,32,45264,FSL1004,[2016] 해외재정동향,2016-01-15,조세재정연구원,https://www.openfiscaldata.go.kr/op/ko/fd/UOPKOFDA02?pageIndex=1&pageSize=8&ofdBrdId=FSL1004&ofdBrdiSeq=45264&ofdBrdiDtsClsCd=507,목차,2016년 재정동향 3월 2호,2016년 재정동향 3월 2호.pdf,FI000000004526454718,5,원문 없음: 표지를 제외한 제공 파일 다운로드,files/05_507_해외재정동향/2016-01-15_45264_[2016] 해외재정동향/05_목차_2016년 재정동향 3월 2호.pdf,1336614,f862c60d6414aa30e3ec3e9c41ba7ebfc21e96bad1955292b87659c7b0a5f3c0,downloaded,
507,해외재정동향,32,45264,FSL1004,[2016] 해외재정동향,2016-01-15,조세재정연구원,https://www.openfiscaldata.go.kr/op/ko/fd/UOPKOFDA02?pageIndex=1&pageSize=8&ofdBrdId=FSL1004&ofdBrdiSeq=45264&ofdBrdiDtsClsCd=507,목차,2016년 재정동향 4월 1호,2016년 재정동향 4월 1호.pdf,FI000000004526454718,6,원문 없음: 표지를 제외한 제공 파일 다운로드,files/05_507_해외재정동향/2016-01-15_45264_[2016] 해외재정동향/06_목차_2016년 재정동향 4월 1호.pdf,1625309,a111e80097e77224f4f2277027f087a46a220cee3a3280ecf30e61468a33d329,downloaded,
507,해외재정동향,32,45264,FSL1004,[2016] 해외재정동향,2016-01-15,조세재정연구원,https://www.openfiscaldata.go.kr/op/ko/fd/UOPKOFDA02?pageIndex=1&pageSize=8&ofdBrdId=FSL1004&ofdBrdiSeq=45264&ofdBrdiDtsClsCd=507,목차,2016년 재정동향 4월 2호,2016년 재정동향 4월 2호.pdf,FI000000004526454718,7,원문 없음: 표지를 제외한 제공 파일 다운로드,files/05_507_해외재정동향/2016-01-15_45264_[2016] 해외재정동향/07_목차_2016년 재정동향 4월 2호.pdf,1675037,1cd61a30da01d3a0a2228a4f9f1f4a7b9140c869a9cce0ae75de2b076f8df505,downloaded,
507,해외재정동향,32,45264,FSL1004,[2016] 해외재정동향,2016-01-15,조세재정연구원,https://www.openfiscaldata.go.kr/op/ko/fd/UOPKOFDA02?pageIndex=1&pageSize=8&ofdBrdId=FSL1004&ofdBrdiSeq=45264&ofdBrdiDtsClsCd=507,목차,2016년 재정동향 5월 1호,2016년 재정동향 5월 1호.pdf,FI000000004526454718,8,원문 없음: 표지를 제외한 제공 파일 다운로드,files/05_507_해외재정동향/2016-01-15_45264_[2016] 해외재정동향/08_목차_2016년 재정동향 5월 1호.pdf,1377483,2f015050ef3c557dd5d12879c1a14e1d8992f6384cc74c314c89726f88a069af,downloaded,
507,해외재정동향,32,45264,FSL1004,[2016] 해외재정동향,2016-01-15,조세재정연구원,https://www.openfiscaldata.go.kr/op/ko/fd/UOPKOFDA02?pageIndex=1&pageSize=8&ofdBrdId=FSL1004&ofdBrdiSeq=45264&ofdBrdiDtsClsCd=507,목차,2016년 재정동향 5월 2호,2016년 재정동향 5월 2호.pdf,FI000000004526454718,9,원문 없음: 표지를 제외한 제공 파일 다운로드,files/05_507_해외재정동향/2016-01-15_45264_[2016] 해외재정동향/09_목차_2016년 재정동향 5월 2호.pdf,1805903,613e0228101c928de43462f49945f606855943679f022087019c243577e7ea8a,downloaded,
507,해외재정동향,32,45264,FSL1004,[2016] 해외재정동향,2016-01-15,조세재정연구원,https://www.openfiscaldata.go.kr/op/ko/fd/UOPKOFDA02?pageIndex=1&pageSize=8&ofdBrdId=FSL1004&ofdBrdiSeq=45264&ofdBrdiDtsClsCd=507,목차,2016년 재정동향 6월 1호,2016년 재정동향 6월 1호.pdf,FI000000004526454718,10,원문 없음: 표지를 제외한 제공 파일 다운로드,files/05_507_해외재정동향/2016-01-15_45264_[2016] 해외재정동향/10_목차_2016년 재정동향 6월 1호.pdf,1804059,5a0daed20a3aa101619ec25b0d84eb829bb6fbe37ebc16ade8e69f612daf9b75,downloaded,
507,해외재정동향,32,45264,FSL1004,[2016] 해외재정동향,2016-01-15,조세재정연구원,https://www.openfiscaldata.go.kr/op/ko/fd/UOPKOFDA02?pageIndex=1&pageSize=8&ofdBrdId=FSL1004&ofdBrdiSeq=45264&ofdBrdiDtsClsCd=507,목차,2016년 재정동향 7월 2호,2016년 재정동향 7월 2호.pdf,FI000000004526454718,11,원문 없음: 표지를 제외한 제공 파일 다운로드,files/05_507_해외재정동향/2016-01-15_45264_[2016] 해외재정동향/11_목차_2016년 재정동향 7월 2호.pdf,1365138,31162ada7c1c986b473a9b49f0c9dc27167407bd5ae5b53aacf2810e8b254dcd,downloaded,
507,해외재정동향,32,45264,FSL1004,[2016] 해외재정동향,2016-01-15,조세재정연구원,https://www.openfiscaldata.go.kr/op/ko/fd/UOPKOFDA02?pageIndex=1&pageSize=8&ofdBrdId=FSL1004&ofdBrdiSeq=45264&ofdBrdiDtsClsCd=507,목차,2016년 재정동향 8월 1호,2016년 재정동향 8월 1호.pdf,FI000000004526454718,12,원문 없음: 표지를 제외한 제공 파일 다운로드,files/05_507_해외재정동향/2016-01-15_45264_[2016] 해외재정동향/12_목차_2016년 재정동향 8월 1호.pdf,1371250,4da88551125ed39a36a438da99dc0d1d4c5d098ce664a7d9f38bb7d33821c485,downloaded,
507,해외재정동향,32,45264,FSL1004,[2016] 해외재정동향,2016-01-15,조세재정연구원,https://www.openfiscaldata.go.kr/op/ko/fd/UOPKOFDA02?pageIndex=1&pageSize=8&ofdBrdId=FSL1004&ofdBrdiSeq=45264&ofdBrdiDtsClsCd=507,목차,2016년 재정동향 8월 2호,2016년 재정동향 8월 2호.pdf,FI000000004526454718,13,원문 없음: 표지를 제외한 제공 파일 다운로드,files/05_507_해외재정동향/2016-01-15_45264_[2016] 해외재정동향/13_목차_2016년 재정동향 8월 2호.pdf,1196453,0cf578292e91ef1f364c8f05390c5e08ed2a6a7f7bcb8d8289d018ccf60d6144,downloaded,
507,해외재정동향,32,45264,FSL1004,[2016] 해외재정동향,2016-01-15,조세재정연구원,https://www.openfiscaldata.go.kr/op/ko/fd/UOPKOFDA02?pageIndex=1&pageSize=8&ofdBrdId=FSL1004&ofdBrdiSeq=45264&ofdBrdiDtsClsCd=507,목차,2016년 재정동향 9월 2호,2016년 재정동향 9월 2호.pdf,FI000000004526454718,14,원문 없음: 표지를 제외한 제공 파일 다운로드,files/05_507_해외재정동향/2016-01-15_45264_[2016] 해외재정동향/14_목차_2016년 재정동향 9월 2호.pdf,886910,d6ab6e417f548fe95209ef0324e8263ee9b6956bf017b0159d2ca1419c1d2197,downloaded,
507,해외재정동향,32,45264,FSL1004,[2016] 해외재정동향,2016-01-15,조세재정연구원,https://www.openfiscaldata.go.kr/op/ko/fd/UOPKOFDA02?pageIndex=1&pageSize=8&ofdBrdId=FSL1004&ofdBrdiSeq=45264&ofdBrdiDtsClsCd=507,목차,2016년 재정동향 10월 1호,2016년 재정동향 10월 1호.pdf,FI000000004526454718,15,원문 없음: 표지를 제외한 제공 파일 다운로드,files/05_507_해외재정동향/2016-01-15_45264_[2016] 해외재정동향/15_목차_2016년 재정동향 10월 1호.pdf,1358875,822fd8b86593180b3b2371fc967588d0e217d405154a3103b7eaeda87ada5a8a,downloaded,
507,해외재정동향,32,45264,FSL1004,[2016] 해외재정동향,2016-01-15,조세재정연구원,https://www.openfiscaldata.go.kr/op/ko/fd/UOPKOFDA02?pageIndex=1&pageSize=8&ofdBrdId=FSL1004&ofdBrdiSeq=45264&ofdBrdiDtsClsCd=507,목차,2016년 재정동향 10월 2호,2016년 재정동향 10월 제2호.pdf,FI000000004526454718,16,원문 없음: 표지를 제외한 제공 파일 다운로드,files/05_507_해외재정동향/2016-01-15_45264_[2016] 해외재정동향/16_목차_2016년 재정동향 10월 2호.pdf,843622,7baf84037b79ba529d2433e38440d1501f7e3fa6d0580eb1d393d217db37496a,downloaded,
507,해외재정동향,32,45264,FSL1004,[2016] 해외재정동향,2016-01-15,조세재정연구원,https://www.openfiscaldata.go.kr/op/ko/fd/UOPKOFDA02?pageIndex=1&pageSize=8&ofdBrdId=FSL1004&ofdBrdiSeq=45264&ofdBrdiDtsClsCd=507,목차,2016년 재정동향 11월 1호,2016년 재정동향 11월 제1호.pdf,FI000000004526454718,17,원문 없음: 표지를 제외한 제공 파일 다운로드,files/05_507_해외재정동향/2016-01-15_45264_[2016] 해외재정동향/17_목차_2016년 재정동향 11월 1호.pdf,883853,216349fe5db6f8b7db2623cee072b3e7aad3428502eb76b5885c1ff3574bd53b,downloaded,
507,해외재정동향,32,45264,FSL1004,[2016] 해외재정동향,2016-01-15,조세재정연구원,https://www.openfiscaldata.go.kr/op/ko/fd/UOPKOFDA02?pageIndex=1&pageSize=8&ofdBrdId=FSL1004&ofdBrdiSeq=45264&ofdBrdiDtsClsCd=507,목차,2016년 재정동향 11월 2호,2016년 재정동향 11월 제2호.pdf,FI000000004526454718,18,원문 없음: 표지를 제외한 제공 파일 다운로드,files/05_507_해외재정동향/2016-01-15_45264_[2016] 해외재정동향/18_목차_2016년 재정동향 11월 2호.pdf,1127542,be03c778d2292e9d4c708510d36b51e374cb1a416cadfdd7b4961d5548380b1a,downloaded,
507,해외재정동향,32,45264,FSL1004,[2016] 해외재정동향,2016-01-15,조세재정연구원,https://www.openfiscaldata.go.kr/op/ko/fd/UOPKOFDA02?pageIndex=1&pageSize=8&ofdBrdId=FSL1004&ofdBrdiSeq=45264&ofdBrdiDtsClsCd=507,목차,2016년 재정동향 12월 1호,2016년 재정동향 12월 제2호.pdf,FI000000004526454718,19,원문 없음: 표지를 제외한 제공 파일 다운로드,files/05_507_해외재정동향/2016-01-15_45264_[2016] 해외재정동향/19_목차_2016년 재정동향 12월 1호.pdf,857316,46d0d844b3d35f4ef06321fff074468219877e983241b465b050353f554c274f,downloaded,
508,경제동향,33,51753,FSL1004,2026년 6월 최근경제동향,2026-06-16,기획재정부,https://www.openfiscaldata.go.kr/op/ko/fd/UOPKOFDA02?pageIndex=1&pageSize=8&ofdBrdId=FSL1004&ofdBrdiSeq=51753&ofdBrdiDtsClsCd=508,원문,★2026년 6월 최근경제동향,★2026년 6월 최근경제동향.pdf,F0000000000000004813,1,원문 우선(목차 파일 제외),files/06_508_경제동향/2026-06-16_51753_2026년 6월 최근경제동향.pdf,2387699,3f88b32ca814beb9c36af07765987cca027dc496da4aca72abbce540e31f0d56,downloaded,
508,경제동향,33,51747,FSL1004,2026년 5월 최근경제동향,2026-05-26,기획재정부,https://www.openfiscaldata.go.kr/op/ko/fd/UOPKOFDA02?pageIndex=1&pageSize=8&ofdBrdId=FSL1004&ofdBrdiSeq=51747&ofdBrdiDtsClsCd=508,원문,2026년 5월 최근경제동향_f,2026년 5월 최근경제동향_f.pdf,F0000000000000004797,5,원문 우선(목차 파일 제외),files/06_508_경제동향/2026-05-26_51747_2026년 5월 최근경제동향.pdf,1820853,8b1d0d3c05bbe11f5e7616e00814dcb21757fc6e2f10056fc8c968293698b3fa,downloaded,
508,경제동향,33,51741,FSL1004,2026년 4월 최근경제동향,2026-04-20,기획재정부,https://www.openfiscaldata.go.kr/op/ko/fd/UOPKOFDA02?pageIndex=1&pageSize=8&ofdBrdId=FSL1004&ofdBrdiSeq=51741&ofdBrdiDtsClsCd=508,원문,2026년 4월 최근경제동향,2026년 4월 최근경제동향.pdf,F0000000000000004754,1,원문 우선(목차 파일 제외),files/06_508_경제동향/2026-04-20_51741_2026년 4월 최근경제동향.pdf,1797683,0d732f400795e5db07261d0d8bcfe48ae650205ac31e04db5904e4aaaa9727df,downloaded,
508,경제동향,33,51731,FSL1004,2026년 3월 최근경제동향,2026-03-23,기획재정부,https://www.openfiscaldata.go.kr/op/ko/fd/UOPKOFDA02?pageIndex=1&pageSize=8&ofdBrdId=FSL1004&ofdBrdiSeq=51731&ofdBrdiDtsClsCd=508,원문,2026년 3월 최근경제동향,2026년 3월 최근경제동향.pdf,F0000000000000004736,1,원문 우선(목차 파일 제외),files/06_508_경제동향/2026-03-23_51731_2026년 3월 최근경제동향.pdf,1826994,820184e7c38ea0ade5db02f90d5123997c45df96c02e63f916bd4f25f906fe7e,downloaded,
508,경제동향,33,51726,FSL1004,2026년 2월 최근경제동향,2026-02-25,기획재정부,https://www.openfiscaldata.go.kr/op/ko/fd/UOPKOFDA02?pageIndex=1&pageSize=8&ofdBrdId=FSL1004&ofdBrdiSeq=51726&ofdBrdiDtsClsCd=508,원문,2026년 2월 최근경제동향,2026년 2월 최근경제동향.pdf,F0000000000000004731,1,원문 우선(목차 파일 제외),files/06_508_경제동향/2026-02-25_51726_2026년 2월 최근경제동향.pdf,1853695,c084e413cdbe0c7e5110cc464382dad0ca40dacd5b011b25f6426383d2fe2ab2,downloaded,
508,경제동향,33,51722,FSL1004,2026년 1월 최근경제동향,2026-01-20,기획재정부,https://www.openfiscaldata.go.kr/op/ko/fd/UOPKOFDA02?pageIndex=1&pageSize=8&ofdBrdId=FSL1004&ofdBrdiSeq=51722&ofdBrdiDtsClsCd=508,원문,월간 재정동향_2026.1월호,월간 재정동향_2026.1월호.pdf,F0000000000000004712,1,원문 우선(목차 파일 제외),files/06_508_경제동향/2026-01-20_51722_2026년 1월 최근경제동향.pdf,3626672,a6b56d32042fd01a383d98999f9c3bee9ac2da91531fcec3901833eec05947cf,downloaded,
508,경제동향,33,51711,FSL1004,2025년 12월 최근경제동향,2025-12-12,기획재정부,https://www.openfiscaldata.go.kr/op/ko/fd/UOPKOFDA02?pageIndex=1&pageSize=8&ofdBrdId=FSL1004&ofdBrdiSeq=51711&ofdBrdiDtsClsCd=508,원문,최근 경제동향_2025.12,최근 경제동향_2025.12.pdf,F0000000000000004676,1,원문 우선(목차 파일 제외),files/06_508_경제동향/2025-12-12_51711_2025년 12월 최근경제동향.pdf,1943379,7e2038c6194319237a454ce435805a5562e5f54e5904eb07dcec5897b030d89f,downloaded,
508,경제동향,33,51705,FSL1004,2025년 11월 최근경제동향,2025-11-14,기획재정부,https://www.openfiscaldata.go.kr/op/ko/fd/UOPKOFDA02?pageIndex=1&pageSize=8&ofdBrdId=FSL1004&ofdBrdiSeq=51705&ofdBrdiDtsClsCd=508,원문,2025년 11월 최근경제동향,2025년 11월 최근경제동향.pdf,F0000000000000004612,1,원문 우선(목차 파일 제외),files/06_508_경제동향/2025-11-14_51705_2025년 11월 최근경제동향.pdf,2289815,e200aeee8dbd120f87850a0ccdbb1c16204b2aea05ae2baccd81f1bccd39815f,downloaded,
508,경제동향,33,51699,FSL1004,2025년 9월 최근경제동향,2025-09-24,기획재정부,https://www.openfiscaldata.go.kr/op/ko/fd/UOPKOFDA02?pageIndex=1&pageSize=8&ofdBrdId=FSL1004&ofdBrdiSeq=51699&ofdBrdiDtsClsCd=508,원문,2025년 9월 최근경제동향,2025년 9월 최근경제동향.pdf,F0000000000000004555,1,원문 우선(목차 파일 제외),files/06_508_경제동향/2025-09-24_51699_2025년 9월 최근경제동향.pdf,2417579,53eaf91b9a62483d9acef632041c897c9957271b50e8537b071eb71eced25a0a,downloaded,
508,경제동향,33,51694,FSL1004,2025년 8월 최근경제동향,2025-08-14,기획재정부,https://www.openfiscaldata.go.kr/op/ko/fd/UOPKOFDA02?pageIndex=1&pageSize=8&ofdBrdId=FSL1004&ofdBrdiSeq=51694&ofdBrdiDtsClsCd=508,원문,최근 경제동향_2025.08월호,최근 경제동향_2025.08월호.pdf,F0000000000000004545,1,원문 우선(목차 파일 제외),files/06_508_경제동향/2025-08-14_51694_2025년 8월 최근경제동향.pdf,2262143,98be42fb6a844a29a2d34f689ab6daa227e5450975aa1d2fc2f27b9bfcb08343,downloaded,
508,경제동향,33,51688,FSL1004,2025년 7월 최근경제동향,2025-07-21,기획재정부,https://www.openfiscaldata.go.kr/op/ko/fd/UOPKOFDA02?pageIndex=1&pageSize=8&ofdBrdId=FSL1004&ofdBrdiSeq=51688&ofdBrdiDtsClsCd=508,원문,최근 경제동향_2025년 7월,최근 경제동향_2025년 7월.pdf,F0000000000000004531,1,원문 우선(목차 파일 제외),files/06_508_경제동향/2025-07-21_51688_2025년 7월 최근경제동향.pdf,2344476,0843c86e1a27e7f466e0da9cc7c05045781c04efeff87869579642667f002a5a,downloaded,
508,경제동향,33,51684,FSL1004,2025년 6월 최근경제동향,2025-06-13,기획재정부,https://www.openfiscaldata.go.kr/op/ko/fd/UOPKOFDA02?pageIndex=1&pageSize=8&ofdBrdId=FSL1004&ofdBrdiSeq=51684&ofdBrdiDtsClsCd=508,원문,최근경제동향,최근경제동향.pdf,F0000000000000004518,1,원문 우선(목차 파일 제외),files/06_508_경제동향/2025-06-13_51684_2025년 6월 최근경제동향.pdf,1859741,d47053ebbbc0f62fdc98b8fc40b08a7f99e833d13524047fdf9f8971a74f3155,downloaded,
508,경제동향,33,51679,FSL1004,2025년 5월 최근경제동향,2025-05-16,기획재정부,https://www.openfiscaldata.go.kr/op/ko/fd/UOPKOFDA02?pageIndex=1&pageSize=8&ofdBrdId=FSL1004&ofdBrdiSeq=51679&ofdBrdiDtsClsCd=508,원문,2025년 5월 최근경제동향,2025년 5월 최근경제동향.pdf,F0000000000000004508,1,원문 우선(목차 파일 제외),files/06_508_경제동향/2025-05-16_51679_2025년 5월 최근경제동향.pdf,1941273,94278650d3e9bc08450214352881d36bf6a66a700940c9408fef10e7ffd96fd6,downloaded,
508,경제동향,33,51672,FSL1004,2025년 4월 최근경제동향,2025-04-11,기획재정부,https://www.openfiscaldata.go.kr/op/ko/fd/UOPKOFDA02?pageIndex=1&pageSize=8&ofdBrdId=FSL1004&ofdBrdiSeq=51672&ofdBrdiDtsClsCd=508,원문,최근 경제동향 4월호,최근 경제동향 4월호.pdf,F0000000000000004488,1,원문 우선(목차 파일 제외),files/06_508_경제동향/2025-04-11_51672_2025년 4월 최근경제동향.pdf,1896178,c82cd0da35b6bcf3d586287c9c1251f7c0b523dc208d35cd77953cc39559356d,downloaded,
508,경제동향,33,51665,FSL1004,2025년 3월 최근경제동향,2025-03-14,기획재정부,https://www.openfiscaldata.go.kr/op/ko/fd/UOPKOFDA02?pageIndex=1&pageSize=8&ofdBrdId=FSL1004&ofdBrdiSeq=51665&ofdBrdiDtsClsCd=508,원문,2025년 3월 최근경제동향_f,2025년 3월 최근경제동향_f.pdf,F0000000000000004461,1,원문 우선(목차 파일 제외),files/06_508_경제동향/2025-03-14_51665_2025년 3월 최근경제동향.pdf,1611874,91391da89a3a03159fbd720d60ce6059bfca4d48e4cc001a96baa4f9d4b21dae,downloaded,
508,경제동향,33,51657,FSL1004,2025년 2월 최근경제동향,2025-02-14,기획재정부,https://www.openfiscaldata.go.kr/op/ko/fd/UOPKOFDA02?pageIndex=1&pageSize=8&ofdBrdId=FSL1004&ofdBrdiSeq=51657&ofdBrdiDtsClsCd=508,원문,최근경제동향,최근경제동향.pdf,F0000000000000004403,1,원문 우선(목차 파일 제외),files/06_508_경제동향/2025-02-14_51657_2025년 2월 최근경제동향.pdf,1628005,1788f9491c7ca7642e976e0b9b9b67552c6b0f4b19bd7db928ef064ac578ea63,downloaded,
508,경제동향,33,51654,FSL1004,2025년 1월 최근경제동향,2025-01-17,기획재정부,https://www.openfiscaldata.go.kr/op/ko/fd/UOPKOFDA02?pageIndex=1&pageSize=8&ofdBrdId=FSL1004&ofdBrdiSeq=51654&ofdBrdiDtsClsCd=508,원문,최근경제동향,최근경제동향.pdf,F0000000000000004391,1,원문 우선(목차 파일 제외),files/06_508_경제동향/2025-01-17_51654_2025년 1월 최근경제동향.pdf,1638302,eda10b4173b02ca29e87c071453829f4e1dfb0e7ca1b6b4b0dfdbea0fa4c62af,downloaded,
508,경제동향,33,51649,FSL1004,2024년 12월 최근경제동향,2024-12-13,기획재정부,https://www.openfiscaldata.go.kr/op/ko/fd/UOPKOFDA02?pageIndex=1&pageSize=8&ofdBrdId=FSL1004&ofdBrdiSeq=51649&ofdBrdiDtsClsCd=508,원문,2024년 12월 최근경제동향,2024년 12월 최근경제동향.pdf,F0000000000000004375,1,원문 우선(목차 파일 제외),files/06_508_경제동향/2024-12-13_51649_2024년 12월 최근경제동향.pdf,1633120,42537bbcb40fb62358908333fe5ceabe150b92d1a10fd820488a5d516967ee41,downloaded,
508,경제동향,33,51645,FSL1004,2024년 11월 최근경제동향,2024-11-15,기획재정부,https://www.openfiscaldata.go.kr/op/ko/fd/UOPKOFDA02?pageIndex=1&pageSize=8&ofdBrdId=FSL1004&ofdBrdiSeq=51645&ofdBrdiDtsClsCd=508,원문,2024년 11월 최근경제동향,2024년 11월 최근경제동향.pdf,F0000000000000004350,1,원문 우선(목차 파일 제외),files/06_508_경제동향/2024-11-15_51645_2024년 11월 최근경제동향.pdf,1616871,93b87b7f552ac79893720074ae42a7d4772d7953d908b78b3b7d5d5f2b4a85f6,downloaded,
508,경제동향,33,51641,FSL1004,2024년 10월 최근경제동향,2024-10-18,기획재정부,https://www.openfiscaldata.go.kr/op/ko/fd/UOPKOFDA02?pageIndex=1&pageSize=8&ofdBrdId=FSL1004&ofdBrdiSeq=51641&ofdBrdiDtsClsCd=508,원문,2024년 10월 최근경제동향,2024년 10월 최근경제동향.pdf,F0000000000000004330,1,원문 우선(목차 파일 제외),files/06_508_경제동향/2024-10-18_51641_2024년 10월 최근경제동향.pdf,2061499,805b67da898bb0309ef03316caaf60d3cb81857708f96042e421474aa0a87bc4,downloaded,
508,경제동향,33,51637,FSL1004,2024년 9월 최근경제동향,2024-09-13,기획재정부,https://www.openfiscaldata.go.kr/op/ko/fd/UOPKOFDA02?pageIndex=1&pageSize=8&ofdBrdId=FSL1004&ofdBrdiSeq=51637&ofdBrdiDtsClsCd=508,원문,2024년 9월 최근경제동향,2024년 9월 최근경제동향.pdf,F0000000000000004303,1,원문 우선(목차 파일 제외),files/06_508_경제동향/2024-09-13_51637_2024년 9월 최근경제동향.pdf,1622320,825f0581a25118a2290f7b46421d90855ecac7f5012e8a681ff1e58103858d99,downloaded,
508,경제동향,33,51633,FSL1004,2024년 8월 최근경제동향,2024-08-16,기획재정부,https://www.openfiscaldata.go.kr/op/ko/fd/UOPKOFDA02?pageIndex=1&pageSize=8&ofdBrdId=FSL1004&ofdBrdiSeq=51633&ofdBrdiDtsClsCd=508,원문,2024년 8월 최근경제동향,2024년 8월 최근경제동향.pdf,F0000000000000004295,5,원문 우선(목차 파일 제외),files/06_508_경제동향/2024-08-16_51633_2024년 8월 최근경제동향.pdf,1607794,c42f47862ffc8d1ccb14860794be0134ba07ae19b433d03bf4c87d9a10567562,downloaded,
508,경제동향,33,51630,FSL1004,2024년 7월 최근경제동향,2024-07-12,기획재정부,https://www.openfiscaldata.go.kr/op/ko/fd/UOPKOFDA02?pageIndex=1&pageSize=8&ofdBrdId=FSL1004&ofdBrdiSeq=51630&ofdBrdiDtsClsCd=508,원문,2024년 7월 최근경제동향,2024년 7월 최근경제동향.pdf,F0000000000000004290,1,원문 우선(목차 파일 제외),files/06_508_경제동향/2024-07-12_51630_2024년 7월 최근경제동향.pdf,1630182,bdcbed673794d9123e0e7a82b7004e952d00e5aa8e71c6eb659f28ef03a95576,downloaded,
508,경제동향,33,51625,FSL1004,2024년 6월 최근경제동향,2024-06-14,기획재정부,https://www.openfiscaldata.go.kr/op/ko/fd/UOPKOFDA02?pageIndex=1&pageSize=8&ofdBrdId=FSL1004&ofdBrdiSeq=51625&ofdBrdiDtsClsCd=508,원문,2024년 6월 최근경제동향,2024년 6월 최근경제동향.pdf,F0000000000000004263,1,원문 우선(목차 파일 제외),files/06_508_경제동향/2024-06-14_51625_2024년 6월 최근경제동향.pdf,1853286,83edf7be031ad71446163de81da948026bc80ccb08526d4ccefef1395914607d,downloaded,
508,경제동향,33,51615,FSL1004,2024년 5월 최근경제동향,2024-05-17,기획재정부,https://www.openfiscaldata.go.kr/op/ko/fd/UOPKOFDA02?pageIndex=1&pageSize=8&ofdBrdId=FSL1004&ofdBrdiSeq=51615&ofdBrdiDtsClsCd=508,원문,2024년 5월 최근경제동향,2024년 5월 최근경제동향.pdf,F0000000000000004237,1,원문 우선(목차 파일 제외),files/06_508_경제동향/2024-05-17_51615_2024년 5월 최근경제동향.pdf,2386110,9a57198de59b60055403beebf2828f06cc870ae5278d47582d966bd9f459a0c6,downloaded,
508,경제동향,33,51611,FSL1004,2024년 4월 최근경제동향,2024-04-12,기획재정부,https://www.openfiscaldata.go.kr/op/ko/fd/UOPKOFDA02?pageIndex=1&pageSize=8&ofdBrdId=FSL1004&ofdBrdiSeq=51611&ofdBrdiDtsClsCd=508,원문,2024년 4월 최근경제동향,2024년 4월 최근경제동향.pdf,F0000000000000004229,1,원문 우선(목차 파일 제외),files/06_508_경제동향/2024-04-12_51611_2024년 4월 최근경제동향.pdf,1891920,739d7f19403affc1bb82332886c4886971471370ff620b25e020a1b055c3e7f9,downloaded,
508,경제동향,33,51607,FSL1004,2024년 3월 최근경제동향,2024-03-15,기획재정부,https://www.openfiscaldata.go.kr/op/ko/fd/UOPKOFDA02?pageIndex=1&pageSize=8&ofdBrdId=FSL1004&ofdBrdiSeq=51607&ofdBrdiDtsClsCd=508,원문,2024년 3월 최근경제동향,2024년 3월 최근경제동향.pdf,F0000000000000004222,1,원문 우선(목차 파일 제외),files/06_508_경제동향/2024-03-15_51607_2024년 3월 최근경제동향.pdf,1603550,11e34038b3cc0985e35276271f432d6c84cbdd837e2f8619a05d79de4cc43309,downloaded,
508,경제동향,33,51602,FSL1004,2024년 2월 최근경제동향,2024-02-16,기획재정부,https://www.openfiscaldata.go.kr/op/ko/fd/UOPKOFDA02?pageIndex=1&pageSize=8&ofdBrdId=FSL1004&ofdBrdiSeq=51602&ofdBrdiDtsClsCd=508,원문,2024년 2월 최근경제동향,2024년 2월 최근경제동향.pdf,F0000000000000004202,1,원문 우선(목차 파일 제외),files/06_508_경제동향/2024-02-16_51602_2024년 2월 최근경제동향.pdf,2230220,7f4645b910bf04921cee6b46396f05f0e119e218393da1155ad5b2f6ea57bf4a,downloaded,
508,경제동향,33,51599,FSL1004,2024년 1월 최근경제동향,2024-01-12,기획재정부,https://www.openfiscaldata.go.kr/op/ko/fd/UOPKOFDA02?pageIndex=1&pageSize=8&ofdBrdId=FSL1004&ofdBrdiSeq=51599&ofdBrdiDtsClsCd=508,원문,2024년 1월 최근경제동향,2024년 1월 최근경제동향.pdf,F0000000000000004194,2,원문 우선(목차 파일 제외),files/06_508_경제동향/2024-01-12_51599_2024년 1월 최근경제동향.pdf,1675555,5cdfc298623e4b2f486be8c38b67882afdb341d1e4f0b2545b6a9840e98d950e,downloaded,
508,경제동향,33,51591,FSL1004,2023년 12월 최근경제동향,2023-12-15,기획재정부,https://www.openfiscaldata.go.kr/op/ko/fd/UOPKOFDA02?pageIndex=1&pageSize=8&ofdBrdId=FSL1004&ofdBrdiSeq=51591&ofdBrdiDtsClsCd=508,원문,2023년 12월 최근경제동향,2023년 12월 최근경제동향.pdf,F0000000000000004177,1,원문 우선(목차 파일 제외),files/06_508_경제동향/2023-12-15_51591_2023년 12월 최근경제동향.pdf,1637480,9e6b92011835636688a77d80d470344d70bf032f19f55b91c101c15053a83f22,downloaded,
508,경제동향,33,51587,FSL1004,2023년 11월 최근경제동향,2023-11-17,기획재정부,https://www.openfiscaldata.go.kr/op/ko/fd/UOPKOFDA02?pageIndex=1&pageSize=8&ofdBrdId=FSL1004&ofdBrdiSeq=51587&ofdBrdiDtsClsCd=508,원문,2023년 11월 최근경제동향,2023년 11월 최근경제동향.pdf,F0000000000000004163,1,원문 우선(목차 파일 제외),files/06_508_경제동향/2023-11-17_51587_2023년 11월 최근경제동향.pdf,1663343,572e4f4967616c8f33720b6c241d84ce580e285231cd9f3538cef134dcf714e0,downloaded,
508,경제동향,33,51582,FSL1004,2023년 10월 최근경제동향,2023-10-13,기획재정부,https://www.openfiscaldata.go.kr/op/ko/fd/UOPKOFDA02?pageIndex=1&pageSize=8&ofdBrdId=FSL1004&ofdBrdiSeq=51582&ofdBrdiDtsClsCd=508,원문,2023년 10월 최근경제동향,2023년 10월 최근경제동향.pdf,F0000000000000004148,1,원문 우선(목차 파일 제외),files/06_508_경제동향/2023-10-13_51582_2023년 10월 최근경제동향.pdf,1615742,49f7f9e02e8597e7ef532ba0a8e39fba8bea29455ff6eb2e06c738360bb6fbb6,downloaded,
508,경제동향,33,51576,FSL1004,2023년 9월 최근경제동향,2023-09-18,기획재정부,https://www.openfiscaldata.go.kr/op/ko/fd/UOPKOFDA02?pageIndex=1&pageSize=8&ofdBrdId=FSL1004&ofdBrdiSeq=51576&ofdBrdiDtsClsCd=508,원문,2023년 9월 최근경제동향,2023년 9월 최근경제동향.pdf,F0000000000000004131,1,원문 우선(목차 파일 제외),files/06_508_경제동향/2023-09-18_51576_2023년 9월 최근경제동향.pdf,1631852,ed9de4d5542e60b93f5c7271d2727732ebb1dac9be7328dd49b2d0b26a7c4f3c,downloaded,
508,경제동향,33,51573,FSL1004,2023년 8월 최근경제동향,2023-08-11,기획재정부,https://www.openfiscaldata.go.kr/op/ko/fd/UOPKOFDA02?pageIndex=1&pageSize=8&ofdBrdId=FSL1004&ofdBrdiSeq=51573&ofdBrdiDtsClsCd=508,원문,2023년 8월 최근경제동향,2023년 8월 최근경제동향.pdf,F0000000000000004107,1,원문 우선(목차 파일 제외),files/06_508_경제동향/2023-08-11_51573_2023년 8월 최근경제동향.pdf,1651334,3b3abe2e5701fe5ee2406e53515461912ee5028e5825382dc6952e40269d184f,downloaded,
508,경제동향,33,51567,FSL1004,2023년 7월 최근경제동향,2023-07-14,기획재정부,https://www.openfiscaldata.go.kr/op/ko/fd/UOPKOFDA02?pageIndex=1&pageSize=8&ofdBrdId=FSL1004&ofdBrdiSeq=51567&ofdBrdiDtsClsCd=508,원문,2023년 7월 최근경제동향,2023년 7월 최근경제동향.pdf,F0000000000000004096,1,원문 우선(목차 파일 제외),files/06_508_경제동향/2023-07-14_51567_2023년 7월 최근경제동향.pdf,1695988,a012520b84e4740d8e9e3a3fcad7506a3d48a6ea6a2aad8dffec7d028b541f40,downloaded,
508,경제동향,33,51562,FSL1004,2023년 6월 최근경제동향,2023-06-16,기획재정부,https://www.openfiscaldata.go.kr/op/ko/fd/UOPKOFDA02?pageIndex=1&pageSize=8&ofdBrdId=FSL1004&ofdBrdiSeq=51562&ofdBrdiDtsClsCd=508,원문,2023년 6월 최근경제동향,2023년 6월 최근경제동향.pdf,F0000000000000004066,1,원문 우선(목차 파일 제외),files/06_508_경제동향/2023-06-16_51562_2023년 6월 최근경제동향.pdf,1710244,fd2fccd86f5e5af38661c04f44aa1ec00ce445510b809776364167fbe894d63e,downloaded,
508,경제동향,33,51554,FSL1004,2023년 5월 최근경제동향,2023-05-12,기획재정부,https://www.openfiscaldata.go.kr/op/ko/fd/UOPKOFDA02?pageIndex=1&pageSize=8&ofdBrdId=FSL1004&ofdBrdiSeq=51554&ofdBrdiDtsClsCd=508,원문,2023년 5월 최근경제동향,2023년 5월 최근경제동향.pdf,F0000000000000004037,1,원문 우선(목차 파일 제외),files/06_508_경제동향/2023-05-12_51554_2023년 5월 최근경제동향.pdf,2344961,3ed975f5b4d8124695eb268db46e3d7490183a7a212249b2f29033b3cdcc40d8,downloaded,
508,경제동향,33,51545,FSL1004,2023년 4월 최근경제동향,2023-04-14,기획재정부,https://www.openfiscaldata.go.kr/op/ko/fd/UOPKOFDA02?pageIndex=1&pageSize=8&ofdBrdId=FSL1004&ofdBrdiSeq=51545&ofdBrdiDtsClsCd=508,원문,2023년 4월 최근경제동향,2023년 4월 최근경제동향.pdf,F0000000000000004017,1,원문 우선(목차 파일 제외),files/06_508_경제동향/2023-04-14_51545_2023년 4월 최근경제동향.pdf,1646421,9df8b30eaf7d4d43166bd50b1f711102ac9a343ade3572860fc452bd96f76466,downloaded,
508,경제동향,33,51542,FSL1004,2023년 3월 최근경제동향,2023-03-17,기획재정부,https://www.openfiscaldata.go.kr/op/ko/fd/UOPKOFDA02?pageIndex=1&pageSize=8&ofdBrdId=FSL1004&ofdBrdiSeq=51542&ofdBrdiDtsClsCd=508,원문,2023년 3월 최근경제동향,2023년 3월 최근경제동향.pdf,F0000000000000003993,1,원문 우선(목차 파일 제외),files/06_508_경제동향/2023-03-17_51542_2023년 3월 최근경제동향.pdf,2215488,7adb1ff3351bdf848235df3da47938f29ad7355b8026c51de604660f54e2242c,downloaded,
508,경제동향,33,51538,FSL1004,2023년 2월 최근경제동향,2023-02-17,기획재정부,https://www.openfiscaldata.go.kr/op/ko/fd/UOPKOFDA02?pageIndex=1&pageSize=8&ofdBrdId=FSL1004&ofdBrdiSeq=51538&ofdBrdiDtsClsCd=508,원문,2023년 2월 최근경제동향,2023년 2월 최근경제동향.pdf,F0000000000000003982,1,원문 우선(목차 파일 제외),files/06_508_경제동향/2023-02-17_51538_2023년 2월 최근경제동향.pdf,2743908,1666cb83f1c132936db37426f5659153887b4ec45fcda9c48f320adfc211f31f,downloaded,
508,경제동향,33,51531,FSL1004,2023년 1월 최근경제동향,2023-01-13,기획재정부,https://www.openfiscaldata.go.kr/op/ko/fd/UOPKOFDA02?pageIndex=1&pageSize=8&ofdBrdId=FSL1004&ofdBrdiSeq=51531&ofdBrdiDtsClsCd=508,원문,2023년 1월 최근경제동향,2023년 1월 최근경제동향.pdf,F0000000000000003971,1,원문 우선(목차 파일 제외),files/06_508_경제동향/2023-01-13_51531_2023년 1월 최근경제동향.pdf,2745634,0809ffe595f56630d2415c2882b50de7cb437cff768222bd97aafa42b489df24,downloaded,
508,경제동향,33,51527,FSL1004,2022년 12월 최근경제동향,2022-12-16,기획재정부,https://www.openfiscaldata.go.kr/op/ko/fd/UOPKOFDA02?pageIndex=1&pageSize=8&ofdBrdId=FSL1004&ofdBrdiSeq=51527&ofdBrdiDtsClsCd=508,원문,2022년 12월 최근경제동향,2022년 12월 최근경제동향.pdf,F0000000000000003941,1,원문 우선(목차 파일 제외),files/06_508_경제동향/2022-12-16_51527_2022년 12월 최근경제동향.pdf,1689624,ed6f6220e22253f092c7587a14c438641aa2720203fefc1dd30650ff7a489f26,downloaded,
508,경제동향,33,51521,FSL1004,2022년 11월 최근경제동향,2022-11-11,기획재정부,https://www.openfiscaldata.go.kr/op/ko/fd/UOPKOFDA02?pageIndex=1&pageSize=8&ofdBrdId=FSL1004&ofdBrdiSeq=51521&ofdBrdiDtsClsCd=508,원문,2022년 11월 최근경제동향,2022년 11월 최근경제동향.pdf,F0000000000000003926,1,원문 우선(목차 파일 제외),files/06_508_경제동향/2022-11-11_51521_2022년 11월 최근경제동향.pdf,1677302,3832b5e797044fb8e3632b55c84e89796348864041624f34d3a8a9ab0ab50c0e,downloaded,
508,경제동향,33,51516,FSL1004,2022년 10월 최근경제동향,2022-10-14,기획재정부,https://www.openfiscaldata.go.kr/op/ko/fd/UOPKOFDA02?pageIndex=1&pageSize=8&ofdBrdId=FSL1004&ofdBrdiSeq=51516&ofdBrdiDtsClsCd=508,원문,2022년 10월 최근경제동향,2022년 10월 최근경제동향.pdf,F0000000000000003911,1,원문 우선(목차 파일 제외),files/06_508_경제동향/2022-10-14_51516_2022년 10월 최근경제동향.pdf,1654034,688686bf55f2764abd3a371a1df37d71c5ce2c6273d779221eb706c3148f3671,downloaded,
508,경제동향,33,51510,FSL1004,2022년 9월 최근경제동향,2022-09-16,기획재정부,https://www.openfiscaldata.go.kr/op/ko/fd/UOPKOFDA02?pageIndex=1&pageSize=8&ofdBrdId=FSL1004&ofdBrdiSeq=51510&ofdBrdiDtsClsCd=508,원문,2022년 9월 최근경제동향,2022년 9월 최근경제동향.pdf,F0000000000000003890,1,원문 우선(목차 파일 제외),files/06_508_경제동향/2022-09-16_51510_2022년 9월 최근경제동향.pdf,2608884,d95ad2d6553a4756869cc65af0ecda386d19742333d85ab79355622131f053e8,downloaded,
508,경제동향,33,51506,FSL1004,2022년 8월 최근경제동향,2022-08-19,기획재정부,https://www.openfiscaldata.go.kr/op/ko/fd/UOPKOFDA02?pageIndex=1&pageSize=8&ofdBrdId=FSL1004&ofdBrdiSeq=51506&ofdBrdiDtsClsCd=508,원문,2022년 8월 최근경제동향,2022년 8월 최근경제동향.pdf,F0000000000000003868,1,원문 우선(목차 파일 제외),files/06_508_경제동향/2022-08-19_51506_2022년 8월 최근경제동향.pdf,1660590,8f608ca7bb6fb2aca76d2b43b537081fff6e477cf6067da0f95412fe8c18f13b,downloaded,
508,경제동향,33,51502,FSL1004,2022년 7월 최근경제동향,2022-07-20,기획재정부,https://www.openfiscaldata.go.kr/op/ko/fd/UOPKOFDA02?pageIndex=1&pageSize=8&ofdBrdId=FSL1004&ofdBrdiSeq=51502&ofdBrdiDtsClsCd=508,원문,2022년 7월 최근경제동향,2022년 7월 최근경제동향.pdf,F0000000000000003864,1,원문 우선(목차 파일 제외),files/06_508_경제동향/2022-07-20_51502_2022년 7월 최근경제동향.pdf,1633196,6d30fc8917e63b37acb93b2aed79172817330a74803f628268e66a4236329200,downloaded,
508,경제동향,33,51497,FSL1004,2022년 6월 최근경제동향,2022-06-17,기획재정부,https://www.openfiscaldata.go.kr/op/ko/fd/UOPKOFDA02?pageIndex=1&pageSize=8&ofdBrdId=FSL1004&ofdBrdiSeq=51497&ofdBrdiDtsClsCd=508,원문,2022년 6월 최근경제동향,2022년 6월 최근경제동향.pdf,F0000000000000003821,1,원문 우선(목차 파일 제외),files/06_508_경제동향/2022-06-17_51497_2022년 6월 최근경제동향.pdf,1621496,0c82a017c6a51d5b51028daf92d25a54e7b6c52ccc7d2d448c0e4773fc1fe643,downloaded,
508,경제동향,33,51488,FSL1004,2022년 5월 최근경제동향,2022-05-13,기획재정부,https://www.openfiscaldata.go.kr/op/ko/fd/UOPKOFDA02?pageIndex=1&pageSize=8&ofdBrdId=FSL1004&ofdBrdiSeq=51488&ofdBrdiDtsClsCd=508,원문,2022년 5월 최근경제동향,2022년 5월 최근경제동향.pdf,F0000000000000003791,1,원문 우선(목차 파일 제외),files/06_508_경제동향/2022-05-13_51488_2022년 5월 최근경제동향.pdf,2329410,2d3346491f73eb185ff43e5f8e6566ebe9500728ae8455baa20bed9bfd4adcf9,downloaded,
508,경제동향,33,51486,FSL1004,2022년 4월 최근경제동향,2022-04-15,기획재정부,https://www.openfiscaldata.go.kr/op/ko/fd/UOPKOFDA02?pageIndex=1&pageSize=8&ofdBrdId=FSL1004&ofdBrdiSeq=51486&ofdBrdiDtsClsCd=508,원문,2022년 4월 최근경제동향,2022년 4월 최근경제동향.pdf,F0000000000000003774,1,원문 우선(목차 파일 제외),files/06_508_경제동향/2022-04-15_51486_2022년 4월 최근경제동향.pdf,2615153,312424a2062181b067c5d9e6013180692a2db652a06f08d44252ff25ca2bb617,downloaded,
508,경제동향,33,51476,FSL1004,2022년 3월 최근경제동향,2022-03-18,기획재정부,https://www.openfiscaldata.go.kr/op/ko/fd/UOPKOFDA02?pageIndex=1&pageSize=8&ofdBrdId=FSL1004&ofdBrdiSeq=51476&ofdBrdiDtsClsCd=508,원문,2022년 3월 최근경제동향,2022년 3월 최근경제동향.pdf,F0000000000000003756,1,원문 우선(목차 파일 제외),files/06_508_경제동향/2022-03-18_51476_2022년 3월 최근경제동향.pdf,1657647,f61987c72da05b6990b157fb557277afe3c17b984c5a72b9ad00876ed22d499b,downloaded,
508,경제동향,33,51470,FSL1004,2022년 최근경제동향 2월,2022-02-21,기획재정부,https://www.openfiscaldata.go.kr/op/ko/fd/UOPKOFDA02?pageIndex=1&pageSize=8&ofdBrdId=FSL1004&ofdBrdiSeq=51470&ofdBrdiDtsClsCd=508,원문,2022년 2월 최근경제동향,2022년 2월 최근경제동향.pdf,F0000000000000003695,1,원문 우선(목차 파일 제외),files/06_508_경제동향/2022-02-21_51470_2022년 최근경제동향 2월.pdf,1673496,4b16f90f0ad0e799effc3ef5ef5e10579d2e8b9b1510b8e4e7804fa7e8962cc6,downloaded,
508,경제동향,33,51464,FSL1004,2022년 최근경제동향 1월,2022-01-21,기획재정부,https://www.openfiscaldata.go.kr/op/ko/fd/UOPKOFDA02?pageIndex=1&pageSize=8&ofdBrdId=FSL1004&ofdBrdiSeq=51464&ofdBrdiDtsClsCd=508,원문,2022년 1월 최근경제동향,2022년 1월 최근경제동향.pdf,F0000000000000003624,1,원문 우선(목차 파일 제외),files/06_508_경제동향/2022-01-21_51464_2022년 최근경제동향 1월.pdf,1671213,73e5861155be244d9a5b3910b8e2042621dade34bf0c09282c08f17bcc00b64d,downloaded,
508,경제동향,33,51465,FSL1004,2021년 최근경제동향 12월,2021-12-17,기획재정부,https://www.openfiscaldata.go.kr/op/ko/fd/UOPKOFDA02?pageIndex=1&pageSize=8&ofdBrdId=FSL1004&ofdBrdiSeq=51465&ofdBrdiDtsClsCd=508,원문,2021년 12월 최근경제동향,2021년 12월 최근경제동향.pdf,F0000000000000003625,1,원문 우선(목차 파일 제외),files/06_508_경제동향/2021-12-17_51465_2021년 최근경제동향 12월.pdf,1623535,e41a3e9d94b7ddfc220922d5f0b3083e8f7baa0009e54721a6b4fe95ad1b5ffc,downloaded,
508,경제동향,33,51377,FSL1004,2021 최근경제동향 11월,2021-11-12,기획재정부,https://www.openfiscaldata.go.kr/op/ko/fd/UOPKOFDA02?pageIndex=1&pageSize=8&ofdBrdId=FSL1004&ofdBrdiSeq=51377&ofdBrdiDtsClsCd=508,원문,2021년 11월 최근경제동향(f),2021년 11월 최근경제동향(f).pdf,FI000000005137766622,2,원문 우선(목차 파일 제외),files/06_508_경제동향/2021-11-12_51377_2021 최근경제동향 11월.pdf,1630731,9765120cd0746132431d1619af907779ee7a3bd66cebc9324db3d184baee1a6e,downloaded,
508,경제동향,33,51278,FSL1004,2021 최근경제동향 10월,2021-10-15,기획재정부,https://www.openfiscaldata.go.kr/op/ko/fd/UOPKOFDA02?pageIndex=1&pageSize=8&ofdBrdId=FSL1004&ofdBrdiSeq=51278&ofdBrdiDtsClsCd=508,원문,2021년 10월 최근경제동향(★),2021년 10월 최근경제동향(★).pdf,FI000000005127866414,1,원문 우선(목차 파일 제외),files/06_508_경제동향/2021-10-15_51278_2021 최근경제동향 10월.pdf,1641996,ea3ad1b9a714c18ade2cc6cd11de5ade900f7c608b876221da5e6ed3316ffae1,downloaded,
508,경제동향,33,51167,FSL1004,2021 최근경제동향 9월,2021-09-17,기획재정부,https://www.openfiscaldata.go.kr/op/ko/fd/UOPKOFDA02?pageIndex=1&pageSize=8&ofdBrdId=FSL1004&ofdBrdiSeq=51167&ofdBrdiDtsClsCd=508,원문,2021년 9월 최근경제동향(f),2021년 9월 최근경제동향(f).pdf,FI000000005116766215,1,원문 우선(목차 파일 제외),files/06_508_경제동향/2021-09-17_51167_2021 최근경제동향 9월.pdf,1646638,d06f201e0f3b9a7c5f6a52a83f5971c1ec8b4b95883a408faf6e64e07c5395e4,downloaded,
508,경제동향,33,51050,FSL1004,2021 최근경제동향 8월,2021-08-20,기획재정부,https://www.openfiscaldata.go.kr/op/ko/fd/UOPKOFDA02?pageIndex=1&pageSize=8&ofdBrdId=FSL1004&ofdBrdiSeq=51050&ofdBrdiDtsClsCd=508,원문,2021년 8월 최근경제동향,2021년 8월 최근경제동향.pdf,FI000000005105066002,1,원문 우선(목차 파일 제외),files/06_508_경제동향/2021-08-20_51050_2021 최근경제동향 8월.pdf,1662669,dd1afa31ad9d860bd98ed72bc3c581259a313956cea6b188ece2c8ef008ee535,downloaded,
508,경제동향,33,50933,FSL1004,2021 최근경제동향 7월,2021-07-16,기획재정부,https://www.openfiscaldata.go.kr/op/ko/fd/UOPKOFDA02?pageIndex=1&pageSize=8&ofdBrdId=FSL1004&ofdBrdiSeq=50933&ofdBrdiDtsClsCd=508,원문,2021년 7월 최근경제동향(F),2021년 7월 최근경제동향(F).pdf,FI000000005093365808,1,원문 우선(목차 파일 제외),files/06_508_경제동향/2021-07-16_50933_2021 최근경제동향 7월.pdf,1672630,8a237c08a07e121515064ab9d126b9327dae80b86d168aa9cffac47e9d9d0402,downloaded,
508,경제동향,33,50689,FSL1004,2021 최근경제동향 6월,2021-06-11,기획재정부,https://www.openfiscaldata.go.kr/op/ko/fd/UOPKOFDA02?pageIndex=1&pageSize=8&ofdBrdId=FSL1004&ofdBrdiSeq=50689&ofdBrdiDtsClsCd=508,원문,2021년 6월 최근경제동향,2021년 6월 최근경제동향.pdf,FI000000005068965364,1,원문 우선(목차 파일 제외),files/06_508_경제동향/2021-06-11_50689_2021 최근경제동향 6월.pdf,1670411,fc0dbada4bedca7c98092f28d6fe29dc2b187b589822a3bab06b907a31817757,downloaded,
508,경제동향,33,50568,FSL1004,2021 최근경제동향 5월,2021-05-14,기획재정부,https://www.openfiscaldata.go.kr/op/ko/fd/UOPKOFDA02?pageIndex=1&pageSize=8&ofdBrdId=FSL1004&ofdBrdiSeq=50568&ofdBrdiDtsClsCd=508,원문,2021년 5월 최근경제동향,2021년 5월 최근경제동향.pdf,FI000000005056865178,1,원문 우선(목차 파일 제외),files/06_508_경제동향/2021-05-14_50568_2021 최근경제동향 5월.pdf,1947320,661b5cfb49f33c9f442702b350b66814455f55bf4bc5b7ac96faad734e74792c,downloaded,
508,경제동향,33,50470,FSL1004,2021 최근경제동향 4월,2021-04-16,기획재정부,https://www.openfiscaldata.go.kr/op/ko/fd/UOPKOFDA02?pageIndex=1&pageSize=8&ofdBrdId=FSL1004&ofdBrdiSeq=50470&ofdBrdiDtsClsCd=508,원문,2021년 4월 최근경제동향,2021년 4월 최근경제동향.pdf,FI000000005047065056,1,원문 우선(목차 파일 제외),files/06_508_경제동향/2021-04-16_50470_2021 최근경제동향 4월.pdf,1623460,2ca7707dc108b552547911565f25fa6afd032e75544b779dcb2a541e07e5a53f,downloaded,
508,경제동향,33,50354,FSL1004,2021 최근경제동향 3월,2021-03-19,기획재정부,https://www.openfiscaldata.go.kr/op/ko/fd/UOPKOFDA02?pageIndex=1&pageSize=8&ofdBrdId=FSL1004&ofdBrdiSeq=50354&ofdBrdiDtsClsCd=508,원문,2021년 3월 최근경제동향,2021년 3월 최근경제동향.pdf,FI000000005035464908,1,원문 우선(목차 파일 제외),files/06_508_경제동향/2021-03-19_50354_2021 최근경제동향 3월.pdf,1891995,bbd9cb60a147f6dbdc302b88ceb2267d1af1e86299eb7608a3abe94b8ea771bc,downloaded,
508,경제동향,33,50248,FSL1004,2021 최근경제동향 2월,2021-02-19,기획재정부,https://www.openfiscaldata.go.kr/op/ko/fd/UOPKOFDA02?pageIndex=1&pageSize=8&ofdBrdId=FSL1004&ofdBrdiSeq=50248&ofdBrdiDtsClsCd=508,원문,2021년 2월 최근경제동향,2021년 2월 최근경제동향.pdf,FI000000005024864763,1,원문 우선(목차 파일 제외),files/06_508_경제동향/2021-02-19_50248_2021 최근경제동향 2월.pdf,1617437,100c386d11fec3b1bd58bca24786b5ae723437a79a410f6315abdcd9983e677a,downloaded,
508,경제동향,33,50103,FSL1004,2021 최근경제동향 1월,2021-01-15,기획재정부,https://www.openfiscaldata.go.kr/op/ko/fd/UOPKOFDA02?pageIndex=1&pageSize=8&ofdBrdId=FSL1004&ofdBrdiSeq=50103&ofdBrdiDtsClsCd=508,원문,2021년 1월 최근경제동향,2021년 1월 최근경제동향.pdf,FI000000005010364615,1,원문 우선(목차 파일 제외),files/06_508_경제동향/2021-01-15_50103_2021 최근경제동향 1월.pdf,1617097,3c73896b5bfc85afed3bbb90e2615860ce4f4248ed435a01c186eba1265a868f,downloaded,
508,경제동향,33,50007,FSL1004,2020 최근경제동향 12월,2020-12-18,기획재정부,https://www.openfiscaldata.go.kr/op/ko/fd/UOPKOFDA02?pageIndex=1&pageSize=8&ofdBrdId=FSL1004&ofdBrdiSeq=50007&ofdBrdiDtsClsCd=508,원문,2020년 12월 최근경제동향(f),2020년 12월 최근경제동향(f).pdf,FI000000005000764429,5,원문 우선(목차 파일 제외),files/06_508_경제동향/2020-12-18_50007_2020 최근경제동향 12월.pdf,1708151,74de8afdab8b4788977a97f3bc1cc240c517ea86251e08e703b38a1c885e0b33,downloaded,
508,경제동향,33,49769,FSL1004,2020 최근경제동향 11월,2020-11-13,기획재정부,https://www.openfiscaldata.go.kr/op/ko/fd/UOPKOFDA02?pageIndex=1&pageSize=8&ofdBrdId=FSL1004&ofdBrdiSeq=49769&ofdBrdiDtsClsCd=508,원문,2020년11월최근경제동향,2020년11월최근경제동향.pdf,FI000000004976964202,1,원문 우선(목차 파일 제외),files/06_508_경제동향/2020-11-13_49769_2020 최근경제동향 11월.pdf,1723381,9185b73a9d67648b73150be088183b5f3b8dda3e6cc02e03b15716c2ffda9365,downloaded,
508,경제동향,33,49667,FSL1004,2020 최근경제동향 10월,2020-10-16,기획재정부,https://www.openfiscaldata.go.kr/op/ko/fd/UOPKOFDA02?pageIndex=1&pageSize=8&ofdBrdId=FSL1004&ofdBrdiSeq=49667&ofdBrdiDtsClsCd=508,원문,2020년10월최근경제동향,2020년10월최근경제동향.pdf,FI000000004966764060,1,원문 우선(목차 파일 제외),files/06_508_경제동향/2020-10-16_49667_2020 최근경제동향 10월.pdf,1620882,b39b180d6632355e9ae0eda2c6df93eb7be70f75fed8c3d3c980bcacea9d20b8,downloaded,
508,경제동향,33,49525,FSL1004,2020 최근경제동향 9월,2020-09-11,기획재정부,https://www.openfiscaldata.go.kr/op/ko/fd/UOPKOFDA02?pageIndex=1&pageSize=8&ofdBrdId=FSL1004&ofdBrdiSeq=49525&ofdBrdiDtsClsCd=508,원문,2020년 9월 최근 경제동향,2020년 9월 최근 경제동향.pdf,FI000000004952563908,1,원문 우선(목차 파일 제외),files/06_508_경제동향/2020-09-11_49525_2020 최근경제동향 9월.pdf,1753147,81c91e33e95c41f72b4081da79c724354f3d06ae292e7e6afade6bdc2d4193d5,downloaded,
508,경제동향,33,49399,FSL1004,2020 최근경제동향 8월,2020-08-14,기획재정부,https://www.openfiscaldata.go.kr/op/ko/fd/UOPKOFDA02?pageIndex=1&pageSize=8&ofdBrdId=FSL1004&ofdBrdiSeq=49399&ofdBrdiDtsClsCd=508,원문,2020년 8월 최근 경제동향,2020년 8월 최근 경제동향.pdf,FI000000004939963757,1,원문 우선(목차 파일 제외),files/06_508_경제동향/2020-08-14_49399_2020 최근경제동향 8월.pdf,1733909,67694676b87ed543f4c271b5a3b2cc4d39416ec60f1f734c2afd8ccdcaafad61,downloaded,
508,경제동향,33,49298,FSL1004,2020 최근경제동향 7월,2020-07-17,기획재정부,https://www.openfiscaldata.go.kr/op/ko/fd/UOPKOFDA02?pageIndex=1&pageSize=8&ofdBrdId=FSL1004&ofdBrdiSeq=49298&ofdBrdiDtsClsCd=508,원문,2020년 7월 최근경제동향,2020년 7월 최근경제동향.pdf,FI000000004929863620,1,원문 우선(목차 파일 제외),files/06_508_경제동향/2020-07-17_49298_2020 최근경제동향 7월.pdf,1551041,015defbaa00b4e02fade2fd04ed2cccf4e39388b08145c762aac396fd0f5240f,downloaded,
508,경제동향,33,49090,FSL1004,2020 최근경제동향 6월,2020-06-12,기획재정부,https://www.openfiscaldata.go.kr/op/ko/fd/UOPKOFDA02?pageIndex=1&pageSize=8&ofdBrdId=FSL1004&ofdBrdiSeq=49090&ofdBrdiDtsClsCd=508,원문,2020년 6월 최근경제동향,2020년 6월 최근경제동향.pdf,FI000000004909063456,1,원문 우선(목차 파일 제외),files/06_508_경제동향/2020-06-12_49090_2020 최근경제동향 6월.pdf,1579986,20230096d3329a48a36dbbd18f69d74181f9f4e5c396eee67b6bc901486f38df,downloaded,
508,경제동향,33,48913,FSL1004,2020 최근경제동향 5월,2020-05-15,기획재정부,https://www.openfiscaldata.go.kr/op/ko/fd/UOPKOFDA02?pageIndex=1&pageSize=8&ofdBrdId=FSL1004&ofdBrdiSeq=48913&ofdBrdiDtsClsCd=508,원문,2020년 5월 최근경제동향(그린북),2020년 5월 최근경제동향(그린북).pdf,FI000000004891363237,1,원문 우선(목차 파일 제외),files/06_508_경제동향/2020-05-15_48913_2020 최근경제동향 5월.pdf,2043955,20049a6e5832620c7fac316d02bc5d609da251e7eef9e51f3a5da49b8f74c140,downloaded,
508,경제동향,33,48762,FSL1004,2020 최근경제동향 4월,2020-04-17,기획재정부,https://www.openfiscaldata.go.kr/op/ko/fd/UOPKOFDA02?pageIndex=1&pageSize=8&ofdBrdId=FSL1004&ofdBrdiSeq=48762&ofdBrdiDtsClsCd=508,원문,2020년 4월 최근 경제동향(그린북),2020년 4월 최근 경제동향(그린북).pdf,FI000000004876263114,5,원문 우선(목차 파일 제외),files/06_508_경제동향/2020-04-17_48762_2020 최근경제동향 4월.pdf,1692941,46e60914317c0a9865212e2a41751dead560c0a11e7b4bcf5c24b897ea3d6527,downloaded,
508,경제동향,33,48512,FSL1004,2020 최근경제동향 3월,2020-03-14,기획재정부,https://www.openfiscaldata.go.kr/op/ko/fd/UOPKOFDA02?pageIndex=1&pageSize=8&ofdBrdId=FSL1004&ofdBrdiSeq=48512&ofdBrdiDtsClsCd=508,원문,2020년 3월 최근 경제동향(그린북),2020년 3월 최근 경제동향(그린북).pdf,FI000000004851262905,5,원문 우선(목차 파일 제외),files/06_508_경제동향/2020-03-14_48512_2020 최근경제동향 3월.pdf,2520741,6011d20d009826edbc66662c60a3d01337c79b04ac62fd1e0e93e6cc7f74196e,downloaded,
508,경제동향,33,48393,FSL1004,2020 최근경제동향 2월,2020-02-14,기획재정부,https://www.openfiscaldata.go.kr/op/ko/fd/UOPKOFDA02?pageIndex=1&pageSize=8&ofdBrdId=FSL1004&ofdBrdiSeq=48393&ofdBrdiDtsClsCd=508,원문,2020년 2월 최근경제동향(그린북),2020년 2월 최근경제동향(그린북).pdf,FI000000004839362791,1,원문 우선(목차 파일 제외),files/06_508_경제동향/2020-02-14_48393_2020 최근경제동향 2월.pdf,1553396,2941461449353ddb41a19419ff6583df15b8155c15e238c5341ac7bcb32a703e,downloaded,
508,경제동향,33,48278,FSL1004,2020 최근경제동향 1월,2020-01-17,기획재정부,https://www.openfiscaldata.go.kr/op/ko/fd/UOPKOFDA02?pageIndex=1&pageSize=8&ofdBrdId=FSL1004&ofdBrdiSeq=48278&ofdBrdiDtsClsCd=508,원문,2020년 1월 최근 경제동향(그린북),2020년 1월 최근 경제동향(그린북).pdf,FI000000004827862588,1,원문 우선(목차 파일 제외),files/06_508_경제동향/2020-01-17_48278_2020 최근경제동향 1월.pdf,1647265,615828c0bde88bbbeb36e9cc06e7f2bfb368035b24f23c7ec49d66171a69d67f,downloaded,
508,경제동향,33,48108,FSL1004,2019 최근경제동향 12월,2019-12-13,기획재정부,https://www.openfiscaldata.go.kr/op/ko/fd/UOPKOFDA02?pageIndex=1&pageSize=8&ofdBrdId=FSL1004&ofdBrdiSeq=48108&ofdBrdiDtsClsCd=508,원문,2019년 12월 최근 경제동향(그린북),2019년 12월 최근 경제동향(그린북).pdf,FI000000004810862400,1,원문 우선(목차 파일 제외),files/06_508_경제동향/2019-12-13_48108_2019 최근경제동향 12월.pdf,2461588,a685821ca6645020ba8646d4eb848bb113ad079e02b7abfab18b5cc440022afe,downloaded,
508,경제동향,33,48014,FSL1004,2019 최근경제동향 11월,2019-11-15,기획재정부,https://www.openfiscaldata.go.kr/op/ko/fd/UOPKOFDA02?pageIndex=1&pageSize=8&ofdBrdId=FSL1004&ofdBrdiSeq=48014&ofdBrdiDtsClsCd=508,원문,2019년 11월 최근경제동향(그린북),2019년 11월 최근경제동향(그린북).pdf,FI000000004801462278,1,원문 우선(목차 파일 제외),files/06_508_경제동향/2019-11-15_48014_2019 최근경제동향 11월.pdf,2537016,7c5219c70773c54c668d4c2fc6623d2f5efcad1571324f8da40f8b877e76587c,downloaded,
508,경제동향,33,47920,FSL1004,2019 최근경제동향 10월,2019-10-18,기획재정부,https://www.openfiscaldata.go.kr/op/ko/fd/UOPKOFDA02?pageIndex=1&pageSize=8&ofdBrdId=FSL1004&ofdBrdiSeq=47920&ofdBrdiDtsClsCd=508,원문,2019년 최근 경제동향 10월,2019년 최근 경제동향 10월.pdf,FI000000004792062166,5,원문 우선(목차 파일 제외),files/06_508_경제동향/2019-10-18_47920_2019 최근경제동향 10월.pdf,2532242,3ffdebc63188d5b7d56ffa06fa7e1d8aef58e2cb8f0930a4f1d7d6bd7ba014ac,downloaded,
508,경제동향,33,47841,FSL1004,2019 최근경제동향 9월,2019-09-20,기획재정부,https://www.openfiscaldata.go.kr/op/ko/fd/UOPKOFDA02?pageIndex=1&pageSize=8&ofdBrdId=FSL1004&ofdBrdiSeq=47841&ofdBrdiDtsClsCd=508,원문,2019 최근 경제동향 9월,2019 최근 경제동향 9월.pdf,FI000000004784162050,5,원문 우선(목차 파일 제외),files/06_508_경제동향/2019-09-20_47841_2019 최근경제동향 9월.pdf,2482772,58f1daccd1e98cf6a7df2e043c54090db8f284a9a308084b5f17ce5c3fb1ac46,downloaded,
508,경제동향,33,47657,FSL1004,2019 최근경제동향 8월,2019-08-16,기획재정부,https://www.openfiscaldata.go.kr/op/ko/fd/UOPKOFDA02?pageIndex=1&pageSize=8&ofdBrdId=FSL1004&ofdBrdiSeq=47657&ofdBrdiDtsClsCd=508,원문,2019 최근경제동향 8월,2019 최근경제동향 8월.pdf,FI000000004765761858,1,원문 우선(목차 파일 제외),files/06_508_경제동향/2019-08-16_47657_2019 최근경제동향 8월.pdf,2534025,99c014edfba12dd999393e59ddfbac97d4fc0cd24297452f0fb8b23b2f49cc80,downloaded,
508,경제동향,33,47488,FSL1004,2019 최근경제동향 7월,2019-07-12,기획재정부,https://www.openfiscaldata.go.kr/op/ko/fd/UOPKOFDA02?pageIndex=1&pageSize=8&ofdBrdId=FSL1004&ofdBrdiSeq=47488&ofdBrdiDtsClsCd=508,원문,2019 최근경제동향 7월,2019 최근경제동향 7월.pdf,FI000000004748861659,1,원문 우선(목차 파일 제외),files/06_508_경제동향/2019-07-12_47488_2019 최근경제동향 7월.pdf,2663930,3152ee0483a390f382647572e0b3f29121727291938f18bad8c650a6bb0774b0,downloaded,
508,경제동향,33,47472,FSL1004,2019 최근경제동향 6월,2019-06-14,기획재정부,https://www.openfiscaldata.go.kr/op/ko/fd/UOPKOFDA02?pageIndex=1&pageSize=8&ofdBrdId=FSL1004&ofdBrdiSeq=47472&ofdBrdiDtsClsCd=508,원문,2019 최근경제동향 6월,2019 최근경제동향 6월.pdf,FI000000004747261608,1,원문 우선(목차 파일 제외),files/06_508_경제동향/2019-06-14_47472_2019 최근경제동향 6월.pdf,1720663,ffde08b0c7ab175f35b71b798c4f3b8643e5fbd1fb08df89f4766feb45b97cbd,downloaded,
508,경제동향,33,47429,FSL1004,2019 최근경제동향 5월,2019-05-17,기획재정부,https://www.openfiscaldata.go.kr/op/ko/fd/UOPKOFDA02?pageIndex=1&pageSize=8&ofdBrdId=FSL1004&ofdBrdiSeq=47429&ofdBrdiDtsClsCd=508,원문,2019 최근경제동향 5월,2019 최근경제동향 5월.pdf,FI000000004742961541,1,원문 우선(목차 파일 제외),files/06_508_경제동향/2019-05-17_47429_2019 최근경제동향 5월.pdf,2599594,d457ddca943a7c8e7f4a3cb4fcef8012c73d86f6b1a3a81564ca1a2e262adb64,downloaded,
508,경제동향,33,47247,FSL1004,2019 최근경제동향 4월,2019-04-12,기획재정부,https://www.openfiscaldata.go.kr/op/ko/fd/UOPKOFDA02?pageIndex=1&pageSize=8&ofdBrdId=FSL1004&ofdBrdiSeq=47247&ofdBrdiDtsClsCd=508,원문,2019최근경제동향 4월,2019최근경제동향 4월.pdf,FI000000004724761283,1,원문 우선(목차 파일 제외),files/06_508_경제동향/2019-04-12_47247_2019 최근경제동향 4월.pdf,2187400,9b01b516f936dfad0976f42e311c25280d5de910bbfb50b7e0474ee955aecf01,downloaded,
508,경제동향,33,47153,FSL1004,2019 최근경제동향 3월,2019-03-15,기획재정부,https://www.openfiscaldata.go.kr/op/ko/fd/UOPKOFDA02?pageIndex=1&pageSize=8&ofdBrdId=FSL1004&ofdBrdiSeq=47153&ofdBrdiDtsClsCd=508,원문,2019최근경제동향 3월,2019최근경제동향 3월.pdf,FI000000004715361174,1,원문 우선(목차 파일 제외),files/06_508_경제동향/2019-03-15_47153_2019 최근경제동향 3월.pdf,2951163,c57892a856e60447012eb424dc07193ad2867e50b477308e467ed667b2fa8a45,downloaded,
508,경제동향,33,47056,FSL1004,2019 최근경제동향 2월,2019-02-15,기획재정부,https://www.openfiscaldata.go.kr/op/ko/fd/UOPKOFDA02?pageIndex=1&pageSize=8&ofdBrdId=FSL1004&ofdBrdiSeq=47056&ofdBrdiDtsClsCd=508,원문,2019년 2월 최근경제동향,2019년 2월 최근경제동향.pdf,FI000000004705661045,1,원문 우선(목차 파일 제외),files/06_508_경제동향/2019-02-15_47056_2019 최근경제동향 2월.pdf,2637363,9e7c6568041e3caa27572b4bc61724495724b1984571374347746857849e8c4e,downloaded,
508,경제동향,33,46960,FSL1004,2019 최근경제동향 1월,2019-01-11,기획재정부,https://www.openfiscaldata.go.kr/op/ko/fd/UOPKOFDA02?pageIndex=1&pageSize=8&ofdBrdId=FSL1004&ofdBrdiSeq=46960&ofdBrdiDtsClsCd=508,원문,2019년 1월 최근경제동향,2019년 1월 최근경제동향.pdf,FI000000004696060905,1,원문 우선(목차 파일 제외),files/06_508_경제동향/2019-01-11_46960_2019 최근경제동향 1월.pdf,2570178,e660c80551c25631ceb851ebdb7a3d4cacacdbf94cd79ad7feccf74cb17fa32c,downloaded,
508,경제동향,33,46905,FSL1004,2018 최근경제동향 12월,2018-12-21,기획재정부,https://www.openfiscaldata.go.kr/op/ko/fd/UOPKOFDA02?pageIndex=1&pageSize=8&ofdBrdId=FSL1004&ofdBrdiSeq=46905&ofdBrdiDtsClsCd=508,원문,2018 최근경제동향 12월,2018 최근경제동향 12월.pdf,FI000000004690560833,1,원문 우선(목차 파일 제외),files/06_508_경제동향/2018-12-21_46905_2018 최근경제동향 12월.pdf,3012407,d462a3b246d015628858981579e8dca8e4438eacd8f45d89b3c294d4fcc33be4,downloaded,
508,경제동향,33,46757,FSL1004,2018 최근경제동향 11월,2018-11-09,기획재정부,https://www.openfiscaldata.go.kr/op/ko/fd/UOPKOFDA02?pageIndex=1&pageSize=8&ofdBrdId=FSL1004&ofdBrdiSeq=46757&ofdBrdiDtsClsCd=508,원문,2018 최근경제동향 11월,2018 최근경제동향 11월.pdf,FI000000004675760659,1,원문 우선(목차 파일 제외),files/06_508_경제동향/2018-11-09_46757_2018 최근경제동향 11월.pdf,2620078,12fd0f7065614bdde30267177d902473192143f49c1808fdd5069e7a6be5b239,downloaded,
508,경제동향,33,46666,FSL1004,2018 최근경제동향 10월,2018-10-12,기획재정부,https://www.openfiscaldata.go.kr/op/ko/fd/UOPKOFDA02?pageIndex=1&pageSize=8&ofdBrdId=FSL1004&ofdBrdiSeq=46666&ofdBrdiDtsClsCd=508,원문,2018 최근경제동향 10월,2018 최근경제동향 10월.pdf,FI000000004666660554,1,원문 우선(목차 파일 제외),files/06_508_경제동향/2018-10-12_46666_2018 최근경제동향 10월.pdf,2565099,5de6c49b6b3fd1b093df8ab212c1834fd9d604c863003cf49583f3378e799028,downloaded,
508,경제동향,33,46563,FSL1004,2018 최근경제동향 9월,2018-09-14,기획재정부,https://www.openfiscaldata.go.kr/op/ko/fd/UOPKOFDA02?pageIndex=1&pageSize=8&ofdBrdId=FSL1004&ofdBrdiSeq=46563&ofdBrdiDtsClsCd=508,원문,9월 최근경제동향,9월 최근경제동향.pdf,FI000000004656360427,1,원문 우선(목차 파일 제외),files/06_508_경제동향/2018-09-14_46563_2018 최근경제동향 9월.pdf,2469141,0d5ce7eab0ed96963943efdb886f9e354444be378bebdf57ca19c00428af99fd,downloaded,
508,경제동향,33,46433,FSL1004,2018 최근경제동향 8월,2018-08-10,기획재정부,https://www.openfiscaldata.go.kr/op/ko/fd/UOPKOFDA02?pageIndex=1&pageSize=8&ofdBrdId=FSL1004&ofdBrdiSeq=46433&ofdBrdiDtsClsCd=508,원문,8월호 최근경제동향,8월호 최근경제동향.pdf,FI000000004643360281,1,원문 우선(목차 파일 제외),files/06_508_경제동향/2018-08-10_46433_2018 최근경제동향 8월.pdf,1638563,124ca87e66e355c04931ea0eeff1d7926f3d90d0c7d5c5b609ddd92b04d0f54f,downloaded,
508,경제동향,33,46346,FSL1004,2018 최근경제동향 7월,2018-07-16,기획재정부,https://www.openfiscaldata.go.kr/op/ko/fd/UOPKOFDA02?pageIndex=1&pageSize=8&ofdBrdId=FSL1004&ofdBrdiSeq=46346&ofdBrdiDtsClsCd=508,원문,7월 최근경제동향,7월 최근경제동향.pdf,FI000000004634660166,1,원문 우선(목차 파일 제외),files/06_508_경제동향/2018-07-16_46346_2018 최근경제동향 7월.pdf,2501015,59d780fa8eddd59a8929e25dd8ce84ec476f2616df4b14766d8f489bb14a3eec,downloaded,
508,경제동향,33,46197,FSL1004,2018 최근경제동향 6월,2018-06-08,기획재정부,https://www.openfiscaldata.go.kr/op/ko/fd/UOPKOFDA02?pageIndex=1&pageSize=8&ofdBrdId=FSL1004&ofdBrdiSeq=46197&ofdBrdiDtsClsCd=508,원문,6월 최근경제동향,6월 최근경제동향.pdf,FI000000004619759941,1,원문 우선(목차 파일 제외),files/06_508_경제동향/2018-06-08_46197_2018 최근경제동향 6월.pdf,2466603,af1c424f04b749e39948706b24a74bc0b92b41756873b9b745b049b9e8881301,downloaded,
508,경제동향,33,46105,FSL1004,2018 최근경제동향 5월,2018-05-11,기획재정부,https://www.openfiscaldata.go.kr/op/ko/fd/UOPKOFDA02?pageIndex=1&pageSize=8&ofdBrdId=FSL1004&ofdBrdiSeq=46105&ofdBrdiDtsClsCd=508,원문,5월 최근경제동향,5월 최근경제동향.pdf,FI000000004610559771,1,원문 우선(목차 파일 제외),files/06_508_경제동향/2018-05-11_46105_2018 최근경제동향 5월.pdf,2431170,968955a5238d9331ac18887aee168587de626a549c3a2d8ed4fc0214b743059b,downloaded,
508,경제동향,33,45931,FSL1004,2018 최근경제동향 4월,2018-04-13,기획재정부,https://www.openfiscaldata.go.kr/op/ko/fd/UOPKOFDA02?pageIndex=1&pageSize=8&ofdBrdId=FSL1004&ofdBrdiSeq=45931&ofdBrdiDtsClsCd=508,원문,4월 최근경제동향,4월 최근경제동향.pdf,FI000000004593159659,1,원문 우선(목차 파일 제외),files/06_508_경제동향/2018-04-13_45931_2018 최근경제동향 4월.pdf,2459624,aed6e3be5f97ee233cff088450a0ab5b81737b833945de551f4cc5db118be0ab,downloaded,
508,경제동향,33,45774,FSL1004,2018 최근경제동향 3월,2018-03-13,기획재정부,https://www.openfiscaldata.go.kr/op/ko/fd/UOPKOFDA02?pageIndex=1&pageSize=8&ofdBrdId=FSL1004&ofdBrdiSeq=45774&ofdBrdiDtsClsCd=508,원문,3월 최근경제동향,3월 최근경제동향.pdf,FI000000004577459492,1,원문 우선(목차 파일 제외),files/06_508_경제동향/2018-03-13_45774_2018 최근경제동향 3월.pdf,2373770,39c73bf0051ae31bf8d631d74eba670a0b5af80772d123e0e594f4187ca720cf,downloaded,
508,경제동향,33,45577,FSL1004,2018 최근경제동향 2월,2018-02-09,기획재정부,https://www.openfiscaldata.go.kr/op/ko/fd/UOPKOFDA02?pageIndex=1&pageSize=8&ofdBrdId=FSL1004&ofdBrdiSeq=45577&ofdBrdiDtsClsCd=508,원문,2월 최근경제동향,2월 최근경제동향.pdf,FI000000004557759367,1,원문 우선(목차 파일 제외),files/06_508_경제동향/2018-02-09_45577_2018 최근경제동향 2월.pdf,3232715,70726329683c77f1af89dcf3c2e1e3a2b5a5e24e27e00b529936fb8b427d1ba8,downloaded,
508,경제동향,33,45457,FSL1004,2017 최근경제동향,2018-01-18,기획재정부,https://www.openfiscaldata.go.kr/op/ko/fd/UOPKOFDA02?pageIndex=1&pageSize=8&ofdBrdId=FSL1004&ofdBrdiSeq=45457&ofdBrdiDtsClsCd=508,원문,2017년 최근경제동향,2017년 최근경제동향.zip,FI000000004545759224,13,원문 우선(목차 파일 제외),files/06_508_경제동향/2018-01-18_45457_2017 최근경제동향.zip,26724446,b9e4a36038230bd77843005f5b4d0f171897da405b3d8ff98749f62d2b9d683c,downloaded,
508,경제동향,33,45456,FSL1004,2016 최근경제동향,2018-01-18,기획재정부,https://www.openfiscaldata.go.kr/op/ko/fd/UOPKOFDA02?pageIndex=1&pageSize=8&ofdBrdId=FSL1004&ofdBrdiSeq=45456&ofdBrdiDtsClsCd=508,원문,2016년 최근경제동향,2016년 최근경제동향.zip,FI000000004545659211,13,원문 우선(목차 파일 제외),files/06_508_경제동향/2018-01-18_45456_2016 최근경제동향.zip,55671893,44a60fa94471f66b0ad213428365abf4cb45f3c791770e743bb97701756a0b86,downloaded,
508,경제동향,33,45458,FSL1004,2018 최근경제동향 1월,2018-01-15,기획재정부,https://www.openfiscaldata.go.kr/op/ko/fd/UOPKOFDA02?pageIndex=1&pageSize=8&ofdBrdId=FSL1004&ofdBrdiSeq=45458&ofdBrdiDtsClsCd=508,원문,1월 최근경제동향,1월 최근경제동향.pdf,FI000000004545859237,5,원문 우선(목차 파일 제외),files/06_508_경제동향/2018-01-15_45458_2018 최근경제동향 1월.pdf,3717213,37cdda867edb6a1acbac1ab70cbd0c71c2a27c3e7862634d6167bb18d188a90e,downloaded,
509,IMF,34,51720,FSL1004,[2025 No.10] IMF World Economic Outlook October 2025,2026-01-19,IMF(조세재정연구원),https://www.openfiscaldata.go.kr/op/ko/fd/UOPKOFDA02?pageIndex=1&pageSize=8&ofdBrdId=FSL1004&ofdBrdiSeq=51720&ofdBrdiDtsClsCd=509,원문,[2025 No.10] IMF WEO Oct_2025,[2025 No.10] IMF WEO Oct_2025.pdf,F0000000000000004710,1,원문 우선(목차 파일 제외),files/07_509_IMF/2026-01-19_51720_[2025 No.10] IMF World Economic Outlook October 2025.pdf,193048476,e66a3cab36cfdb06ed6753887e6a9f4e3e5abfbefd1fed9578bfd9d6918c434e,downloaded,
509,IMF,34,51719,FSL1004,[2025 No.4] IMF World Economic Outlook April 2025,2026-01-19,IMF(조세재정연구원),https://www.openfiscaldata.go.kr/op/ko/fd/UOPKOFDA02?pageIndex=1&pageSize=8&ofdBrdId=FSL1004&ofdBrdiSeq=51719&ofdBrdiDtsClsCd=509,원문,[2025 No.4]IMF World Economic Outlook April 2025,[2025 No.4]IMF World Economic Outlook April 2025.pdf,F0000000000000004709,1,원문 우선(목차 파일 제외),files/07_509_IMF/2026-01-19_51719_[2025 No.4] IMF World Economic Outlook April 2025.pdf,195568143,9e9ff052558da1fc2bc8f9238f3c6305951fc3b9b3e5668ee1a0c8ff36138322,downloaded,
509,IMF,34,51718,FSL1004,[2024 No.6] IMF World Economic Outlook October 2024,2026-01-19,IMF(조세재정연구원),https://www.openfiscaldata.go.kr/op/ko/fd/UOPKOFDA02?pageIndex=1&pageSize=8&ofdBrdId=FSL1004&ofdBrdiSeq=51718&ofdBrdiDtsClsCd=509,원문,[2024 No.6] IMF WEO Oct 2024_재정지출분석센터,[2024 No.6] IMF WEO Oct 2024_재정지출분석센터.pdf,F0000000000000004708,1,원문 우선(목차 파일 제외),files/07_509_IMF/2026-01-19_51718_[2024 No.6] IMF World Economic Outlook October 2024.pdf,129967893,c7c0248a751a4e6d16584426529732a6be68d6f5f63b4c1a7aed3c9378de861d,downloaded,
509,IMF,34,51717,FSL1004,[2024 No.1] IMF World Economic Outlook April 2024,2026-01-19,IMF(조세재정연구원),https://www.openfiscaldata.go.kr/op/ko/fd/UOPKOFDA02?pageIndex=1&pageSize=8&ofdBrdId=FSL1004&ofdBrdiSeq=51717&ofdBrdiDtsClsCd=509,원문,IMF WEO April 2024_재정지출분석센터,IMF WEO April 2024_재정지출분석센터.pdf,F0000000000000004707,1,원문 우선(목차 파일 제외),files/07_509_IMF/2026-01-19_51717_[2024 No.1] IMF World Economic Outlook April 2024.pdf,136115210,da75ee878fdec20deac74243dfc8903287e3999df694be6806486b83960eaec9,downloaded,
509,IMF,34,51593,FSL1004,[2023 No.6] IMF World Economic Outlook October 2023,2023-12-19,IMF(조세재정연구원),https://www.openfiscaldata.go.kr/op/ko/fd/UOPKOFDA02?pageIndex=1&pageSize=8&ofdBrdId=FSL1004&ofdBrdiSeq=51593&ofdBrdiDtsClsCd=509,원문,[2023 No.6] IMF WEO Oct,[2023 No.6] IMF WEO Oct.pdf,F0000000000000004179,1,원문 우선(목차 파일 제외),files/07_509_IMF/2023-12-19_51593_[2023 No.6] IMF World Economic Outlook October 2023.pdf,111578942,5dbe3f670dcffcbab20a0a561dfd87bc78bf44eb87898c29b84786f87dbd5abf,downloaded,
509,IMF,34,51592,FSL1004,[2023 No.7] IMF Fiscal Monitor October 2023,2023-12-19,IMF(조세재정연구원),https://www.openfiscaldata.go.kr/op/ko/fd/UOPKOFDA02?pageIndex=1&pageSize=8&ofdBrdId=FSL1004&ofdBrdiSeq=51592&ofdBrdiDtsClsCd=509,원문,[2023 No.7] IMF FM October,[2023 No.7] IMF FM October.pdf,F0000000000000004178,5,원문 우선(목차 파일 제외),files/07_509_IMF/2023-12-19_51592_[2023 No.7] IMF Fiscal Monitor October 2023.pdf,31947295,f8b480825ceeedfa64924b52a87f8bb6c8d9694f6488dd37303d77b3e85a0f91,downloaded,
509,IMF,34,51556,FSL1004,[2023. No.3] IMF Fiscal Monitor April 2023,2023-05-22,IMF(조세재정연구원),https://www.openfiscaldata.go.kr/op/ko/fd/UOPKOFDA02?pageIndex=1&pageSize=8&ofdBrdId=FSL1004&ofdBrdiSeq=51556&ofdBrdiDtsClsCd=509,원문,(최종)(2023.5) IMF FM April 2023,(최종)(2023.5) IMF FM April 2023.pdf,F0000000000000004041,1,원문 우선(목차 파일 제외),files/07_509_IMF/2023-05-22_51556_[2023. No.3] IMF Fiscal Monitor April 2023.pdf,44152091,d4d16bb942afa7c8ed848b476030babc5723e80f3e76a4e4dc39fd9b9385922f,downloaded,
509,IMF,34,51555,FSL1004,[2023 No.2] IMF World Economic Outlook April 2023,2023-05-18,IMF(조세재정연구원),https://www.openfiscaldata.go.kr/op/ko/fd/UOPKOFDA02?pageIndex=1&pageSize=8&ofdBrdId=FSL1004&ofdBrdiSeq=51555&ofdBrdiDtsClsCd=509,원문,(2023.5) IMF WEO April 2023,(2023.5) IMF WEO April 2023.pdf,F0000000000000004038,1,원문 우선(목차 파일 제외),files/07_509_IMF/2023-05-18_51555_[2023 No.2] IMF World Economic Outlook April 2023.pdf,96420379,ab4c62a6aa6f6e4ed1ea87616e9d5db038b77339189bc3cd61854312400c40ad,downloaded,
509,IMF,34,51533,FSL1004,[2022 No.8] WORLD ECONOMIC OUTLOOK Oct 2022,2022-11-30,IMF(조세재정연구원),https://www.openfiscaldata.go.kr/op/ko/fd/UOPKOFDA02?pageIndex=1&pageSize=8&ofdBrdId=FSL1004&ofdBrdiSeq=51533&ofdBrdiDtsClsCd=509,원문,[2022 No.8] WORLD ECONOMIC OUTLOOK Oct 2022_재정지출분석센터,[2022 No.8] WORLD ECONOMIC OUTLOOK Oct 2022_재정지출분석센터.pdf,F0000000000000003973,1,원문 우선(목차 파일 제외),files/07_509_IMF/2022-11-30_51533_[2022 No.8] WORLD ECONOMIC OUTLOOK Oct 2022.pdf,3411905,58abfd5795df9d43fca1bd27e217c5892af8193ecef2f5ca3622f4ef77f70258,downloaded,
509,IMF,34,51532,FSL1004,[2022 No.7] FISCAL MONITOR Oct 2022,2022-11-30,IMF(조세재정연구원),https://www.openfiscaldata.go.kr/op/ko/fd/UOPKOFDA02?pageIndex=1&pageSize=8&ofdBrdId=FSL1004&ofdBrdiSeq=51532&ofdBrdiDtsClsCd=509,원문,[2022 No.7] FISCAL MONITOR Oct 2022_재정지출분석센터,[2022 No.7] FISCAL MONITOR Oct 2022_재정지출분석센터.pdf,F0000000000000003972,1,원문 우선(목차 파일 제외),files/07_509_IMF/2022-11-30_51532_[2022 No.7] FISCAL MONITOR Oct 2022.pdf,1760393,ea47961d6bd35ce7ca9663b3be0fb8cd9dc644b86f2aa53bbb7416781d1da1e2,downloaded,
509,IMF,34,51493,FSL1004,[2022. No.2]IMF Fiscal Monitor April 2022,2022-05-24,IMF(조세재정연구원),https://www.openfiscaldata.go.kr/op/ko/fd/UOPKOFDA02?pageIndex=1&pageSize=8&ofdBrdId=FSL1004&ofdBrdiSeq=51493&ofdBrdiDtsClsCd=509,원문,[2022 No.2] FISCAL MONITOR APRIL 2022_재정지출분석센터,[2022 No.2] FISCAL MONITOR APRIL 2022_재정지출분석센터.pdf,F0000000000000003809,1,원문 우선(목차 파일 제외),files/07_509_IMF/2022-05-24_51493_[2022. No.2]IMF Fiscal Monitor April 2022.pdf,1635111,8c9a0d62d6acd363a2c7be28443784a1566c68a8654e6ba1f5a890039d34a4d9,downloaded,
509,IMF,34,51487,FSL1004,[2022 No.1] IMF World Economic Outlook April 2022,2022-05-20,IMF(조세재정연구원),https://www.openfiscaldata.go.kr/op/ko/fd/UOPKOFDA02?pageIndex=1&pageSize=8&ofdBrdId=FSL1004&ofdBrdiSeq=51487&ofdBrdiDtsClsCd=509,원문,[2022 No.1] WORLD ECONOMIC OUTLOOK APRIL 2022_재정지출분석센터,[2022 No.1] WORLD ECONOMIC OUTLOOK APRIL 2022_재정지출분석센터.pdf,F0000000000000003790,1,원문 우선(목차 파일 제외),files/07_509_IMF/2022-05-20_51487_[2022 No.1] IMF World Economic Outlook April 2022.pdf,4843569,b3eb75d42fe6be0af0d7a134cb8a6309d56bd7b3303cd86514f59c14e3412096,downloaded,
509,IMF,34,51458,FSL1004,[2021. No.7]IMF Fiscal Monitor Oct 2021,2021-11-18,IMF(조세재정연구원),https://www.openfiscaldata.go.kr/op/ko/fd/UOPKOFDA02?pageIndex=1&pageSize=8&ofdBrdId=FSL1004&ofdBrdiSeq=51458&ofdBrdiDtsClsCd=509,원문,[2021. No.7]IMF Fiscal Monitor Oct 2021,[2021. No.7]IMF Fiscal Monitor Oct 2021.pdf,F0000000000000003589,1,원문 우선(목차 파일 제외),files/07_509_IMF/2021-11-18_51458_[2021. No.7]IMF Fiscal Monitor Oct 2021.pdf,2458101,61f5a03f1acd8d734911fe359950374225a09c07fcd84d76a573342c55f6a3d8,downloaded,
509,IMF,34,51462,FSL1004,[2021 No.6] IMF World Economic Outlook October 2021,2021-10-12,IMF(조세재정연구원),https://www.openfiscaldata.go.kr/op/ko/fd/UOPKOFDA02?pageIndex=1&pageSize=8&ofdBrdId=FSL1004&ofdBrdiSeq=51462&ofdBrdiDtsClsCd=509,원문,[2021 No.6]IMF WEO Oct 2021,[2021 No.6]IMF WEO Oct 2021.pdf,F0000000000000003622,1,원문 우선(목차 파일 제외),files/07_509_IMF/2021-10-12_51462_[2021 No.6] IMF World Economic Outlook October 2021.pdf,2200887,97b89396a262bd984ac6baa58ba66eeb86acf67100f99814557846ab409c84b6,downloaded,
509,IMF,34,51132,FSL1004,[2021 No.3] IMF Fiscal Monitor April 2021,2021-04-07,IMF(조세재정연구원),https://www.openfiscaldata.go.kr/op/ko/fd/UOPKOFDA02?pageIndex=1&pageSize=8&ofdBrdId=FSL1004&ofdBrdiSeq=51132&ofdBrdiDtsClsCd=509,원문,[2021 No. 3]IMF Fiscal Monitor April 2021,[2021 No. 3]IMF Fiscal Monitor April 2021.pdf,FI000000005113266158,1,원문 우선(목차 파일 제외),files/07_509_IMF/2021-04-07_51132_[2021 No.3] IMF Fiscal Monitor April 2021.pdf,2051666,5f001a775c56ca7a379caa3254a20462393dd6c57b944a60f6806659867eb31b,downloaded,
509,IMF,34,51131,FSL1004,[2021 No.2] IMF World Economic Outlook April 2021,2021-04-06,IMF(조세재정연구원),https://www.openfiscaldata.go.kr/op/ko/fd/UOPKOFDA02?pageIndex=1&pageSize=8&ofdBrdId=FSL1004&ofdBrdiSeq=51131&ofdBrdiDtsClsCd=509,원문,[2021 No.2]IMF WEO April 2021_2,[2021 No.2]IMF WEO April 2021_2.pdf,FI000000005113166152,1,원문 우선(목차 파일 제외),files/07_509_IMF/2021-04-06_51131_[2021 No.2] IMF World Economic Outlook April 2021.pdf,4667302,bcc5ed4d41e4b32e347029fd0fb4eeac63fea17e3475ed08b3021a2b56da5a97,downloaded,
509,IMF,34,51130,FSL1004,[2020 No.9]IMF World Economic Outlook 2020 Oct,2020-11-02,IMF(조세재정연구원),https://www.openfiscaldata.go.kr/op/ko/fd/UOPKOFDA02?pageIndex=1&pageSize=8&ofdBrdId=FSL1004&ofdBrdiSeq=51130&ofdBrdiDtsClsCd=509,원문,[2020.No.9]IMF WEO Oct_재정지출분석센터,[2020.No.9]IMF WEO Oct_재정지출분석센터.pdf,FI000000005113066147,1,원문 우선(목차 파일 제외),files/07_509_IMF/2020-11-02_51130_[2020 No.9]IMF World Economic Outlook 2020 Oct.pdf,6651093,b8fd21cb77e14a799e2f09b6190be28bf32e437afa0ccd078859ab92eb3f5f8d,downloaded,
509,IMF,34,51129,FSL1004,[2020 No.8]IMF Fiscal Monitor Oct,2020-11-01,IMF(조세재정연구원),https://www.openfiscaldata.go.kr/op/ko/fd/UOPKOFDA02?pageIndex=1&pageSize=8&ofdBrdId=FSL1004&ofdBrdiSeq=51129&ofdBrdiDtsClsCd=509,원문,[2020 No.8]IMF Fiscal Monitor Oct_재정지출분석센터,[2020 No.8]IMF Fiscal Monitor Oct_재정지출분석센터.pdf,FI000000005112966143,1,원문 우선(목차 파일 제외),files/07_509_IMF/2020-11-01_51129_[2020 No.8]IMF Fiscal Monitor Oct.pdf,1746192,49019779c6fa613b79548e60a2d489cbe5df35f8408e2989f067d9105b473e6c,downloaded,
509,IMF,34,48854,FSL1004,[2020 No.5]IMF Fiscal Monitor April 2020,2020-04-29,IMF(조세재정연구원),https://www.openfiscaldata.go.kr/op/ko/fd/UOPKOFDA02?pageIndex=1&pageSize=8&ofdBrdId=FSL1004&ofdBrdiSeq=48854&ofdBrdiDtsClsCd=509,원문,[2020 No.5]IMF Fiscal Monitor April 2020,[2020 No.5]IMF Fiscal Monitor April 2020.pdf,FI000000004885463186,6,원문 우선(목차 파일 제외),files/07_509_IMF/2020-04-29_48854_[2020 No.5]IMF Fiscal Monitor April 2020.pdf,2865825,d236e1380c9900fe36cfb402721dace0819bfb0a261099102d964b56d3cecc43,downloaded,
509,IMF,34,48853,FSL1004,[2020 No.4]IMF World Economic Outlook April 2020,2020-04-29,IMF(조세재정연구원),https://www.openfiscaldata.go.kr/op/ko/fd/UOPKOFDA02?pageIndex=1&pageSize=8&ofdBrdId=FSL1004&ofdBrdiSeq=48853&ofdBrdiDtsClsCd=509,원문,[2020 No.4]IMF WEO April 2020,[2020 No.4]IMF WEO April 2020.pdf,FI000000004885363182,1,원문 우선(목차 파일 제외),files/07_509_IMF/2020-04-29_48853_[2020 No.4]IMF World Economic Outlook April 2020.pdf,2075616,79a59b73c5614c6474520df6811e310af9b1ab6e2c5700f4f385082c2e391dcb,downloaded,
509,IMF,34,48026,FSL1004,[2019 No.8] IMF Fiscal Monitor,2019-11-21,IMF(조세재정연구원),https://www.openfiscaldata.go.kr/op/ko/fd/UOPKOFDA02?pageIndex=1&pageSize=8&ofdBrdId=FSL1004&ofdBrdiSeq=48026&ofdBrdiDtsClsCd=509,원문,[2019 No.8] IMF Fiscal Monitor OCT_20191120,[2019 No.8] IMF Fiscal Monitor OCT_20191120.pdf,FI000000004802662300,1,원문 우선(목차 파일 제외),files/07_509_IMF/2019-11-21_48026_[2019 No.8] IMF Fiscal Monitor.pdf,1139075,8036d79227d9a0620c731fa0da3c9fee86955d82479023f44091a7cda6280242,downloaded,
509,IMF,34,48025,FSL1004,[2019 No.7] IMF World Economic Outlook,2019-11-20,IMF(조세재정연구원),https://www.openfiscaldata.go.kr/op/ko/fd/UOPKOFDA02?pageIndex=1&pageSize=8&ofdBrdId=FSL1004&ofdBrdiSeq=48025&ofdBrdiDtsClsCd=509,원문,[2019 No.7] IMF WEO OCT_2019.11,[2019 No.7] IMF WEO OCT_2019.11.pdf,FI000000004802562293,1,원문 우선(목차 파일 제외),files/07_509_IMF/2019-11-20_48025_[2019 No.7] IMF World Economic Outlook.pdf,2855762,13efcb0c3f5084935efab37b3e2de7c0b02164065983d15c695eb8696f6ea59e,downloaded,
509,IMF,34,47481,FSL1004,[2019 No.4] IMF Fiscal Monitor,2019-06-24,IMF(조세재정연구원),https://www.openfiscaldata.go.kr/op/ko/fd/UOPKOFDA02?pageIndex=1&pageSize=8&ofdBrdId=FSL1004&ofdBrdiSeq=47481&ofdBrdiDtsClsCd=509,원문,[2019 No.4] IMF Fiscal Monitor 2019.4,[2019 No.4] IMF Fiscal Monitor 2019.4.pdf,FI000000004748161636,1,원문 우선(목차 파일 제외),files/07_509_IMF/2019-06-24_47481_[2019 No.4] IMF Fiscal Monitor.pdf,2532430,ad1da8cc0a8c78a7623c5acf959a3fb077612c503aa8588e5d0b8d901b560d8a,downloaded,
509,IMF,34,47473,FSL1004,[2019 No.3] IMF WEO APR_2019.6.,2019-06-03,IMF(조세재정연구원),https://www.openfiscaldata.go.kr/op/ko/fd/UOPKOFDA02?pageIndex=1&pageSize=8&ofdBrdId=FSL1004&ofdBrdiSeq=47473&ofdBrdiDtsClsCd=509,원문,[2019 No.3] IMF WEO APR_2019.6,[2019 No.3] IMF WEO APR_2019.6.pdf,FI000000004747361613,1,원문 우선(목차 파일 제외),files/07_509_IMF/2019-06-03_47473_[2019 No.3] IMF WEO APR_2019.6..pdf,3981695,516153cc804642f4c6f7ff70347d6a71ac4f570a71ef2ef80618d9b1ffa58ba9,downloaded,
509,IMF,34,46812,FSL1004,[2018 No.8] IMF Fiscal Monitor 2018.10.,2018-11-23,IMF(조세재정연구원),https://www.openfiscaldata.go.kr/op/ko/fd/UOPKOFDA02?pageIndex=1&pageSize=8&ofdBrdId=FSL1004&ofdBrdiSeq=46812&ofdBrdiDtsClsCd=509,원문,[2018 No.8] IMF Fiscal Monitor 2018.10.,[2018 No.8] IMF Fiscal Monitor 2018.10..pdf,FI000000004681260715,2,원문 우선(목차 파일 제외),files/07_509_IMF/2018-11-23_46812_[2018 No.8] IMF Fiscal Monitor 2018.10..pdf,1601748,1ce51586d089b16cd9574fe25677c66e50c60152c78fa46ce5a5c45ddc767dcc,downloaded,
509,IMF,34,46811,FSL1004,[2018 No.7] IMF World Economic Outlook 2018.10.,2018-11-21,IMF(조세재정연구원),https://www.openfiscaldata.go.kr/op/ko/fd/UOPKOFDA02?pageIndex=1&pageSize=8&ofdBrdId=FSL1004&ofdBrdiSeq=46811&ofdBrdiDtsClsCd=509,원문,[2018 No.7] IMF World Economic Outlook 2018.10,[2018 No.7] IMF World Economic Outlook 2018.10.pdf,FI000000004681160709,1,원문 우선(목차 파일 제외),files/07_509_IMF/2018-11-21_46811_[2018 No.7] IMF World Economic Outlook 2018.10..pdf,2607904,066833ee7d77875e8d15c8df2acd700943a61d401ef2a30ff3c40a99bfd4787f,downloaded,
509,IMF,34,46276,FSL1004,[2018 No.5] IMF Fiscal Monitor 2018.4.,2018-06-29,IMF(조세재정연구원),https://www.openfiscaldata.go.kr/op/ko/fd/UOPKOFDA02?pageIndex=1&pageSize=8&ofdBrdId=FSL1004&ofdBrdiSeq=46276&ofdBrdiDtsClsCd=509,원문,[2018 No.5] IMF Fiscal Monitor 2018.4.,[2018 No.5] IMF Fiscal Monitor 2018.4..pdf,FI000000004627660084,1,원문 우선(목차 파일 제외),files/07_509_IMF/2018-06-29_46276_[2018 No.5] IMF Fiscal Monitor 2018.4..pdf,5229908,aac8659d5db82596092318690e3732e080b39b4b76596da44587f26eacd0e1a4,downloaded,
509,IMF,34,46166,FSL1004,[2018 No.4] IMF World Economic Outlook 2018. 4,2018-05-24,IMF(조세재정연구원),https://www.openfiscaldata.go.kr/op/ko/fd/UOPKOFDA02?pageIndex=1&pageSize=8&ofdBrdId=FSL1004&ofdBrdiSeq=46166&ofdBrdiDtsClsCd=509,원문,[2018 No.4] IMF World Economic Outlook 201804,[2018 No.4] IMF World Economic Outlook 201804.pdf,FI000000004616659854,1,원문 우선(목차 파일 제외),files/07_509_IMF/2018-05-24_46166_[2018 No.4] IMF World Economic Outlook 2018. 4.pdf,8215052,128f4973111538804cd13aaa6a33bc7068fcf0fef8502be863f35f2e8cec33b7,downloaded,
509,IMF,34,45260,FSL1004,[2017] IMF 보고서,2017-09-11,IMF(조세재정연구원),https://www.openfiscaldata.go.kr/op/ko/fd/UOPKOFDA02?pageIndex=1&pageSize=8&ofdBrdId=FSL1004&ofdBrdiSeq=45260&ofdBrdiDtsClsCd=509,목차,[2017 No.3] IMF World Economic Outlook 2017.4,[2017 No.3] IMF World Economic Outlook 2017.4_KIPF_재정지출분석센터_20170427.pdf,FI000000004526058423,1,원문 없음: 표지를 제외한 제공 파일 다운로드,files/07_509_IMF/2017-09-11_45260_[2017] IMF 보고서/01_목차_[2017 No.3] IMF World Economic Outlook 2017.4.pdf,3776772,e2516289c832cbd91ee83f66edcd76cd4f57541589124087dd16e6f4ee28dd8e,downloaded,
509,IMF,34,45260,FSL1004,[2017] IMF 보고서,2017-09-11,IMF(조세재정연구원),https://www.openfiscaldata.go.kr/op/ko/fd/UOPKOFDA02?pageIndex=1&pageSize=8&ofdBrdId=FSL1004&ofdBrdiSeq=45260&ofdBrdiDtsClsCd=509,목차,[2017 No.4] IMF Fiscal Monitor 2017.4,[2017 No.4] IMF Fiscal Monitor 2017.4.pdf,FI000000004526058423,2,원문 없음: 표지를 제외한 제공 파일 다운로드,files/07_509_IMF/2017-09-11_45260_[2017] IMF 보고서/02_목차_[2017 No.4] IMF Fiscal Monitor 2017.4.pdf,2514289,b734a0cc251e5634eb6d958f8bb2e5f0a05d4a3a739e986ab59b28fa57ec5e3b,downloaded,
509,IMF,34,45260,FSL1004,[2017] IMF 보고서,2017-09-11,IMF(조세재정연구원),https://www.openfiscaldata.go.kr/op/ko/fd/UOPKOFDA02?pageIndex=1&pageSize=8&ofdBrdId=FSL1004&ofdBrdiSeq=45260&ofdBrdiDtsClsCd=509,목차,[2017 No.6] IMF World Economic Outlook 2017.10,[2017 No.6] IMF World Economic Outlook 2017.10.pdf,FI000000004526058423,3,원문 없음: 표지를 제외한 제공 파일 다운로드,files/07_509_IMF/2017-09-11_45260_[2017] IMF 보고서/03_목차_[2017 No.6] IMF World Economic Outlook 2017.10.pdf,1615158,326f29d6926ba26ffa6befb5f7d306a479bad3383bc891246389f1fa89fdba30,downloaded,
509,IMF,34,45260,FSL1004,[2017] IMF 보고서,2017-09-11,IMF(조세재정연구원),https://www.openfiscaldata.go.kr/op/ko/fd/UOPKOFDA02?pageIndex=1&pageSize=8&ofdBrdId=FSL1004&ofdBrdiSeq=45260&ofdBrdiDtsClsCd=509,목차,[2017 No.7] IMF Fiscal Monitor 2017.10,[2017 No.7]IMF Fiscal Monitor 2017.10.pdf,FI000000004526058423,4,원문 없음: 표지를 제외한 제공 파일 다운로드,files/07_509_IMF/2017-09-11_45260_[2017] IMF 보고서/04_목차_[2017 No.7] IMF Fiscal Monitor 2017.10.pdf,6024611,8ca3d96eac112468809a65876f82e8962fba4bc33eed922e467d2902af28b5f4,downloaded,
509,IMF,34,45255,FSL1004,[2016] IMF 보고서,2016-05-03,IMF(조세재정연구원),https://www.openfiscaldata.go.kr/op/ko/fd/UOPKOFDA02?pageIndex=1&pageSize=8&ofdBrdId=FSL1004&ofdBrdiSeq=45255&ofdBrdiDtsClsCd=509,목차,[2016 No.5] IMF World Economic Outlook 2016.4,[2016 No.5] IMF World Economic Outlook 2016.4_KIPF_재정지출분석센터_20160502.pdf,FI000000004525555074,1,원문 없음: 표지를 제외한 제공 파일 다운로드,files/07_509_IMF/2016-05-03_45255_[2016] IMF 보고서/01_목차_[2016 No.5] IMF World Economic Outlook 2016.4.pdf,2300894,132c31437485322a389109d0d54227d665cad407b431832fa1cb0e76282e9a50,downloaded,
509,IMF,34,45255,FSL1004,[2016] IMF 보고서,2016-05-03,IMF(조세재정연구원),https://www.openfiscaldata.go.kr/op/ko/fd/UOPKOFDA02?pageIndex=1&pageSize=8&ofdBrdId=FSL1004&ofdBrdiSeq=45255&ofdBrdiDtsClsCd=509,목차,[2016 No.6] IMF Fiscal Monitor 2016.4,[2016 No.6] IMF Fiscal Monitor 2016.4.pdf,FI000000004525555074,2,원문 없음: 표지를 제외한 제공 파일 다운로드,files/07_509_IMF/2016-05-03_45255_[2016] IMF 보고서/02_목차_[2016 No.6] IMF Fiscal Monitor 2016.4.pdf,2814402,5a27814c59778305ff7e47399c1066575221156a122ca5abfd0f12426dda8443,downloaded,
509,IMF,34,45255,FSL1004,[2016] IMF 보고서,2016-05-03,IMF(조세재정연구원),https://www.openfiscaldata.go.kr/op/ko/fd/UOPKOFDA02?pageIndex=1&pageSize=8&ofdBrdId=FSL1004&ofdBrdiSeq=45255&ofdBrdiDtsClsCd=509,목차,[2016 No.7] IMF Regional Economic Outlook Asia and Pacific 2016.4,[2016 No.7] IMF Regional Economic Outlook Asia and Pacific 2016.4.pdf,FI000000004525555074,3,원문 없음: 표지를 제외한 제공 파일 다운로드,files/07_509_IMF/2016-05-03_45255_[2016] IMF 보고서/03_목차_[2016 No.7] IMF Regional Economic Outlook Asia and Pacific 2016.4.pdf,1786421,b2a3ed5f8892e413c042dab7637beaa70232048290e87a8c5e2c46c7688718a5,downloaded,
509,IMF,34,45255,FSL1004,[2016] IMF 보고서,2016-05-03,IMF(조세재정연구원),https://www.openfiscaldata.go.kr/op/ko/fd/UOPKOFDA02?pageIndex=1&pageSize=8&ofdBrdId=FSL1004&ofdBrdiSeq=45255&ofdBrdiDtsClsCd=509,목차,[2016 No.9] IMF World Economic Outlook 2016.10,[2016 No.9] IMF World Economic Outlook 2016.10.pdf,FI000000004525555074,4,원문 없음: 표지를 제외한 제공 파일 다운로드,files/07_509_IMF/2016-05-03_45255_[2016] IMF 보고서/04_목차_[2016 No.9] IMF World Economic Outlook 2016.10.pdf,8396392,c489f6a9da1f9ce76194c310f3de6fd54a64145a86ec081a24cdaee83d1d201c,downloaded,
509,IMF,34,45255,FSL1004,[2016] IMF 보고서,2016-05-03,IMF(조세재정연구원),https://www.openfiscaldata.go.kr/op/ko/fd/UOPKOFDA02?pageIndex=1&pageSize=8&ofdBrdId=FSL1004&ofdBrdiSeq=45255&ofdBrdiDtsClsCd=509,목차,[2016 No.10] IMF Fiscal Monitor 2016.10,[2016 No.10] IMF Fiscal Monitor 2016.10.pdf,FI000000004525555074,5,원문 없음: 표지를 제외한 제공 파일 다운로드,files/07_509_IMF/2016-05-03_45255_[2016] IMF 보고서/05_목차_[2016 No.10] IMF Fiscal Monitor 2016.10.pdf,2249691,9fce0587fb019c354305872310956bb1d81dad35483dfc6899f6c52e667bc7f3,downloaded,
511,OECD,35,51716,FSL1004,[2025. No.5] OECD Economic Outlook June 2025,2026-01-19,OECD(조세재정연구원),https://www.openfiscaldata.go.kr/op/ko/fd/UOPKOFDA02?pageIndex=1&pageSize=8&ofdBrdId=FSL1004&ofdBrdiSeq=51716&ofdBrdiDtsClsCd=511,원문,[2025 No.5]OECD EO JUNE 2025_재정지출분석센터,[2025 No.5]OECD EO JUNE 2025_재정지출분석센터.pdf,F0000000000000004706,1,원문 우선(목차 파일 제외),files/08_511_OECD/2026-01-19_51716_[2025. No.5] OECD Economic Outlook June 2025.pdf,7070642,e13a28d516f90a27ba784635fb6cf8dcf86760be4bc8b8ba0a9cec025e20bc62,downloaded,
511,OECD,35,51715,FSL1004,[2025. No.1] OECD Economic Outlook December 2024,2026-01-19,OECD(조세재정연구원),https://www.openfiscaldata.go.kr/op/ko/fd/UOPKOFDA02?pageIndex=1&pageSize=8&ofdBrdId=FSL1004&ofdBrdiSeq=51715&ofdBrdiDtsClsCd=511,원문,[2025 No.1] OECD EO Dec 2024,[2025 No.1] OECD EO Dec 2024.pdf,F0000000000000004705,1,원문 우선(목차 파일 제외),files/08_511_OECD/2026-01-19_51715_[2025. No.1] OECD Economic Outlook December 2024.pdf,172631886,3d4f2974ebd1f9215a1164d2fded97cf053ce455c9a5c42611ddf454ee4e79cd,downloaded,
511,OECD,35,51714,FSL1004,[2024. No.3] OECD Economic Outlook May 2024,2026-01-19,OECD(조세재정연구원),https://www.openfiscaldata.go.kr/op/ko/fd/UOPKOFDA02?pageIndex=1&pageSize=8&ofdBrdId=FSL1004&ofdBrdiSeq=51714&ofdBrdiDtsClsCd=511,원문,[2024 No.3] OECD EO May 2024,[2024 No.3] OECD EO May 2024.pdf,F0000000000000004704,1,원문 우선(목차 파일 제외),files/08_511_OECD/2026-01-19_51714_[2024. No.3] OECD Economic Outlook May 2024.pdf,122953364,685064f956829d440f20fcd5f9c2db0af0f32924d7050b1f531dfd1db3ef8389,downloaded,
511,OECD,35,51713,FSL1004,[2023. No.10] OECD Economic Outlook November 2023,2026-01-19,OECD(조세재정연구원),https://www.openfiscaldata.go.kr/op/ko/fd/UOPKOFDA02?pageIndex=1&pageSize=8&ofdBrdId=FSL1004&ofdBrdiSeq=51713&ofdBrdiDtsClsCd=511,원문,[2023 No.10] OECD EO_재정지출분석센터,[2023 No.10] OECD EO_재정지출분석센터.pdf,F0000000000000004703,1,원문 우선(목차 파일 제외),files/08_511_OECD/2026-01-19_51713_[2023. No.10] OECD Economic Outlook November 2023.pdf,101821219,87179db0b76e0d370771e22951e4eb4789e0e0c30f5386d27edb708b5c9f4cdd,downloaded,
511,OECD,35,51568,FSL1004,[2023. No.4]OECD Economic Outlook June 2023,2023-07-27,OECD(조세재정연구원),https://www.openfiscaldata.go.kr/op/ko/fd/UOPKOFDA02?pageIndex=1&pageSize=8&ofdBrdId=FSL1004&ofdBrdiSeq=51568&ofdBrdiDtsClsCd=511,원문,[2023. No.4]OECD Economic Outlook June 2023,[2023. No.4]OECD Economic Outlook June 2023.pdf,F0000000000000004097,1,원문 우선(목차 파일 제외),files/08_511_OECD/2023-07-27_51568_[2023. No.4]OECD Economic Outlook June 2023.pdf,128571267,2f5e508a97cf2e6b2a85b7e6ba3f03076ecd399bd6e2f0d541da984fc9fbe89a,downloaded,
511,OECD,35,51534,FSL1004,[2022. No.9] OECD Economic Outlook November 2022,2022-12-30,OECD(조세재정연구원),https://www.openfiscaldata.go.kr/op/ko/fd/UOPKOFDA02?pageIndex=1&pageSize=8&ofdBrdId=FSL1004&ofdBrdiSeq=51534&ofdBrdiDtsClsCd=511,원문,[2022 No.9] OECD EO NOVEMBER 2022_재정지출분석센터,[2022 No.9] OECD EO NOVEMBER 2022_재정지출분석센터.pdf,F0000000000000003974,4,원문 우선(목차 파일 제외),files/08_511_OECD/2022-12-30_51534_[2022. No.9] OECD Economic Outlook November 2022.pdf,4643986,e5b593bbf94f28e70b066d0895a6411212cf6213310812be052308045ef8e66c,downloaded,
511,OECD,35,51499,FSL1004,[2022. No.3]OECD Economic Outlook June 2022,2022-06-30,OECD(조세재정연구원),https://www.openfiscaldata.go.kr/op/ko/fd/UOPKOFDA02?pageIndex=1&pageSize=8&ofdBrdId=FSL1004&ofdBrdiSeq=51499&ofdBrdiDtsClsCd=511,원문,[2022. No.3]OECD Economic Outlook June 2022,[2022. No.3]OECD Economic Outlook June 2022.pdf,F0000000000000003823,1,원문 우선(목차 파일 제외),files/08_511_OECD/2022-06-30_51499_[2022. No.3]OECD Economic Outlook June 2022.pdf,5110581,f7a48e7071f647a2a31febfa2d5bbd58c1e6dcb0bd0ed9ce6658cd1239390f01,downloaded,
511,OECD,35,51463,FSL1004,[2021. No.8] OECD Economic Outlook December,2021-12-01,OECD(조세재정연구원),https://www.openfiscaldata.go.kr/op/ko/fd/UOPKOFDA02?pageIndex=1&pageSize=8&ofdBrdId=FSL1004&ofdBrdiSeq=51463&ofdBrdiDtsClsCd=511,원문,[2021. No.8]OECD Economic Outlook December,[2021. No.8]OECD Economic Outlook December.pdf,F0000000000000003623,1,원문 우선(목차 파일 제외),files/08_511_OECD/2021-12-01_51463_[2021. No.8] OECD Economic Outlook December.pdf,4342489,07ff276148de7fe7faf76ae0c6d7397bc76b7430258a27ab19045eea0be203aa,downloaded,
511,OECD,35,51128,FSL1004,[2021. No.5]OECD Economic Outlook May 2021,2021-06-01,OECD(조세재정연구원),https://www.openfiscaldata.go.kr/op/ko/fd/UOPKOFDA02?pageIndex=1&pageSize=8&ofdBrdId=FSL1004&ofdBrdiSeq=51128&ofdBrdiDtsClsCd=511,원문,[2021. No.5]OECD Economic Outlook,[2021. No.5]OECD Economic Outlook.pdf,FI000000005112866138,1,원문 우선(목차 파일 제외),files/08_511_OECD/2021-06-01_51128_[2021. No.5]OECD Economic Outlook May 2021.pdf,3520226,703f630affedb9ea0f0ec5f82a95d8629f60628b54f68b5be7351b3e4587b62d,downloaded,
511,OECD,35,51127,FSL1004,[2020 No.10]OECD Economic Outlook 2020 Dec,2020-12-01,OECD(조세재정연구원),https://www.openfiscaldata.go.kr/op/ko/fd/UOPKOFDA02?pageIndex=1&pageSize=8&ofdBrdId=FSL1004&ofdBrdiSeq=51127&ofdBrdiDtsClsCd=511,원문,OECD Economic Outlook_Dec. 2020,OECD Economic Outlook_Dec. 2020.pdf,FI000000005112766133,1,원문 우선(목차 파일 제외),files/08_511_OECD/2020-12-01_51127_[2020 No.10]OECD Economic Outlook 2020 Dec.pdf,4961908,0cb867570b2735bbe2d76138e60a1704d1f36e40c0aec60a2d4bee51d23685c8,downloaded,
511,OECD,35,49368,FSL1004,[2020 No.7]OECD Economic Outlook JUNE 2020,2020-07-31,OECD(조세재정연구원),https://www.openfiscaldata.go.kr/op/ko/fd/UOPKOFDA02?pageIndex=1&pageSize=8&ofdBrdId=FSL1004&ofdBrdiSeq=49368&ofdBrdiDtsClsCd=511,원문,[2020 No.7]OECD EO JUNE 2020,[2020 No.7]OECD EO JUNE 2020.pdf,FI000000004936863712,1,원문 우선(목차 파일 제외),files/08_511_OECD/2020-07-31_49368_[2020 No.7]OECD Economic Outlook JUNE 2020.pdf,6139359,28e894b05d1e58eadb0743949d6859ebf296fca8674178673add050a7fab2066,downloaded,
511,OECD,35,48936,FSL1004,[2020 No.6]OECD TaxFiscal Policy in Response to the Coronavirus Crisis,2020-05-15,OECD(조세재정연구원),https://www.openfiscaldata.go.kr/op/ko/fd/UOPKOFDA02?pageIndex=1&pageSize=8&ofdBrdId=FSL1004&ofdBrdiSeq=48936&ofdBrdiDtsClsCd=511,원문,[2020 No.6]Tax and fiscal policy response to the Coronavirus crisis,[2020 No.6]Tax and fiscal policy response to the Coronavirus crisis.pdf,FI000000004893663333,1,원문 우선(목차 파일 제외),files/08_511_OECD/2020-05-15_48936_[2020 No.6]OECD TaxFiscal Policy in Response to the Coronavirus Crisis.pdf,4411192,3d34d8a16efba0b403ff6841aa959a8e785f531a87f6d187bf438424c631492b,downloaded,
511,OECD,35,48726,FSL1004,[2020 No.3]OECD_Supporting peoplecompanies to deal with the COVID-19 Virus,2020-04-07,OECD(조세재정연구원),https://www.openfiscaldata.go.kr/op/ko/fd/UOPKOFDA02?pageIndex=1&pageSize=8&ofdBrdId=FSL1004&ofdBrdiSeq=48726&ofdBrdiDtsClsCd=511,원문,[2020 No.3]OECD_Supporting people and companies to deal with the COVID-19 Virus,[2020 No.3]OECD_Supporting people and companies to deal with the COVID-19 Virus.pdf,FI000000004872663046,1,원문 우선(목차 파일 제외),files/08_511_OECD/2020-04-07_48726_[2020 No.3]OECD_Supporting peoplecompanies to deal with the COVID-19 Virus.pdf,2266707,cd43c8b3b521e734bbba16d303a4fd15b79dff41323b66e3c3b3f64c9d37700e,downloaded,
511,OECD,35,48725,FSL1004,[2020 No.2]OECD_Health systems responses to COVID-19 in the OECD,2020-04-07,OECD(조세재정연구원),https://www.openfiscaldata.go.kr/op/ko/fd/UOPKOFDA02?pageIndex=1&pageSize=8&ofdBrdId=FSL1004&ofdBrdiSeq=48725&ofdBrdiDtsClsCd=511,원문,[2020 No.2]OECD_Health systems responses to COVID-19 in the OECD,[2020 No.2]OECD_Health systems responses to COVID-19 in the OECD.pdf,FI000000004872563038,1,원문 우선(목차 파일 제외),files/08_511_OECD/2020-04-07_48725_[2020 No.2]OECD_Health systems responses to COVID-19 in the OECD.pdf,1834021,8b92a556d542a5e0f3333010daeab35af30507bac32878721910a1dbc86c1b95,downloaded,
511,OECD,35,48262,FSL1004,[2019 No.9]OECD Economic Outlook November 2019,2020-01-08,OECD(조세재정연구원),https://www.openfiscaldata.go.kr/op/ko/fd/UOPKOFDA02?pageIndex=1&pageSize=8&ofdBrdId=FSL1004&ofdBrdiSeq=48262&ofdBrdiDtsClsCd=511,원문,[2019 No.9] OECD EO NOV_2019,[2019 No.9] OECD EO NOV_2019.pdf,FI000000004826262560,1,원문 우선(목차 파일 제외),files/08_511_OECD/2020-01-08_48262_[2019 No.9]OECD Economic Outlook November 2019.pdf,2876422,e4d5579a1db93dc735e9d7d45a81c6a90bd5b73455d395d6fe274a7718a0b867,downloaded,
511,OECD,35,47780,FSL1004,[2019 No.6] OECD Going for Growth 2019,2019-09-04,OECD(조세재정연구원),https://www.openfiscaldata.go.kr/op/ko/fd/UOPKOFDA02?pageIndex=1&pageSize=8&ofdBrdId=FSL1004&ofdBrdiSeq=47780&ofdBrdiDtsClsCd=511,원문,[2019 No.6] OECD Going for Growth 2019_2019.8_KIPF_재정지출분석센터_190904,[2019 No.6] OECD Going for Growth 2019_2019.8_KIPF_재정지출분석센터_190904.pdf,FI000000004778061983,1,원문 우선(목차 파일 제외),files/08_511_OECD/2019-09-04_47780_[2019 No.6] OECD Going for Growth 2019.pdf,1480020,f00dd1d8c543b520a53544527a841b76b847c3f10f8f506a1dffdeda1f7b18a9,downloaded,
511,OECD,35,47484,FSL1004,[2019 No.5] OECD Economic Outlook 2019.5,2019-06-25,OECD(조세재정연구원),https://www.openfiscaldata.go.kr/op/ko/fd/UOPKOFDA02?pageIndex=1&pageSize=8&ofdBrdId=FSL1004&ofdBrdiSeq=47484&ofdBrdiDtsClsCd=511,원문,[2019 No.5] OECD EO MAY_2019.6,[2019 No.5] OECD EO MAY_2019.6.pdf,FI000000004748461646,1,원문 우선(목차 파일 제외),files/08_511_OECD/2019-06-25_47484_[2019 No.5] OECD Economic Outlook 2019.5.pdf,1481867,78b6f6ad91386123aca554c2c0a6243a66c720096a61dafe4ccde9f4fb325fda,downloaded,
511,OECD,35,47248,FSL1004,[2019 No.2] OECD Good Jobs for All in a Changing World of Work 2018,2019-04-15,OECD(조세재정연구원),https://www.openfiscaldata.go.kr/op/ko/fd/UOPKOFDA02?pageIndex=1&pageSize=8&ofdBrdId=FSL1004&ofdBrdiSeq=47248&ofdBrdiDtsClsCd=511,원문,[2019 No.2] OECD Good Jobs for All in a Changing World of Work 2018,[2019 No.2] OECD Good Jobs for All in a Changing World of Work 2018.pdf,FI000000004724861288,1,원문 우선(목차 파일 제외),files/08_511_OECD/2019-04-15_47248_[2019 No.2] OECD Good Jobs for All in a Changing World of Work 2018.pdf,2955545,385d31f8a47888d98a471c29c666a0c0ab1d8efab26d55c28023a75f8e6442b5,downloaded,
511,OECD,35,46937,FSL1004,[2018 No.9] OECD Economic Outlook 2018.11,2019-01-03,OECD(조세재정연구원),https://www.openfiscaldata.go.kr/op/ko/fd/UOPKOFDA02?pageIndex=1&pageSize=8&ofdBrdId=FSL1004&ofdBrdiSeq=46937&ofdBrdiDtsClsCd=511,원문,[2018 No.9] OECD Economic Outlook 2018.11,[2018 No.9] OECD Economic Outlook 2018.11.pdf,FI000000004693760873,1,원문 우선(목차 파일 제외),files/08_511_OECD/2019-01-03_46937_[2018 No.9] OECD Economic Outlook 2018.11.pdf,1312706,63227daa2951afafadffc35e5c2f5a5f498e29fbc7f3c344aa533c23b2c08c6c,downloaded,
511,OECD,35,46294,FSL1004,[2018 No.6] OECD Economic Outlook 2018.5,2018-07-03,OECD(조세재정연구원),https://www.openfiscaldata.go.kr/op/ko/fd/UOPKOFDA02?pageIndex=1&pageSize=8&ofdBrdId=FSL1004&ofdBrdiSeq=46294&ofdBrdiDtsClsCd=511,원문,[2018 No.6] OECD Economic Outlook 2018.5,[2018 No.6] OECD Economic Outlook 2018.5.pdf,FI000000004629460108,1,원문 우선(목차 파일 제외),files/08_511_OECD/2018-07-03_46294_[2018 No.6] OECD Economic Outlook 2018.5.pdf,1267317,b3d6f9936723876628fb46a17de324bf4cb633c3227b0e903b2a64312d45c064,downloaded,
511,OECD,35,46119,FSL1004,[2018 No.3] OECD Going for Growth 2018,2018-05-15,OECD(조세재정연구원),https://www.openfiscaldata.go.kr/op/ko/fd/UOPKOFDA02?pageIndex=1&pageSize=8&ofdBrdId=FSL1004&ofdBrdiSeq=46119&ofdBrdiDtsClsCd=511,원문,[2018 No.3] OECD Going for Growth,[2018 No.3] OECD Going for Growth.pdf,FI000000004611959787,1,원문 우선(목차 파일 제외),files/08_511_OECD/2018-05-15_46119_[2018 No.3] OECD Going for Growth 2018.pdf,2463636,b2793a4e4d9a659e38e4d4ef4d8473bf4d8cea03e85cc8b9be8d1fa7f7531195,downloaded,
511,OECD,35,45399,FSL1004,[2018 No.1] OECD Economic Outlook 2017.11,2018-01-08,OECD(조세재정연구원),https://www.openfiscaldata.go.kr/op/ko/fd/UOPKOFDA02?pageIndex=1&pageSize=8&ofdBrdId=FSL1004&ofdBrdiSeq=45399&ofdBrdiDtsClsCd=511,원문,[2018 No.1] OECD Economic Outlook,[2018 No.1] OECD Economic Outlook 2017.11_KIPF_재정지출분석센터_180108.pdf,FI000000004539959006,1,원문 우선(목차 파일 제외),files/08_511_OECD/2018-01-08_45399_[2018 No.1] OECD Economic Outlook 2017.11.pdf,1519314,0109cac9a282760dc762af3b66ce853a6145538d453f3e0f9286bcced17c8df9,downloaded,
511,OECD,35,45251,FSL1004,[2017] OECD 보고서,2017-09-11,OECD(조세재정연구원),https://www.openfiscaldata.go.kr/op/ko/fd/UOPKOFDA02?pageIndex=1&pageSize=8&ofdBrdId=FSL1004&ofdBrdiSeq=45251&ofdBrdiDtsClsCd=511,목차,[2017 No.2] OECD Going for Growth 2017,[2017 No.2] OECD Going for Growth 2017_재정지출분석센터_20170426.pdf,FI000000004525158421,1,원문 없음: 표지를 제외한 제공 파일 다운로드,files/08_511_OECD/2017-09-11_45251_[2017] OECD 보고서/01_목차_[2017 No.2] OECD Going for Growth 2017.pdf,1685799,f00a389645db06e7c9464af6eccad120798ee683f84811f4ab7518f22200b17a,downloaded,
511,OECD,35,45251,FSL1004,[2017] OECD 보고서,2017-09-11,OECD(조세재정연구원),https://www.openfiscaldata.go.kr/op/ko/fd/UOPKOFDA02?pageIndex=1&pageSize=8&ofdBrdId=FSL1004&ofdBrdiSeq=45251&ofdBrdiDtsClsCd=511,목차,[2017 No.5] OECD Economic Outlook 2017,[2017 No.5] OECD Economic Outlook.pdf,FI000000004525158421,2,원문 없음: 표지를 제외한 제공 파일 다운로드,files/08_511_OECD/2017-09-11_45251_[2017] OECD 보고서/02_목차_[2017 No.5] OECD Economic Outlook 2017.pdf,957633,006d5a1591ba0d621ba6deab0c3fe5647bac76cc744c6adce777729fad36cd8f,downloaded,
511,OECD,35,45246,FSL1004,[2016] OECD 보고서,2016-01-20,OECD(조세재정연구원),https://www.openfiscaldata.go.kr/op/ko/fd/UOPKOFDA02?pageIndex=1&pageSize=8&ofdBrdId=FSL1004&ofdBrdiSeq=45246&ofdBrdiDtsClsCd=511,목차,[2016 No.1] OECD State of Public Finances 2015,[2016 No.1] OECD State of Public Finances 2015.11_KIPF_재정지출분석센터_20160120.pdf,FI000000004524654722,1,원문 없음: 표지를 제외한 제공 파일 다운로드,files/08_511_OECD/2016-01-20_45246_[2016] OECD 보고서/01_목차_[2016 No.1] OECD State of Public Finances 2015.pdf,2106111,3875c2f9008df7e1fe6ee94f413f58318d3780cb6192d7b5e2f76d0740a9bc67,downloaded,
511,OECD,35,45246,FSL1004,[2016] OECD 보고서,2016-01-20,OECD(조세재정연구원),https://www.openfiscaldata.go.kr/op/ko/fd/UOPKOFDA02?pageIndex=1&pageSize=8&ofdBrdId=FSL1004&ofdBrdiSeq=45246&ofdBrdiDtsClsCd=511,목차,[2016 No.2] OECD Pension at a glance 2015,[2016 No.2] OECD Pension at a glance 2015.pdf,FI000000004524654722,2,원문 없음: 표지를 제외한 제공 파일 다운로드,files/08_511_OECD/2016-01-20_45246_[2016] OECD 보고서/02_목차_[2016 No.2] OECD Pension at a glance 2015.pdf,5749600,06e6b7f3101c5ccfeca87943ffdedb9e4c53ca1436f772f5183a1a411ba714b0,downloaded,
511,OECD,35,45246,FSL1004,[2016] OECD 보고서,2016-01-20,OECD(조세재정연구원),https://www.openfiscaldata.go.kr/op/ko/fd/UOPKOFDA02?pageIndex=1&pageSize=8&ofdBrdId=FSL1004&ofdBrdiSeq=45246&ofdBrdiDtsClsCd=511,목차,[2016 No.4] OECD Going for Growth Interim Report 2016,[2016 No.4] OECD Going for Growth Interim Report 2016.pdf,FI000000004524654722,3,원문 없음: 표지를 제외한 제공 파일 다운로드,files/08_511_OECD/2016-01-20_45246_[2016] OECD 보고서/03_목차_[2016 No.4] OECD Going for Growth Interim Report 2016.pdf,2513597,3c42a17e0a5eceaa902056e9e7c3f8679fac51eed967566a3b2b7d175a13aa00,downloaded,
511,OECD,35,45246,FSL1004,[2016] OECD 보고서,2016-01-20,OECD(조세재정연구원),https://www.openfiscaldata.go.kr/op/ko/fd/UOPKOFDA02?pageIndex=1&pageSize=8&ofdBrdId=FSL1004&ofdBrdiSeq=45246&ofdBrdiDtsClsCd=511,목차,[2016 No.8] OECD Economic Outlook 2016,[2016 No.8] OECD Economic Outlook 2016.pdf,FI000000004524654722,4,원문 없음: 표지를 제외한 제공 파일 다운로드,files/08_511_OECD/2016-01-20_45246_[2016] OECD 보고서/04_목차_[2016 No.8] OECD Economic Outlook 2016.pdf,1778970,b75653921f40e524a1b69efbae5d1752fae0c263c95a35d64eedfe490fbc974c,downloaded,
511,OECD,35,45246,FSL1004,[2016] OECD 보고서,2016-01-20,OECD(조세재정연구원),https://www.openfiscaldata.go.kr/op/ko/fd/UOPKOFDA02?pageIndex=1&pageSize=8&ofdBrdId=FSL1004&ofdBrdiSeq=45246&ofdBrdiDtsClsCd=511,목차,[2016 No.11] OECD Economic Outlook 2016,[2016 No.11] OECD Economic Outlook 2016.pdf,FI000000004524654722,5,원문 없음: 표지를 제외한 제공 파일 다운로드,files/08_511_OECD/2016-01-20_45246_[2016] OECD 보고서/05_목차_[2016 No.11] OECD Economic Outlook 2016.pdf,1489275,69aa4bac905950c9ca3d54f8e176c6e37cf2729c42f6f1e859465be7a1b837f8,downloaded,
512,부담금운용현황,36,51736,FSL1004,2025년도 부담금운용종합계획서,2025-06-06,기획재정부,https://www.openfiscaldata.go.kr/op/ko/fd/UOPKOFDA02?pageIndex=1&pageSize=8&ofdBrdId=FSL1004&ofdBrdiSeq=51736&ofdBrdiDtsClsCd=512,목차,2025년도 부담금운용종합계획서(최종),2025년도 부담금운용종합계획서(최종).pdf,F0000000000000004747,1,원문 없음: 표지를 제외한 제공 파일 다운로드,files/09_512_부담금운용현황/2025-06-06_51736_2025년도 부담금운용종합계획서.pdf,74755477,ac2f93f26f003781a5c58e20a78329ea116a9dc9f90ce1dcaa3866241a0f1ef8,downloaded,
512,부담금운용현황,36,51601,FSL1004,2024년도 부담금운용종합,2025-06-04,기획재정부,https://www.openfiscaldata.go.kr/op/ko/fd/UOPKOFDA02?pageIndex=1&pageSize=8&ofdBrdId=FSL1004&ofdBrdiSeq=51601&ofdBrdiDtsClsCd=512,목차,2024년도 부담금운용종합계획서,2024년도 부담금운용종합계획서.pdf,F0000000000000004196,1,원문 없음: 표지를 제외한 제공 파일 다운로드,files/09_512_부담금운용현황/2025-06-04_51601_2024년도 부담금운용종합/01_목차_2024년도 부담금운용종합계획서.pdf,8628908,a632a946c0fef22f123b54449d0e2fb8f5e04aa5c1149c9a0a6693539f1a6192,downloaded,
512,부담금운용현황,36,51601,FSL1004,2024년도 부담금운용종합,2025-06-04,기획재정부,https://www.openfiscaldata.go.kr/op/ko/fd/UOPKOFDA02?pageIndex=1&pageSize=8&ofdBrdId=FSL1004&ofdBrdiSeq=51601&ofdBrdiDtsClsCd=512,목차,2024년도 부담금평가 최종보고서_인쇄본,2024년도 부담금평가 최종보고서_인쇄본.pdf,F0000000000000004196,2,원문 없음: 표지를 제외한 제공 파일 다운로드,files/09_512_부담금운용현황/2025-06-04_51601_2024년도 부담금운용종합/02_목차_2024년도 부담금평가 최종보고서_인쇄본.pdf,1092671,739611dfc9588fa3345e32dc4f44f7d3c4764b9c09fb47d40e8779c3678da82f,downloaded,
512,부담금운용현황,36,51508,FSL1004,2023년도 부담금운용종합,2024-06-24,기획재정부,https://www.openfiscaldata.go.kr/op/ko/fd/UOPKOFDA02?pageIndex=1&pageSize=8&ofdBrdId=FSL1004&ofdBrdiSeq=51508&ofdBrdiDtsClsCd=512,목차,2023년 부담금운용계획서,2023년 부담금운용계획서.pdf,F0000000000000003871,1,원문 없음: 표지를 제외한 제공 파일 다운로드,files/09_512_부담금운용현황/2024-06-24_51508_2023년도 부담금운용종합/01_목차_2023년 부담금운용계획서.pdf,9581575,1c705d0da72d3f595b7c687f5b0cd7ac581ddefa337ad3589a4a7d24ff23faeb,downloaded,
512,부담금운용현황,36,51508,FSL1004,2023년도 부담금운용종합,2024-06-24,기획재정부,https://www.openfiscaldata.go.kr/op/ko/fd/UOPKOFDA02?pageIndex=1&pageSize=8&ofdBrdId=FSL1004&ofdBrdiSeq=51508&ofdBrdiDtsClsCd=512,목차,2023년도 부담금운용종합보고서(최종),2023년도 부담금운용종합보고서(최종).pdf,F0000000000000003871,2,원문 없음: 표지를 제외한 제공 파일 다운로드,files/09_512_부담금운용현황/2024-06-24_51508_2023년도 부담금운용종합/02_목차_2023년도 부담금운용종합보고서(최종).pdf,13320076,32fb0cec22800cef9b375c73bfb9b6d6c95551162442a72dc326a6d0ac036ada,downloaded,
512,부담금운용현황,36,51473,FSL1004,2022년도 부담금운용종합,2023-05-31,기획재정부,https://www.openfiscaldata.go.kr/op/ko/fd/UOPKOFDA02?pageIndex=1&pageSize=8&ofdBrdId=FSL1004&ofdBrdiSeq=51473&ofdBrdiDtsClsCd=512,목차,2022년도 부담금운용종합계획서,2022년도 부담금운용종합계획서.pdf,F0000000000000003702,1,원문 없음: 표지를 제외한 제공 파일 다운로드,files/09_512_부담금운용현황/2023-05-31_51473_2022년도 부담금운용종합/01_목차_2022년도 부담금운용종합계획서.pdf,7141821,51169685164ce62864d19f16f1381df39e8951370a14a452277b1b712bd888dc,downloaded,
512,부담금운용현황,36,51473,FSL1004,2022년도 부담금운용종합,2023-05-31,기획재정부,https://www.openfiscaldata.go.kr/op/ko/fd/UOPKOFDA02?pageIndex=1&pageSize=8&ofdBrdId=FSL1004&ofdBrdiSeq=51473&ofdBrdiDtsClsCd=512,목차,2022년도 부담금운용종합보고서,2022년도 부담금운용종합보고서.pdf,F0000000000000003702,3,원문 없음: 표지를 제외한 제공 파일 다운로드,files/09_512_부담금운용현황/2023-05-31_51473_2022년도 부담금운용종합/02_목차_2022년도 부담금운용종합보고서.pdf,8668459,c14e74502e04cc4310cabc63af9e3a591545e2ec910be9498017565ce7831eb8,downloaded,
512,부담금운용현황,36,51472,FSL1004,2021년도 부담금운용종합,2022-05-31,기획재정부,https://www.openfiscaldata.go.kr/op/ko/fd/UOPKOFDA02?pageIndex=1&pageSize=8&ofdBrdId=FSL1004&ofdBrdiSeq=51472&ofdBrdiDtsClsCd=512,목차,2021년도 부담금운용종합계획서,2021년도 부담금운용종합계획서.pdf,F0000000000000003701,1,원문 없음: 표지를 제외한 제공 파일 다운로드,files/09_512_부담금운용현황/2022-05-31_51472_2021년도 부담금운용종합/01_목차_2021년도 부담금운용종합계획서.pdf,7398191,5fc1f7945625d8e90286e2a7c54623e05a2ef6a98de67863d99942ddbcc2e5e1,downloaded,
512,부담금운용현황,36,51472,FSL1004,2021년도 부담금운용종합,2022-05-31,기획재정부,https://www.openfiscaldata.go.kr/op/ko/fd/UOPKOFDA02?pageIndex=1&pageSize=8&ofdBrdId=FSL1004&ofdBrdiSeq=51472&ofdBrdiDtsClsCd=512,목차,2021년도 부담금운용 종합보고서,2021년도 부담금운용 종합보고서(최종).pdf,F0000000000000003701,2,원문 없음: 표지를 제외한 제공 파일 다운로드,files/09_512_부담금운용현황/2022-05-31_51472_2021년도 부담금운용종합/02_목차_2021년도 부담금운용 종합보고서.pdf,8821076,346a05416b32dc3a7a4648830e39ea2a793f805598e72afe0fd3357524da7f3a,downloaded,
512,부담금운용현황,36,51471,FSL1004,2020년도 부담금운용종합,2021-05-27,기획재정부,https://www.openfiscaldata.go.kr/op/ko/fd/UOPKOFDA02?pageIndex=1&pageSize=8&ofdBrdId=FSL1004&ofdBrdiSeq=51471&ofdBrdiDtsClsCd=512,목차,2020년도 부담금운용계획서,2020년도 부담금운용계획서.pdf,F0000000000000003700,1,원문 없음: 표지를 제외한 제공 파일 다운로드,files/09_512_부담금운용현황/2021-05-27_51471_2020년도 부담금운용종합/01_목차_2020년도 부담금운용계획서.pdf,39633448,01eaa10c29b34f9b92f4d8d8b28c7c15bca698bd7ec259c938bd2277b7948d5b,downloaded,
512,부담금운용현황,36,51471,FSL1004,2020년도 부담금운용종합,2021-05-27,기획재정부,https://www.openfiscaldata.go.kr/op/ko/fd/UOPKOFDA02?pageIndex=1&pageSize=8&ofdBrdId=FSL1004&ofdBrdiSeq=51471&ofdBrdiDtsClsCd=512,목차,2020년도 부담금운용종합보고서,2020년도 부담금운용종합보고서.pdf,F0000000000000003700,2,원문 없음: 표지를 제외한 제공 파일 다운로드,files/09_512_부담금운용현황/2021-05-27_51471_2020년도 부담금운용종합/02_목차_2020년도 부담금운용종합보고서.pdf,8244891,a51b4a518021d831985841349e8e30ab788d5055456836be86e0674a5a54e052,downloaded,
512,부담금운용현황,36,49296,FSL1004,2019년도 부담금운용종합,2020-05-27,기획재정부,https://www.openfiscaldata.go.kr/op/ko/fd/UOPKOFDA02?pageIndex=1&pageSize=8&ofdBrdId=FSL1004&ofdBrdiSeq=49296&ofdBrdiDtsClsCd=512,목차,2019년도 부담금운용종합계획서,2019년도 부담금운용종합계획서.pdf,FI000000004929663616,1,원문 없음: 표지를 제외한 제공 파일 다운로드,files/09_512_부담금운용현황/2020-05-27_49296_2019년도 부담금운용종합/01_목차_2019년도 부담금운용종합계획서.pdf,204308,ecc6090bf4da97ff3670f49adcbd8ee146dba588f276cb6a2d36b7c67f12f1ca,downloaded,
512,부담금운용현황,36,49296,FSL1004,2019년도 부담금운용종합,2020-05-27,기획재정부,https://www.openfiscaldata.go.kr/op/ko/fd/UOPKOFDA02?pageIndex=1&pageSize=8&ofdBrdId=FSL1004&ofdBrdiSeq=49296&ofdBrdiDtsClsCd=512,목차,2019년 부담금운용종합보고서,2019년 부담금운용종합보고서.pdf,FI000000004929663616,2,원문 없음: 표지를 제외한 제공 파일 다운로드,files/09_512_부담금운용현황/2020-05-27_49296_2019년도 부담금운용종합/02_목차_2019년 부담금운용종합보고서.pdf,3961369,e9651240beae28fe35ee8dca998b60ca1c178f3e2aab7601e631c57f61fce5c8,downloaded,
512,부담금운용현황,36,47859,FSL1004,2018년도 부담금운용종합,2019-05-31,기획재정부,https://www.openfiscaldata.go.kr/op/ko/fd/UOPKOFDA02?pageIndex=1&pageSize=8&ofdBrdId=FSL1004&ofdBrdiSeq=47859&ofdBrdiDtsClsCd=512,목차,2018년 부담금운용 종합계획서,2018년 부담금운용 종합계획서.pdf,FI000000004785962087,1,원문 없음: 표지를 제외한 제공 파일 다운로드,files/09_512_부담금운용현황/2019-05-31_47859_2018년도 부담금운용종합/01_목차_2018년 부담금운용 종합계획서.pdf,38892239,a215b6e35ac5d279f93e2e24a1289cbc42ff026ce288949653076fef24a87453,downloaded,
512,부담금운용현황,36,47859,FSL1004,2018년도 부담금운용종합,2019-05-31,기획재정부,https://www.openfiscaldata.go.kr/op/ko/fd/UOPKOFDA02?pageIndex=1&pageSize=8&ofdBrdId=FSL1004&ofdBrdiSeq=47859&ofdBrdiDtsClsCd=512,목차,2018년도 부담금운용종합보고서,2018년도 부담금운용종합보고서.pdf,FI000000004785962087,2,원문 없음: 표지를 제외한 제공 파일 다운로드,files/09_512_부담금운용현황/2019-05-31_47859_2018년도 부담금운용종합/02_목차_2018년도 부담금운용종합보고서.pdf,9666469,762ce0193d589daa2df5088fc49674ce90844f9c67d3430b53841f7f0ead964e,downloaded,
512,부담금운용현황,36,47858,FSL1004,2017년도 부담금운용종합,2018-05-31,기획재정부,https://www.openfiscaldata.go.kr/op/ko/fd/UOPKOFDA02?pageIndex=1&pageSize=8&ofdBrdId=FSL1004&ofdBrdiSeq=47858&ofdBrdiDtsClsCd=512,목차,2017년도 부담금운용종합계획서,2017년도 부담금운용종합계획서.pdf,FI000000004785862084,1,원문 없음: 표지를 제외한 제공 파일 다운로드,files/09_512_부담금운용현황/2018-05-31_47858_2017년도 부담금운용종합/01_목차_2017년도 부담금운용종합계획서.pdf,40879388,b14f61299537935ef2c585f39d3629e63d366355219ef8e04477b3bc82ebfd29,downloaded,
512,부담금운용현황,36,47858,FSL1004,2017년도 부담금운용종합,2018-05-31,기획재정부,https://www.openfiscaldata.go.kr/op/ko/fd/UOPKOFDA02?pageIndex=1&pageSize=8&ofdBrdId=FSL1004&ofdBrdiSeq=47858&ofdBrdiDtsClsCd=512,목차,2017년도 부담금운용종합보고서,2017년도 부담금운용종합보고서.pdf,FI000000004785862084,2,원문 없음: 표지를 제외한 제공 파일 다운로드,files/09_512_부담금운용현황/2018-05-31_47858_2017년도 부담금운용종합/02_목차_2017년도 부담금운용종합보고서.pdf,35426828,34d04e73633811a8d147f303546a22b345501e22804f89f63c9da8e07896ac95,downloaded,
512,부담금운용현황,36,45408,FSL1004,2016년도 부담금운용종합,2017-05-31,기획재정부,https://www.openfiscaldata.go.kr/op/ko/fd/UOPKOFDA02?pageIndex=1&pageSize=8&ofdBrdId=FSL1004&ofdBrdiSeq=45408&ofdBrdiDtsClsCd=512,목차,2016년도 부담금운용종합계획서,2016년도 부담금운용종합계획서.pdf,FI000000004540859086,1,원문 없음: 표지를 제외한 제공 파일 다운로드,files/09_512_부담금운용현황/2017-05-31_45408_2016년도 부담금운용종합/01_목차_2016년도 부담금운용종합계획서.pdf,41301667,8b30d9ecd660ff76b2b30640f31d0ca0359df2765f6a3a5900a28f6adcc4c39b,downloaded,
512,부담금운용현황,36,45408,FSL1004,2016년도 부담금운용종합,2017-05-31,기획재정부,https://www.openfiscaldata.go.kr/op/ko/fd/UOPKOFDA02?pageIndex=1&pageSize=8&ofdBrdId=FSL1004&ofdBrdiSeq=45408&ofdBrdiDtsClsCd=512,목차,2016년도 부담금운용종합보고서,2016년도 부담금운용종합보고서.pdf,FI000000004540859086,2,원문 없음: 표지를 제외한 제공 파일 다운로드,files/09_512_부담금운용현황/2017-05-31_45408_2016년도 부담금운용종합/02_목차_2016년도 부담금운용종합보고서.pdf,51364897,524e4eb60f6fcad4e531dbc4a9c1175334c530fbf6e4ca42e4905466a39eca91,downloaded,
512,부담금운용현황,36,45407,FSL1004,2015년도 부담금운용종합,2016-06-01,기획재정부,https://www.openfiscaldata.go.kr/op/ko/fd/UOPKOFDA02?pageIndex=1&pageSize=8&ofdBrdId=FSL1004&ofdBrdiSeq=45407&ofdBrdiDtsClsCd=512,목차,2015년도 부담금운용종합계획서,2015년도 부담금운용종합계획서.pdf,FI000000004540759084,1,원문 없음: 표지를 제외한 제공 파일 다운로드,files/09_512_부담금운용현황/2016-06-01_45407_2015년도 부담금운용종합/01_목차_2015년도 부담금운용종합계획서.pdf,6831688,daa743d87d06853986ec5cc4dc0a331eb3b6ae608bdae0958db5a91bf3bf3d2f,downloaded,
512,부담금운용현황,36,45407,FSL1004,2015년도 부담금운용종합,2016-06-01,기획재정부,https://www.openfiscaldata.go.kr/op/ko/fd/UOPKOFDA02?pageIndex=1&pageSize=8&ofdBrdId=FSL1004&ofdBrdiSeq=45407&ofdBrdiDtsClsCd=512,목차,2015년도 부담금운용종합보고서,2015년도 부담금운용종합보고서.pdf,FI000000004540759084,2,원문 없음: 표지를 제외한 제공 파일 다운로드,files/09_512_부담금운용현황/2016-06-01_45407_2015년도 부담금운용종합/02_목차_2015년도 부담금운용종합보고서.pdf,54333790,1b3b388dfd7feabb9ffb49dcba19bdafb58d7c1d45fcd283891feefc9abe0d48,downloaded,
512,부담금운용현황,36,42553,FSL1004,2014년도 부담금운용현황,2015-05-29,기획재정부,https://www.openfiscaldata.go.kr/op/ko/fd/UOPKOFDA02?pageIndex=1&pageSize=8&ofdBrdId=FSL1004&ofdBrdiSeq=42553&ofdBrdiDtsClsCd=512,목차,2014년도 부담금운용종합보고서,2014년도 부담금운용종합보고서.pdf,FI000000004255359083,1,원문 없음: 표지를 제외한 제공 파일 다운로드,files/09_512_부담금운용현황/2015-05-29_42553_2014년도 부담금운용현황.pdf,9616810,533ec5e2d6d0dbbd4c88454812a90a207b0aa64b9aaa7895ae792404446d6363,downloaded,
512,부담금운용현황,36,24799,FSL1004,2013년도 부담금운용현황,2014-05-30,기획재정부,https://www.openfiscaldata.go.kr/op/ko/fd/UOPKOFDA02?pageIndex=1&pageSize=8&ofdBrdId=FSL1004&ofdBrdiSeq=24799&ofdBrdiDtsClsCd=512,목차,2013년도 부담금운용종합보고서,2013년도 부담금운용종합보고서.pdf,FI000000002479922041,1,원문 없음: 표지를 제외한 제공 파일 다운로드,files/09_512_부담금운용현황/2014-05-30_24799_2013년도 부담금운용현황.pdf,8464550,06ca720381a15b52dc43c98f0d1ccade28b9876f53f2f2163082f9f23d9e6790,downloaded,
512,부담금운용현황,36,24798,FSL1004,2012년도 부담금운용현황,2013-05-31,기획재정부,https://www.openfiscaldata.go.kr/op/ko/fd/UOPKOFDA02?pageIndex=1&pageSize=8&ofdBrdId=FSL1004&ofdBrdiSeq=24798&ofdBrdiDtsClsCd=512,목차,2012년도 부담금운용종합보고서,2012년도 부담금운용종합보고서.zip,FI000000002479866564,1,원문 없음: 표지를 제외한 제공 파일 다운로드,files/09_512_부담금운용현황/2013-05-31_24798_2012년도 부담금운용현황.zip,164667641,7b88996188177c8267ba7564f649a6e3905722ef26aae150eaa92fde41f4fa37,downloaded,
512,부담금운용현황,36,24797,FSL1004,2011년도 부담금운용현황,2012-06-21,기획재정부,https://www.openfiscaldata.go.kr/op/ko/fd/UOPKOFDA02?pageIndex=1&pageSize=8&ofdBrdId=FSL1004&ofdBrdiSeq=24797&ofdBrdiDtsClsCd=512,목차,2011년도 부담금운용종합보고서,2011년도 부담금운용종합보고서.pdf,FI000000002479722039,1,원문 없음: 표지를 제외한 제공 파일 다운로드,files/09_512_부담금운용현황/2012-06-21_24797_2011년도 부담금운용현황.pdf,4814438,ef909f9667f7f94a351802b3aeea5a92a22645e9064e0ccbc95b9bc685f707d3,downloaded,
512,부담금운용현황,36,24796,FSL1004,2010년도 부담금운용현황,2011-10-04,기획재정부,https://www.openfiscaldata.go.kr/op/ko/fd/UOPKOFDA02?pageIndex=1&pageSize=8&ofdBrdId=FSL1004&ofdBrdiSeq=24796&ofdBrdiDtsClsCd=512,목차,2010년도 부담금운용종합보고서(1),2010년도 부담금운용종합보고서(1).hwp,FI000000002479666560,1,원문 없음: 표지를 제외한 제공 파일 다운로드,files/09_512_부담금운용현황/2011-10-04_24796_2010년도 부담금운용현황/01_목차_2010년도 부담금운용종합보고서(1).hwp,227328,3003c2d8f44631c04391c67ebdf8dbe5fdfaedbb57ec6520ccef4a379a4f785d,downloaded,
512,부담금운용현황,36,24796,FSL1004,2010년도 부담금운용현황,2011-10-04,기획재정부,https://www.openfiscaldata.go.kr/op/ko/fd/UOPKOFDA02?pageIndex=1&pageSize=8&ofdBrdId=FSL1004&ofdBrdiSeq=24796&ofdBrdiDtsClsCd=512,목차,2010년도 부담금운용종합보고서(2),2010년도 부담금운용종합보고서(2).hwp,FI000000002479666561,1,원문 없음: 표지를 제외한 제공 파일 다운로드,files/09_512_부담금운용현황/2011-10-04_24796_2010년도 부담금운용현황/02_목차_2010년도 부담금운용종합보고서(2).hwp,2816512,b9ec4540c3c473a25229448fdfccd64b8407b67bc83e6c88c060ed01b33a4478,downloaded,
512,부담금운용현황,36,24795,FSL1004,2009년도 부담금운용현황,2010-06-01,기획재정부,https://www.openfiscaldata.go.kr/op/ko/fd/UOPKOFDA02?pageIndex=1&pageSize=8&ofdBrdId=FSL1004&ofdBrdiSeq=24795&ofdBrdiDtsClsCd=512,목차,2009년도 부담금운용종합보고서,2009년도 부담금운용종합보고서.pdf,FI000000002479522037,1,원문 없음: 표지를 제외한 제공 파일 다운로드,files/09_512_부담금운용현황/2010-06-01_24795_2009년도 부담금운용현황.pdf,4480407,68cf2c4d360c24c9d39dfd981d9480bea6eaee25bdf86dbeab5779a83ed4567f,downloaded,
512,부담금운용현황,36,24794,FSL1004,2008년도 부담금운용현황,2009-05-26,기획재정부,https://www.openfiscaldata.go.kr/op/ko/fd/UOPKOFDA02?pageIndex=1&pageSize=8&ofdBrdId=FSL1004&ofdBrdiSeq=24794&ofdBrdiDtsClsCd=512,목차,2008년도 부담금운용종합보고서,2008년도 부담금운용종합보고서.pdf,FI000000002479422036,1,원문 없음: 표지를 제외한 제공 파일 다운로드,files/09_512_부담금운용현황/2009-05-26_24794_2008년도 부담금운용현황.pdf,4043023,797abfff6adef71d0a678790d45e70d0693db0ab051d13ad0738dc713dd42a1e,downloaded,
512,부담금운용현황,36,24793,FSL1004,2007년도 부담금운용현황,2008-07-04,기획재정부,https://www.openfiscaldata.go.kr/op/ko/fd/UOPKOFDA02?pageIndex=1&pageSize=8&ofdBrdId=FSL1004&ofdBrdiSeq=24793&ofdBrdiDtsClsCd=512,목차,2007년도 부담금운용종합보고서,2007년도 부담금운용종합보고서.pdf,FI000000002479322035,1,원문 없음: 표지를 제외한 제공 파일 다운로드,files/09_512_부담금운용현황/2008-07-04_24793_2007년도 부담금운용현황.pdf,3127217,b89c21f5e0bbeb790178525f6805f92229931ff4d0378a880cf246890b42f1e8,downloaded,
512,부담금운용현황,36,24792,FSL1004,2006년도 부담금운용현황,2007-07-12,기획재정부,https://www.openfiscaldata.go.kr/op/ko/fd/UOPKOFDA02?pageIndex=1&pageSize=8&ofdBrdId=FSL1004&ofdBrdiSeq=24792&ofdBrdiDtsClsCd=512,목차,2006년도 부담금운용종합보고서,2006년도 부담금운용종합보고서.pdf,FI000000002479222034,1,원문 없음: 표지를 제외한 제공 파일 다운로드,files/09_512_부담금운용현황/2007-07-12_24792_2006년도 부담금운용현황.pdf,3349201,c6632a0294ab5f0ba6e02bc13577448b153bbc66bf029236dc72442b822355f0,downloaded,
512,부담금운용현황,36,24791,FSL1004,2005년도 부담금운용현황,2006-07-04,기획재정부,https://www.openfiscaldata.go.kr/op/ko/fd/UOPKOFDA02?pageIndex=1&pageSize=8&ofdBrdId=FSL1004&ofdBrdiSeq=24791&ofdBrdiDtsClsCd=512,목차,2005년도 부담금운용종합보고서,2005년도 부담금운용종합보고서.pdf,FI000000002479122033,1,원문 없음: 표지를 제외한 제공 파일 다운로드,files/09_512_부담금운용현황/2006-07-04_24791_2005년도 부담금운용현황.pdf,8857226,253b9f7708f93bc946c399a8f495b44738a92af259140c5bc3049024bae3f7fb,downloaded,
512,부담금운용현황,36,24790,FSL1004,2004년도 부담금운용현황,2005-07-13,기획재정부,https://www.openfiscaldata.go.kr/op/ko/fd/UOPKOFDA02?pageIndex=1&pageSize=8&ofdBrdId=FSL1004&ofdBrdiSeq=24790&ofdBrdiDtsClsCd=512,목차,2004년도 부담금운용종합보고서,2004년도 부담금운용종합보고서.zip,FI000000002479022032,1,원문 없음: 표지를 제외한 제공 파일 다운로드,files/09_512_부담금운용현황/2005-07-13_24790_2004년도 부담금운용현황.zip,1527474,8bcc85d0aafaa085dcc5f9f734987851afd0e1ee79b42e3b9df746f3f5c798ce,downloaded,
512,부담금운용현황,36,24789,FSL1004,2003년도 부담금운용현황,2004-08-25,기획재정부,https://www.openfiscaldata.go.kr/op/ko/fd/UOPKOFDA02?pageIndex=1&pageSize=8&ofdBrdId=FSL1004&ofdBrdiSeq=24789&ofdBrdiDtsClsCd=512,목차,2003년도 부담금운용종합보고서,2003년도 부담금운용종합보고서.zip,FI000000002478922031,1,원문 없음: 표지를 제외한 제공 파일 다운로드,files/09_512_부담금운용현황/2004-08-25_24789_2003년도 부담금운용현황.zip,1288333,dbb2f10f7f85d2249b15d70a68dcd73f62619742e3f64708f3588dc52c90690f,downloaded,
512,부담금운용현황,36,24788,FSL1004,2002년도 부담금운용현황,2003-08-30,기획재정부,https://www.openfiscaldata.go.kr/op/ko/fd/UOPKOFDA02?pageIndex=1&pageSize=8&ofdBrdId=FSL1004&ofdBrdiSeq=24788&ofdBrdiDtsClsCd=512,목차,2002년도 부담금운용종합보고서,2002년도 부담금운용종합보고서.zip,FI000000002478822030,1,원문 없음: 표지를 제외한 제공 파일 다운로드,files/09_512_부담금운용현황/2003-08-30_24788_2002년도 부담금운용현황.zip,1513408,615428da7cb63cc9f8553a448ad3a651203defb5c5239d1fd3d940e705b51078,downloaded,
512,부담금운용현황,36,24787,FSL1004,2001년도 부담금운용현황,2002-08-28,기획재정부,https://www.openfiscaldata.go.kr/op/ko/fd/UOPKOFDA02?pageIndex=1&pageSize=8&ofdBrdId=FSL1004&ofdBrdiSeq=24787&ofdBrdiDtsClsCd=512,목차,2001년도 부담금운용종합보고서,2001년도 부담금운용종합보고서.pdf,FI000000002478722029,1,원문 없음: 표지를 제외한 제공 파일 다운로드,files/09_512_부담금운용현황/2002-08-28_24787_2001년도 부담금운용현황.pdf,272384,f297484558613b7d8a9803286c403b34ef268753ae923b6fc847206304637d04,downloaded,
514,기금운용평가결과,37,51750,FSL1004,2025년도 기금운용평가결과,2026-06-01,기획재정부,https://www.openfiscaldata.go.kr/op/ko/fd/UOPKOFDA02?pageIndex=1&pageSize=8&ofdBrdId=FSL1004&ofdBrdiSeq=51750&ofdBrdiDtsClsCd=514,원문,2025년도 기금운용평가보고서(자산운용),2025년도 기금운용평가보고서(자산운용).pdf,F0000000000000004810,1,원문 우선(목차 파일 제외),files/10_514_기금운용평가결과/2026-06-01_51750_2025년도 기금운용평가결과.pdf,6528322,2e7e31ce43e5509ef85d598d05b6d5d7ba6571091e04191f083308f94f6462e6,downloaded,
514,기금운용평가결과,37,51682,FSL1004,2024년도 기금운용평가결과,2025-05-30,기획재정부,https://www.openfiscaldata.go.kr/op/ko/fd/UOPKOFDA02?pageIndex=1&pageSize=8&ofdBrdId=FSL1004&ofdBrdiSeq=51682&ofdBrdiDtsClsCd=514,원문,2024년도 기금운용평가보고서(자산운용),2024년도 기금운용평가보고서(자산운용).pdf,F0000000000000004516,1,원문 우선(목차 파일 제외),files/10_514_기금운용평가결과/2025-05-30_51682_2024년도 기금운용평가결과.pdf,5539521,9f4e2a1c27096c0344fb82b2c43866ab5f39d2f3ef01841c718d098e693ae1b7,downloaded,
514,기금운용평가결과,37,51663,FSL1004,2023년도 기금운용평가결과,2024-06-04,기획재정부,https://www.openfiscaldata.go.kr/op/ko/fd/UOPKOFDA02?pageIndex=1&pageSize=8&ofdBrdId=FSL1004&ofdBrdiSeq=51663&ofdBrdiDtsClsCd=514,원문,2023년도 기금운용평가보고서(자산운용),2023년도 기금운용평가보고서(자산운용).pdf,F0000000000000004455,1,원문 우선(목차 파일 제외),files/10_514_기금운용평가결과/2024-06-04_51663_2023년도 기금운용평가결과.pdf,4868976,b46e27e9cbfcf7122cb119139868ee04f0bc3144a29286bc139680753d46fc75,downloaded,
514,기금운용평가결과,37,51560,FSL1004,2022년도 기금운용평가결과,2023-06-15,기획재정부,https://www.openfiscaldata.go.kr/op/ko/fd/UOPKOFDA02?pageIndex=1&pageSize=8&ofdBrdId=FSL1004&ofdBrdiSeq=51560&ofdBrdiDtsClsCd=514,목차,2022년도 기금운용평가보고서(자산운용),2022년도 기금운용평가보고서(자산운용).pdf,F0000000000000004060,1,원문 없음: 표지를 제외한 제공 파일 다운로드,files/10_514_기금운용평가결과/2023-06-15_51560_2022년도 기금운용평가결과.pdf,6390720,316d8da6ab0f24546f444750983befefa69bf54bbdc2ce5e890f3d687b8ce511,downloaded,
514,기금운용평가결과,37,51514,FSL1004,2021년도 기금운용평가결과,2022-06-01,기획재정부,https://www.openfiscaldata.go.kr/op/ko/fd/UOPKOFDA02?pageIndex=1&pageSize=8&ofdBrdId=FSL1004&ofdBrdiSeq=51514&ofdBrdiDtsClsCd=514,목차,2021회계연도 기금운용평가보고서Ⅰ(사업운영부문)_1권,2021회계연도 기금운용평가보고서Ⅰ(사업운영부문)_1권.pdf,F0000000000000003907,1,원문 없음: 표지를 제외한 제공 파일 다운로드,files/10_514_기금운용평가결과/2022-06-01_51514_2021년도 기금운용평가결과/01_목차_2021회계연도 기금운용평가보고서Ⅰ(사업운영부문)_1권.pdf,17338255,f91355f70223bdbc1908d9307ec980e859eb950c50c4e25fe0bdeebd0b255aa1,downloaded,
514,기금운용평가결과,37,51514,FSL1004,2021년도 기금운용평가결과,2022-06-01,기획재정부,https://www.openfiscaldata.go.kr/op/ko/fd/UOPKOFDA02?pageIndex=1&pageSize=8&ofdBrdId=FSL1004&ofdBrdiSeq=51514&ofdBrdiDtsClsCd=514,목차,2021회계연도 기금운용평가보고서Ⅰ(사업운영부문)_2권,2021회계연도 기금운용평가보고서Ⅰ(사업운영부문)_2권.pdf,F0000000000000003907,2,원문 없음: 표지를 제외한 제공 파일 다운로드,files/10_514_기금운용평가결과/2022-06-01_51514_2021년도 기금운용평가결과/02_목차_2021회계연도 기금운용평가보고서Ⅰ(사업운영부문)_2권.pdf,8510591,5073aed1610f426aa7c8f588a6a973371ca143faad6266295270033eff67875f,downloaded,
514,기금운용평가결과,37,51514,FSL1004,2021년도 기금운용평가결과,2022-06-01,기획재정부,https://www.openfiscaldata.go.kr/op/ko/fd/UOPKOFDA02?pageIndex=1&pageSize=8&ofdBrdId=FSL1004&ofdBrdiSeq=51514&ofdBrdiDtsClsCd=514,목차,2021회계연도 기금운용평가보고서Ⅱ(자산운용부문),2021회계연도 기금운용평가보고서Ⅱ(자산운용부문).pdf,F0000000000000003907,3,원문 없음: 표지를 제외한 제공 파일 다운로드,files/10_514_기금운용평가결과/2022-06-01_51514_2021년도 기금운용평가결과/03_목차_2021회계연도 기금운용평가보고서Ⅱ(자산운용부문).pdf,5894741,9cf31474ad114414f886b9e97b6b0c0783109e99c679366b0bc0469ba4aeeb4d,downloaded,
514,기금운용평가결과,37,50742,FSL1004,2020년도 기금운용평가결과,2021-05-31,기획재정부,https://www.openfiscaldata.go.kr/op/ko/fd/UOPKOFDA02?pageIndex=1&pageSize=8&ofdBrdId=FSL1004&ofdBrdiSeq=50742&ofdBrdiDtsClsCd=514,목차,2020회계연도 기금운용평가보고서(Ⅰ.사업운영부문),2020회계연도 기금운용평가보고서(Ⅰ.사업운영부문).pdf,FI000000005074265463,1,원문 없음: 표지를 제외한 제공 파일 다운로드,files/10_514_기금운용평가결과/2021-05-31_50742_2020년도 기금운용평가결과/01_목차_2020회계연도 기금운용평가보고서(Ⅰ.사업운영부문).pdf,17942181,284d608dce4d9a3fbbec3a3877358f07399b5826aa091934378cd3cd00bbeebb,downloaded,
514,기금운용평가결과,37,50742,FSL1004,2020년도 기금운용평가결과,2021-05-31,기획재정부,https://www.openfiscaldata.go.kr/op/ko/fd/UOPKOFDA02?pageIndex=1&pageSize=8&ofdBrdId=FSL1004&ofdBrdiSeq=50742&ofdBrdiDtsClsCd=514,목차,2020회계연도 기금운용평가보고서(Ⅱ.자산운용부문),2020회계연도 기금운용평가보고서(Ⅱ.자산운용부문).pdf,FI000000005074265463,2,원문 없음: 표지를 제외한 제공 파일 다운로드,files/10_514_기금운용평가결과/2021-05-31_50742_2020년도 기금운용평가결과/02_목차_2020회계연도 기금운용평가보고서(Ⅱ.자산운용부문).pdf,6183141,e28a21a34c59d1d58b68743686a94e56befc29dffcacad968fd331bc7afc7f4c,downloaded,
514,기금운용평가결과,37,49297,FSL1004,2019년도 기금운용평가결과,2020-06-01,기획재정부,https://www.openfiscaldata.go.kr/op/ko/fd/UOPKOFDA02?pageIndex=1&pageSize=8&ofdBrdId=FSL1004&ofdBrdiSeq=49297&ofdBrdiDtsClsCd=514,목차,2019회계연도 기금운용평가보고서(Ⅰ.사업운영부문),2019회계연도 기금운용평가보고서(Ⅰ.사업운영부문).pdf,FI000000004929763618,1,원문 없음: 표지를 제외한 제공 파일 다운로드,files/10_514_기금운용평가결과/2020-06-01_49297_2019년도 기금운용평가결과/01_목차_2019회계연도 기금운용평가보고서(Ⅰ.사업운영부문).pdf,24103677,710a040e9d329cab551979b112909ca49e03fe97ca5949f220a59bb7f1895964,downloaded,
514,기금운용평가결과,37,49297,FSL1004,2019년도 기금운용평가결과,2020-06-01,기획재정부,https://www.openfiscaldata.go.kr/op/ko/fd/UOPKOFDA02?pageIndex=1&pageSize=8&ofdBrdId=FSL1004&ofdBrdiSeq=49297&ofdBrdiDtsClsCd=514,목차,2019회계연도 기금운용평가보고서(Ⅱ.자산운용부문),2019회계연도 기금운용평가보고서(Ⅱ.자산운용부문).pdf,FI000000004929763618,2,원문 없음: 표지를 제외한 제공 파일 다운로드,files/10_514_기금운용평가결과/2020-06-01_49297_2019년도 기금운용평가결과/02_목차_2019회계연도 기금운용평가보고서(Ⅱ.자산운용부문).pdf,8051834,fac734b611b73700fd4b4434e41b6f1f52b58cec0057b4b391694e1eb2ea2fa7,downloaded,
514,기금운용평가결과,37,47861,FSL1004,2018년도 기금운용평가결과,2019-05-31,기획재정부,https://www.openfiscaldata.go.kr/op/ko/fd/UOPKOFDA02?pageIndex=1&pageSize=8&ofdBrdId=FSL1004&ofdBrdiSeq=47861&ofdBrdiDtsClsCd=514,목차,2018회계연도기금운용평가보고서Ⅰ(사업운영부문),2018회계연도기금운용평가보고서Ⅰ(사업운영부문).hwp,FI000000004786162091,1,원문 없음: 표지를 제외한 제공 파일 다운로드,files/10_514_기금운용평가결과/2019-05-31_47861_2018년도 기금운용평가결과/01_목차_2018회계연도기금운용평가보고서Ⅰ(사업운영부문).hwp,26382848,ccf664731ae4be5ab7380ac7d80008fd76398febd8a9de3a183b329e6561bff6,downloaded,
514,기금운용평가결과,37,47861,FSL1004,2018년도 기금운용평가결과,2019-05-31,기획재정부,https://www.openfiscaldata.go.kr/op/ko/fd/UOPKOFDA02?pageIndex=1&pageSize=8&ofdBrdId=FSL1004&ofdBrdiSeq=47861&ofdBrdiDtsClsCd=514,목차,2018회계연도 기금운용평가보고서Ⅱ(자산운용부문),2018회계연도 기금운용평가보고서Ⅱ(자산운용부문).pdf,FI000000004786162091,2,원문 없음: 표지를 제외한 제공 파일 다운로드,files/10_514_기금운용평가결과/2019-05-31_47861_2018년도 기금운용평가결과/02_목차_2018회계연도 기금운용평가보고서Ⅱ(자산운용부문).pdf,8339526,00fe17e5fe73973e0c5ac3b382d9cc0748af128015fd5989f3484dbf052276c4,downloaded,
514,기금운용평가결과,37,46186,FSL1004,2017년도 기금운용평가결과,2018-06-01,기획재정부,https://www.openfiscaldata.go.kr/op/ko/fd/UOPKOFDA02?pageIndex=1&pageSize=8&ofdBrdId=FSL1004&ofdBrdiSeq=46186&ofdBrdiDtsClsCd=514,목차,2017년도 기금운용평가보고서(자산운용),2017년도 기금운용평가보고서(자산운용).pdf,FI000000004618659881,1,원문 없음: 표지를 제외한 제공 파일 다운로드,files/10_514_기금운용평가결과/2018-06-01_46186_2017년도 기금운용평가결과/01_목차_2017년도 기금운용평가보고서(자산운용).pdf,10425008,7cdb5f9f6961bb94ac732d2ef0d9e4dcd10f2883623572dcfee85e28b3a24679,downloaded,
514,기금운용평가결과,37,46186,FSL1004,2017년도 기금운용평가결과,2018-06-01,기획재정부,https://www.openfiscaldata.go.kr/op/ko/fd/UOPKOFDA02?pageIndex=1&pageSize=8&ofdBrdId=FSL1004&ofdBrdiSeq=46186&ofdBrdiDtsClsCd=514,목차,2017년도 기금운용평가보고서(사업운영),2017년도 기금운용평가보고서(사업운영부문).pdf,FI000000004618659881,2,원문 없음: 표지를 제외한 제공 파일 다운로드,files/10_514_기금운용평가결과/2018-06-01_46186_2017년도 기금운용평가결과/02_목차_2017년도 기금운용평가보고서(사업운영).pdf,12271489,253b09c7c60c5f5c8957dda92198da98095aebaf9b1671e19ba46b567c83edcf,downloaded,
514,기금운용평가결과,37,45409,FSL1004,2016년도 기금운용평가결과,2017-05-31,기획재정부,https://www.openfiscaldata.go.kr/op/ko/fd/UOPKOFDA02?pageIndex=1&pageSize=8&ofdBrdId=FSL1004&ofdBrdiSeq=45409&ofdBrdiDtsClsCd=514,목차,2015년도 기금운용평가보고서(사업운영),2015년도 기금운용평가보고서(사업운용).pdf,FI000000004540959023,1,원문 없음: 표지를 제외한 제공 파일 다운로드,files/10_514_기금운용평가결과/2017-05-31_45409_2016년도 기금운용평가결과/01_목차_2015년도 기금운용평가보고서(사업운영).pdf,12719179,834e4aa8d9d3ceec2947841e8bf06f535fea5c7d0783851fdb79b83bcd1fc88e,downloaded,
514,기금운용평가결과,37,45409,FSL1004,2016년도 기금운용평가결과,2017-05-31,기획재정부,https://www.openfiscaldata.go.kr/op/ko/fd/UOPKOFDA02?pageIndex=1&pageSize=8&ofdBrdId=FSL1004&ofdBrdiSeq=45409&ofdBrdiDtsClsCd=514,목차,2016년도 기금운용평가보고서(자산운용),2016년도 기금운용평가보고서(자산운용).pdf,FI000000004540959023,2,원문 없음: 표지를 제외한 제공 파일 다운로드,files/10_514_기금운용평가결과/2017-05-31_45409_2016년도 기금운용평가결과/02_목차_2016년도 기금운용평가보고서(자산운용).pdf,10183269,8561cb90f4a6bc296621720d6783f12fb014250d68779a8b314f22e27ea17910,downloaded,
514,기금운용평가결과,37,43300,FSL1004,2015년도 기금운용평가결과,2016-05-31,기획재정부,https://www.openfiscaldata.go.kr/op/ko/fd/UOPKOFDA02?pageIndex=1&pageSize=8&ofdBrdId=FSL1004&ofdBrdiSeq=43300&ofdBrdiDtsClsCd=514,목차,2015년도 기금운용평가보고서(자산운용),2015년도 기금운용평가보고서(자산운용).pdf,FI000000004330055168,1,원문 없음: 표지를 제외한 제공 파일 다운로드,files/10_514_기금운용평가결과/2016-05-31_43300_2015년도 기금운용평가결과/01_목차_2015년도 기금운용평가보고서(자산운용).pdf,5012339,80c852b0db5841504756461d1496710b95afef46662e8f91ea1ec6a5765b1dd1,downloaded,
514,기금운용평가결과,37,43300,FSL1004,2015년도 기금운용평가결과,2016-05-31,기획재정부,https://www.openfiscaldata.go.kr/op/ko/fd/UOPKOFDA02?pageIndex=1&pageSize=8&ofdBrdId=FSL1004&ofdBrdiSeq=43300&ofdBrdiDtsClsCd=514,목차,2015년도 기금운용평가보고서(사업운영),2015년도 기금운용평가보고서(사업운용).pdf,FI000000004330055168,2,원문 없음: 표지를 제외한 제공 파일 다운로드,files/10_514_기금운용평가결과/2016-05-31_43300_2015년도 기금운용평가결과/02_목차_2015년도 기금운용평가보고서(사업운영).pdf,11771698,51bd65be394d9dfeea7d37d0610374b16a5712cbaf23e935444290c524e4c3ef,downloaded,
514,기금운용평가결과,37,43299,FSL1004,2014년도 기금운용평가결과,2015-05-29,기획재정부,https://www.openfiscaldata.go.kr/op/ko/fd/UOPKOFDA02?pageIndex=1&pageSize=8&ofdBrdId=FSL1004&ofdBrdiSeq=43299&ofdBrdiDtsClsCd=514,목차,2014년도 기금운용평가보고서(자산운용),2014년도 기금운용평가보고서(자산운용).pdf,FI000000004329955166,1,원문 없음: 표지를 제외한 제공 파일 다운로드,files/10_514_기금운용평가결과/2015-05-29_43299_2014년도 기금운용평가결과/01_목차_2014년도 기금운용평가보고서(자산운용).pdf,4430177,502015048ad70adf6339a742bf6c0ba609f49b9932d99568c45fce45fc1d475e,downloaded,
514,기금운용평가결과,37,43299,FSL1004,2014년도 기금운용평가결과,2015-05-29,기획재정부,https://www.openfiscaldata.go.kr/op/ko/fd/UOPKOFDA02?pageIndex=1&pageSize=8&ofdBrdId=FSL1004&ofdBrdiSeq=43299&ofdBrdiDtsClsCd=514,목차,2014년도 기금운용평가보고서(사업운영),2014년도 기금운용평가보고서(사업운용).pdf,FI000000004329955166,2,원문 없음: 표지를 제외한 제공 파일 다운로드,files/10_514_기금운용평가결과/2015-05-29_43299_2014년도 기금운용평가결과/02_목차_2014년도 기금운용평가보고서(사업운영).pdf,8173664,e7f23bab3d9964a1fe12117d14baf232079303e8df83dd2ac7505672e1ae220c,downloaded,
514,기금운용평가결과,37,24776,FSL1004,2013년도 기금운용평가결과,2014-05-30,기획재정부,https://www.openfiscaldata.go.kr/op/ko/fd/UOPKOFDA02?pageIndex=1&pageSize=8&ofdBrdId=FSL1004&ofdBrdiSeq=24776&ofdBrdiDtsClsCd=514,목차,2013년도 기금운용평가보고서(사업운영),2013년 기금운용평가보고서(사업운용).pdf,FI000000002477621689,1,원문 없음: 표지를 제외한 제공 파일 다운로드,files/10_514_기금운용평가결과/2014-05-30_24776_2013년도 기금운용평가결과/01_목차_2013년도 기금운용평가보고서(사업운영).pdf,6924225,d84076af3cfa87c05e7280380ef7f278b360d3a589b33b7c255999ce0a149ef7,downloaded,
514,기금운용평가결과,37,24776,FSL1004,2013년도 기금운용평가결과,2014-05-30,기획재정부,https://www.openfiscaldata.go.kr/op/ko/fd/UOPKOFDA02?pageIndex=1&pageSize=8&ofdBrdId=FSL1004&ofdBrdiSeq=24776&ofdBrdiDtsClsCd=514,목차,2013년도 기금운용평가보고서(자산운용),2013년 기금운용평가보고서(자산운용).pdf,FI000000002477621689,2,원문 없음: 표지를 제외한 제공 파일 다운로드,files/10_514_기금운용평가결과/2014-05-30_24776_2013년도 기금운용평가결과/02_목차_2013년도 기금운용평가보고서(자산운용).pdf,3772858,94f066564439a3922386dd3c6c74e735250af4135874ad5966532fd570548233,downloaded,
514,기금운용평가결과,37,24775,FSL1004,2012년도 기금운용평가결과,2013-05-31,기획재정부,https://www.openfiscaldata.go.kr/op/ko/fd/UOPKOFDA02?pageIndex=1&pageSize=8&ofdBrdId=FSL1004&ofdBrdiSeq=24775&ofdBrdiDtsClsCd=514,목차,2012년도 기금운용평가보고서(자산운용),2012년 기금운용평가보고서(자산운용).pdf,FI000000002477521688,1,원문 없음: 표지를 제외한 제공 파일 다운로드,files/10_514_기금운용평가결과/2013-05-31_24775_2012년도 기금운용평가결과/01_목차_2012년도 기금운용평가보고서(자산운용).pdf,134561628,a9a66a509c4ba827b0f5188a4b2dc974c440128dc41ba097ef18ea735df6c388,downloaded,
514,기금운용평가결과,37,24775,FSL1004,2012년도 기금운용평가결과,2013-05-31,기획재정부,https://www.openfiscaldata.go.kr/op/ko/fd/UOPKOFDA02?pageIndex=1&pageSize=8&ofdBrdId=FSL1004&ofdBrdiSeq=24775&ofdBrdiDtsClsCd=514,목차,2012년도 기금운용평가보고서(사업운영),2012년도 기금운용평가보고서(사업운영).pdf,FI000000002477521688,2,원문 없음: 표지를 제외한 제공 파일 다운로드,files/10_514_기금운용평가결과/2013-05-31_24775_2012년도 기금운용평가결과/02_목차_2012년도 기금운용평가보고서(사업운영).pdf,12207315,46bc779edd4bf28334220aa61495a926b411fc015a9fdc22f93fef35e0faa8a3,downloaded,
514,기금운용평가결과,37,24774,FSL1004,2011년도 기금운용평가결과,2012-05-31,기획재정부,https://www.openfiscaldata.go.kr/op/ko/fd/UOPKOFDA02?pageIndex=1&pageSize=8&ofdBrdId=FSL1004&ofdBrdiSeq=24774&ofdBrdiDtsClsCd=514,목차,2011년도 기금운용평가보고서(사업운영),2011년 기금운용평가보고서(사업운용).pdf,FI000000002477421685,1,원문 없음: 표지를 제외한 제공 파일 다운로드,files/10_514_기금운용평가결과/2012-05-31_24774_2011년도 기금운용평가결과/01_목차_2011년도 기금운용평가보고서(사업운영).pdf,9494753,b41e10a63e971760d18e5348989676085cef3abe7084756c8a014470356c10f9,downloaded,
514,기금운용평가결과,37,24774,FSL1004,2011년도 기금운용평가결과,2012-05-31,기획재정부,https://www.openfiscaldata.go.kr/op/ko/fd/UOPKOFDA02?pageIndex=1&pageSize=8&ofdBrdId=FSL1004&ofdBrdiSeq=24774&ofdBrdiDtsClsCd=514,목차,2011년도 기금운용평가보고서(자산운용),2011년 기금운용평가보고서(자산운용).pdf,FI000000002477421685,2,원문 없음: 표지를 제외한 제공 파일 다운로드,files/10_514_기금운용평가결과/2012-05-31_24774_2011년도 기금운용평가결과/02_목차_2011년도 기금운용평가보고서(자산운용).pdf,5715222,b35fbaa8079e6c5d7f3cd67d54bb691c31a9caeef5b5d1bea453c65858d9e282,downloaded,
514,기금운용평가결과,37,24773,FSL1004,2010년도 기금운용평가결과,2011-05-30,기획재정부,https://www.openfiscaldata.go.kr/op/ko/fd/UOPKOFDA02?pageIndex=1&pageSize=8&ofdBrdId=FSL1004&ofdBrdiSeq=24773&ofdBrdiDtsClsCd=514,목차,2010년도 기금운용평가보고서(사업운영),2010년 기금운용평가보고서(사업운용).pdf,FI000000002477321683,1,원문 없음: 표지를 제외한 제공 파일 다운로드,files/10_514_기금운용평가결과/2011-05-30_24773_2010년도 기금운용평가결과/01_목차_2010년도 기금운용평가보고서(사업운영).pdf,9079318,1e61703b2d9e0fa576b3a559d390ff6c8d5766e9a298538d2d8b8b7bea5f59f3,downloaded,
514,기금운용평가결과,37,24773,FSL1004,2010년도 기금운용평가결과,2011-05-30,기획재정부,https://www.openfiscaldata.go.kr/op/ko/fd/UOPKOFDA02?pageIndex=1&pageSize=8&ofdBrdId=FSL1004&ofdBrdiSeq=24773&ofdBrdiDtsClsCd=514,목차,2010년도 기금운용평가보고서(자산운용),2010년 기금운용평가보고서(자산운용).pdf,FI000000002477321683,2,원문 없음: 표지를 제외한 제공 파일 다운로드,files/10_514_기금운용평가결과/2011-05-30_24773_2010년도 기금운용평가결과/02_목차_2010년도 기금운용평가보고서(자산운용).pdf,5869936,a2d22c8e58da4b00c011bac144ec21a74485206938ad04cf5ab95c32a365c510,downloaded,
514,기금운용평가결과,37,24772,FSL1004,2009년도 기금운용평가결과,2010-05-28,기획재정부,https://www.openfiscaldata.go.kr/op/ko/fd/UOPKOFDA02?pageIndex=1&pageSize=8&ofdBrdId=FSL1004&ofdBrdiSeq=24772&ofdBrdiDtsClsCd=514,목차,2009년도 기금운용평가보고서(사업운영),2009년 기금운용평가보고서(사업운용).pdf,FI000000002477221681,1,원문 없음: 표지를 제외한 제공 파일 다운로드,files/10_514_기금운용평가결과/2010-05-28_24772_2009년도 기금운용평가결과/01_목차_2009년도 기금운용평가보고서(사업운영).pdf,11980257,c3f6b2cf314c07fcc0710131d51816dff0d62371430a8005336cf91efe9941bd,downloaded,
514,기금운용평가결과,37,24772,FSL1004,2009년도 기금운용평가결과,2010-05-28,기획재정부,https://www.openfiscaldata.go.kr/op/ko/fd/UOPKOFDA02?pageIndex=1&pageSize=8&ofdBrdId=FSL1004&ofdBrdiSeq=24772&ofdBrdiDtsClsCd=514,목차,2009년도 기금운용평가보고서(자산운용),2009년 기금운용평가보고서(자산운용).pdf,FI000000002477221681,2,원문 없음: 표지를 제외한 제공 파일 다운로드,files/10_514_기금운용평가결과/2010-05-28_24772_2009년도 기금운용평가결과/02_목차_2009년도 기금운용평가보고서(자산운용).pdf,5534516,f8a1da548c6a6f25024c92fbd4d60b397bd2e5bcfa04d67be766a2702842754b,downloaded,
514,기금운용평가결과,37,24771,FSL1004,2008년도 기금운용평가결과,2009-05-28,기획재정부,https://www.openfiscaldata.go.kr/op/ko/fd/UOPKOFDA02?pageIndex=1&pageSize=8&ofdBrdId=FSL1004&ofdBrdiSeq=24771&ofdBrdiDtsClsCd=514,목차,2008년도 기금운용평가보고서(사업운영),2008년 기금운용평가보고서(사업운영부문).pdf,FI000000002477121679,1,원문 없음: 표지를 제외한 제공 파일 다운로드,files/10_514_기금운용평가결과/2009-05-28_24771_2008년도 기금운용평가결과/01_목차_2008년도 기금운용평가보고서(사업운영).pdf,6508930,93985767dee26438cb41563ab3d0887b4552f0b8ff7d3990a4ce1ee76a4b1b09,downloaded,
514,기금운용평가결과,37,24771,FSL1004,2008년도 기금운용평가결과,2009-05-28,기획재정부,https://www.openfiscaldata.go.kr/op/ko/fd/UOPKOFDA02?pageIndex=1&pageSize=8&ofdBrdId=FSL1004&ofdBrdiSeq=24771&ofdBrdiDtsClsCd=514,목차,2008년도 기금운용평가보고서(자산운용),2008년 기금운용평가보고서(자산운용부문).pdf,FI000000002477121679,2,원문 없음: 표지를 제외한 제공 파일 다운로드,files/10_514_기금운용평가결과/2009-05-28_24771_2008년도 기금운용평가결과/02_목차_2008년도 기금운용평가보고서(자산운용).pdf,5519363,5293b4c4ee0663f81988feaab0768e90444e13b52b9172d58f3391401eabec8d,downloaded,
514,기금운용평가결과,37,24770,FSL1004,2007년도 기금운용평가결과,2008-05-30,기획재정부,https://www.openfiscaldata.go.kr/op/ko/fd/UOPKOFDA02?pageIndex=1&pageSize=8&ofdBrdId=FSL1004&ofdBrdiSeq=24770&ofdBrdiDtsClsCd=514,목차,2007년도 기금운용평가보고서,2007년 기금운용평가보고서.pdf,FI000000002477021678,1,원문 없음: 표지를 제외한 제공 파일 다운로드,files/10_514_기금운용평가결과/2008-05-30_24770_2007년도 기금운용평가결과.pdf,8446814,682540c03bfc466f5db5a9ad783ffd3bd3237e332075934eab1e14ccbbe87568,downloaded,
514,기금운용평가결과,37,24769,FSL1004,2006년도 기금운용평가결과,2007-05-31,기획재정부,https://www.openfiscaldata.go.kr/op/ko/fd/UOPKOFDA02?pageIndex=1&pageSize=8&ofdBrdId=FSL1004&ofdBrdiSeq=24769&ofdBrdiDtsClsCd=514,목차,2006년도 기금운용평가보고서(사업운영),2006년 기금운용평가보고서(사업).pdf,FI000000002476921676,1,원문 없음: 표지를 제외한 제공 파일 다운로드,files/10_514_기금운용평가결과/2007-05-31_24769_2006년도 기금운용평가결과/01_목차_2006년도 기금운용평가보고서(사업운영).pdf,3194601,19fa601c657f81a8da2650d69d9707ee1d83eb0d4e072745e00fa2d9ee85a6a0,downloaded,
514,기금운용평가결과,37,24769,FSL1004,2006년도 기금운용평가결과,2007-05-31,기획재정부,https://www.openfiscaldata.go.kr/op/ko/fd/UOPKOFDA02?pageIndex=1&pageSize=8&ofdBrdId=FSL1004&ofdBrdiSeq=24769&ofdBrdiDtsClsCd=514,목차,2006년도 기금운용평가보고서(자산운용),2006년 기금운용평가보고서(자산).pdf,FI000000002476921676,2,원문 없음: 표지를 제외한 제공 파일 다운로드,files/10_514_기금운용평가결과/2007-05-31_24769_2006년도 기금운용평가결과/02_목차_2006년도 기금운용평가보고서(자산운용).pdf,1356146,89ce70a69241817660481b1df8c4091400e46da95a135afe50d1668715dba411,downloaded,
514,기금운용평가결과,37,24768,FSL1004,2005년도 기금운용평가결과,2006-06-29,기획재정부,https://www.openfiscaldata.go.kr/op/ko/fd/UOPKOFDA02?pageIndex=1&pageSize=8&ofdBrdId=FSL1004&ofdBrdiSeq=24768&ofdBrdiDtsClsCd=514,목차,2005년도 기금운용평가보고서,2005년 기금운용평가보고서.pdf,FI000000002476821675,1,원문 없음: 표지를 제외한 제공 파일 다운로드,files/10_514_기금운용평가결과/2006-06-29_24768_2005년도 기금운용평가결과.pdf,8943637,355cee46997916c5a4c8f4015b8ad1ed41479aac8074164c04f1026872278f7c,downloaded,
514,기금운용평가결과,37,24767,FSL1004,2004년도 기금운용평가결과,2005-07-29,기획재정부,https://www.openfiscaldata.go.kr/op/ko/fd/UOPKOFDA02?pageIndex=1&pageSize=8&ofdBrdId=FSL1004&ofdBrdiSeq=24767&ofdBrdiDtsClsCd=514,목차,2004년도 기금운용평가보고서,2004년 기금운용평가보고서.pdf,FI000000002476721674,1,원문 없음: 표지를 제외한 제공 파일 다운로드,files/10_514_기금운용평가결과/2005-07-29_24767_2004년도 기금운용평가결과.pdf,8084869,5ad4cab4559962df0cbbcd9c3630d51bb1d857f3ca21ace258154656ca746305,downloaded,
514,기금운용평가결과,37,24766,FSL1004,2001년도 기금운용평가결과,2002-08-20,기획재정부,https://www.openfiscaldata.go.kr/op/ko/fd/UOPKOFDA02?pageIndex=1&pageSize=8&ofdBrdId=FSL1004&ofdBrdiSeq=24766&ofdBrdiDtsClsCd=514,목차,2001년도 기금운용평가보고서,2001년 기금운용평가보고서.pdf,FI000000002476621673,1,원문 없음: 표지를 제외한 제공 파일 다운로드,files/10_514_기금운용평가결과/2002-08-20_24766_2001년도 기금운용평가결과.pdf,4683061,d38e0b3ab58e7535b38596626d4345e332ee6301cd2c08670bf45c94f10b835c,downloaded,
514,기금운용평가결과,37,24765,FSL1004,2000년도 기금운용평가결과,2001-08-21,기획재정부,https://www.openfiscaldata.go.kr/op/ko/fd/UOPKOFDA02?pageIndex=1&pageSize=8&ofdBrdId=FSL1004&ofdBrdiSeq=24765&ofdBrdiDtsClsCd=514,목차,2000년도 기금운용평가보고서,2000년 기금운용평가결과.hwp,FI000000002476521672,1,원문 없음: 표지를 제외한 제공 파일 다운로드,files/10_514_기금운용평가결과/2001-08-21_24765_2000년도 기금운용평가결과.hwp,73077,d2cdc843825f5ad7cf8f09de3fca17afda71e664ade20284d3b409f595448157,downloaded,
514,기금운용평가결과,37,24764,FSL1004,1999년도 기금운용평가결과,2000-09-02,기획재정부,https://www.openfiscaldata.go.kr/op/ko/fd/UOPKOFDA02?pageIndex=1&pageSize=8&ofdBrdId=FSL1004&ofdBrdiSeq=24764&ofdBrdiDtsClsCd=514,목차,1999년도 기금운용평가보고서,1999년 기금운용평가결과.hwp,FI000000002476421671,1,원문 없음: 표지를 제외한 제공 파일 다운로드,files/10_514_기금운용평가결과/2000-09-02_24764_1999년도 기금운용평가결과.hwp,92289,cc91a1a18b6ed16cad35d9f8df8fba2ced17ce1a2a187798db1fbf24b56bbb9d,downloaded,
515,재정사업자율평가,38,51687,FSL1004,2024년도 소관별 재정사업 자율평가 보고서,2025-08-01,기획재정부,https://www.openfiscaldata.go.kr/op/ko/fd/UOPKOFDA02?pageIndex=1&pageSize=8&ofdBrdId=FSL1004&ofdBrdiSeq=51687&ofdBrdiDtsClsCd=515,목차,(개인정보보호위원회) 2024회계연도 재정사업 자율평가 결과,(개인정보보호위원회) 2024회계연도 재정사업 자율평가 결과.pdf,F0000000000000004530,1,원문 없음: 표지를 제외한 제공 파일 다운로드,files/11_515_재정사업자율평가/2025-08-01_51687_2024년도 소관별 재정사업 자율평가 보고서/01_목차_(개인정보보호위원회) 2024회계연도 재정사업 자율평가 결과.pdf,310411,8ebd6bd9c5509680d98bbd582234dec7d9b81b68be829dec10b215395c801a43,downloaded,
515,재정사업자율평가,38,51687,FSL1004,2024년도 소관별 재정사업 자율평가 보고서,2025-08-01,기획재정부,https://www.openfiscaldata.go.kr/op/ko/fd/UOPKOFDA02?pageIndex=1&pageSize=8&ofdBrdId=FSL1004&ofdBrdiSeq=51687&ofdBrdiDtsClsCd=515,목차,(경찰청) 2024회계연도 재정사업 자율평가 결과,(경찰청) 2024회계연도 재정사업 자율평가 결과.pdf,F0000000000000004530,2,원문 없음: 표지를 제외한 제공 파일 다운로드,files/11_515_재정사업자율평가/2025-08-01_51687_2024년도 소관별 재정사업 자율평가 보고서/02_목차_(경찰청) 2024회계연도 재정사업 자율평가 결과.pdf,4026532,a9f67461623cfdb2249e653ed80ef95d944c4bbc7f07ba6a436cea4b6cedc87d,downloaded,
515,재정사업자율평가,38,51687,FSL1004,2024년도 소관별 재정사업 자율평가 보고서,2025-08-01,기획재정부,https://www.openfiscaldata.go.kr/op/ko/fd/UOPKOFDA02?pageIndex=1&pageSize=8&ofdBrdId=FSL1004&ofdBrdiSeq=51687&ofdBrdiDtsClsCd=515,목차,(고용노동부) 2024회계연도 재정사업자율평가 결과,(고용노동부) 2024회계연도 재정사업자율평가 결과.pdf,F0000000000000004530,3,원문 없음: 표지를 제외한 제공 파일 다운로드,files/11_515_재정사업자율평가/2025-08-01_51687_2024년도 소관별 재정사업 자율평가 보고서/03_목차_(고용노동부) 2024회계연도 재정사업자율평가 결과.pdf,794314,312301ef20ff7c6d45ea3b49361441a2e91df78f8d1cbd8cd350fe3289bfcc4d,downloaded,
515,재정사업자율평가,38,51687,FSL1004,2024년도 소관별 재정사업 자율평가 보고서,2025-08-01,기획재정부,https://www.openfiscaldata.go.kr/op/ko/fd/UOPKOFDA02?pageIndex=1&pageSize=8&ofdBrdId=FSL1004&ofdBrdiSeq=51687&ofdBrdiDtsClsCd=515,목차,(고위공직자범죄수사처) 2024회계연도 재정사업 자율평가 결과,(고위공직자범죄수사처) 2024회계연도 재정사업 자율평가 결과.pdf,F0000000000000004530,4,원문 없음: 표지를 제외한 제공 파일 다운로드,files/11_515_재정사업자율평가/2025-08-01_51687_2024년도 소관별 재정사업 자율평가 보고서/04_목차_(고위공직자범죄수사처) 2024회계연도 재정사업 자율평가 결과.pdf,120777,f9e38fe2f1899f30dd81e027f1226e4d1394da5190711f3038fc5d44c8dec313,downloaded,
515,재정사업자율평가,38,51687,FSL1004,2024년도 소관별 재정사업 자율평가 보고서,2025-08-01,기획재정부,https://www.openfiscaldata.go.kr/op/ko/fd/UOPKOFDA02?pageIndex=1&pageSize=8&ofdBrdId=FSL1004&ofdBrdiSeq=51687&ofdBrdiDtsClsCd=515,목차,(공정거래위원회) 2024회계연도 재정사업 자율평가 결과,(공정거래위원회) 2024회계연도 재정사업 자율평가 결과.pdf,F0000000000000004530,5,원문 없음: 표지를 제외한 제공 파일 다운로드,files/11_515_재정사업자율평가/2025-08-01_51687_2024년도 소관별 재정사업 자율평가 보고서/05_목차_(공정거래위원회) 2024회계연도 재정사업 자율평가 결과.pdf,234447,1ee4c4b5d0c60534f033a10ff24453c4b40c3c8d812f3b60cf3358ee08f017e7,downloaded,
515,재정사업자율평가,38,51687,FSL1004,2024년도 소관별 재정사업 자율평가 보고서,2025-08-01,기획재정부,https://www.openfiscaldata.go.kr/op/ko/fd/UOPKOFDA02?pageIndex=1&pageSize=8&ofdBrdId=FSL1004&ofdBrdiSeq=51687&ofdBrdiDtsClsCd=515,목차,(과학기술정보통신부) 2024회계연도 재정사업 자율평가 결과_수정,(과학기술정보통신부) 2024회계연도 재정사업 자율평가 결과_수정.pdf,F0000000000000004530,6,원문 없음: 표지를 제외한 제공 파일 다운로드,files/11_515_재정사업자율평가/2025-08-01_51687_2024년도 소관별 재정사업 자율평가 보고서/06_목차_(과학기술정보통신부) 2024회계연도 재정사업 자율평가 결과_수정.pdf,1286044,917c5b8f8476f2f97db6675772f6f221a7232d8240d6790e6b31d357123405b4,downloaded,
515,재정사업자율평가,38,51687,FSL1004,2024년도 소관별 재정사업 자율평가 보고서,2025-08-01,기획재정부,https://www.openfiscaldata.go.kr/op/ko/fd/UOPKOFDA02?pageIndex=1&pageSize=8&ofdBrdId=FSL1004&ofdBrdiSeq=51687&ofdBrdiDtsClsCd=515,목차,(관세청) 2024회계연도 재정사업 자율평가 결과,(관세청) 2024회계연도 재정사업 자율평가 결과.pdf,F0000000000000004530,7,원문 없음: 표지를 제외한 제공 파일 다운로드,files/11_515_재정사업자율평가/2025-08-01_51687_2024년도 소관별 재정사업 자율평가 보고서/07_목차_(관세청) 2024회계연도 재정사업 자율평가 결과.pdf,354305,9b8d7576946ee59449bd8301a715b309c50b7a8b64e7eae1f7be4b9312c37454,downloaded,
515,재정사업자율평가,38,51687,FSL1004,2024년도 소관별 재정사업 자율평가 보고서,2025-08-01,기획재정부,https://www.openfiscaldata.go.kr/op/ko/fd/UOPKOFDA02?pageIndex=1&pageSize=8&ofdBrdId=FSL1004&ofdBrdiSeq=51687&ofdBrdiDtsClsCd=515,목차,(교육부) 2024회계연도 재정사업 자율평가 결과_수정,(교육부) 2024회계연도 재정사업 자율평가 결과_수정.pdf,F0000000000000004530,8,원문 없음: 표지를 제외한 제공 파일 다운로드,files/11_515_재정사업자율평가/2025-08-01_51687_2024년도 소관별 재정사업 자율평가 보고서/08_목차_(교육부) 2024회계연도 재정사업 자율평가 결과_수정.pdf,884442,e550e88fc57840d249fd68480e8936569a2b4048320ff58b33e06b344deb33a4,downloaded,
515,재정사업자율평가,38,51687,FSL1004,2024년도 소관별 재정사업 자율평가 보고서,2025-08-01,기획재정부,https://www.openfiscaldata.go.kr/op/ko/fd/UOPKOFDA02?pageIndex=1&pageSize=8&ofdBrdId=FSL1004&ofdBrdiSeq=51687&ofdBrdiDtsClsCd=515,목차,(국가교육위원회) 2024회계연도 재정사업 자율평가 결과,(국가교육위원회) 2024회계연도 재정사업 자율평가 결과.pdf,F0000000000000004530,9,원문 없음: 표지를 제외한 제공 파일 다운로드,files/11_515_재정사업자율평가/2025-08-01_51687_2024년도 소관별 재정사업 자율평가 보고서/09_목차_(국가교육위원회) 2024회계연도 재정사업 자율평가 결과.pdf,174449,3016ad794db9181844b8a2e92e1b56b65cd938499644530f9f1cf7009b1adf7e,downloaded,
515,재정사업자율평가,38,51687,FSL1004,2024년도 소관별 재정사업 자율평가 보고서,2025-08-01,기획재정부,https://www.openfiscaldata.go.kr/op/ko/fd/UOPKOFDA02?pageIndex=1&pageSize=8&ofdBrdId=FSL1004&ofdBrdiSeq=51687&ofdBrdiDtsClsCd=515,목차,(국가보훈부) 2024회계연도 재정사업 자율평가 결과,(국가보훈부) 2024회계연도 재정사업 자율평가 결과.pdf,F0000000000000004530,10,원문 없음: 표지를 제외한 제공 파일 다운로드,files/11_515_재정사업자율평가/2025-08-01_51687_2024년도 소관별 재정사업 자율평가 보고서/10_목차_(국가보훈부) 2024회계연도 재정사업 자율평가 결과.pdf,299793,f63e0d0f3199f25dba74a7697ee2c9848b2dea0f50466aec232d4df13445c4dd,downloaded,
515,재정사업자율평가,38,51687,FSL1004,2024년도 소관별 재정사업 자율평가 보고서,2025-08-01,기획재정부,https://www.openfiscaldata.go.kr/op/ko/fd/UOPKOFDA02?pageIndex=1&pageSize=8&ofdBrdId=FSL1004&ofdBrdiSeq=51687&ofdBrdiDtsClsCd=515,목차,(국가유산청)2024회계연도 재정사업 자율평가 결과,(국가유산청)2024회계연도 재정사업 자율평가 결과.pdf,F0000000000000004530,11,원문 없음: 표지를 제외한 제공 파일 다운로드,files/11_515_재정사업자율평가/2025-08-01_51687_2024년도 소관별 재정사업 자율평가 보고서/11_목차_(국가유산청)2024회계연도 재정사업 자율평가 결과.pdf,375010,bca3d37be56034a895280f5f47b98db426f8f6c28e02a3a4b4f11d32e3a46e55,downloaded,
515,재정사업자율평가,38,51687,FSL1004,2024년도 소관별 재정사업 자율평가 보고서,2025-08-01,기획재정부,https://www.openfiscaldata.go.kr/op/ko/fd/UOPKOFDA02?pageIndex=1&pageSize=8&ofdBrdId=FSL1004&ofdBrdiSeq=51687&ofdBrdiDtsClsCd=515,목차,(국무조정실 및 국무총리비서실) 2024회계연도 재정사업 자율평가 결과,(국무조정실 및 국무총리비서실) 2024회계연도 재정사업 자율평가 결과.pdf,F0000000000000004530,12,원문 없음: 표지를 제외한 제공 파일 다운로드,files/11_515_재정사업자율평가/2025-08-01_51687_2024년도 소관별 재정사업 자율평가 보고서/12_목차_(국무조정실 및 국무총리비서실) 2024회계연도 재정사업 자율평가 결과.pdf,316642,dd557d5f9acdd962dd742ded9bd41e17f6563b7212404aa970a78d9710c6bef6,downloaded,
515,재정사업자율평가,38,51687,FSL1004,2024년도 소관별 재정사업 자율평가 보고서,2025-08-01,기획재정부,https://www.openfiscaldata.go.kr/op/ko/fd/UOPKOFDA02?pageIndex=1&pageSize=8&ofdBrdId=FSL1004&ofdBrdiSeq=51687&ofdBrdiDtsClsCd=515,목차,(국민권익위원회) 2024회계연도 재정사업 자율평가 결과,(국민권익위원회) 2024회계연도 재정사업 자율평가 결과.pdf,F0000000000000004530,13,원문 없음: 표지를 제외한 제공 파일 다운로드,files/11_515_재정사업자율평가/2025-08-01_51687_2024년도 소관별 재정사업 자율평가 보고서/13_목차_(국민권익위원회) 2024회계연도 재정사업 자율평가 결과.pdf,265045,81b3eb851e68b301788c44115e7f7361d20f0dcf6f92b5f340dec022b64f5383,downloaded,
515,재정사업자율평가,38,51687,FSL1004,2024년도 소관별 재정사업 자율평가 보고서,2025-08-01,기획재정부,https://www.openfiscaldata.go.kr/op/ko/fd/UOPKOFDA02?pageIndex=1&pageSize=8&ofdBrdId=FSL1004&ofdBrdiSeq=51687&ofdBrdiDtsClsCd=515,목차,(국방부) 2024회계연도 재정사업 자율평가 결과,(국방부) 2024회계연도 재정사업 자율평가 결과.pdf,F0000000000000004530,14,원문 없음: 표지를 제외한 제공 파일 다운로드,files/11_515_재정사업자율평가/2025-08-01_51687_2024년도 소관별 재정사업 자율평가 보고서/14_목차_(국방부) 2024회계연도 재정사업 자율평가 결과.pdf,827425,9a3aead546c9cf38d4fcc162ae7c6c891c5d6ea94fe5f6a3323c83e11763d27d,downloaded,
515,재정사업자율평가,38,51687,FSL1004,2024년도 소관별 재정사업 자율평가 보고서,2025-08-01,기획재정부,https://www.openfiscaldata.go.kr/op/ko/fd/UOPKOFDA02?pageIndex=1&pageSize=8&ofdBrdId=FSL1004&ofdBrdiSeq=51687&ofdBrdiDtsClsCd=515,목차,(국세청) 2024회계연도 재정사업 자율평가 결과_수정,(국세청) 2024회계연도 재정사업 자율평가 결과_수정.pdf,F0000000000000004530,15,원문 없음: 표지를 제외한 제공 파일 다운로드,files/11_515_재정사업자율평가/2025-08-01_51687_2024년도 소관별 재정사업 자율평가 보고서/15_목차_(국세청) 2024회계연도 재정사업 자율평가 결과_수정.pdf,453036,c29bfbf56d4e9ac9ebfcb0797d83f10e5d4c889ab71f0b977b7758a209d6698f,downloaded,
515,재정사업자율평가,38,51687,FSL1004,2024년도 소관별 재정사업 자율평가 보고서,2025-08-01,기획재정부,https://www.openfiscaldata.go.kr/op/ko/fd/UOPKOFDA02?pageIndex=1&pageSize=8&ofdBrdId=FSL1004&ofdBrdiSeq=51687&ofdBrdiDtsClsCd=515,목차,(국토교통부) 2024회계연도 재정사업 자율평가 결과_수정,(국토교통부) 2024회계연도 재정사업 자율평가 결과_수정.pdf,F0000000000000004530,16,원문 없음: 표지를 제외한 제공 파일 다운로드,files/11_515_재정사업자율평가/2025-08-01_51687_2024년도 소관별 재정사업 자율평가 보고서/16_목차_(국토교통부) 2024회계연도 재정사업 자율평가 결과_수정.pdf,796127,92ce919d913babc3ab14ba79978a97f898c46a986cddd1f763c70a2b67d7bf30,downloaded,
515,재정사업자율평가,38,51687,FSL1004,2024년도 소관별 재정사업 자율평가 보고서,2025-08-01,기획재정부,https://www.openfiscaldata.go.kr/op/ko/fd/UOPKOFDA02?pageIndex=1&pageSize=8&ofdBrdId=FSL1004&ofdBrdiSeq=51687&ofdBrdiDtsClsCd=515,목차,(국회) 2024회계연도 재정사업 자율평가_수정,(국회) 2024회계연도 재정사업 자율평가_수정.pdf,F0000000000000004530,17,원문 없음: 표지를 제외한 제공 파일 다운로드,files/11_515_재정사업자율평가/2025-08-01_51687_2024년도 소관별 재정사업 자율평가 보고서/17_목차_(국회) 2024회계연도 재정사업 자율평가_수정.pdf,473588,6cca1e47b6774648bd46d0572a1d27b6c69db5e9c41ee1a2d51658a1c04a06b6,downloaded,
515,재정사업자율평가,38,51687,FSL1004,2024년도 소관별 재정사업 자율평가 보고서,2025-08-01,기획재정부,https://www.openfiscaldata.go.kr/op/ko/fd/UOPKOFDA02?pageIndex=1&pageSize=8&ofdBrdId=FSL1004&ofdBrdiSeq=51687&ofdBrdiDtsClsCd=515,목차,(금융위원회) 2024회계연도 재정사업 자율평가 결과_수정,(금융위원회) 2024회계연도 재정사업 자율평가 결과_수정.pdf,F0000000000000004530,18,원문 없음: 표지를 제외한 제공 파일 다운로드,files/11_515_재정사업자율평가/2025-08-01_51687_2024년도 소관별 재정사업 자율평가 보고서/18_목차_(금융위원회) 2024회계연도 재정사업 자율평가 결과_수정.pdf,585564,26f74a95d8d164682c60cb789a87607dc35734a8c6c51b5edc31758da9686b0e,downloaded,
515,재정사업자율평가,38,51687,FSL1004,2024년도 소관별 재정사업 자율평가 보고서,2025-08-01,기획재정부,https://www.openfiscaldata.go.kr/op/ko/fd/UOPKOFDA02?pageIndex=1&pageSize=8&ofdBrdId=FSL1004&ofdBrdiSeq=51687&ofdBrdiDtsClsCd=515,목차,(기상청) 2024회계연도 재정사업 자율평가 결과,(기상청) 2024회계연도 재정사업 자율평가 결과.pdf,F0000000000000004530,19,원문 없음: 표지를 제외한 제공 파일 다운로드,files/11_515_재정사업자율평가/2025-08-01_51687_2024년도 소관별 재정사업 자율평가 보고서/19_목차_(기상청) 2024회계연도 재정사업 자율평가 결과.pdf,251599,574c2e4dadc0ba1c4213634ff8daa73ab0d325f828b8602dd8ea7679f9af29d3,downloaded,
515,재정사업자율평가,38,51687,FSL1004,2024년도 소관별 재정사업 자율평가 보고서,2025-08-01,기획재정부,https://www.openfiscaldata.go.kr/op/ko/fd/UOPKOFDA02?pageIndex=1&pageSize=8&ofdBrdId=FSL1004&ofdBrdiSeq=51687&ofdBrdiDtsClsCd=515,목차,(기획재정부) 2024회계연도 자율평가 결과보고서_수정,(기획재정부) 2024회계연도 자율평가 결과보고서_수정.pdf,F0000000000000004530,20,원문 없음: 표지를 제외한 제공 파일 다운로드,files/11_515_재정사업자율평가/2025-08-01_51687_2024년도 소관별 재정사업 자율평가 보고서/20_목차_(기획재정부) 2024회계연도 자율평가 결과보고서_수정.pdf,507864,f1eaf90ec3136965f7f21ed4e05e954c160233af3ed89ea40c381911c1363ee1,downloaded,
515,재정사업자율평가,38,51687,FSL1004,2024년도 소관별 재정사업 자율평가 보고서,2025-08-01,기획재정부,https://www.openfiscaldata.go.kr/op/ko/fd/UOPKOFDA02?pageIndex=1&pageSize=8&ofdBrdId=FSL1004&ofdBrdiSeq=51687&ofdBrdiDtsClsCd=515,목차,(농림축산식품부) 2024회계연도 재정사업 자율평가 결과_수정,(농림축산식품부) 2024회계연도 재정사업 자율평가 결과_수정.pdf,F0000000000000004530,21,원문 없음: 표지를 제외한 제공 파일 다운로드,files/11_515_재정사업자율평가/2025-08-01_51687_2024년도 소관별 재정사업 자율평가 보고서/21_목차_(농림축산식품부) 2024회계연도 재정사업 자율평가 결과_수정.pdf,1166635,8253707279f1ebe3f3180d691f573842132961047913562b7fa11c0dbdd199c8,downloaded,
515,재정사업자율평가,38,51687,FSL1004,2024년도 소관별 재정사업 자율평가 보고서,2025-08-01,기획재정부,https://www.openfiscaldata.go.kr/op/ko/fd/UOPKOFDA02?pageIndex=1&pageSize=8&ofdBrdId=FSL1004&ofdBrdiSeq=51687&ofdBrdiDtsClsCd=515,목차,(농촌진흥청) 2024회계연도 재정사업 자율평가 결과,(농촌진흥청) 2024회계연도 재정사업 자율평가 결과.pdf,F0000000000000004530,22,원문 없음: 표지를 제외한 제공 파일 다운로드,files/11_515_재정사업자율평가/2025-08-01_51687_2024년도 소관별 재정사업 자율평가 보고서/22_목차_(농촌진흥청) 2024회계연도 재정사업 자율평가 결과.pdf,279787,5a3cba9873e763f3af3ff73ecadb8a63baf22847fe22a29cb1254ef0da32b725,downloaded,
515,재정사업자율평가,38,51687,FSL1004,2024년도 소관별 재정사업 자율평가 보고서,2025-08-01,기획재정부,https://www.openfiscaldata.go.kr/op/ko/fd/UOPKOFDA02?pageIndex=1&pageSize=8&ofdBrdId=FSL1004&ofdBrdiSeq=51687&ofdBrdiDtsClsCd=515,목차,(대법원) 2024회계연도 재정사업 자율평가 결과,(대법원) 2024회계연도 재정사업 자율평가 결과.pdf,F0000000000000004530,23,원문 없음: 표지를 제외한 제공 파일 다운로드,files/11_515_재정사업자율평가/2025-08-01_51687_2024년도 소관별 재정사업 자율평가 보고서/23_목차_(대법원) 2024회계연도 재정사업 자율평가 결과.pdf,384733,c5d852f9e1f6665801d5d86239c5ef0790a24a564824b369db57a0ffd20b1832,downloaded,
515,재정사업자율평가,38,51687,FSL1004,2024년도 소관별 재정사업 자율평가 보고서,2025-08-01,기획재정부,https://www.openfiscaldata.go.kr/op/ko/fd/UOPKOFDA02?pageIndex=1&pageSize=8&ofdBrdId=FSL1004&ofdBrdiSeq=51687&ofdBrdiDtsClsCd=515,목차,(대통령경호처) 2024회계연도 재정사업 자율평가 결과,(대통령경호처) 2024회계연도 재정사업 자율평가 결과.pdf,F0000000000000004530,24,원문 없음: 표지를 제외한 제공 파일 다운로드,files/11_515_재정사업자율평가/2025-08-01_51687_2024년도 소관별 재정사업 자율평가 보고서/24_목차_(대통령경호처) 2024회계연도 재정사업 자율평가 결과.pdf,222498,50b08613ef8d82efc9cea95f94ef586648e1d644ba9db1fedc6490c404b6cf84,downloaded,
515,재정사업자율평가,38,51687,FSL1004,2024년도 소관별 재정사업 자율평가 보고서,2025-08-01,기획재정부,https://www.openfiscaldata.go.kr/op/ko/fd/UOPKOFDA02?pageIndex=1&pageSize=8&ofdBrdId=FSL1004&ofdBrdiSeq=51687&ofdBrdiDtsClsCd=515,목차,(대통령비서실 및 국가안보실) 2024회계연도 재정사업 자율평가 결과,(대통령비서실 및 국가안보실) 2024회계연도 재정사업 자율평가 결과.pdf,F0000000000000004530,25,원문 없음: 표지를 제외한 제공 파일 다운로드,files/11_515_재정사업자율평가/2025-08-01_51687_2024년도 소관별 재정사업 자율평가 보고서/25_목차_(대통령비서실 및 국가안보실) 2024회계연도 재정사업 자율평가 결과.pdf,150176,a88d38a8e7778586f9b7ce6bd8573d965e89af2917e7e04b356dcd391dd75a0d,downloaded,
515,재정사업자율평가,38,51687,FSL1004,2024년도 소관별 재정사업 자율평가 보고서,2025-08-01,기획재정부,https://www.openfiscaldata.go.kr/op/ko/fd/UOPKOFDA02?pageIndex=1&pageSize=8&ofdBrdId=FSL1004&ofdBrdiSeq=51687&ofdBrdiDtsClsCd=515,목차,(문화체육관광부) 2024회계연도 재정사업 자율평가 결과_수정,(문화체육관광부) 2024회계연도 재정사업 자율평가 결과_수정.pdf,F0000000000000004530,26,원문 없음: 표지를 제외한 제공 파일 다운로드,files/11_515_재정사업자율평가/2025-08-01_51687_2024년도 소관별 재정사업 자율평가 보고서/26_목차_(문화체육관광부) 2024회계연도 재정사업 자율평가 결과_수정.pdf,886697,da939d3d931eb3cedd39831ae54539a0e6b70fc75acaf6389b06682e79600c49,downloaded,
515,재정사업자율평가,38,51687,FSL1004,2024년도 소관별 재정사업 자율평가 보고서,2025-08-01,기획재정부,https://www.openfiscaldata.go.kr/op/ko/fd/UOPKOFDA02?pageIndex=1&pageSize=8&ofdBrdId=FSL1004&ofdBrdiSeq=51687&ofdBrdiDtsClsCd=515,목차,(민주평화통일자문회의) 2024회계연도 재정사업 자율평가 결과,(민주평화통일자문회의) 2024회계연도 재정사업 자율평가 결과.pdf,F0000000000000004530,27,원문 없음: 표지를 제외한 제공 파일 다운로드,files/11_515_재정사업자율평가/2025-08-01_51687_2024년도 소관별 재정사업 자율평가 보고서/27_목차_(민주평화통일자문회의) 2024회계연도 재정사업 자율평가 결과.pdf,81511,da7f04c18be68e52c19bef09c200bd24231fe486248733a0d91cf9bbcb5fc804,downloaded,
515,재정사업자율평가,38,51687,FSL1004,2024년도 소관별 재정사업 자율평가 보고서,2025-08-01,기획재정부,https://www.openfiscaldata.go.kr/op/ko/fd/UOPKOFDA02?pageIndex=1&pageSize=8&ofdBrdId=FSL1004&ofdBrdiSeq=51687&ofdBrdiDtsClsCd=515,목차,(방송통신위원회) 2024회계연도 재정사업 자율평가 결과,(방송통신위원회) 2024회계연도 재정사업 자율평가 결과.pdf,F0000000000000004530,28,원문 없음: 표지를 제외한 제공 파일 다운로드,files/11_515_재정사업자율평가/2025-08-01_51687_2024년도 소관별 재정사업 자율평가 보고서/28_목차_(방송통신위원회) 2024회계연도 재정사업 자율평가 결과.pdf,361833,d640684aad33eca7ff80f3dcc89fccf627d599f14f09247b5aa311ad54acb95a,downloaded,
515,재정사업자율평가,38,51687,FSL1004,2024년도 소관별 재정사업 자율평가 보고서,2025-08-01,기획재정부,https://www.openfiscaldata.go.kr/op/ko/fd/UOPKOFDA02?pageIndex=1&pageSize=8&ofdBrdId=FSL1004&ofdBrdiSeq=51687&ofdBrdiDtsClsCd=515,목차,(방위사업청) 2024회계연도 재정사업 자율평가 결과,(방위사업청) 2024회계연도 재정사업 자율평가 결과.pdf,F0000000000000004530,29,원문 없음: 표지를 제외한 제공 파일 다운로드,files/11_515_재정사업자율평가/2025-08-01_51687_2024년도 소관별 재정사업 자율평가 보고서/29_목차_(방위사업청) 2024회계연도 재정사업 자율평가 결과.pdf,307360,cd4b98da27512c9941082d3de624c65fba41ae3ecc8ca3e354673382964bc104,downloaded,
515,재정사업자율평가,38,51687,FSL1004,2024년도 소관별 재정사업 자율평가 보고서,2025-08-01,기획재정부,https://www.openfiscaldata.go.kr/op/ko/fd/UOPKOFDA02?pageIndex=1&pageSize=8&ofdBrdId=FSL1004&ofdBrdiSeq=51687&ofdBrdiDtsClsCd=515,목차,(법제처) 2024회계연도 재정사업 자율평가 결과,(법제처) 2024회계연도 재정사업 자율평가 결과.pdf,F0000000000000004530,31,원문 없음: 표지를 제외한 제공 파일 다운로드,files/11_515_재정사업자율평가/2025-08-01_51687_2024년도 소관별 재정사업 자율평가 보고서/30_목차_(법제처) 2024회계연도 재정사업 자율평가 결과.pdf,89689,c1bec5e7465ed7efca42e6b27adaf6d8f9c948907bd4092ded2c5c3beb4a401b,downloaded,
515,재정사업자율평가,38,51687,FSL1004,2024년도 소관별 재정사업 자율평가 보고서,2025-08-01,기획재정부,https://www.openfiscaldata.go.kr/op/ko/fd/UOPKOFDA02?pageIndex=1&pageSize=8&ofdBrdId=FSL1004&ofdBrdiSeq=51687&ofdBrdiDtsClsCd=515,목차,(병무청) 2024회계연도 재정사업 자율평가 결과,(병무청) 2024회계연도 재정사업 자율평가 결과.pdf,F0000000000000004530,32,원문 없음: 표지를 제외한 제공 파일 다운로드,files/11_515_재정사업자율평가/2025-08-01_51687_2024년도 소관별 재정사업 자율평가 보고서/31_목차_(병무청) 2024회계연도 재정사업 자율평가 결과.pdf,412242,0d7068ca54ca359ca87c317eae95cc370ebd09630e61636ff123d1f31a4d12ba,downloaded,
515,재정사업자율평가,38,51687,FSL1004,2024년도 소관별 재정사업 자율평가 보고서,2025-08-01,기획재정부,https://www.openfiscaldata.go.kr/op/ko/fd/UOPKOFDA02?pageIndex=1&pageSize=8&ofdBrdId=FSL1004&ofdBrdiSeq=51687&ofdBrdiDtsClsCd=515,목차,(보건복지부) 2024회계연도 재정사업자율평가 결과_수정,(보건복지부) 2024회계연도 재정사업자율평가 결과_수정.pdf,F0000000000000004530,33,원문 없음: 표지를 제외한 제공 파일 다운로드,files/11_515_재정사업자율평가/2025-08-01_51687_2024년도 소관별 재정사업 자율평가 보고서/32_목차_(보건복지부) 2024회계연도 재정사업자율평가 결과_수정.pdf,870002,38e98324f831975de8f2109f0d96a3e012a624ae22c0c69c35145460a6d2e18f,downloaded,
515,재정사업자율평가,38,51687,FSL1004,2024년도 소관별 재정사업 자율평가 보고서,2025-08-01,기획재정부,https://www.openfiscaldata.go.kr/op/ko/fd/UOPKOFDA02?pageIndex=1&pageSize=8&ofdBrdId=FSL1004&ofdBrdiSeq=51687&ofdBrdiDtsClsCd=515,목차,(산림청) 2024회계연도 재정사업 자율평가 결과,(산림청) 2024회계연도 재정사업 자율평가 결과.pdf,F0000000000000004530,34,원문 없음: 표지를 제외한 제공 파일 다운로드,files/11_515_재정사업자율평가/2025-08-01_51687_2024년도 소관별 재정사업 자율평가 보고서/33_목차_(산림청) 2024회계연도 재정사업 자율평가 결과.pdf,407651,c33ef7ee41d2ef0f0b594a7ab451a5527c7cf9bbeaada8a14373eb9e9db1f25c,downloaded,
515,재정사업자율평가,38,51687,FSL1004,2024년도 소관별 재정사업 자율평가 보고서,2025-08-01,기획재정부,https://www.openfiscaldata.go.kr/op/ko/fd/UOPKOFDA02?pageIndex=1&pageSize=8&ofdBrdId=FSL1004&ofdBrdiSeq=51687&ofdBrdiDtsClsCd=515,목차,(산업통상자원부) 2024회계연도 재정사업 자율평가 결과_수정,(산업통상자원부) 2024회계연도 재정사업 자율평가 결과_수정.pdf,F0000000000000004530,35,원문 없음: 표지를 제외한 제공 파일 다운로드,files/11_515_재정사업자율평가/2025-08-01_51687_2024년도 소관별 재정사업 자율평가 보고서/34_목차_(산업통상자원부) 2024회계연도 재정사업 자율평가 결과_수정.pdf,1640879,0f1d48c5a8bdaf48401932f3cfdf1cf424c201d751574973b6d88d8d61d0dcc0,downloaded,
515,재정사업자율평가,38,51687,FSL1004,2024년도 소관별 재정사업 자율평가 보고서,2025-08-01,기획재정부,https://www.openfiscaldata.go.kr/op/ko/fd/UOPKOFDA02?pageIndex=1&pageSize=8&ofdBrdId=FSL1004&ofdBrdiSeq=51687&ofdBrdiDtsClsCd=515,목차,(새만금개발청) 2024회계연도 재정사업 자율평가 결과,(새만금개발청) 2024회계연도 재정사업 자율평가 결과.pdf,F0000000000000004530,36,원문 없음: 표지를 제외한 제공 파일 다운로드,files/11_515_재정사업자율평가/2025-08-01_51687_2024년도 소관별 재정사업 자율평가 보고서/35_목차_(새만금개발청) 2024회계연도 재정사업 자율평가 결과.pdf,374914,fde991b1a6333622a515dc393035342a999e5c2eb3c4e5f103ce89fb339a6b0b,downloaded,
515,재정사업자율평가,38,51687,FSL1004,2024년도 소관별 재정사업 자율평가 보고서,2025-08-01,기획재정부,https://www.openfiscaldata.go.kr/op/ko/fd/UOPKOFDA02?pageIndex=1&pageSize=8&ofdBrdId=FSL1004&ofdBrdiSeq=51687&ofdBrdiDtsClsCd=515,목차,(식품의약품안전처) 2024회계연도 재정사업 자율평가 결과,(식품의약품안전처) 2024회계연도 재정사업 자율평가 결과.pdf,F0000000000000004530,37,원문 없음: 표지를 제외한 제공 파일 다운로드,files/11_515_재정사업자율평가/2025-08-01_51687_2024년도 소관별 재정사업 자율평가 보고서/36_목차_(식품의약품안전처) 2024회계연도 재정사업 자율평가 결과.pdf,222281,67041ccb16e582f16c36cfad6b9438e7793b731df6698bacc62bd170286fe62d,downloaded,
515,재정사업자율평가,38,51687,FSL1004,2024년도 소관별 재정사업 자율평가 보고서,2025-08-01,기획재정부,https://www.openfiscaldata.go.kr/op/ko/fd/UOPKOFDA02?pageIndex=1&pageSize=8&ofdBrdId=FSL1004&ofdBrdiSeq=51687&ofdBrdiDtsClsCd=515,목차,(여성가족부) 2024회계연도 재정사업 자율평가 결과_수정,(여성가족부) 2024회계연도 재정사업 자율평가 결과_수정.pdf,F0000000000000004530,38,원문 없음: 표지를 제외한 제공 파일 다운로드,files/11_515_재정사업자율평가/2025-08-01_51687_2024년도 소관별 재정사업 자율평가 보고서/37_목차_(여성가족부) 2024회계연도 재정사업 자율평가 결과_수정.pdf,482589,35bd4c6528596b5a154be2ad81db3a6bac4fc1847da3e7331bfd311e011f6a24,downloaded,
515,재정사업자율평가,38,51687,FSL1004,2024년도 소관별 재정사업 자율평가 보고서,2025-08-01,기획재정부,https://www.openfiscaldata.go.kr/op/ko/fd/UOPKOFDA02?pageIndex=1&pageSize=8&ofdBrdId=FSL1004&ofdBrdiSeq=51687&ofdBrdiDtsClsCd=515,목차,(외교부)2024회계연도 재정사업 자율평가 결과,(외교부)2024회계연도 재정사업 자율평가 결과.pdf,F0000000000000004530,39,원문 없음: 표지를 제외한 제공 파일 다운로드,files/11_515_재정사업자율평가/2025-08-01_51687_2024년도 소관별 재정사업 자율평가 보고서/38_목차_(외교부)2024회계연도 재정사업 자율평가 결과.pdf,395028,669404d181f5104f78b39561a65d7676db8e43bcdca0af0eb7c7d8d5fdef6660,downloaded,
515,재정사업자율평가,38,51687,FSL1004,2024년도 소관별 재정사업 자율평가 보고서,2025-08-01,기획재정부,https://www.openfiscaldata.go.kr/op/ko/fd/UOPKOFDA02?pageIndex=1&pageSize=8&ofdBrdId=FSL1004&ofdBrdiSeq=51687&ofdBrdiDtsClsCd=515,목차,(원자력안전위원회) 2024회계연도 재정사업 자율평가 결과,(원자력안전위원회) 2024회계연도 재정사업 자율평가 결과.pdf,F0000000000000004530,40,원문 없음: 표지를 제외한 제공 파일 다운로드,files/11_515_재정사업자율평가/2025-08-01_51687_2024년도 소관별 재정사업 자율평가 보고서/39_목차_(원자력안전위원회) 2024회계연도 재정사업 자율평가 결과.pdf,127778,4293e126fc449d965f667e4ab4693795d7df1a9e370fb0c1638cabf7656b01cc,downloaded,
515,재정사업자율평가,38,51687,FSL1004,2024년도 소관별 재정사업 자율평가 보고서,2025-08-01,기획재정부,https://www.openfiscaldata.go.kr/op/ko/fd/UOPKOFDA02?pageIndex=1&pageSize=8&ofdBrdId=FSL1004&ofdBrdiSeq=51687&ofdBrdiDtsClsCd=515,목차,(인사혁신처) 2024회계연도 재정사업 자율평가 결과_수정,(인사혁신처) 2024회계연도 재정사업 자율평가 결과_수정.pdf,F0000000000000004530,41,원문 없음: 표지를 제외한 제공 파일 다운로드,files/11_515_재정사업자율평가/2025-08-01_51687_2024년도 소관별 재정사업 자율평가 보고서/40_목차_(인사혁신처) 2024회계연도 재정사업 자율평가 결과_수정.pdf,531954,c8cedce6c63b7c7b5b9b84f91c460aab1dd737b154d7980cefa7b3fc0409004a,downloaded,
515,재정사업자율평가,38,51687,FSL1004,2024년도 소관별 재정사업 자율평가 보고서,2025-08-01,기획재정부,https://www.openfiscaldata.go.kr/op/ko/fd/UOPKOFDA02?pageIndex=1&pageSize=8&ofdBrdId=FSL1004&ofdBrdiSeq=51687&ofdBrdiDtsClsCd=515,목차,(재외동포청) 2024 회계연도 재정사업 자율평가 결과_수정,(재외동포청) 2024 회계연도 재정사업 자율평가 결과_수정.pdf,F0000000000000004530,42,원문 없음: 표지를 제외한 제공 파일 다운로드,files/11_515_재정사업자율평가/2025-08-01_51687_2024년도 소관별 재정사업 자율평가 보고서/41_목차_(재외동포청) 2024 회계연도 재정사업 자율평가 결과_수정.pdf,345398,85c54a70d8fbc5e1cb44d198f27f2e4dd86644fe9d85bd4a0a65508267f6174c,downloaded,
515,재정사업자율평가,38,51687,FSL1004,2024년도 소관별 재정사업 자율평가 보고서,2025-08-01,기획재정부,https://www.openfiscaldata.go.kr/op/ko/fd/UOPKOFDA02?pageIndex=1&pageSize=8&ofdBrdId=FSL1004&ofdBrdiSeq=51687&ofdBrdiDtsClsCd=515,목차,(조달청) 2024회계연도 재정사업 자율평가 결과_수정,(조달청) 2024회계연도 재정사업 자율평가 결과_수정.pdf,F0000000000000004530,43,원문 없음: 표지를 제외한 제공 파일 다운로드,files/11_515_재정사업자율평가/2025-08-01_51687_2024년도 소관별 재정사업 자율평가 보고서/42_목차_(조달청) 2024회계연도 재정사업 자율평가 결과_수정.pdf,509016,bbfb7826e7697e492cda9c2db6f0b166b61b5b98b385d88d51849d5bf5375771,downloaded,
515,재정사업자율평가,38,51687,FSL1004,2024년도 소관별 재정사업 자율평가 보고서,2025-08-01,기획재정부,https://www.openfiscaldata.go.kr/op/ko/fd/UOPKOFDA02?pageIndex=1&pageSize=8&ofdBrdId=FSL1004&ofdBrdiSeq=51687&ofdBrdiDtsClsCd=515,목차,(중소벤처기업부) 2024회계연도 재정사업 자율평가 결과,(중소벤처기업부) 2024회계연도 재정사업 자율평가 결과.pdf,F0000000000000004530,44,원문 없음: 표지를 제외한 제공 파일 다운로드,files/11_515_재정사업자율평가/2025-08-01_51687_2024년도 소관별 재정사업 자율평가 보고서/43_목차_(중소벤처기업부) 2024회계연도 재정사업 자율평가 결과.pdf,669967,c891ba0bf63d3cff6f641dc5e615c10dc26fa54d049d36e75fd21597a80dbff8,downloaded,
515,재정사업자율평가,38,51687,FSL1004,2024년도 소관별 재정사업 자율평가 보고서,2025-08-01,기획재정부,https://www.openfiscaldata.go.kr/op/ko/fd/UOPKOFDA02?pageIndex=1&pageSize=8&ofdBrdId=FSL1004&ofdBrdiSeq=51687&ofdBrdiDtsClsCd=515,목차,(중앙선거관리위원회) 2024회계연도 재정사업 자율평가 결과,(중앙선거관리위원회) 2024회계연도 재정사업 자율평가 결과.pdf,F0000000000000004530,45,원문 없음: 표지를 제외한 제공 파일 다운로드,files/11_515_재정사업자율평가/2025-08-01_51687_2024년도 소관별 재정사업 자율평가 보고서/44_목차_(중앙선거관리위원회) 2024회계연도 재정사업 자율평가 결과.pdf,135448,c79c18bbe405e7d4891fd153e88831a25906a2b11680e97bdcd19f844b402155,downloaded,
515,재정사업자율평가,38,51687,FSL1004,2024년도 소관별 재정사업 자율평가 보고서,2025-08-01,기획재정부,https://www.openfiscaldata.go.kr/op/ko/fd/UOPKOFDA02?pageIndex=1&pageSize=8&ofdBrdId=FSL1004&ofdBrdiSeq=51687&ofdBrdiDtsClsCd=515,목차,(질병관리청) 2024회계연도 재정사업 자율평가 결과,(질병관리청) 2024회계연도 재정사업 자율평가 결과.pdf,F0000000000000004530,46,원문 없음: 표지를 제외한 제공 파일 다운로드,files/11_515_재정사업자율평가/2025-08-01_51687_2024년도 소관별 재정사업 자율평가 보고서/45_목차_(질병관리청) 2024회계연도 재정사업 자율평가 결과.pdf,299554,d5e40e5420758f7636e8767143ffd255c5a520873b6a037c6ca65d576d804caf,downloaded,
515,재정사업자율평가,38,51687,FSL1004,2024년도 소관별 재정사업 자율평가 보고서,2025-08-01,기획재정부,https://www.openfiscaldata.go.kr/op/ko/fd/UOPKOFDA02?pageIndex=1&pageSize=8&ofdBrdId=FSL1004&ofdBrdiSeq=51687&ofdBrdiDtsClsCd=515,목차,(통계청)2024회계연도 재정사업 자율평가 결과,(통계청)2024회계연도 재정사업 자율평가 결과.pdf,F0000000000000004530,47,원문 없음: 표지를 제외한 제공 파일 다운로드,files/11_515_재정사업자율평가/2025-08-01_51687_2024년도 소관별 재정사업 자율평가 보고서/46_목차_(통계청)2024회계연도 재정사업 자율평가 결과.pdf,478443,ee2574fc1202568b5e8de6cb2139d9b600b8ea66579e9a270c78b49f219c6a32,downloaded,
515,재정사업자율평가,38,51687,FSL1004,2024년도 소관별 재정사업 자율평가 보고서,2025-08-01,기획재정부,https://www.openfiscaldata.go.kr/op/ko/fd/UOPKOFDA02?pageIndex=1&pageSize=8&ofdBrdId=FSL1004&ofdBrdiSeq=51687&ofdBrdiDtsClsCd=515,목차,(통일부) 2024회계연도 재정사업 자율평가 결과,(통일부) 2024회계연도 재정사업 자율평가 결과.pdf,F0000000000000004530,48,원문 없음: 표지를 제외한 제공 파일 다운로드,files/11_515_재정사업자율평가/2025-08-01_51687_2024년도 소관별 재정사업 자율평가 보고서/47_목차_(통일부) 2024회계연도 재정사업 자율평가 결과.pdf,454137,f5da38db4153f6609c439985371b6626d126a4e97105d77b900d664f4af9f1dc,downloaded,
515,재정사업자율평가,38,51687,FSL1004,2024년도 소관별 재정사업 자율평가 보고서,2025-08-01,기획재정부,https://www.openfiscaldata.go.kr/op/ko/fd/UOPKOFDA02?pageIndex=1&pageSize=8&ofdBrdId=FSL1004&ofdBrdiSeq=51687&ofdBrdiDtsClsCd=515,목차,(해양경찰청)2024회계연도 재정사업 자율평가 결과,(해양경찰청)2024회계연도 재정사업 자율평가 결과.pdf,F0000000000000004530,49,원문 없음: 표지를 제외한 제공 파일 다운로드,files/11_515_재정사업자율평가/2025-08-01_51687_2024년도 소관별 재정사업 자율평가 보고서/48_목차_(해양경찰청)2024회계연도 재정사업 자율평가 결과.pdf,242641,83243e41b8ad4e595e58a59219895b2e03484a322d8e316ce54ddac9f9847ef6,downloaded,
515,재정사업자율평가,38,51687,FSL1004,2024년도 소관별 재정사업 자율평가 보고서,2025-08-01,기획재정부,https://www.openfiscaldata.go.kr/op/ko/fd/UOPKOFDA02?pageIndex=1&pageSize=8&ofdBrdId=FSL1004&ofdBrdiSeq=51687&ofdBrdiDtsClsCd=515,목차,(해양수산부) 2024회계연도 재정사업 자율평가 결과_수정,(해양수산부) 2024회계연도 재정사업 자율평가 결과_수정.pdf,F0000000000000004530,50,원문 없음: 표지를 제외한 제공 파일 다운로드,files/11_515_재정사업자율평가/2025-08-01_51687_2024년도 소관별 재정사업 자율평가 보고서/49_목차_(해양수산부) 2024회계연도 재정사업 자율평가 결과_수정.pdf,725659,67fdf98b41a3ab82fbe02b2df5db0d4e84aa0f600da63370b79d47f8a307a215,downloaded,
515,재정사업자율평가,38,51687,FSL1004,2024년도 소관별 재정사업 자율평가 보고서,2025-08-01,기획재정부,https://www.openfiscaldata.go.kr/op/ko/fd/UOPKOFDA02?pageIndex=1&pageSize=8&ofdBrdId=FSL1004&ofdBrdiSeq=51687&ofdBrdiDtsClsCd=515,목차,(행정안전부)2024회계연도 재정사업 자율평가 결과,(행정안전부)2024회계연도 재정사업 자율평가 결과.pdf,F0000000000000004530,51,원문 없음: 표지를 제외한 제공 파일 다운로드,files/11_515_재정사업자율평가/2025-08-01_51687_2024년도 소관별 재정사업 자율평가 보고서/50_목차_(행정안전부)2024회계연도 재정사업 자율평가 결과.pdf,664551,0fa757f51af006315f566902a7979a88f75463bde24356e2150662f2cb0081a3,downloaded,
515,재정사업자율평가,38,51687,FSL1004,2024년도 소관별 재정사업 자율평가 보고서,2025-08-01,기획재정부,https://www.openfiscaldata.go.kr/op/ko/fd/UOPKOFDA02?pageIndex=1&pageSize=8&ofdBrdId=FSL1004&ofdBrdiSeq=51687&ofdBrdiDtsClsCd=515,목차,(행정중심복합도시건설청) 2024회계연도 재정사업 자율평가 결과,(행정중심복합도시건설청) 2024회계연도 재정사업 자율평가 결과.pdf,F0000000000000004530,52,원문 없음: 표지를 제외한 제공 파일 다운로드,files/11_515_재정사업자율평가/2025-08-01_51687_2024년도 소관별 재정사업 자율평가 보고서/51_목차_(행정중심복합도시건설청) 2024회계연도 재정사업 자율평가 결과.pdf,1552020,f87efaa8f37fa698510fa301c122805f03a42a943d2e51f500f4f950cc906425,downloaded,
515,재정사업자율평가,38,51687,FSL1004,2024년도 소관별 재정사업 자율평가 보고서,2025-08-01,기획재정부,https://www.openfiscaldata.go.kr/op/ko/fd/UOPKOFDA02?pageIndex=1&pageSize=8&ofdBrdId=FSL1004&ofdBrdiSeq=51687&ofdBrdiDtsClsCd=515,목차,(헌법재판소) 2024회계연도 재정사업 자율평가 결과,(헌법재판소) 2024회계연도 재정사업 자율평가 결과.pdf,F0000000000000004530,53,원문 없음: 표지를 제외한 제공 파일 다운로드,files/11_515_재정사업자율평가/2025-08-01_51687_2024년도 소관별 재정사업 자율평가 보고서/52_목차_(헌법재판소) 2024회계연도 재정사업 자율평가 결과.pdf,78364,fb78355b07aa29ebaa9f8c0a021ab13bea9ffe3a0fea58359a1ae79d4eeba028,downloaded,
515,재정사업자율평가,38,51687,FSL1004,2024년도 소관별 재정사업 자율평가 보고서,2025-08-01,기획재정부,https://www.openfiscaldata.go.kr/op/ko/fd/UOPKOFDA02?pageIndex=1&pageSize=8&ofdBrdId=FSL1004&ofdBrdiSeq=51687&ofdBrdiDtsClsCd=515,목차,(환경부) 2024회계연도 재정사업 자율평가 결과_수정,(환경부) 2024회계연도 재정사업 자율평가 결과_수정.pdf,F0000000000000004530,54,원문 없음: 표지를 제외한 제공 파일 다운로드,files/11_515_재정사업자율평가/2025-08-01_51687_2024년도 소관별 재정사업 자율평가 보고서/53_목차_(환경부) 2024회계연도 재정사업 자율평가 결과_수정.pdf,852095,7e7f72ca79c7e056813a884427c08ee01c5e51138cdba40126c1eab17ffc12fb,downloaded,
515,재정사업자율평가,38,51621,FSL1004,2023년도 소관별 재정사업 자율평가 보고서,2024-05-31,기획재정부,https://www.openfiscaldata.go.kr/op/ko/fd/UOPKOFDA02?pageIndex=1&pageSize=8&ofdBrdId=FSL1004&ofdBrdiSeq=51621&ofdBrdiDtsClsCd=515,목차,2023 회계연도 재정사업 자율평가 결과(농촌진흥청),2023 회계연도 재정사업 자율평가 결과(농촌진흥청).pdf,F0000000000000004255,1,원문 없음: 표지를 제외한 제공 파일 다운로드,files/11_515_재정사업자율평가/2024-05-31_51621_2023년도 소관별 재정사업 자율평가 보고서/01_목차_2023 회계연도 재정사업 자율평가 결과(농촌진흥청).pdf,224070,7a8a1d28fc0644c7840680c32efcf9c8a0aef0eaf7c0e453df553de4275243de,downloaded,
515,재정사업자율평가,38,51621,FSL1004,2023년도 소관별 재정사업 자율평가 보고서,2024-05-31,기획재정부,https://www.openfiscaldata.go.kr/op/ko/fd/UOPKOFDA02?pageIndex=1&pageSize=8&ofdBrdId=FSL1004&ofdBrdiSeq=51621&ofdBrdiDtsClsCd=515,목차,2023 회계연도 재정사업 자율평가 결과보고서(방송통신위원회),2023 회계연도 재정사업 자율평가 결과보고서(방송통신위원회).pdf,F0000000000000004255,2,원문 없음: 표지를 제외한 제공 파일 다운로드,files/11_515_재정사업자율평가/2024-05-31_51621_2023년도 소관별 재정사업 자율평가 보고서/02_목차_2023 회계연도 재정사업 자율평가 결과보고서(방송통신위원회).pdf,272215,3008ce53c8a01cdd64e16ac5f8dd0030fb867f559a0c5e9dcff044c4b97894f0,downloaded,
515,재정사업자율평가,38,51621,FSL1004,2023년도 소관별 재정사업 자율평가 보고서,2024-05-31,기획재정부,https://www.openfiscaldata.go.kr/op/ko/fd/UOPKOFDA02?pageIndex=1&pageSize=8&ofdBrdId=FSL1004&ofdBrdiSeq=51621&ofdBrdiDtsClsCd=515,목차,2023회계연도 재정사업 자울평가 결과(관세청),2023회계연도 재정사업 자울평가 결과(관세청).pdf,F0000000000000004255,3,원문 없음: 표지를 제외한 제공 파일 다운로드,files/11_515_재정사업자율평가/2024-05-31_51621_2023년도 소관별 재정사업 자율평가 보고서/03_목차_2023회계연도 재정사업 자울평가 결과(관세청).pdf,274482,479c511b4cb1c0ffedf4ed12d89a86729668f0d88fd8fb97a65deb28a45e4272,downloaded,
515,재정사업자율평가,38,51621,FSL1004,2023년도 소관별 재정사업 자율평가 보고서,2024-05-31,기획재정부,https://www.openfiscaldata.go.kr/op/ko/fd/UOPKOFDA02?pageIndex=1&pageSize=8&ofdBrdId=FSL1004&ofdBrdiSeq=51621&ofdBrdiDtsClsCd=515,목차,2023회계연도 재정사업 자율평가 결과 (농식품부),2023회계연도 재정사업 자율평가 결과 (농식품부).pdf,F0000000000000004255,4,원문 없음: 표지를 제외한 제공 파일 다운로드,files/11_515_재정사업자율평가/2024-05-31_51621_2023년도 소관별 재정사업 자율평가 보고서/04_목차_2023회계연도 재정사업 자율평가 결과 (농식품부).pdf,1007513,e381bbfbb2bc6814977911638481f767bc56656ae5acce334a6e1ce23a14568c,downloaded,
515,재정사업자율평가,38,51621,FSL1004,2023년도 소관별 재정사업 자율평가 보고서,2024-05-31,기획재정부,https://www.openfiscaldata.go.kr/op/ko/fd/UOPKOFDA02?pageIndex=1&pageSize=8&ofdBrdId=FSL1004&ofdBrdiSeq=51621&ofdBrdiDtsClsCd=515,목차,2023회계연도 재정사업 자율평가 결과 (대통령비서실),2023회계연도 재정사업 자율평가 결과 (대통령비서실).pdf,F0000000000000004255,5,원문 없음: 표지를 제외한 제공 파일 다운로드,files/11_515_재정사업자율평가/2024-05-31_51621_2023년도 소관별 재정사업 자율평가 보고서/05_목차_2023회계연도 재정사업 자율평가 결과 (대통령비서실).pdf,147661,e6bf70e8ac7c035e15aed0d631226b4697eb7a18344b704d8278f4a718052b9d,downloaded,
515,재정사업자율평가,38,51621,FSL1004,2023년도 소관별 재정사업 자율평가 보고서,2024-05-31,기획재정부,https://www.openfiscaldata.go.kr/op/ko/fd/UOPKOFDA02?pageIndex=1&pageSize=8&ofdBrdId=FSL1004&ofdBrdiSeq=51621&ofdBrdiDtsClsCd=515,목차,2023회계연도 재정사업 자율평가 결과 (병무청),2023회계연도 재정사업 자율평가 결과 (병무청).pdf,F0000000000000004255,6,원문 없음: 표지를 제외한 제공 파일 다운로드,files/11_515_재정사업자율평가/2024-05-31_51621_2023년도 소관별 재정사업 자율평가 보고서/06_목차_2023회계연도 재정사업 자율평가 결과 (병무청).pdf,409371,18bca51c350268f0f3d7987c287d0179e15bb0b62dac9dd16e64eaed691c9417,downloaded,
515,재정사업자율평가,38,51621,FSL1004,2023년도 소관별 재정사업 자율평가 보고서,2024-05-31,기획재정부,https://www.openfiscaldata.go.kr/op/ko/fd/UOPKOFDA02?pageIndex=1&pageSize=8&ofdBrdId=FSL1004&ofdBrdiSeq=51621&ofdBrdiDtsClsCd=515,목차,2023회계연도 재정사업 자율평가 결과 (조달청),2023회계연도 재정사업 자율평가 결과 (조달청).pdf,F0000000000000004255,7,원문 없음: 표지를 제외한 제공 파일 다운로드,files/11_515_재정사업자율평가/2024-05-31_51621_2023년도 소관별 재정사업 자율평가 보고서/07_목차_2023회계연도 재정사업 자율평가 결과 (조달청).pdf,270624,ffc780848fc09523de887a9f74292ab848cf923bba6258f209c7a39fdf24d226,downloaded,
515,재정사업자율평가,38,51621,FSL1004,2023년도 소관별 재정사업 자율평가 보고서,2024-05-31,기획재정부,https://www.openfiscaldata.go.kr/op/ko/fd/UOPKOFDA02?pageIndex=1&pageSize=8&ofdBrdId=FSL1004&ofdBrdiSeq=51621&ofdBrdiDtsClsCd=515,목차,2023회계연도 재정사업 자율평가 결과 (해수부),2023회계연도 재정사업 자율평가 결과 (해수부).pdf,F0000000000000004255,8,원문 없음: 표지를 제외한 제공 파일 다운로드,files/11_515_재정사업자율평가/2024-05-31_51621_2023년도 소관별 재정사업 자율평가 보고서/08_목차_2023회계연도 재정사업 자율평가 결과 (해수부).pdf,638117,3cc347d643baeac1aa50b4a3e5b46952edac6deb2f3b281af0c6e897ffeb05ea,downloaded,
515,재정사업자율평가,38,51621,FSL1004,2023년도 소관별 재정사업 자율평가 보고서,2024-05-31,기획재정부,https://www.openfiscaldata.go.kr/op/ko/fd/UOPKOFDA02?pageIndex=1&pageSize=8&ofdBrdId=FSL1004&ofdBrdiSeq=51621&ofdBrdiDtsClsCd=515,목차,2023회계연도 재정사업 자율평가 결과(개인정보보호위원회),2023회계연도 재정사업 자율평가 결과(개인정보보호위원회).pdf,F0000000000000004255,9,원문 없음: 표지를 제외한 제공 파일 다운로드,files/11_515_재정사업자율평가/2024-05-31_51621_2023년도 소관별 재정사업 자율평가 보고서/09_목차_2023회계연도 재정사업 자율평가 결과(개인정보보호위원회).pdf,298199,a85da2011e4b09bbe4c7b35057259bb2148131b0bf171947e1d29c0f93ab113f,downloaded,
515,재정사업자율평가,38,51621,FSL1004,2023년도 소관별 재정사업 자율평가 보고서,2024-05-31,기획재정부,https://www.openfiscaldata.go.kr/op/ko/fd/UOPKOFDA02?pageIndex=1&pageSize=8&ofdBrdId=FSL1004&ofdBrdiSeq=51621&ofdBrdiDtsClsCd=515,목차,2023회계연도 재정사업 자율평가 결과(경찰청),2023회계연도 재정사업 자율평가 결과(경찰청).pdf,F0000000000000004255,10,원문 없음: 표지를 제외한 제공 파일 다운로드,files/11_515_재정사업자율평가/2024-05-31_51621_2023년도 소관별 재정사업 자율평가 보고서/10_목차_2023회계연도 재정사업 자율평가 결과(경찰청).pdf,392469,9fef102e6e06ada99fe0bc0b0815e788056d80fb15755206c7f802556e00fb9a,downloaded,
515,재정사업자율평가,38,51621,FSL1004,2023년도 소관별 재정사업 자율평가 보고서,2024-05-31,기획재정부,https://www.openfiscaldata.go.kr/op/ko/fd/UOPKOFDA02?pageIndex=1&pageSize=8&ofdBrdId=FSL1004&ofdBrdiSeq=51621&ofdBrdiDtsClsCd=515,목차,2023회계연도 재정사업 자율평가 결과(고용노동부),2023회계연도 재정사업 자율평가 결과(고용노동부).pdf,F0000000000000004255,11,원문 없음: 표지를 제외한 제공 파일 다운로드,files/11_515_재정사업자율평가/2024-05-31_51621_2023년도 소관별 재정사업 자율평가 보고서/11_목차_2023회계연도 재정사업 자율평가 결과(고용노동부).pdf,532434,12850e125d9ce23e8b635ea9219d9e3a7c9e91fa8bc965b9fe358a05cfdb256c,downloaded,
515,재정사업자율평가,38,51621,FSL1004,2023년도 소관별 재정사업 자율평가 보고서,2024-05-31,기획재정부,https://www.openfiscaldata.go.kr/op/ko/fd/UOPKOFDA02?pageIndex=1&pageSize=8&ofdBrdId=FSL1004&ofdBrdiSeq=51621&ofdBrdiDtsClsCd=515,목차,2023회계연도 재정사업 자율평가 결과(고위공직자범죄수사처),2023회계연도 재정사업 자율평가 결과(고위공직자범죄수사처).pdf,F0000000000000004255,12,원문 없음: 표지를 제외한 제공 파일 다운로드,files/11_515_재정사업자율평가/2024-05-31_51621_2023년도 소관별 재정사업 자율평가 보고서/12_목차_2023회계연도 재정사업 자율평가 결과(고위공직자범죄수사처).pdf,88010,52c05ce1cf72abd63ea6175902fde7639e082b440158d30982ed38de5e26ed56,downloaded,
515,재정사업자율평가,38,51621,FSL1004,2023년도 소관별 재정사업 자율평가 보고서,2024-05-31,기획재정부,https://www.openfiscaldata.go.kr/op/ko/fd/UOPKOFDA02?pageIndex=1&pageSize=8&ofdBrdId=FSL1004&ofdBrdiSeq=51621&ofdBrdiDtsClsCd=515,목차,2023회계연도 재정사업 자율평가 결과(공정위),2023회계연도 재정사업 자율평가 결과(공정위).pdf,F0000000000000004255,13,원문 없음: 표지를 제외한 제공 파일 다운로드,files/11_515_재정사업자율평가/2024-05-31_51621_2023년도 소관별 재정사업 자율평가 보고서/13_목차_2023회계연도 재정사업 자율평가 결과(공정위).pdf,214255,15d915889098d17b24cabc269d36ead11a5fc62ada5783eb71434d1ab7ec03b4,downloaded,
515,재정사업자율평가,38,51621,FSL1004,2023년도 소관별 재정사업 자율평가 보고서,2024-05-31,기획재정부,https://www.openfiscaldata.go.kr/op/ko/fd/UOPKOFDA02?pageIndex=1&pageSize=8&ofdBrdId=FSL1004&ofdBrdiSeq=51621&ofdBrdiDtsClsCd=515,목차,2023회계연도 재정사업 자율평가 결과(과기정통부),2023회계연도 재정사업 자율평가 결과(과기정통부).pdf,F0000000000000004255,14,원문 없음: 표지를 제외한 제공 파일 다운로드,files/11_515_재정사업자율평가/2024-05-31_51621_2023년도 소관별 재정사업 자율평가 보고서/14_목차_2023회계연도 재정사업 자율평가 결과(과기정통부).pdf,594529,f978c2c5b63c3f14cc2b46c1f7ac56bf16e36cd3b593d65f0e59fd7fb2df6065,downloaded,
515,재정사업자율평가,38,51621,FSL1004,2023년도 소관별 재정사업 자율평가 보고서,2024-05-31,기획재정부,https://www.openfiscaldata.go.kr/op/ko/fd/UOPKOFDA02?pageIndex=1&pageSize=8&ofdBrdId=FSL1004&ofdBrdiSeq=51621&ofdBrdiDtsClsCd=515,목차,2023회계연도 재정사업 자율평가 결과(교육부),2023회계연도 재정사업 자율평가 결과(교육부).pdf,F0000000000000004255,15,원문 없음: 표지를 제외한 제공 파일 다운로드,files/11_515_재정사업자율평가/2024-05-31_51621_2023년도 소관별 재정사업 자율평가 보고서/15_목차_2023회계연도 재정사업 자율평가 결과(교육부).pdf,404166,3e054eec4011655b867cba639242e9c55b874d3a28ac2ae9d49e4d38ffcd7b97,downloaded,
515,재정사업자율평가,38,51621,FSL1004,2023년도 소관별 재정사업 자율평가 보고서,2024-05-31,기획재정부,https://www.openfiscaldata.go.kr/op/ko/fd/UOPKOFDA02?pageIndex=1&pageSize=8&ofdBrdId=FSL1004&ofdBrdiSeq=51621&ofdBrdiDtsClsCd=515,목차,2023회계연도 재정사업 자율평가 결과(국가보훈부),2023회계연도 재정사업 자율평가 결과(국가보훈부).pdf,F0000000000000004255,16,원문 없음: 표지를 제외한 제공 파일 다운로드,files/11_515_재정사업자율평가/2024-05-31_51621_2023년도 소관별 재정사업 자율평가 보고서/16_목차_2023회계연도 재정사업 자율평가 결과(국가보훈부).pdf,309871,81b5afd3c008138fa9706e48a3efe0d180ff2e2ef42b1ef1a1b02331eda2d52e,downloaded,
515,재정사업자율평가,38,51621,FSL1004,2023년도 소관별 재정사업 자율평가 보고서,2024-05-31,기획재정부,https://www.openfiscaldata.go.kr/op/ko/fd/UOPKOFDA02?pageIndex=1&pageSize=8&ofdBrdId=FSL1004&ofdBrdiSeq=51621&ofdBrdiDtsClsCd=515,목차,2023회계연도 재정사업 자율평가 결과(국가유산청),2023회계연도 재정사업 자율평가 결과(국가유산청).pdf,F0000000000000004255,17,원문 없음: 표지를 제외한 제공 파일 다운로드,files/11_515_재정사업자율평가/2024-05-31_51621_2023년도 소관별 재정사업 자율평가 보고서/17_목차_2023회계연도 재정사업 자율평가 결과(국가유산청).pdf,280275,57ab6de533ad4f77945d41964e31ee84464602c558a56c70fda623b2efbf6c62,downloaded,
515,재정사업자율평가,38,51621,FSL1004,2023년도 소관별 재정사업 자율평가 보고서,2024-05-31,기획재정부,https://www.openfiscaldata.go.kr/op/ko/fd/UOPKOFDA02?pageIndex=1&pageSize=8&ofdBrdId=FSL1004&ofdBrdiSeq=51621&ofdBrdiDtsClsCd=515,목차,2023회계연도 재정사업 자율평가 결과(국민권익위원회),2023회계연도 재정사업 자율평가 결과(국민권익위원회).pdf,F0000000000000004255,18,원문 없음: 표지를 제외한 제공 파일 다운로드,files/11_515_재정사업자율평가/2024-05-31_51621_2023년도 소관별 재정사업 자율평가 보고서/18_목차_2023회계연도 재정사업 자율평가 결과(국민권익위원회).pdf,304024,3b9800feaece6e551d3a97b9256100de0460f92ef0b8bd234a37b75ae284c4cf,downloaded,
515,재정사업자율평가,38,51621,FSL1004,2023년도 소관별 재정사업 자율평가 보고서,2024-05-31,기획재정부,https://www.openfiscaldata.go.kr/op/ko/fd/UOPKOFDA02?pageIndex=1&pageSize=8&ofdBrdId=FSL1004&ofdBrdiSeq=51621&ofdBrdiDtsClsCd=515,목차,2023회계연도 재정사업 자율평가 결과(국방부),2023회계연도 재정사업 자율평가 결과(국방부).pdf,F0000000000000004255,19,원문 없음: 표지를 제외한 제공 파일 다운로드,files/11_515_재정사업자율평가/2024-05-31_51621_2023년도 소관별 재정사업 자율평가 보고서/19_목차_2023회계연도 재정사업 자율평가 결과(국방부).pdf,1071744,147cf363e46c325968f50061da91d10b17ff73d395c4bc8441a0edd8fe070b5d,downloaded,
515,재정사업자율평가,38,51621,FSL1004,2023년도 소관별 재정사업 자율평가 보고서,2024-05-31,기획재정부,https://www.openfiscaldata.go.kr/op/ko/fd/UOPKOFDA02?pageIndex=1&pageSize=8&ofdBrdId=FSL1004&ofdBrdiSeq=51621&ofdBrdiDtsClsCd=515,목차,2023회계연도 재정사업 자율평가 결과(국세청),2023회계연도 재정사업 자율평가 결과(국세청).pdf,F0000000000000004255,20,원문 없음: 표지를 제외한 제공 파일 다운로드,files/11_515_재정사업자율평가/2024-05-31_51621_2023년도 소관별 재정사업 자율평가 보고서/20_목차_2023회계연도 재정사업 자율평가 결과(국세청).pdf,408534,acda573f6e2b8b369f6d8703a2d9b227c44e2688a1c78393a20177f66a90f83d,downloaded,
515,재정사업자율평가,38,51621,FSL1004,2023년도 소관별 재정사업 자율평가 보고서,2024-05-31,기획재정부,https://www.openfiscaldata.go.kr/op/ko/fd/UOPKOFDA02?pageIndex=1&pageSize=8&ofdBrdId=FSL1004&ofdBrdiSeq=51621&ofdBrdiDtsClsCd=515,목차,2023회계연도 재정사업 자율평가 결과(국조실),2023회계연도 재정사업 자율평가 결과(국조실).pdf,F0000000000000004255,21,원문 없음: 표지를 제외한 제공 파일 다운로드,files/11_515_재정사업자율평가/2024-05-31_51621_2023년도 소관별 재정사업 자율평가 보고서/21_목차_2023회계연도 재정사업 자율평가 결과(국조실).pdf,128622,4ad9d0a6dda3e83dba1684af6839f2132835f020d30e0c5c18a483afc46094b5,downloaded,
515,재정사업자율평가,38,51621,FSL1004,2023년도 소관별 재정사업 자율평가 보고서,2024-05-31,기획재정부,https://www.openfiscaldata.go.kr/op/ko/fd/UOPKOFDA02?pageIndex=1&pageSize=8&ofdBrdId=FSL1004&ofdBrdiSeq=51621&ofdBrdiDtsClsCd=515,목차,2023회계연도 재정사업 자율평가 결과(국토부),2023회계연도 재정사업 자율평가 결과(국토부).pdf,F0000000000000004255,22,원문 없음: 표지를 제외한 제공 파일 다운로드,files/11_515_재정사업자율평가/2024-05-31_51621_2023년도 소관별 재정사업 자율평가 보고서/22_목차_2023회계연도 재정사업 자율평가 결과(국토부).pdf,808785,a3584b86fb0de203ab2dfd1d8f37e5b4fd4be37e45ef501e19c1ae7c63e9344c,downloaded,
515,재정사업자율평가,38,51621,FSL1004,2023년도 소관별 재정사업 자율평가 보고서,2024-05-31,기획재정부,https://www.openfiscaldata.go.kr/op/ko/fd/UOPKOFDA02?pageIndex=1&pageSize=8&ofdBrdId=FSL1004&ofdBrdiSeq=51621&ofdBrdiDtsClsCd=515,목차,2023회계연도 재정사업 자율평가 결과(국회),2023회계연도 재정사업 자율평가 결과(국회).pdf,F0000000000000004255,23,원문 없음: 표지를 제외한 제공 파일 다운로드,files/11_515_재정사업자율평가/2024-05-31_51621_2023년도 소관별 재정사업 자율평가 보고서/23_목차_2023회계연도 재정사업 자율평가 결과(국회).pdf,203172,05cf0481e13a1e188883dcb71fcc6e5d0a1557f1bb8fbb20da853538ee248fa9,downloaded,
515,재정사업자율평가,38,51621,FSL1004,2023년도 소관별 재정사업 자율평가 보고서,2024-05-31,기획재정부,https://www.openfiscaldata.go.kr/op/ko/fd/UOPKOFDA02?pageIndex=1&pageSize=8&ofdBrdId=FSL1004&ofdBrdiSeq=51621&ofdBrdiDtsClsCd=515,목차,2023회계연도 재정사업 자율평가 결과(금융위),2023회계연도 재정사업 자율평가 결과(금융위).pdf,F0000000000000004255,24,원문 없음: 표지를 제외한 제공 파일 다운로드,files/11_515_재정사업자율평가/2024-05-31_51621_2023년도 소관별 재정사업 자율평가 보고서/24_목차_2023회계연도 재정사업 자율평가 결과(금융위).pdf,1081926,fdc82cfe767d3a9c62abb8448bfe6d7499732aa7e920663c607eee47196a0593,downloaded,
515,재정사업자율평가,38,51621,FSL1004,2023년도 소관별 재정사업 자율평가 보고서,2024-05-31,기획재정부,https://www.openfiscaldata.go.kr/op/ko/fd/UOPKOFDA02?pageIndex=1&pageSize=8&ofdBrdId=FSL1004&ofdBrdiSeq=51621&ofdBrdiDtsClsCd=515,목차,2023회계연도 재정사업 자율평가 결과(기상청),2023회계연도 재정사업 자율평가 결과(기상청).pdf,F0000000000000004255,25,원문 없음: 표지를 제외한 제공 파일 다운로드,files/11_515_재정사업자율평가/2024-05-31_51621_2023년도 소관별 재정사업 자율평가 보고서/25_목차_2023회계연도 재정사업 자율평가 결과(기상청).pdf,650120,aa8ddb6481057b389dcc36ca2029474e442f5dc1a69f6602b952d700388c945c,downloaded,
515,재정사업자율평가,38,51621,FSL1004,2023년도 소관별 재정사업 자율평가 보고서,2024-05-31,기획재정부,https://www.openfiscaldata.go.kr/op/ko/fd/UOPKOFDA02?pageIndex=1&pageSize=8&ofdBrdId=FSL1004&ofdBrdiSeq=51621&ofdBrdiDtsClsCd=515,목차,2023회계연도 재정사업 자율평가 결과(기재부),2023회계연도 재정사업 자율평가 결과(기재부).pdf,F0000000000000004255,26,원문 없음: 표지를 제외한 제공 파일 다운로드,files/11_515_재정사업자율평가/2024-05-31_51621_2023년도 소관별 재정사업 자율평가 보고서/26_목차_2023회계연도 재정사업 자율평가 결과(기재부).pdf,337396,0a5882f1d802b8cfa798dc90be9374767616e1faaa7398428d252ba48e619fda,downloaded,
515,재정사업자율평가,38,51621,FSL1004,2023년도 소관별 재정사업 자율평가 보고서,2024-05-31,기획재정부,https://www.openfiscaldata.go.kr/op/ko/fd/UOPKOFDA02?pageIndex=1&pageSize=8&ofdBrdId=FSL1004&ofdBrdiSeq=51621&ofdBrdiDtsClsCd=515,목차,2023회계연도 재정사업 자율평가 결과(대법원),2023회계연도 재정사업 자율평가 결과(대법원).pdf,F0000000000000004255,27,원문 없음: 표지를 제외한 제공 파일 다운로드,files/11_515_재정사업자율평가/2024-05-31_51621_2023년도 소관별 재정사업 자율평가 보고서/27_목차_2023회계연도 재정사업 자율평가 결과(대법원).pdf,517588,00359fc22711944b7e82bd5b5052c2b33afa330e15f77f6e76c5218634a8ee37,downloaded,
515,재정사업자율평가,38,51621,FSL1004,2023년도 소관별 재정사업 자율평가 보고서,2024-05-31,기획재정부,https://www.openfiscaldata.go.kr/op/ko/fd/UOPKOFDA02?pageIndex=1&pageSize=8&ofdBrdId=FSL1004&ofdBrdiSeq=51621&ofdBrdiDtsClsCd=515,목차,2023회계연도 재정사업 자율평가 결과(대통령경호처),2023회계연도 재정사업 자율평가 결과(대통령경호처).pdf,F0000000000000004255,28,원문 없음: 표지를 제외한 제공 파일 다운로드,files/11_515_재정사업자율평가/2024-05-31_51621_2023년도 소관별 재정사업 자율평가 보고서/28_목차_2023회계연도 재정사업 자율평가 결과(대통령경호처).pdf,217328,55ec1fdc411aea1af93bf248550d9408601d6088eaf3a959bc95f0067acb1429,downloaded,
515,재정사업자율평가,38,51621,FSL1004,2023년도 소관별 재정사업 자율평가 보고서,2024-05-31,기획재정부,https://www.openfiscaldata.go.kr/op/ko/fd/UOPKOFDA02?pageIndex=1&pageSize=8&ofdBrdId=FSL1004&ofdBrdiSeq=51621&ofdBrdiDtsClsCd=515,목차,2023회계연도 재정사업 자율평가 결과(문화체육관광부),2023회계연도 재정사업 자율평가 결과(문화체육관광부).pdf,F0000000000000004255,40,원문 없음: 표지를 제외한 제공 파일 다운로드,files/11_515_재정사업자율평가/2024-05-31_51621_2023년도 소관별 재정사업 자율평가 보고서/29_목차_2023회계연도 재정사업 자율평가 결과(문화체육관광부).pdf,1160187,bf5c66aaa58b50a16c173696dfc63a35af9d996cfc123a0c8d2b2f2b5eda187c,downloaded,
515,재정사업자율평가,38,51621,FSL1004,2023년도 소관별 재정사업 자율평가 보고서,2024-05-31,기획재정부,https://www.openfiscaldata.go.kr/op/ko/fd/UOPKOFDA02?pageIndex=1&pageSize=8&ofdBrdId=FSL1004&ofdBrdiSeq=51621&ofdBrdiDtsClsCd=515,목차,2023회계연도 재정사업 자율평가 결과(민주평화통일자문회의),2023회계연도 재정사업 자율평가 결과(민주평화통일자문회의).pdf,F0000000000000004255,29,원문 없음: 표지를 제외한 제공 파일 다운로드,files/11_515_재정사업자율평가/2024-05-31_51621_2023년도 소관별 재정사업 자율평가 보고서/30_목차_2023회계연도 재정사업 자율평가 결과(민주평화통일자문회의).pdf,119805,c44cada999f762210d63ed300b64d9acd84945d5ddb4b4ebd11f1bc50c6bec60,downloaded,
515,재정사업자율평가,38,51621,FSL1004,2023년도 소관별 재정사업 자율평가 보고서,2024-05-31,기획재정부,https://www.openfiscaldata.go.kr/op/ko/fd/UOPKOFDA02?pageIndex=1&pageSize=8&ofdBrdId=FSL1004&ofdBrdiSeq=51621&ofdBrdiDtsClsCd=515,목차,2023회계연도 재정사업 자율평가 결과(방위사업청),2023회계연도 재정사업 자율평가 결과(방위사업청).pdf,F0000000000000004255,30,원문 없음: 표지를 제외한 제공 파일 다운로드,files/11_515_재정사업자율평가/2024-05-31_51621_2023년도 소관별 재정사업 자율평가 보고서/31_목차_2023회계연도 재정사업 자율평가 결과(방위사업청).pdf,198939,b624db1125e945f9fae1118b507a7ee4cc964f3f1e58b8b31e7be069112b70d1,downloaded,
515,재정사업자율평가,38,51621,FSL1004,2023년도 소관별 재정사업 자율평가 보고서,2024-05-31,기획재정부,https://www.openfiscaldata.go.kr/op/ko/fd/UOPKOFDA02?pageIndex=1&pageSize=8&ofdBrdId=FSL1004&ofdBrdiSeq=51621&ofdBrdiDtsClsCd=515,목차,2023회계연도 재정사업 자율평가 결과(법무부),2023회계연도 재정사업 자율평가 결과(법무부).pdf,F0000000000000004255,31,원문 없음: 표지를 제외한 제공 파일 다운로드,files/11_515_재정사업자율평가/2024-05-31_51621_2023년도 소관별 재정사업 자율평가 보고서/32_목차_2023회계연도 재정사업 자율평가 결과(법무부).pdf,728987,42ac049a136b27598c664b789d82c91a10f8a76e7b3d2a9a48a0565d5c23cddd,downloaded,
515,재정사업자율평가,38,51621,FSL1004,2023년도 소관별 재정사업 자율평가 보고서,2024-05-31,기획재정부,https://www.openfiscaldata.go.kr/op/ko/fd/UOPKOFDA02?pageIndex=1&pageSize=8&ofdBrdId=FSL1004&ofdBrdiSeq=51621&ofdBrdiDtsClsCd=515,목차,2023회계연도 재정사업 자율평가 결과(법제처),2023회계연도 재정사업 자율평가 결과(법제처).pdf,F0000000000000004255,32,원문 없음: 표지를 제외한 제공 파일 다운로드,files/11_515_재정사업자율평가/2024-05-31_51621_2023년도 소관별 재정사업 자율평가 보고서/33_목차_2023회계연도 재정사업 자율평가 결과(법제처).pdf,128372,3a21b38ffc951797c3059933cee1df88f5505e3dd06b2e698332a56331431fc7,downloaded,
515,재정사업자율평가,38,51621,FSL1004,2023년도 소관별 재정사업 자율평가 보고서,2024-05-31,기획재정부,https://www.openfiscaldata.go.kr/op/ko/fd/UOPKOFDA02?pageIndex=1&pageSize=8&ofdBrdId=FSL1004&ofdBrdiSeq=51621&ofdBrdiDtsClsCd=515,목차,2023회계연도 재정사업 자율평가 결과(보건복지부),2023회계연도 재정사업 자율평가 결과(보건복지부).pdf,F0000000000000004255,33,원문 없음: 표지를 제외한 제공 파일 다운로드,files/11_515_재정사업자율평가/2024-05-31_51621_2023년도 소관별 재정사업 자율평가 보고서/34_목차_2023회계연도 재정사업 자율평가 결과(보건복지부).pdf,1041175,b5417b699e056c391c66ebd47ec58e13905ae18309e31b58636fbe6ece56b15d,downloaded,
515,재정사업자율평가,38,51621,FSL1004,2023년도 소관별 재정사업 자율평가 보고서,2024-05-31,기획재정부,https://www.openfiscaldata.go.kr/op/ko/fd/UOPKOFDA02?pageIndex=1&pageSize=8&ofdBrdId=FSL1004&ofdBrdiSeq=51621&ofdBrdiDtsClsCd=515,목차,2023회계연도 재정사업 자율평가 결과(산림청),2023회계연도 재정사업 자율평가 결과(산림청).pdf,F0000000000000004255,34,원문 없음: 표지를 제외한 제공 파일 다운로드,files/11_515_재정사업자율평가/2024-05-31_51621_2023년도 소관별 재정사업 자율평가 보고서/35_목차_2023회계연도 재정사업 자율평가 결과(산림청).pdf,303633,5a41b069adaacb9986d583bc9bfeb3a8e2ff3b3a64de4d0c6712fd4307b08200,downloaded,
515,재정사업자율평가,38,51621,FSL1004,2023년도 소관별 재정사업 자율평가 보고서,2024-05-31,기획재정부,https://www.openfiscaldata.go.kr/op/ko/fd/UOPKOFDA02?pageIndex=1&pageSize=8&ofdBrdId=FSL1004&ofdBrdiSeq=51621&ofdBrdiDtsClsCd=515,목차,2023회계연도 재정사업 자율평가 결과(산업통상자원부),2023회계연도 재정사업 자율평가 결과(산업통상자원부).pdf,F0000000000000004255,35,원문 없음: 표지를 제외한 제공 파일 다운로드,files/11_515_재정사업자율평가/2024-05-31_51621_2023년도 소관별 재정사업 자율평가 보고서/36_목차_2023회계연도 재정사업 자율평가 결과(산업통상자원부).pdf,617528,170ee4a6d5faaa32fde7be6587f3fc9b6344e0d689529ec33d60dff5bfe4f041,downloaded,
515,재정사업자율평가,38,51621,FSL1004,2023년도 소관별 재정사업 자율평가 보고서,2024-05-31,기획재정부,https://www.openfiscaldata.go.kr/op/ko/fd/UOPKOFDA02?pageIndex=1&pageSize=8&ofdBrdId=FSL1004&ofdBrdiSeq=51621&ofdBrdiDtsClsCd=515,목차,2023회계연도 재정사업 자율평가 결과(새만금개발청),2023회계연도 재정사업 자율평가 결과(새만금개발청).pdf,F0000000000000004255,36,원문 없음: 표지를 제외한 제공 파일 다운로드,files/11_515_재정사업자율평가/2024-05-31_51621_2023년도 소관별 재정사업 자율평가 보고서/37_목차_2023회계연도 재정사업 자율평가 결과(새만금개발청).pdf,393637,87c44147daf26cb2f6d61e2a10513309f07c857156917d0c4f12c63d7d0c4e2c,downloaded,
515,재정사업자율평가,38,51621,FSL1004,2023년도 소관별 재정사업 자율평가 보고서,2024-05-31,기획재정부,https://www.openfiscaldata.go.kr/op/ko/fd/UOPKOFDA02?pageIndex=1&pageSize=8&ofdBrdId=FSL1004&ofdBrdiSeq=51621&ofdBrdiDtsClsCd=515,목차,2023회계연도 재정사업 자율평가 결과(식약처),2023회계연도 재정사업 자율평가 결과(식약처).pdf,F0000000000000004255,37,원문 없음: 표지를 제외한 제공 파일 다운로드,files/11_515_재정사업자율평가/2024-05-31_51621_2023년도 소관별 재정사업 자율평가 보고서/38_목차_2023회계연도 재정사업 자율평가 결과(식약처).pdf,194045,53eb90288100d565c0f5d15184dde4f637072a1ca81b9a4f6358e24118a011ae,downloaded,
515,재정사업자율평가,38,51621,FSL1004,2023년도 소관별 재정사업 자율평가 보고서,2024-05-31,기획재정부,https://www.openfiscaldata.go.kr/op/ko/fd/UOPKOFDA02?pageIndex=1&pageSize=8&ofdBrdId=FSL1004&ofdBrdiSeq=51621&ofdBrdiDtsClsCd=515,목차,2023회계연도 재정사업 자율평가 결과(여성가족부),2023회계연도 재정사업 자율평가 결과(여성가족부).pdf,F0000000000000004255,38,원문 없음: 표지를 제외한 제공 파일 다운로드,files/11_515_재정사업자율평가/2024-05-31_51621_2023년도 소관별 재정사업 자율평가 보고서/39_목차_2023회계연도 재정사업 자율평가 결과(여성가족부).pdf,391509,457ca8ebeacc3d87c0a70ed9908998907741a8aded18581a749fdb2069b28478,downloaded,
515,재정사업자율평가,38,51621,FSL1004,2023년도 소관별 재정사업 자율평가 보고서,2024-05-31,기획재정부,https://www.openfiscaldata.go.kr/op/ko/fd/UOPKOFDA02?pageIndex=1&pageSize=8&ofdBrdId=FSL1004&ofdBrdiSeq=51621&ofdBrdiDtsClsCd=515,목차,2023회계연도 재정사업 자율평가 결과(원자력안전위원회),2023회계연도 재정사업 자율평가 결과(원자력안전위원회).pdf,F0000000000000004255,39,원문 없음: 표지를 제외한 제공 파일 다운로드,files/11_515_재정사업자율평가/2024-05-31_51621_2023년도 소관별 재정사업 자율평가 보고서/40_목차_2023회계연도 재정사업 자율평가 결과(원자력안전위원회).pdf,129677,e60fdcc62c0e12861eebc6e000424d6041fed3697d65bc2606f6290ae45ccbc7,downloaded,
515,재정사업자율평가,38,51621,FSL1004,2023년도 소관별 재정사업 자율평가 보고서,2024-05-31,기획재정부,https://www.openfiscaldata.go.kr/op/ko/fd/UOPKOFDA02?pageIndex=1&pageSize=8&ofdBrdId=FSL1004&ofdBrdiSeq=51621&ofdBrdiDtsClsCd=515,목차,2023회계연도 재정사업 자율평가 결과(인사혁신처),2023회계연도 재정사업 자율평가 결과(인사혁신처).pdf,F0000000000000004255,41,원문 없음: 표지를 제외한 제공 파일 다운로드,files/11_515_재정사업자율평가/2024-05-31_51621_2023년도 소관별 재정사업 자율평가 보고서/41_목차_2023회계연도 재정사업 자율평가 결과(인사혁신처).pdf,254951,7ecdbb3ba5ebf0a49882e9102899c0d63db1db3cab544863da7549558e4854a9,downloaded,
515,재정사업자율평가,38,51621,FSL1004,2023년도 소관별 재정사업 자율평가 보고서,2024-05-31,기획재정부,https://www.openfiscaldata.go.kr/op/ko/fd/UOPKOFDA02?pageIndex=1&pageSize=8&ofdBrdId=FSL1004&ofdBrdiSeq=51621&ofdBrdiDtsClsCd=515,목차,2023회계연도 재정사업 자율평가 결과(중기부),2023회계연도 재정사업 자율평가 결과(중기부).pdf,F0000000000000004255,42,원문 없음: 표지를 제외한 제공 파일 다운로드,files/11_515_재정사업자율평가/2024-05-31_51621_2023년도 소관별 재정사업 자율평가 보고서/42_목차_2023회계연도 재정사업 자율평가 결과(중기부).pdf,650624,ea3aeeee9c5691ec115724cd14abe1f89e6fae4f270d36a20cc9bff5ee41c88d,downloaded,
515,재정사업자율평가,38,51621,FSL1004,2023년도 소관별 재정사업 자율평가 보고서,2024-05-31,기획재정부,https://www.openfiscaldata.go.kr/op/ko/fd/UOPKOFDA02?pageIndex=1&pageSize=8&ofdBrdId=FSL1004&ofdBrdiSeq=51621&ofdBrdiDtsClsCd=515,목차,2023회계연도 재정사업 자율평가 결과(중앙선거관리위원회),2023회계연도 재정사업 자율평가 결과(중앙선거관리위원회).pdf,F0000000000000004255,43,원문 없음: 표지를 제외한 제공 파일 다운로드,files/11_515_재정사업자율평가/2024-05-31_51621_2023년도 소관별 재정사업 자율평가 보고서/43_목차_2023회계연도 재정사업 자율평가 결과(중앙선거관리위원회).pdf,195161,746fa241b1fbd078bc1d8e747911df3849365070cef4e236517f6c646823b160,downloaded,
515,재정사업자율평가,38,51621,FSL1004,2023년도 소관별 재정사업 자율평가 보고서,2024-05-31,기획재정부,https://www.openfiscaldata.go.kr/op/ko/fd/UOPKOFDA02?pageIndex=1&pageSize=8&ofdBrdId=FSL1004&ofdBrdiSeq=51621&ofdBrdiDtsClsCd=515,목차,2023회계연도 재정사업 자율평가 결과(질병청),2023회계연도 재정사업 자율평가 결과(질병청).pdf,F0000000000000004255,44,원문 없음: 표지를 제외한 제공 파일 다운로드,files/11_515_재정사업자율평가/2024-05-31_51621_2023년도 소관별 재정사업 자율평가 보고서/44_목차_2023회계연도 재정사업 자율평가 결과(질병청).pdf,258373,7518278529d041a859ec28e23f91344a1f8742cb7dba138f4a32319eeaed28b1,downloaded,
515,재정사업자율평가,38,51621,FSL1004,2023년도 소관별 재정사업 자율평가 보고서,2024-05-31,기획재정부,https://www.openfiscaldata.go.kr/op/ko/fd/UOPKOFDA02?pageIndex=1&pageSize=8&ofdBrdId=FSL1004&ofdBrdiSeq=51621&ofdBrdiDtsClsCd=515,목차,2023회계연도 재정사업 자율평가 결과(통계청),2023회계연도 재정사업 자율평가 결과(통계청).pdf,F0000000000000004255,45,원문 없음: 표지를 제외한 제공 파일 다운로드,files/11_515_재정사업자율평가/2024-05-31_51621_2023년도 소관별 재정사업 자율평가 보고서/45_목차_2023회계연도 재정사업 자율평가 결과(통계청).pdf,391045,c9b1e8ee208df27991840f988603d7cda5f4de1cc13fbedd3acc5edb856f6b52,downloaded,
515,재정사업자율평가,38,51621,FSL1004,2023년도 소관별 재정사업 자율평가 보고서,2024-05-31,기획재정부,https://www.openfiscaldata.go.kr/op/ko/fd/UOPKOFDA02?pageIndex=1&pageSize=8&ofdBrdId=FSL1004&ofdBrdiSeq=51621&ofdBrdiDtsClsCd=515,목차,2023회계연도 재정사업 자율평가 결과(통일부),2023회계연도 재정사업 자율평가 결과(통일부).pdf,F0000000000000004255,46,원문 없음: 표지를 제외한 제공 파일 다운로드,files/11_515_재정사업자율평가/2024-05-31_51621_2023년도 소관별 재정사업 자율평가 보고서/46_목차_2023회계연도 재정사업 자율평가 결과(통일부).pdf,283116,4090d9d7f029cdef3c9db503264b30e3e92dfcb84a6a2e8d715a0a23bc45f3d6,downloaded,
515,재정사업자율평가,38,51621,FSL1004,2023년도 소관별 재정사업 자율평가 보고서,2024-05-31,기획재정부,https://www.openfiscaldata.go.kr/op/ko/fd/UOPKOFDA02?pageIndex=1&pageSize=8&ofdBrdId=FSL1004&ofdBrdiSeq=51621&ofdBrdiDtsClsCd=515,목차,2023회계연도 재정사업 자율평가 결과(해양경찰청),2023회계연도 재정사업 자율평가 결과(해양경찰청).pdf,F0000000000000004255,47,원문 없음: 표지를 제외한 제공 파일 다운로드,files/11_515_재정사업자율평가/2024-05-31_51621_2023년도 소관별 재정사업 자율평가 보고서/47_목차_2023회계연도 재정사업 자율평가 결과(해양경찰청).pdf,242347,cbd55c03c0165a36519f0192fe5724244180b71bfd6231152019dbc43c53cb4a,downloaded,
515,재정사업자율평가,38,51621,FSL1004,2023년도 소관별 재정사업 자율평가 보고서,2024-05-31,기획재정부,https://www.openfiscaldata.go.kr/op/ko/fd/UOPKOFDA02?pageIndex=1&pageSize=8&ofdBrdId=FSL1004&ofdBrdiSeq=51621&ofdBrdiDtsClsCd=515,목차,2023회계연도 재정사업 자율평가 결과(행복청),2023회계연도 재정사업 자율평가 결과(행복청).pdf,F0000000000000004255,48,원문 없음: 표지를 제외한 제공 파일 다운로드,files/11_515_재정사업자율평가/2024-05-31_51621_2023년도 소관별 재정사업 자율평가 보고서/48_목차_2023회계연도 재정사업 자율평가 결과(행복청).pdf,333046,9fe756ba57918b1c7dec046972697e81c8d4a1a388148a5c47bda668804175f5,downloaded,
515,재정사업자율평가,38,51621,FSL1004,2023년도 소관별 재정사업 자율평가 보고서,2024-05-31,기획재정부,https://www.openfiscaldata.go.kr/op/ko/fd/UOPKOFDA02?pageIndex=1&pageSize=8&ofdBrdId=FSL1004&ofdBrdiSeq=51621&ofdBrdiDtsClsCd=515,목차,2023회계연도 재정사업 자율평가 결과(행안부),2023회계연도 재정사업 자율평가 결과(행안부).pdf,F0000000000000004255,49,원문 없음: 표지를 제외한 제공 파일 다운로드,files/11_515_재정사업자율평가/2024-05-31_51621_2023년도 소관별 재정사업 자율평가 보고서/49_목차_2023회계연도 재정사업 자율평가 결과(행안부).pdf,631200,7fd521773b7600eef304fa2c12d9cedc2e010ddc63128ea68ed2f07e0d820fef,downloaded,
515,재정사업자율평가,38,51621,FSL1004,2023년도 소관별 재정사업 자율평가 보고서,2024-05-31,기획재정부,https://www.openfiscaldata.go.kr/op/ko/fd/UOPKOFDA02?pageIndex=1&pageSize=8&ofdBrdId=FSL1004&ofdBrdiSeq=51621&ofdBrdiDtsClsCd=515,목차,2023회계연도 재정사업 자율평가 결과(헌법재판소),2023회계연도 재정사업 자율평가 결과(헌법재판소).pdf,F0000000000000004255,50,원문 없음: 표지를 제외한 제공 파일 다운로드,files/11_515_재정사업자율평가/2024-05-31_51621_2023년도 소관별 재정사업 자율평가 보고서/50_목차_2023회계연도 재정사업 자율평가 결과(헌법재판소).pdf,78047,248b85585f68980d161d26ea2094aece322e73262711291dbb677d05c8026402,downloaded,
515,재정사업자율평가,38,51621,FSL1004,2023년도 소관별 재정사업 자율평가 보고서,2024-05-31,기획재정부,https://www.openfiscaldata.go.kr/op/ko/fd/UOPKOFDA02?pageIndex=1&pageSize=8&ofdBrdId=FSL1004&ofdBrdiSeq=51621&ofdBrdiDtsClsCd=515,목차,2023회계연도 재정사업 자율평가 결과(환경부),2023회계연도 재정사업 자율평가 결과(환경부).pdf,F0000000000000004255,51,원문 없음: 표지를 제외한 제공 파일 다운로드,files/11_515_재정사업자율평가/2024-05-31_51621_2023년도 소관별 재정사업 자율평가 보고서/51_목차_2023회계연도 재정사업 자율평가 결과(환경부).pdf,919729,e77d01279c3fc682d436ff6de60514981de26949b3b66eaa4fcba051dd008ac7,downloaded,
515,재정사업자율평가,38,51621,FSL1004,2023년도 소관별 재정사업 자율평가 보고서,2024-05-31,기획재정부,https://www.openfiscaldata.go.kr/op/ko/fd/UOPKOFDA02?pageIndex=1&pageSize=8&ofdBrdId=FSL1004&ofdBrdiSeq=51621&ofdBrdiDtsClsCd=515,목차,2023회계연도 재정사업자율평가 결과(외교부),2023회계연도 재정사업자율평가 결과(외교부).pdf,F0000000000000004255,52,원문 없음: 표지를 제외한 제공 파일 다운로드,files/11_515_재정사업자율평가/2024-05-31_51621_2023년도 소관별 재정사업 자율평가 보고서/52_목차_2023회계연도 재정사업자율평가 결과(외교부).pdf,1339674,4d759b1b7bbfba37766b6c14e8af02baf7e94e08cdcb47b3ee040ad90fdba6a9,downloaded,
515,재정사업자율평가,38,51558,FSL1004,2022년도 소관별 재정사업 자율평가 보고서,2023-05-31,기획재정부,https://www.openfiscaldata.go.kr/op/ko/fd/UOPKOFDA02?pageIndex=1&pageSize=8&ofdBrdId=FSL1004&ofdBrdiSeq=51558&ofdBrdiDtsClsCd=515,목차,2022회계연도 재정사업 자율평가 결과(5.18민주화운동 진상규명조사위원회),2022회계연도 재정사업 자율평가 결과(5.18민주화운동 진상규명조사위원회).hwp,F0000000000000004051,1,원문 없음: 표지를 제외한 제공 파일 다운로드,files/11_515_재정사업자율평가/2023-05-31_51558_2022년도 소관별 재정사업 자율평가 보고서/01_목차_2022회계연도 재정사업 자율평가 결과(5.18민주화운동 진상규명조사위원회).hwp,44032,30e724e47de2b22d05cee86cbdb421841b1b78ce6156d4199028948b537103da,downloaded,
515,재정사업자율평가,38,51558,FSL1004,2022년도 소관별 재정사업 자율평가 보고서,2023-05-31,기획재정부,https://www.openfiscaldata.go.kr/op/ko/fd/UOPKOFDA02?pageIndex=1&pageSize=8&ofdBrdId=FSL1004&ofdBrdiSeq=51558&ofdBrdiDtsClsCd=515,목차,2022회계연도 재정사업 자율평가 결과(개인정보보호위원회),2022회계연도 재정사업 자율평가 결과(개인정보보호위원회).hwpx,F0000000000000004051,2,원문 없음: 표지를 제외한 제공 파일 다운로드,files/11_515_재정사업자율평가/2023-05-31_51558_2022년도 소관별 재정사업 자율평가 보고서/02_목차_2022회계연도 재정사업 자율평가 결과(개인정보보호위원회).hwpx,47483,df2c8b74b7df6b63ea1804ad8707ad545ddcdb6a06ef5fc2b034d6655ef2bbaf,downloaded,
515,재정사업자율평가,38,51558,FSL1004,2022년도 소관별 재정사업 자율평가 보고서,2023-05-31,기획재정부,https://www.openfiscaldata.go.kr/op/ko/fd/UOPKOFDA02?pageIndex=1&pageSize=8&ofdBrdId=FSL1004&ofdBrdiSeq=51558&ofdBrdiDtsClsCd=515,목차,2022회계연도 재정사업 자율평가 결과(경찰청),2022회계연도 재정사업 자율평가 결과(경찰청).hwp,F0000000000000004051,3,원문 없음: 표지를 제외한 제공 파일 다운로드,files/11_515_재정사업자율평가/2023-05-31_51558_2022년도 소관별 재정사업 자율평가 보고서/03_목차_2022회계연도 재정사업 자율평가 결과(경찰청).hwp,68608,b62219f7287d66c6595d36d5dc7d13e1eab9868c0b4d1bef36a19ba0ddc9fe41,downloaded,
515,재정사업자율평가,38,51558,FSL1004,2022년도 소관별 재정사업 자율평가 보고서,2023-05-31,기획재정부,https://www.openfiscaldata.go.kr/op/ko/fd/UOPKOFDA02?pageIndex=1&pageSize=8&ofdBrdId=FSL1004&ofdBrdiSeq=51558&ofdBrdiDtsClsCd=515,목차,2022회계연도 재정사업 자율평가 결과(고용노동부),2022회계연도 재정사업 자율평가 결과(고용노동부).hwpx,F0000000000000004051,4,원문 없음: 표지를 제외한 제공 파일 다운로드,files/11_515_재정사업자율평가/2023-05-31_51558_2022년도 소관별 재정사업 자율평가 보고서/04_목차_2022회계연도 재정사업 자율평가 결과(고용노동부).hwpx,114324,dd0bfc09d0c0617f6b038beef896b84ffdb19424014703491c4650b3a93f4b13,downloaded,
515,재정사업자율평가,38,51558,FSL1004,2022년도 소관별 재정사업 자율평가 보고서,2023-05-31,기획재정부,https://www.openfiscaldata.go.kr/op/ko/fd/UOPKOFDA02?pageIndex=1&pageSize=8&ofdBrdId=FSL1004&ofdBrdiSeq=51558&ofdBrdiDtsClsCd=515,목차,2022회계연도 재정사업 자율평가 결과(공위공직자범죄수사처),2022회계연도 재정사업 자율평가 결과(공위공직자범죄수사처).hwp,F0000000000000004051,5,원문 없음: 표지를 제외한 제공 파일 다운로드,files/11_515_재정사업자율평가/2023-05-31_51558_2022년도 소관별 재정사업 자율평가 보고서/05_목차_2022회계연도 재정사업 자율평가 결과(공위공직자범죄수사처).hwp,146432,8fd83acd47ea5bd0d2d4f73f84231f587b768024d78e2cbc279d552c4c24c68e,downloaded,
515,재정사업자율평가,38,51558,FSL1004,2022년도 소관별 재정사업 자율평가 보고서,2023-05-31,기획재정부,https://www.openfiscaldata.go.kr/op/ko/fd/UOPKOFDA02?pageIndex=1&pageSize=8&ofdBrdId=FSL1004&ofdBrdiSeq=51558&ofdBrdiDtsClsCd=515,목차,2022회계연도 재정사업 자율평가 결과(공정거래위원회),2022회계연도 재정사업 자율평가 결과(공정거래위원회).hwpx,F0000000000000004051,6,원문 없음: 표지를 제외한 제공 파일 다운로드,files/11_515_재정사업자율평가/2023-05-31_51558_2022년도 소관별 재정사업 자율평가 보고서/06_목차_2022회계연도 재정사업 자율평가 결과(공정거래위원회).hwpx,55017,0dd88074cf1dc61f42c0f7dc475c1dc052a732445bcecb4470c23e5ed4699b36,downloaded,
515,재정사업자율평가,38,51558,FSL1004,2022년도 소관별 재정사업 자율평가 보고서,2023-05-31,기획재정부,https://www.openfiscaldata.go.kr/op/ko/fd/UOPKOFDA02?pageIndex=1&pageSize=8&ofdBrdId=FSL1004&ofdBrdiSeq=51558&ofdBrdiDtsClsCd=515,목차,2022회계연도 재정사업 자율평가 결과(과학기술정보통신부),2022회계연도 재정사업 자율평가 결과(과학기술정보통신부).hwp,F0000000000000004051,7,원문 없음: 표지를 제외한 제공 파일 다운로드,files/11_515_재정사업자율평가/2023-05-31_51558_2022년도 소관별 재정사업 자율평가 보고서/07_목차_2022회계연도 재정사업 자율평가 결과(과학기술정보통신부).hwp,130560,06d0e78b83c8031465e38a5b4d3dbd8bdfc9bf9a74b8c2613521674e8f3d4bb3,downloaded,
515,재정사업자율평가,38,51558,FSL1004,2022년도 소관별 재정사업 자율평가 보고서,2023-05-31,기획재정부,https://www.openfiscaldata.go.kr/op/ko/fd/UOPKOFDA02?pageIndex=1&pageSize=8&ofdBrdId=FSL1004&ofdBrdiSeq=51558&ofdBrdiDtsClsCd=515,목차,2022회계연도 재정사업 자율평가 결과(관세청),2022회계연도 재정사업 자율평가 결과(관세청).hwp,F0000000000000004051,8,원문 없음: 표지를 제외한 제공 파일 다운로드,files/11_515_재정사업자율평가/2023-05-31_51558_2022년도 소관별 재정사업 자율평가 보고서/08_목차_2022회계연도 재정사업 자율평가 결과(관세청).hwp,31744,727410fd27b3e07754a6b16b45541ca7851be22282e025a6e96f7ec13f381e07,downloaded,
515,재정사업자율평가,38,51558,FSL1004,2022년도 소관별 재정사업 자율평가 보고서,2023-05-31,기획재정부,https://www.openfiscaldata.go.kr/op/ko/fd/UOPKOFDA02?pageIndex=1&pageSize=8&ofdBrdId=FSL1004&ofdBrdiSeq=51558&ofdBrdiDtsClsCd=515,목차,2022회계연도 재정사업 자율평가 결과(교육부),2022회계연도 재정사업 자율평가 결과(교육부).hwpx,F0000000000000004051,9,원문 없음: 표지를 제외한 제공 파일 다운로드,files/11_515_재정사업자율평가/2023-05-31_51558_2022년도 소관별 재정사업 자율평가 보고서/09_목차_2022회계연도 재정사업 자율평가 결과(교육부).hwpx,88921,0ca91e42c3b16f4143ea563478a22051322546b5dc4918af41284f336e954ff6,downloaded,
515,재정사업자율평가,38,51558,FSL1004,2022년도 소관별 재정사업 자율평가 보고서,2023-05-31,기획재정부,https://www.openfiscaldata.go.kr/op/ko/fd/UOPKOFDA02?pageIndex=1&pageSize=8&ofdBrdId=FSL1004&ofdBrdiSeq=51558&ofdBrdiDtsClsCd=515,목차,2022회계연도 재정사업 자율평가 결과(국가보훈처),2022회계연도 재정사업 자율평가 결과(국가보훈처).hwpx,F0000000000000004051,10,원문 없음: 표지를 제외한 제공 파일 다운로드,files/11_515_재정사업자율평가/2023-05-31_51558_2022년도 소관별 재정사업 자율평가 보고서/10_목차_2022회계연도 재정사업 자율평가 결과(국가보훈처).hwpx,64202,2b16239338a03dba0c6b4baacef7be447b3eac558e019f6fb1a90830ac7db1b2,downloaded,
515,재정사업자율평가,38,51558,FSL1004,2022년도 소관별 재정사업 자율평가 보고서,2023-05-31,기획재정부,https://www.openfiscaldata.go.kr/op/ko/fd/UOPKOFDA02?pageIndex=1&pageSize=8&ofdBrdId=FSL1004&ofdBrdiSeq=51558&ofdBrdiDtsClsCd=515,목차,2022회계연도 재정사업 자율평가 결과(국민권익위원회),2022회계연도 재정사업 자율평가 결과(국민권익위원회).hwpx,F0000000000000004051,11,원문 없음: 표지를 제외한 제공 파일 다운로드,files/11_515_재정사업자율평가/2023-05-31_51558_2022년도 소관별 재정사업 자율평가 보고서/11_목차_2022회계연도 재정사업 자율평가 결과(국민권익위원회).hwpx,51233,28506924dfc05c7d219e277dc0bd0ec8abf4a1e9ed261c506e18639a74c4d1bd,downloaded,
515,재정사업자율평가,38,51558,FSL1004,2022년도 소관별 재정사업 자율평가 보고서,2023-05-31,기획재정부,https://www.openfiscaldata.go.kr/op/ko/fd/UOPKOFDA02?pageIndex=1&pageSize=8&ofdBrdId=FSL1004&ofdBrdiSeq=51558&ofdBrdiDtsClsCd=515,목차,2022회계연도 재정사업 자율평가 결과(국방부),2022회계연도 재정사업 자율평가 결과(국방부).hwp,F0000000000000004051,12,원문 없음: 표지를 제외한 제공 파일 다운로드,files/11_515_재정사업자율평가/2023-05-31_51558_2022년도 소관별 재정사업 자율평가 보고서/12_목차_2022회계연도 재정사업 자율평가 결과(국방부).hwp,117248,86c7de246cabb14d353b56652b35bc6e664de12ffdb4a6520160435d574cb59d,downloaded,
515,재정사업자율평가,38,51558,FSL1004,2022년도 소관별 재정사업 자율평가 보고서,2023-05-31,기획재정부,https://www.openfiscaldata.go.kr/op/ko/fd/UOPKOFDA02?pageIndex=1&pageSize=8&ofdBrdId=FSL1004&ofdBrdiSeq=51558&ofdBrdiDtsClsCd=515,목차,2022회계연도 재정사업 자율평가 결과(국세청),2022회계연도 재정사업 자율평가 결과(국세청).hwp,F0000000000000004051,13,원문 없음: 표지를 제외한 제공 파일 다운로드,files/11_515_재정사업자율평가/2023-05-31_51558_2022년도 소관별 재정사업 자율평가 보고서/13_목차_2022회계연도 재정사업 자율평가 결과(국세청).hwp,125952,616dc11e540b3e14d3065e214ec6d0f14c4131d27a2f723f4cfe7465699701fa,downloaded,
515,재정사업자율평가,38,51558,FSL1004,2022년도 소관별 재정사업 자율평가 보고서,2023-05-31,기획재정부,https://www.openfiscaldata.go.kr/op/ko/fd/UOPKOFDA02?pageIndex=1&pageSize=8&ofdBrdId=FSL1004&ofdBrdiSeq=51558&ofdBrdiDtsClsCd=515,목차,2022회계연도 재정사업 자율평가 결과(국토교통부),2022회계연도 재정사업 자율평가 결과(국토교통부).hwpx,F0000000000000004051,14,원문 없음: 표지를 제외한 제공 파일 다운로드,files/11_515_재정사업자율평가/2023-05-31_51558_2022년도 소관별 재정사업 자율평가 보고서/14_목차_2022회계연도 재정사업 자율평가 결과(국토교통부).hwpx,147099,05ba7d4d084a3900682902345dab5c3c5075a22b7b41b04d0f1d0d3ef68cec47,downloaded,
515,재정사업자율평가,38,51558,FSL1004,2022년도 소관별 재정사업 자율평가 보고서,2023-05-31,기획재정부,https://www.openfiscaldata.go.kr/op/ko/fd/UOPKOFDA02?pageIndex=1&pageSize=8&ofdBrdId=FSL1004&ofdBrdiSeq=51558&ofdBrdiDtsClsCd=515,목차,2022회계연도 재정사업 자율평가 결과(국회),2022회계연도 재정사업 자율평가 결과(국회).hwp,F0000000000000004051,15,원문 없음: 표지를 제외한 제공 파일 다운로드,files/11_515_재정사업자율평가/2023-05-31_51558_2022년도 소관별 재정사업 자율평가 보고서/15_목차_2022회계연도 재정사업 자율평가 결과(국회).hwp,31232,6519c4cddb97e534b6c0cb0a8cb8364cfa7e052c9140c3ae43d52e005c7b69b7,downloaded,
515,재정사업자율평가,38,51558,FSL1004,2022년도 소관별 재정사업 자율평가 보고서,2023-05-31,기획재정부,https://www.openfiscaldata.go.kr/op/ko/fd/UOPKOFDA02?pageIndex=1&pageSize=8&ofdBrdId=FSL1004&ofdBrdiSeq=51558&ofdBrdiDtsClsCd=515,목차,2022회계연도 재정사업 자율평가 결과(금융위원회),2022회계연도 재정사업 자율평가 결과(금융위원회).hwp,F0000000000000004051,16,원문 없음: 표지를 제외한 제공 파일 다운로드,files/11_515_재정사업자율평가/2023-05-31_51558_2022년도 소관별 재정사업 자율평가 보고서/16_목차_2022회계연도 재정사업 자율평가 결과(금융위원회).hwp,45568,6350b8eb793f50cf320004eecdf87adcde36b8baf19cd0e9be80f2ff035d869a,downloaded,
515,재정사업자율평가,38,51558,FSL1004,2022년도 소관별 재정사업 자율평가 보고서,2023-05-31,기획재정부,https://www.openfiscaldata.go.kr/op/ko/fd/UOPKOFDA02?pageIndex=1&pageSize=8&ofdBrdId=FSL1004&ofdBrdiSeq=51558&ofdBrdiDtsClsCd=515,목차,2022회계연도 재정사업 자율평가 결과(기상청),2022회계연도 재정사업 자율평가 결과(기상청).hwpx,F0000000000000004051,17,원문 없음: 표지를 제외한 제공 파일 다운로드,files/11_515_재정사업자율평가/2023-05-31_51558_2022년도 소관별 재정사업 자율평가 보고서/17_목차_2022회계연도 재정사업 자율평가 결과(기상청).hwpx,50222,d542980fcf236f01a95b7b4664893fec45b9b1cdcfd1be764481853d67ea455b,downloaded,
515,재정사업자율평가,38,51558,FSL1004,2022년도 소관별 재정사업 자율평가 보고서,2023-05-31,기획재정부,https://www.openfiscaldata.go.kr/op/ko/fd/UOPKOFDA02?pageIndex=1&pageSize=8&ofdBrdId=FSL1004&ofdBrdiSeq=51558&ofdBrdiDtsClsCd=515,목차,2022회계연도 재정사업 자율평가 결과(기획재정부),2022회계연도 재정사업 자율평가 결과(기획재정부).hwpx,F0000000000000004051,18,원문 없음: 표지를 제외한 제공 파일 다운로드,files/11_515_재정사업자율평가/2023-05-31_51558_2022년도 소관별 재정사업 자율평가 보고서/18_목차_2022회계연도 재정사업 자율평가 결과(기획재정부).hwpx,70773,d85da7739c6ff63754e2d2d8277d08078ba48f00964f195fdbf72075a4969002,downloaded,
515,재정사업자율평가,38,51558,FSL1004,2022년도 소관별 재정사업 자율평가 보고서,2023-05-31,기획재정부,https://www.openfiscaldata.go.kr/op/ko/fd/UOPKOFDA02?pageIndex=1&pageSize=8&ofdBrdId=FSL1004&ofdBrdiSeq=51558&ofdBrdiDtsClsCd=515,목차,2022회계연도 재정사업 자율평가 결과(농림축산식품부),2022회계연도 재정사업 자율평가 결과(농림축산식품부).hwp,F0000000000000004051,19,원문 없음: 표지를 제외한 제공 파일 다운로드,files/11_515_재정사업자율평가/2023-05-31_51558_2022년도 소관별 재정사업 자율평가 보고서/19_목차_2022회계연도 재정사업 자율평가 결과(농림축산식품부).hwp,147968,9411e22f2aeebd46304117267a409a6b72226af6cca89541f9e6bbc0d3b7fa81,downloaded,
515,재정사업자율평가,38,51558,FSL1004,2022년도 소관별 재정사업 자율평가 보고서,2023-05-31,기획재정부,https://www.openfiscaldata.go.kr/op/ko/fd/UOPKOFDA02?pageIndex=1&pageSize=8&ofdBrdId=FSL1004&ofdBrdiSeq=51558&ofdBrdiDtsClsCd=515,목차,2022회계연도 재정사업 자율평가 결과(농촌진흥청),2022회계연도 재정사업 자율평가 결과(농촌진흥청).hwpx,F0000000000000004051,20,원문 없음: 표지를 제외한 제공 파일 다운로드,files/11_515_재정사업자율평가/2023-05-31_51558_2022년도 소관별 재정사업 자율평가 보고서/20_목차_2022회계연도 재정사업 자율평가 결과(농촌진흥청).hwpx,56374,25e1709d2e21ff0439e7e187fe3f455736fad61f3a02197c11261d105ac9778a,downloaded,
515,재정사업자율평가,38,51558,FSL1004,2022년도 소관별 재정사업 자율평가 보고서,2023-05-31,기획재정부,https://www.openfiscaldata.go.kr/op/ko/fd/UOPKOFDA02?pageIndex=1&pageSize=8&ofdBrdId=FSL1004&ofdBrdiSeq=51558&ofdBrdiDtsClsCd=515,목차,2022회계연도 재정사업 자율평가 결과(대법원),2022회계연도 재정사업 자율평가 결과(대법원).hwp,F0000000000000004051,21,원문 없음: 표지를 제외한 제공 파일 다운로드,files/11_515_재정사업자율평가/2023-05-31_51558_2022년도 소관별 재정사업 자율평가 보고서/21_목차_2022회계연도 재정사업 자율평가 결과(대법원).hwp,29696,200a5262c78619c05a3b3094211cc9025cb3e2353e73036da93779528a8aa268,downloaded,
515,재정사업자율평가,38,51558,FSL1004,2022년도 소관별 재정사업 자율평가 보고서,2023-05-31,기획재정부,https://www.openfiscaldata.go.kr/op/ko/fd/UOPKOFDA02?pageIndex=1&pageSize=8&ofdBrdId=FSL1004&ofdBrdiSeq=51558&ofdBrdiDtsClsCd=515,목차,2022회계연도 재정사업 자율평가 결과(대통령경호처),2022회계연도 재정사업 자율평가 결과(대통령경호처).hwp,F0000000000000004051,22,원문 없음: 표지를 제외한 제공 파일 다운로드,files/11_515_재정사업자율평가/2023-05-31_51558_2022년도 소관별 재정사업 자율평가 보고서/22_목차_2022회계연도 재정사업 자율평가 결과(대통령경호처).hwp,32768,ffddf1da2b2da41a3c93fa286813d26e2365211d6f4a38a567577aced2556401,downloaded,
515,재정사업자율평가,38,51558,FSL1004,2022년도 소관별 재정사업 자율평가 보고서,2023-05-31,기획재정부,https://www.openfiscaldata.go.kr/op/ko/fd/UOPKOFDA02?pageIndex=1&pageSize=8&ofdBrdId=FSL1004&ofdBrdiSeq=51558&ofdBrdiDtsClsCd=515,목차,2022회계연도 재정사업 자율평가 결과(대통령비서실 및 국가안보실),2022회계연도 재정사업 자율평가 결과(대통령비서실 및 국가안보실).hwp,F0000000000000004051,23,원문 없음: 표지를 제외한 제공 파일 다운로드,files/11_515_재정사업자율평가/2023-05-31_51558_2022년도 소관별 재정사업 자율평가 보고서/23_목차_2022회계연도 재정사업 자율평가 결과(대통령비서실 및 국가안보실).hwp,29184,b49515edc1c3a3a660f123756587011728c4dcada34903871491d46016f62c5b,downloaded,
515,재정사업자율평가,38,51558,FSL1004,2022년도 소관별 재정사업 자율평가 보고서,2023-05-31,기획재정부,https://www.openfiscaldata.go.kr/op/ko/fd/UOPKOFDA02?pageIndex=1&pageSize=8&ofdBrdId=FSL1004&ofdBrdiSeq=51558&ofdBrdiDtsClsCd=515,목차,2022회계연도 재정사업 자율평가 결과(문화재청),2022회계연도 재정사업 자율평가 결과(문화재청).hwpx,F0000000000000004051,24,원문 없음: 표지를 제외한 제공 파일 다운로드,files/11_515_재정사업자율평가/2023-05-31_51558_2022년도 소관별 재정사업 자율평가 보고서/24_목차_2022회계연도 재정사업 자율평가 결과(문화재청).hwpx,250472,7b561a3b43b8a464ea511560dc0ac5c68776b051d994ab4cf9b703ee1cc6768d,downloaded,
515,재정사업자율평가,38,51558,FSL1004,2022년도 소관별 재정사업 자율평가 보고서,2023-05-31,기획재정부,https://www.openfiscaldata.go.kr/op/ko/fd/UOPKOFDA02?pageIndex=1&pageSize=8&ofdBrdId=FSL1004&ofdBrdiSeq=51558&ofdBrdiDtsClsCd=515,목차,2022회계연도 재정사업 자율평가 결과(문화체육관광부),2022회계연도 재정사업 자율평가 결과(문화체육관광부).hwp,F0000000000000004051,25,원문 없음: 표지를 제외한 제공 파일 다운로드,files/11_515_재정사업자율평가/2023-05-31_51558_2022년도 소관별 재정사업 자율평가 보고서/25_목차_2022회계연도 재정사업 자율평가 결과(문화체육관광부).hwp,266752,d3e76cf25d176a816966345a500de27b0e272978b67f56244ad1a9ce5267b480,downloaded,
515,재정사업자율평가,38,51558,FSL1004,2022년도 소관별 재정사업 자율평가 보고서,2023-05-31,기획재정부,https://www.openfiscaldata.go.kr/op/ko/fd/UOPKOFDA02?pageIndex=1&pageSize=8&ofdBrdId=FSL1004&ofdBrdiSeq=51558&ofdBrdiDtsClsCd=515,목차,2022회계연도 재정사업 자율평가 결과(민주평화통일자문회의),2022회계연도 재정사업 자율평가 결과(민주평화통일자문회의).hwp,F0000000000000004051,26,원문 없음: 표지를 제외한 제공 파일 다운로드,files/11_515_재정사업자율평가/2023-05-31_51558_2022년도 소관별 재정사업 자율평가 보고서/26_목차_2022회계연도 재정사업 자율평가 결과(민주평화통일자문회의).hwp,16384,cef9bd18ed8e90c9458d606202dd51cbf8a52f595745033fa7b4914820f60478,downloaded,
515,재정사업자율평가,38,51558,FSL1004,2022년도 소관별 재정사업 자율평가 보고서,2023-05-31,기획재정부,https://www.openfiscaldata.go.kr/op/ko/fd/UOPKOFDA02?pageIndex=1&pageSize=8&ofdBrdId=FSL1004&ofdBrdiSeq=51558&ofdBrdiDtsClsCd=515,목차,2022회계연도 재정사업 자율평가 결과(방송통신위원회),2022회계연도 재정사업 자율평가 결과(방송통신위원회).hwpx,F0000000000000004051,27,원문 없음: 표지를 제외한 제공 파일 다운로드,files/11_515_재정사업자율평가/2023-05-31_51558_2022년도 소관별 재정사업 자율평가 보고서/27_목차_2022회계연도 재정사업 자율평가 결과(방송통신위원회).hwpx,62517,1ecb2b0ec344721f17b7f01515ba47f35b8f48688356b41fd840adac707b31af,downloaded,
515,재정사업자율평가,38,51558,FSL1004,2022년도 소관별 재정사업 자율평가 보고서,2023-05-31,기획재정부,https://www.openfiscaldata.go.kr/op/ko/fd/UOPKOFDA02?pageIndex=1&pageSize=8&ofdBrdId=FSL1004&ofdBrdiSeq=51558&ofdBrdiDtsClsCd=515,목차,2022회계연도 재정사업 자율평가 결과(방위사업청),2022회계연도 재정사업 자율평가 결과(방위사업청).hwp,F0000000000000004051,28,원문 없음: 표지를 제외한 제공 파일 다운로드,files/11_515_재정사업자율평가/2023-05-31_51558_2022년도 소관별 재정사업 자율평가 보고서/28_목차_2022회계연도 재정사업 자율평가 결과(방위사업청).hwp,37888,cc144740f7e8f1d87c0adc7698a85e46f600f22ccdd815441ef2631f5a7d7114,downloaded,
515,재정사업자율평가,38,51558,FSL1004,2022년도 소관별 재정사업 자율평가 보고서,2023-05-31,기획재정부,https://www.openfiscaldata.go.kr/op/ko/fd/UOPKOFDA02?pageIndex=1&pageSize=8&ofdBrdId=FSL1004&ofdBrdiSeq=51558&ofdBrdiDtsClsCd=515,목차,2022회계연도 재정사업 자율평가 결과(법무부),2022회계연도 재정사업 자율평가 결과(법무부).hwp,F0000000000000004051,29,원문 없음: 표지를 제외한 제공 파일 다운로드,files/11_515_재정사업자율평가/2023-05-31_51558_2022년도 소관별 재정사업 자율평가 보고서/29_목차_2022회계연도 재정사업 자율평가 결과(법무부).hwp,66048,09ea2d2fe36ce8eb6845598f6f33d7f5c40850a9ccfb5867c1b935bd8415ffb4,downloaded,
515,재정사업자율평가,38,51558,FSL1004,2022년도 소관별 재정사업 자율평가 보고서,2023-05-31,기획재정부,https://www.openfiscaldata.go.kr/op/ko/fd/UOPKOFDA02?pageIndex=1&pageSize=8&ofdBrdId=FSL1004&ofdBrdiSeq=51558&ofdBrdiDtsClsCd=515,목차,2022회계연도 재정사업 자율평가 결과(법제처),2022회계연도 재정사업 자율평가 결과(법제처).hwpx,F0000000000000004051,30,원문 없음: 표지를 제외한 제공 파일 다운로드,files/11_515_재정사업자율평가/2023-05-31_51558_2022년도 소관별 재정사업 자율평가 보고서/30_목차_2022회계연도 재정사업 자율평가 결과(법제처).hwpx,4328073,1c56908dcfd831af12099296cf6d84ef9f3ebd6be007d86affa691ef4a343ba0,downloaded,
515,재정사업자율평가,38,51558,FSL1004,2022년도 소관별 재정사업 자율평가 보고서,2023-05-31,기획재정부,https://www.openfiscaldata.go.kr/op/ko/fd/UOPKOFDA02?pageIndex=1&pageSize=8&ofdBrdId=FSL1004&ofdBrdiSeq=51558&ofdBrdiDtsClsCd=515,목차,2022회계연도 재정사업 자율평가 결과(병무청),2022회계연도 재정사업 자율평가 결과(병무청).hwp,F0000000000000004051,31,원문 없음: 표지를 제외한 제공 파일 다운로드,files/11_515_재정사업자율평가/2023-05-31_51558_2022년도 소관별 재정사업 자율평가 보고서/31_목차_2022회계연도 재정사업 자율평가 결과(병무청).hwp,433664,e416959248e52b2d6e3c4cfa5d73b9b3f1a3504d7b4b3bc1e4551c071a1e161c,downloaded,
515,재정사업자율평가,38,51558,FSL1004,2022년도 소관별 재정사업 자율평가 보고서,2023-05-31,기획재정부,https://www.openfiscaldata.go.kr/op/ko/fd/UOPKOFDA02?pageIndex=1&pageSize=8&ofdBrdId=FSL1004&ofdBrdiSeq=51558&ofdBrdiDtsClsCd=515,목차,2022회계연도 재정사업 자율평가 결과(보건복지부),2022회계연도 재정사업 자율평가 결과(보건복지부).hwpx,F0000000000000004051,53,원문 없음: 표지를 제외한 제공 파일 다운로드,files/11_515_재정사업자율평가/2023-05-31_51558_2022년도 소관별 재정사업 자율평가 보고서/32_목차_2022회계연도 재정사업 자율평가 결과(보건복지부).hwpx,161949,47e26f03d5556f02476cc0e74241daf1b1b669466570bffd7eadae02ef21726d,downloaded,
515,재정사업자율평가,38,51558,FSL1004,2022년도 소관별 재정사업 자율평가 보고서,2023-05-31,기획재정부,https://www.openfiscaldata.go.kr/op/ko/fd/UOPKOFDA02?pageIndex=1&pageSize=8&ofdBrdId=FSL1004&ofdBrdiSeq=51558&ofdBrdiDtsClsCd=515,목차,2022회계연도 재정사업 자율평가 결과(산림청),2022회계연도 재정사업 자율평가 결과(산림청).hwpx,F0000000000000004051,33,원문 없음: 표지를 제외한 제공 파일 다운로드,files/11_515_재정사업자율평가/2023-05-31_51558_2022년도 소관별 재정사업 자율평가 보고서/33_목차_2022회계연도 재정사업 자율평가 결과(산림청).hwpx,70197,2ff4e1e81b2b6f3bfa143f75ac99f07127a3698d14aceddbaea4bb9b86d096f6,downloaded,
515,재정사업자율평가,38,51558,FSL1004,2022년도 소관별 재정사업 자율평가 보고서,2023-05-31,기획재정부,https://www.openfiscaldata.go.kr/op/ko/fd/UOPKOFDA02?pageIndex=1&pageSize=8&ofdBrdId=FSL1004&ofdBrdiSeq=51558&ofdBrdiDtsClsCd=515,목차,2022회계연도 재정사업 자율평가 결과(산업통상자원부),2022회계연도 재정사업 자율평가 결과(산업통상자원부).hwp,F0000000000000004051,34,원문 없음: 표지를 제외한 제공 파일 다운로드,files/11_515_재정사업자율평가/2023-05-31_51558_2022년도 소관별 재정사업 자율평가 보고서/34_목차_2022회계연도 재정사업 자율평가 결과(산업통상자원부).hwp,129536,d502a3ef0b73e8c5a92657d6ec10d34b7a86cfd772b4564b88542cb367965569,downloaded,
515,재정사업자율평가,38,51558,FSL1004,2022년도 소관별 재정사업 자율평가 보고서,2023-05-31,기획재정부,https://www.openfiscaldata.go.kr/op/ko/fd/UOPKOFDA02?pageIndex=1&pageSize=8&ofdBrdId=FSL1004&ofdBrdiSeq=51558&ofdBrdiDtsClsCd=515,목차,2022회계연도 재정사업 자율평가 결과(새만금개발청),2022회계연도 재정사업 자율평가 결과(새만금개발청).hwp,F0000000000000004051,35,원문 없음: 표지를 제외한 제공 파일 다운로드,files/11_515_재정사업자율평가/2023-05-31_51558_2022년도 소관별 재정사업 자율평가 보고서/35_목차_2022회계연도 재정사업 자율평가 결과(새만금개발청).hwp,47104,e3fa9433a9dcc2fd9573692ccc25c721f7386190a9228326bbdaed3e2e421ce6,downloaded,
515,재정사업자율평가,38,51558,FSL1004,2022년도 소관별 재정사업 자율평가 보고서,2023-05-31,기획재정부,https://www.openfiscaldata.go.kr/op/ko/fd/UOPKOFDA02?pageIndex=1&pageSize=8&ofdBrdId=FSL1004&ofdBrdiSeq=51558&ofdBrdiDtsClsCd=515,목차,2022회계연도 재정사업 자율평가 결과(식품의약품안전처),2022회계연도 재정사업 자율평가 결과(식품의약품안전처).hwpx,F0000000000000004051,36,원문 없음: 표지를 제외한 제공 파일 다운로드,files/11_515_재정사업자율평가/2023-05-31_51558_2022년도 소관별 재정사업 자율평가 보고서/36_목차_2022회계연도 재정사업 자율평가 결과(식품의약품안전처).hwpx,180330,7d278c65c63241c90028b365d83be5cc82fa8093a1b99c2c8173f9789a709db3,downloaded,
515,재정사업자율평가,38,51558,FSL1004,2022년도 소관별 재정사업 자율평가 보고서,2023-05-31,기획재정부,https://www.openfiscaldata.go.kr/op/ko/fd/UOPKOFDA02?pageIndex=1&pageSize=8&ofdBrdId=FSL1004&ofdBrdiSeq=51558&ofdBrdiDtsClsCd=515,목차,2022회계연도 재정사업 자율평가 결과(여성가족부),2022회계연도 재정사업 자율평가 결과(여성가족부).hwpx,F0000000000000004051,37,원문 없음: 표지를 제외한 제공 파일 다운로드,files/11_515_재정사업자율평가/2023-05-31_51558_2022년도 소관별 재정사업 자율평가 보고서/37_목차_2022회계연도 재정사업 자율평가 결과(여성가족부).hwpx,62759,78d5d75dbed267020f4892099b4c6e13b1675b1a6f4c004b59e9b773b80f7f31,downloaded,
515,재정사업자율평가,38,51558,FSL1004,2022년도 소관별 재정사업 자율평가 보고서,2023-05-31,기획재정부,https://www.openfiscaldata.go.kr/op/ko/fd/UOPKOFDA02?pageIndex=1&pageSize=8&ofdBrdId=FSL1004&ofdBrdiSeq=51558&ofdBrdiDtsClsCd=515,목차,2022회계연도 재정사업 자율평가 결과(외교부),2022회계연도 재정사업 자율평가 결과(외교부).hwp,F0000000000000004051,38,원문 없음: 표지를 제외한 제공 파일 다운로드,files/11_515_재정사업자율평가/2023-05-31_51558_2022년도 소관별 재정사업 자율평가 보고서/38_목차_2022회계연도 재정사업 자율평가 결과(외교부).hwp,138752,2cf4e0587cd54fbe9308c6f9757282f5a03bfd4eb3497c3c172b63213315a16c,downloaded,
515,재정사업자율평가,38,51558,FSL1004,2022년도 소관별 재정사업 자율평가 보고서,2023-05-31,기획재정부,https://www.openfiscaldata.go.kr/op/ko/fd/UOPKOFDA02?pageIndex=1&pageSize=8&ofdBrdId=FSL1004&ofdBrdiSeq=51558&ofdBrdiDtsClsCd=515,목차,2022회계연도 재정사업 자율평가 결과(원자력안전위원회),2022회계연도 재정사업 자율평가 결과(원자력안전위원회).hwpx,F0000000000000004051,39,원문 없음: 표지를 제외한 제공 파일 다운로드,files/11_515_재정사업자율평가/2023-05-31_51558_2022년도 소관별 재정사업 자율평가 보고서/39_목차_2022회계연도 재정사업 자율평가 결과(원자력안전위원회).hwpx,32254,a033af01ce802f4ad107a42a83252c993a4b4a4b12987d413884674ee874ee1b,downloaded,
515,재정사업자율평가,38,51558,FSL1004,2022년도 소관별 재정사업 자율평가 보고서,2023-05-31,기획재정부,https://www.openfiscaldata.go.kr/op/ko/fd/UOPKOFDA02?pageIndex=1&pageSize=8&ofdBrdId=FSL1004&ofdBrdiSeq=51558&ofdBrdiDtsClsCd=515,목차,2022회계연도 재정사업 자율평가 결과(인사혁신처),2022회계연도 재정사업 자율평가 결과(인사혁신처).hwp,F0000000000000004051,40,원문 없음: 표지를 제외한 제공 파일 다운로드,files/11_515_재정사업자율평가/2023-05-31_51558_2022년도 소관별 재정사업 자율평가 보고서/40_목차_2022회계연도 재정사업 자율평가 결과(인사혁신처).hwp,100864,46f28a2c875e640c68ca2ef1881b9539e257ee28324a22647248e1a007b5d06c,downloaded,
515,재정사업자율평가,38,51558,FSL1004,2022년도 소관별 재정사업 자율평가 보고서,2023-05-31,기획재정부,https://www.openfiscaldata.go.kr/op/ko/fd/UOPKOFDA02?pageIndex=1&pageSize=8&ofdBrdId=FSL1004&ofdBrdiSeq=51558&ofdBrdiDtsClsCd=515,목차,2022회계연도 재정사업 자율평가 결과(조달청),2022회계연도 재정사업 자율평가 결과(조달청).hwpx,F0000000000000004051,41,원문 없음: 표지를 제외한 제공 파일 다운로드,files/11_515_재정사업자율평가/2023-05-31_51558_2022년도 소관별 재정사업 자율평가 보고서/41_목차_2022회계연도 재정사업 자율평가 결과(조달청).hwpx,90204,214caeb99642d9ad004b4ffd3b4a8678cef2a98c9ae5b41fad0b7cb90fd9dd32,downloaded,
515,재정사업자율평가,38,51558,FSL1004,2022년도 소관별 재정사업 자율평가 보고서,2023-05-31,기획재정부,https://www.openfiscaldata.go.kr/op/ko/fd/UOPKOFDA02?pageIndex=1&pageSize=8&ofdBrdId=FSL1004&ofdBrdiSeq=51558&ofdBrdiDtsClsCd=515,목차,2022회계연도 재정사업 자율평가 결과(중소벤처기업부),2022회계연도 재정사업 자율평가 결과(중소벤처기업부).hwpx,F0000000000000004051,42,원문 없음: 표지를 제외한 제공 파일 다운로드,files/11_515_재정사업자율평가/2023-05-31_51558_2022년도 소관별 재정사업 자율평가 보고서/42_목차_2022회계연도 재정사업 자율평가 결과(중소벤처기업부).hwpx,113373,2d04d5aa5abdab761f26f3435fab9607b2c03da730f69974b061fa5a7faaaf23,downloaded,
515,재정사업자율평가,38,51558,FSL1004,2022년도 소관별 재정사업 자율평가 보고서,2023-05-31,기획재정부,https://www.openfiscaldata.go.kr/op/ko/fd/UOPKOFDA02?pageIndex=1&pageSize=8&ofdBrdId=FSL1004&ofdBrdiSeq=51558&ofdBrdiDtsClsCd=515,목차,2022회계연도 재정사업 자율평가 결과(중앙선거관리위원회),2022회계연도 재정사업 자율평가 결과(중앙선거관리위원회).hwp,F0000000000000004051,43,원문 없음: 표지를 제외한 제공 파일 다운로드,files/11_515_재정사업자율평가/2023-05-31_51558_2022년도 소관별 재정사업 자율평가 보고서/43_목차_2022회계연도 재정사업 자율평가 결과(중앙선거관리위원회).hwp,93696,22d2b5c8de59a13ad33c35379db8579228bcb20b363a123a26009130a6ea5132,downloaded,
515,재정사업자율평가,38,51558,FSL1004,2022년도 소관별 재정사업 자율평가 보고서,2023-05-31,기획재정부,https://www.openfiscaldata.go.kr/op/ko/fd/UOPKOFDA02?pageIndex=1&pageSize=8&ofdBrdId=FSL1004&ofdBrdiSeq=51558&ofdBrdiDtsClsCd=515,목차,2022회계연도 재정사업 자율평가 결과(질병관리청),2022회계연도 재정사업 자율평가 결과(질병관리청).hwpx,F0000000000000004051,44,원문 없음: 표지를 제외한 제공 파일 다운로드,files/11_515_재정사업자율평가/2023-05-31_51558_2022년도 소관별 재정사업 자율평가 보고서/44_목차_2022회계연도 재정사업 자율평가 결과(질병관리청).hwpx,53070,e90c34eac1d8f2949d0a624bfc27073fd93acf9b223372a7f16065eb59e047fc,downloaded,
515,재정사업자율평가,38,51558,FSL1004,2022년도 소관별 재정사업 자율평가 보고서,2023-05-31,기획재정부,https://www.openfiscaldata.go.kr/op/ko/fd/UOPKOFDA02?pageIndex=1&pageSize=8&ofdBrdId=FSL1004&ofdBrdiSeq=51558&ofdBrdiDtsClsCd=515,목차,2022회계연도 재정사업 자율평가 결과(통계청),2022회계연도 재정사업 자율평가 결과(통계청).hwpx,F0000000000000004051,45,원문 없음: 표지를 제외한 제공 파일 다운로드,files/11_515_재정사업자율평가/2023-05-31_51558_2022년도 소관별 재정사업 자율평가 보고서/45_목차_2022회계연도 재정사업 자율평가 결과(통계청).hwpx,475455,606a0fa004057bdfb03af8281bdea41405ddee838e98a700660203fe9eca9a13,downloaded,
515,재정사업자율평가,38,51558,FSL1004,2022년도 소관별 재정사업 자율평가 보고서,2023-05-31,기획재정부,https://www.openfiscaldata.go.kr/op/ko/fd/UOPKOFDA02?pageIndex=1&pageSize=8&ofdBrdId=FSL1004&ofdBrdiSeq=51558&ofdBrdiDtsClsCd=515,목차,2022회계연도 재정사업 자율평가 결과(통일부),2022회계연도 재정사업 자율평가 결과(통일부).hwpx,F0000000000000004051,46,원문 없음: 표지를 제외한 제공 파일 다운로드,files/11_515_재정사업자율평가/2023-05-31_51558_2022년도 소관별 재정사업 자율평가 보고서/46_목차_2022회계연도 재정사업 자율평가 결과(통일부).hwpx,61824,7d34e9e95f13266170720dd247e85773e81147f154d8f98283ede5d311b08a6e,downloaded,
515,재정사업자율평가,38,51558,FSL1004,2022년도 소관별 재정사업 자율평가 보고서,2023-05-31,기획재정부,https://www.openfiscaldata.go.kr/op/ko/fd/UOPKOFDA02?pageIndex=1&pageSize=8&ofdBrdId=FSL1004&ofdBrdiSeq=51558&ofdBrdiDtsClsCd=515,목차,2022회계연도 재정사업 자율평가 결과(해양경찰청),2022회계연도 재정사업 자율평가 결과(해양경찰청).hwpx,F0000000000000004051,47,원문 없음: 표지를 제외한 제공 파일 다운로드,files/11_515_재정사업자율평가/2023-05-31_51558_2022년도 소관별 재정사업 자율평가 보고서/47_목차_2022회계연도 재정사업 자율평가 결과(해양경찰청).hwpx,60551,b8e17d07766f1c0c2593e0718927e1c63744fb691ed4d0e587e95d04b59757c7,downloaded,
515,재정사업자율평가,38,51558,FSL1004,2022년도 소관별 재정사업 자율평가 보고서,2023-05-31,기획재정부,https://www.openfiscaldata.go.kr/op/ko/fd/UOPKOFDA02?pageIndex=1&pageSize=8&ofdBrdId=FSL1004&ofdBrdiSeq=51558&ofdBrdiDtsClsCd=515,목차,2022회계연도 재정사업 자율평가 결과(해양수산부),2022회계연도 재정사업 자율평가 결과(해양수산부).hwp,F0000000000000004051,48,원문 없음: 표지를 제외한 제공 파일 다운로드,files/11_515_재정사업자율평가/2023-05-31_51558_2022년도 소관별 재정사업 자율평가 보고서/48_목차_2022회계연도 재정사업 자율평가 결과(해양수산부).hwp,30517248,7e5528d0010fa91aa9d6d921c0e95db26ae001b41e3cc8d3a98497b739d80816,downloaded,
515,재정사업자율평가,38,51558,FSL1004,2022년도 소관별 재정사업 자율평가 보고서,2023-05-31,기획재정부,https://www.openfiscaldata.go.kr/op/ko/fd/UOPKOFDA02?pageIndex=1&pageSize=8&ofdBrdId=FSL1004&ofdBrdiSeq=51558&ofdBrdiDtsClsCd=515,목차,2022회계연도 재정사업 자율평가 결과(행정안전부),2022회계연도 재정사업 자율평가 결과(행정안전부).hwpx,F0000000000000004051,49,원문 없음: 표지를 제외한 제공 파일 다운로드,files/11_515_재정사업자율평가/2023-05-31_51558_2022년도 소관별 재정사업 자율평가 보고서/49_목차_2022회계연도 재정사업 자율평가 결과(행정안전부).hwpx,122205,14bd0e1a66394a66143b18f1c4d4afd7eb21c8d351db8924b35caa2d18946d4f,downloaded,
515,재정사업자율평가,38,51558,FSL1004,2022년도 소관별 재정사업 자율평가 보고서,2023-05-31,기획재정부,https://www.openfiscaldata.go.kr/op/ko/fd/UOPKOFDA02?pageIndex=1&pageSize=8&ofdBrdId=FSL1004&ofdBrdiSeq=51558&ofdBrdiDtsClsCd=515,목차,2022회계연도 재정사업 자율평가 결과(행정중심복합도시건설청),2022회계연도 재정사업 자율평가 결과(행정중심복합도시건설청).hwpx,F0000000000000004051,50,원문 없음: 표지를 제외한 제공 파일 다운로드,files/11_515_재정사업자율평가/2023-05-31_51558_2022년도 소관별 재정사업 자율평가 보고서/50_목차_2022회계연도 재정사업 자율평가 결과(행정중심복합도시건설청).hwpx,54627,3d9bed640f7e4d41ab3e4bb7d0887fadd72a61b90249b26fb7bdfb7ef024b780,downloaded,
515,재정사업자율평가,38,51558,FSL1004,2022년도 소관별 재정사업 자율평가 보고서,2023-05-31,기획재정부,https://www.openfiscaldata.go.kr/op/ko/fd/UOPKOFDA02?pageIndex=1&pageSize=8&ofdBrdId=FSL1004&ofdBrdiSeq=51558&ofdBrdiDtsClsCd=515,목차,2022회계연도 재정사업 자율평가 결과(헌법재판소),2022회계연도 재정사업 자율평가 결과(헌법재판소).hwp,F0000000000000004051,51,원문 없음: 표지를 제외한 제공 파일 다운로드,files/11_515_재정사업자율평가/2023-05-31_51558_2022년도 소관별 재정사업 자율평가 보고서/51_목차_2022회계연도 재정사업 자율평가 결과(헌법재판소).hwp,15872,49a1691885d1c919d0c470eb8985911075920cc9090116790ddf2fc346a6331d,downloaded,
515,재정사업자율평가,38,51558,FSL1004,2022년도 소관별 재정사업 자율평가 보고서,2023-05-31,기획재정부,https://www.openfiscaldata.go.kr/op/ko/fd/UOPKOFDA02?pageIndex=1&pageSize=8&ofdBrdId=FSL1004&ofdBrdiSeq=51558&ofdBrdiDtsClsCd=515,목차,2022회계연도 재정사업 자율평가 결과(환경부),2022회계연도 재정사업 자율평가 결과(환경부).hwp,F0000000000000004051,52,원문 없음: 표지를 제외한 제공 파일 다운로드,files/11_515_재정사업자율평가/2023-05-31_51558_2022년도 소관별 재정사업 자율평가 보고서/52_목차_2022회계연도 재정사업 자율평가 결과(환경부).hwp,167936,0ac3837eafccbbacff27364c0a5755517ce6b984a4f626ea4825ff40debb0590,downloaded,
515,재정사업자율평가,38,51523,FSL1004,2021년도 소관별 재정사업 자율평가 보고서,2022-06-08,기획재정부,https://www.openfiscaldata.go.kr/op/ko/fd/UOPKOFDA02?pageIndex=1&pageSize=8&ofdBrdId=FSL1004&ofdBrdiSeq=51523&ofdBrdiDtsClsCd=515,목차,2021회계연도 재정사업 자율평가 결과(5·18민주화운동 진상규명조사위원회),2021회계연도 재정사업 자율평가 결과(5·18민주화운동 진상규명조사위원회).hwp,F0000000000000003931,1,원문 없음: 표지를 제외한 제공 파일 다운로드,files/11_515_재정사업자율평가/2022-06-08_51523_2021년도 소관별 재정사업 자율평가 보고서/01_목차_2021회계연도 재정사업 자율평가 결과(5·18민주화운동 진상규명조사위원회).hwp,80384,350297eb304fc78aee91d0e25ab1ef32ac940c53ef3a311870038101a4316aa3,downloaded,
515,재정사업자율평가,38,51523,FSL1004,2021년도 소관별 재정사업 자율평가 보고서,2022-06-08,기획재정부,https://www.openfiscaldata.go.kr/op/ko/fd/UOPKOFDA02?pageIndex=1&pageSize=8&ofdBrdId=FSL1004&ofdBrdiSeq=51523&ofdBrdiDtsClsCd=515,목차,2021회계연도 재정사업 자율평가 결과(개인정보위원회),2021회계연도 재정사업 자율평가 결과(개인정보위원회).hwp,F0000000000000003931,2,원문 없음: 표지를 제외한 제공 파일 다운로드,files/11_515_재정사업자율평가/2022-06-08_51523_2021년도 소관별 재정사업 자율평가 보고서/02_목차_2021회계연도 재정사업 자율평가 결과(개인정보위원회).hwp,99840,df1f5befe65a105188b68de3c223a30a1b8b6e3d29fab738d6f66b036ae8dc2c,downloaded,
515,재정사업자율평가,38,51523,FSL1004,2021년도 소관별 재정사업 자율평가 보고서,2022-06-08,기획재정부,https://www.openfiscaldata.go.kr/op/ko/fd/UOPKOFDA02?pageIndex=1&pageSize=8&ofdBrdId=FSL1004&ofdBrdiSeq=51523&ofdBrdiDtsClsCd=515,목차,2021회계연도 재정사업 자율평가 결과(경찰청),2021회계연도 재정사업 자율평가 결과(경찰청).hwp,F0000000000000003931,3,원문 없음: 표지를 제외한 제공 파일 다운로드,files/11_515_재정사업자율평가/2022-06-08_51523_2021년도 소관별 재정사업 자율평가 보고서/03_목차_2021회계연도 재정사업 자율평가 결과(경찰청).hwp,9054208,b3659b426e6be306aeb0146c1bb968ce6f69aab92f721564d6c90fadfed2012c,downloaded,
515,재정사업자율평가,38,51523,FSL1004,2021년도 소관별 재정사업 자율평가 보고서,2022-06-08,기획재정부,https://www.openfiscaldata.go.kr/op/ko/fd/UOPKOFDA02?pageIndex=1&pageSize=8&ofdBrdId=FSL1004&ofdBrdiSeq=51523&ofdBrdiDtsClsCd=515,목차,2021회계연도 재정사업 자율평가 결과(고용노동부),2021회계연도 재정사업 자율평가 결과(고용노동부).hwp,F0000000000000003931,4,원문 없음: 표지를 제외한 제공 파일 다운로드,files/11_515_재정사업자율평가/2022-06-08_51523_2021년도 소관별 재정사업 자율평가 보고서/04_목차_2021회계연도 재정사업 자율평가 결과(고용노동부).hwp,149913600,88b566993a3a92c4976ae15e042eaf2a118f3e3d6b933385f51fd27f1340b6db,downloaded,
515,재정사업자율평가,38,51523,FSL1004,2021년도 소관별 재정사업 자율평가 보고서,2022-06-08,기획재정부,https://www.openfiscaldata.go.kr/op/ko/fd/UOPKOFDA02?pageIndex=1&pageSize=8&ofdBrdId=FSL1004&ofdBrdiSeq=51523&ofdBrdiDtsClsCd=515,목차,2021회계연도 재정사업 자율평가 결과(공정거래위원회),2021회계연도 재정사업 자율평가 결과(공정거래위원회).hwp,F0000000000000003931,5,원문 없음: 표지를 제외한 제공 파일 다운로드,files/11_515_재정사업자율평가/2022-06-08_51523_2021년도 소관별 재정사업 자율평가 보고서/05_목차_2021회계연도 재정사업 자율평가 결과(공정거래위원회).hwp,574976,d8d2e703c3025a3b0601093098741384fa6f8b24912eda269af532b3c957bbd3,downloaded,
515,재정사업자율평가,38,51523,FSL1004,2021년도 소관별 재정사업 자율평가 보고서,2022-06-08,기획재정부,https://www.openfiscaldata.go.kr/op/ko/fd/UOPKOFDA02?pageIndex=1&pageSize=8&ofdBrdId=FSL1004&ofdBrdiSeq=51523&ofdBrdiDtsClsCd=515,목차,2021회계연도 재정사업 자율평가 결과(과학기술정보통신부),2021회계연도 재정사업 자율평가 결과(과학기술정보통신부).hwp,F0000000000000003931,6,원문 없음: 표지를 제외한 제공 파일 다운로드,files/11_515_재정사업자율평가/2022-06-08_51523_2021년도 소관별 재정사업 자율평가 보고서/06_목차_2021회계연도 재정사업 자율평가 결과(과학기술정보통신부).hwp,17378304,28e164ce9f1f3c43430b3938db3916f5454d5abb4c9f544135839591f607d1a9,downloaded,
515,재정사업자율평가,38,51523,FSL1004,2021년도 소관별 재정사업 자율평가 보고서,2022-06-08,기획재정부,https://www.openfiscaldata.go.kr/op/ko/fd/UOPKOFDA02?pageIndex=1&pageSize=8&ofdBrdId=FSL1004&ofdBrdiSeq=51523&ofdBrdiDtsClsCd=515,목차,2021회계연도 재정사업 자율평가 결과(관세청),2021회계연도 재정사업 자율평가 결과(관세청).hwp,F0000000000000003931,7,원문 없음: 표지를 제외한 제공 파일 다운로드,files/11_515_재정사업자율평가/2022-06-08_51523_2021년도 소관별 재정사업 자율평가 보고서/07_목차_2021회계연도 재정사업 자율평가 결과(관세청).hwp,115200,6b9ee91277418011f46ef43efa0fc5ca0865cfa9270854a16eaaa05131b8ed36,downloaded,
515,재정사업자율평가,38,51523,FSL1004,2021년도 소관별 재정사업 자율평가 보고서,2022-06-08,기획재정부,https://www.openfiscaldata.go.kr/op/ko/fd/UOPKOFDA02?pageIndex=1&pageSize=8&ofdBrdId=FSL1004&ofdBrdiSeq=51523&ofdBrdiDtsClsCd=515,목차,2021회계연도 재정사업 자율평가 결과(교육부),2021회계연도 재정사업 자율평가 결과(교육부).hwp,F0000000000000003931,8,원문 없음: 표지를 제외한 제공 파일 다운로드,files/11_515_재정사업자율평가/2022-06-08_51523_2021년도 소관별 재정사업 자율평가 보고서/08_목차_2021회계연도 재정사업 자율평가 결과(교육부).hwp,9738752,0515259fb52d06f575fcb23bafe77c7c57d52ed0dbb10450eea8a24ad1ed8017,downloaded,
515,재정사업자율평가,38,51523,FSL1004,2021년도 소관별 재정사업 자율평가 보고서,2022-06-08,기획재정부,https://www.openfiscaldata.go.kr/op/ko/fd/UOPKOFDA02?pageIndex=1&pageSize=8&ofdBrdId=FSL1004&ofdBrdiSeq=51523&ofdBrdiDtsClsCd=515,목차,2021회계연도 재정사업 자율평가 결과(국가보훈처),2021회계연도 재정사업 자율평가 결과(국가보훈처).hwp,F0000000000000003931,9,원문 없음: 표지를 제외한 제공 파일 다운로드,files/11_515_재정사업자율평가/2022-06-08_51523_2021년도 소관별 재정사업 자율평가 보고서/09_목차_2021회계연도 재정사업 자율평가 결과(국가보훈처).hwp,3906560,2030712d88764d746bfb40cc5be97344db4e806db9abe09e461a45b915f33ccd,downloaded,
515,재정사업자율평가,38,51523,FSL1004,2021년도 소관별 재정사업 자율평가 보고서,2022-06-08,기획재정부,https://www.openfiscaldata.go.kr/op/ko/fd/UOPKOFDA02?pageIndex=1&pageSize=8&ofdBrdId=FSL1004&ofdBrdiSeq=51523&ofdBrdiDtsClsCd=515,목차,2021회계연도 재정사업 자율평가 결과(국가인권위원회),2021회계연도 재정사업 자율평가 결과(국가인권위원회).hwp,F0000000000000003931,10,원문 없음: 표지를 제외한 제공 파일 다운로드,files/11_515_재정사업자율평가/2022-06-08_51523_2021년도 소관별 재정사업 자율평가 보고서/10_목차_2021회계연도 재정사업 자율평가 결과(국가인권위원회).hwp,111616,770cb6aeb056d1d049c748b5989c80c7bef36f4e17f7fbc54d3440c030416286,downloaded,
515,재정사업자율평가,38,51523,FSL1004,2021년도 소관별 재정사업 자율평가 보고서,2022-06-08,기획재정부,https://www.openfiscaldata.go.kr/op/ko/fd/UOPKOFDA02?pageIndex=1&pageSize=8&ofdBrdId=FSL1004&ofdBrdiSeq=51523&ofdBrdiDtsClsCd=515,목차,2021회계연도 재정사업 자율평가 결과(국민권익위원회),2021회계연도 재정사업 자율평가 결과(국민권익위원회).hwp,F0000000000000003931,11,원문 없음: 표지를 제외한 제공 파일 다운로드,files/11_515_재정사업자율평가/2022-06-08_51523_2021년도 소관별 재정사업 자율평가 보고서/11_목차_2021회계연도 재정사업 자율평가 결과(국민권익위원회).hwp,196608,87e80f76aa760c4e64cc28f2d90aa825fb87b87a455caeee4e6c6e1567eea7d4,downloaded,
515,재정사업자율평가,38,51523,FSL1004,2021년도 소관별 재정사업 자율평가 보고서,2022-06-08,기획재정부,https://www.openfiscaldata.go.kr/op/ko/fd/UOPKOFDA02?pageIndex=1&pageSize=8&ofdBrdId=FSL1004&ofdBrdiSeq=51523&ofdBrdiDtsClsCd=515,목차,2021회계연도 재정사업 자율평가 결과(국방부),2021회계연도 재정사업 자율평가 결과(국방부).hwp,F0000000000000003931,12,원문 없음: 표지를 제외한 제공 파일 다운로드,files/11_515_재정사업자율평가/2022-06-08_51523_2021년도 소관별 재정사업 자율평가 보고서/12_목차_2021회계연도 재정사업 자율평가 결과(국방부).hwp,10865152,2a8e9d8022b5414657a309e21e27e6f930ae0429e06cb3db649a5576f34de9ce,downloaded,
515,재정사업자율평가,38,51523,FSL1004,2021년도 소관별 재정사업 자율평가 보고서,2022-06-08,기획재정부,https://www.openfiscaldata.go.kr/op/ko/fd/UOPKOFDA02?pageIndex=1&pageSize=8&ofdBrdId=FSL1004&ofdBrdiSeq=51523&ofdBrdiDtsClsCd=515,목차,2021회계연도 재정사업 자율평가 결과(국세청),2021회계연도 재정사업 자율평가 결과(국세청).hwp,F0000000000000003931,13,원문 없음: 표지를 제외한 제공 파일 다운로드,files/11_515_재정사업자율평가/2022-06-08_51523_2021년도 소관별 재정사업 자율평가 보고서/13_목차_2021회계연도 재정사업 자율평가 결과(국세청).hwp,94208,00867f4d7a58a57433a57096bfed21071f7a9f408ce37a2de23060c332490b36,downloaded,
515,재정사업자율평가,38,51523,FSL1004,2021년도 소관별 재정사업 자율평가 보고서,2022-06-08,기획재정부,https://www.openfiscaldata.go.kr/op/ko/fd/UOPKOFDA02?pageIndex=1&pageSize=8&ofdBrdId=FSL1004&ofdBrdiSeq=51523&ofdBrdiDtsClsCd=515,목차,2021회계연도 재정사업 자율평가 결과(국토교통부),2021회계연도 재정사업 자율평가 결과(국토교통부).hwp,F0000000000000003931,14,원문 없음: 표지를 제외한 제공 파일 다운로드,files/11_515_재정사업자율평가/2022-06-08_51523_2021년도 소관별 재정사업 자율평가 보고서/14_목차_2021회계연도 재정사업 자율평가 결과(국토교통부).hwp,493056,5511e68f6ee476fe470f7aa82cddb5f5fe684f4c3ad78265ffda31dde1db25d4,downloaded,
515,재정사업자율평가,38,51523,FSL1004,2021년도 소관별 재정사업 자율평가 보고서,2022-06-08,기획재정부,https://www.openfiscaldata.go.kr/op/ko/fd/UOPKOFDA02?pageIndex=1&pageSize=8&ofdBrdId=FSL1004&ofdBrdiSeq=51523&ofdBrdiDtsClsCd=515,목차,2021회계연도 재정사업 자율평가 결과(국회),2021회계연도 재정사업 자율평가 결과(국회).hwp,F0000000000000003931,15,원문 없음: 표지를 제외한 제공 파일 다운로드,files/11_515_재정사업자율평가/2022-06-08_51523_2021년도 소관별 재정사업 자율평가 보고서/15_목차_2021회계연도 재정사업 자율평가 결과(국회).hwp,21960704,1aeaf083b4e53d703b6f7c219fb88c3d6f64788ce9c6c69836c2ee139285d468,downloaded,
515,재정사업자율평가,38,51523,FSL1004,2021년도 소관별 재정사업 자율평가 보고서,2022-06-08,기획재정부,https://www.openfiscaldata.go.kr/op/ko/fd/UOPKOFDA02?pageIndex=1&pageSize=8&ofdBrdId=FSL1004&ofdBrdiSeq=51523&ofdBrdiDtsClsCd=515,목차,2021회계연도 재정사업 자율평가 결과(금융위원회),2021회계연도 재정사업 자율평가 결과(금융위원회).hwp,F0000000000000003931,16,원문 없음: 표지를 제외한 제공 파일 다운로드,files/11_515_재정사업자율평가/2022-06-08_51523_2021년도 소관별 재정사업 자율평가 보고서/16_목차_2021회계연도 재정사업 자율평가 결과(금융위원회).hwp,186880,2b299a265acf156f0d9ccf0323f7235e7cfea0293a9949458c1ad1e1b1f9767a,downloaded,
515,재정사업자율평가,38,51523,FSL1004,2021년도 소관별 재정사업 자율평가 보고서,2022-06-08,기획재정부,https://www.openfiscaldata.go.kr/op/ko/fd/UOPKOFDA02?pageIndex=1&pageSize=8&ofdBrdId=FSL1004&ofdBrdiSeq=51523&ofdBrdiDtsClsCd=515,목차,2021회계연도 재정사업 자율평가 결과(기상청),2021회계연도 재정사업 자율평가 결과(기상청).hwp,F0000000000000003931,17,원문 없음: 표지를 제외한 제공 파일 다운로드,files/11_515_재정사업자율평가/2022-06-08_51523_2021년도 소관별 재정사업 자율평가 보고서/17_목차_2021회계연도 재정사업 자율평가 결과(기상청).hwp,4021248,87139ee463977594e54adbd619bef73110dee8e7b1f3c2c094f5ebfa13cb7ad2,downloaded,
515,재정사업자율평가,38,51523,FSL1004,2021년도 소관별 재정사업 자율평가 보고서,2022-06-08,기획재정부,https://www.openfiscaldata.go.kr/op/ko/fd/UOPKOFDA02?pageIndex=1&pageSize=8&ofdBrdId=FSL1004&ofdBrdiSeq=51523&ofdBrdiDtsClsCd=515,목차,2021회계연도 재정사업 자율평가 결과(기획재정부),2021회계연도 재정사업 자율평가 결과(기획재정부).hwp,F0000000000000003931,18,원문 없음: 표지를 제외한 제공 파일 다운로드,files/11_515_재정사업자율평가/2022-06-08_51523_2021년도 소관별 재정사업 자율평가 보고서/18_목차_2021회계연도 재정사업 자율평가 결과(기획재정부).hwp,574464,7e5f84aeceea6a29eb624ef8196eeda1ec1531baf049808060842b04a2406ca6,downloaded,
515,재정사업자율평가,38,51523,FSL1004,2021년도 소관별 재정사업 자율평가 보고서,2022-06-08,기획재정부,https://www.openfiscaldata.go.kr/op/ko/fd/UOPKOFDA02?pageIndex=1&pageSize=8&ofdBrdId=FSL1004&ofdBrdiSeq=51523&ofdBrdiDtsClsCd=515,목차,2021회계연도 재정사업 자율평가 결과(농림축산식품부),2021회계연도 재정사업 자율평가 결과(농림축산식품부).hwpx,F0000000000000003931,19,원문 없음: 표지를 제외한 제공 파일 다운로드,files/11_515_재정사업자율평가/2022-06-08_51523_2021년도 소관별 재정사업 자율평가 보고서/19_목차_2021회계연도 재정사업 자율평가 결과(농림축산식품부).hwpx,16568947,5e4b23571b11de74b30ba5d0881d500a338dd76d11ca63f5b712adf70e84af30,downloaded,
515,재정사업자율평가,38,51523,FSL1004,2021년도 소관별 재정사업 자율평가 보고서,2022-06-08,기획재정부,https://www.openfiscaldata.go.kr/op/ko/fd/UOPKOFDA02?pageIndex=1&pageSize=8&ofdBrdId=FSL1004&ofdBrdiSeq=51523&ofdBrdiDtsClsCd=515,목차,2021회계연도 재정사업 자율평가 결과(농촌진흥청),2021회계연도 재정사업 자율평가 결과(농촌진흥청).hwp,F0000000000000003931,20,원문 없음: 표지를 제외한 제공 파일 다운로드,files/11_515_재정사업자율평가/2022-06-08_51523_2021년도 소관별 재정사업 자율평가 보고서/20_목차_2021회계연도 재정사업 자율평가 결과(농촌진흥청).hwp,9077760,d5b8a6edb8e162d68633ad208960a2cebc64327f671036ba92a9b74cbb45de7d,downloaded,
515,재정사업자율평가,38,51523,FSL1004,2021년도 소관별 재정사업 자율평가 보고서,2022-06-08,기획재정부,https://www.openfiscaldata.go.kr/op/ko/fd/UOPKOFDA02?pageIndex=1&pageSize=8&ofdBrdId=FSL1004&ofdBrdiSeq=51523&ofdBrdiDtsClsCd=515,목차,2021회계연도 재정사업 자율평가 결과(대법원),2021회계연도 재정사업 자율평가 결과(대법원).hwp,F0000000000000003931,21,원문 없음: 표지를 제외한 제공 파일 다운로드,files/11_515_재정사업자율평가/2022-06-08_51523_2021년도 소관별 재정사업 자율평가 보고서/21_목차_2021회계연도 재정사업 자율평가 결과(대법원).hwp,459264,29bef09842a76318af1f0fa9cebdab41d1506f718147614005c1e33bac1a220d,downloaded,
515,재정사업자율평가,38,51523,FSL1004,2021년도 소관별 재정사업 자율평가 보고서,2022-06-08,기획재정부,https://www.openfiscaldata.go.kr/op/ko/fd/UOPKOFDA02?pageIndex=1&pageSize=8&ofdBrdId=FSL1004&ofdBrdiSeq=51523&ofdBrdiDtsClsCd=515,목차,2021회계연도 재정사업 자율평가 결과(대통령경호처),2021회계연도 재정사업 자율평가 결과(대통령경호처).hwp,F0000000000000003931,22,원문 없음: 표지를 제외한 제공 파일 다운로드,files/11_515_재정사업자율평가/2022-06-08_51523_2021년도 소관별 재정사업 자율평가 보고서/22_목차_2021회계연도 재정사업 자율평가 결과(대통령경호처).hwp,32768,7eb7745895547a9536dd9bea993a80942b0002beac12b3d253deb2f3bcde4577,downloaded,
515,재정사업자율평가,38,51523,FSL1004,2021년도 소관별 재정사업 자율평가 보고서,2022-06-08,기획재정부,https://www.openfiscaldata.go.kr/op/ko/fd/UOPKOFDA02?pageIndex=1&pageSize=8&ofdBrdId=FSL1004&ofdBrdiSeq=51523&ofdBrdiDtsClsCd=515,목차,2021회계연도 재정사업 자율평가 결과(대통령비서실),2021회계연도 재정사업 자율평가 결과(대통령비서실).hwp,F0000000000000003931,23,원문 없음: 표지를 제외한 제공 파일 다운로드,files/11_515_재정사업자율평가/2022-06-08_51523_2021년도 소관별 재정사업 자율평가 보고서/23_목차_2021회계연도 재정사업 자율평가 결과(대통령비서실).hwp,95744,126b15324d06dfd63f83e67d167cab12a791c12e943e2f5789ed1b8df6cf827b,downloaded,
515,재정사업자율평가,38,51523,FSL1004,2021년도 소관별 재정사업 자율평가 보고서,2022-06-08,기획재정부,https://www.openfiscaldata.go.kr/op/ko/fd/UOPKOFDA02?pageIndex=1&pageSize=8&ofdBrdId=FSL1004&ofdBrdiSeq=51523&ofdBrdiDtsClsCd=515,목차,2021회계연도 재정사업 자율평가 결과(문화재청),2021회계연도 재정사업 자율평가 결과(문화재청).hwp,F0000000000000003931,24,원문 없음: 표지를 제외한 제공 파일 다운로드,files/11_515_재정사업자율평가/2022-06-08_51523_2021년도 소관별 재정사업 자율평가 보고서/24_목차_2021회계연도 재정사업 자율평가 결과(문화재청).hwp,1412608,6eaf0c18b56c7cc721e2f6eb4ac1091e964a6af7f8dcc4f26cdd7699673fb512,downloaded,
515,재정사업자율평가,38,51523,FSL1004,2021년도 소관별 재정사업 자율평가 보고서,2022-06-08,기획재정부,https://www.openfiscaldata.go.kr/op/ko/fd/UOPKOFDA02?pageIndex=1&pageSize=8&ofdBrdId=FSL1004&ofdBrdiSeq=51523&ofdBrdiDtsClsCd=515,목차,2021회계연도 재정사업 자율평가 결과(문화체육관광부),2021회계연도 재정사업 자율평가 결과(문화체육관광부).hwp,F0000000000000003931,25,원문 없음: 표지를 제외한 제공 파일 다운로드,files/11_515_재정사업자율평가/2022-06-08_51523_2021년도 소관별 재정사업 자율평가 보고서/25_목차_2021회계연도 재정사업 자율평가 결과(문화체육관광부).hwp,11249664,edfcab86e038d0b205a583e428e43ef59239dbea50314cce87366291bb53ad6e,downloaded,
515,재정사업자율평가,38,51523,FSL1004,2021년도 소관별 재정사업 자율평가 보고서,2022-06-08,기획재정부,https://www.openfiscaldata.go.kr/op/ko/fd/UOPKOFDA02?pageIndex=1&pageSize=8&ofdBrdId=FSL1004&ofdBrdiSeq=51523&ofdBrdiDtsClsCd=515,목차,2021회계연도 재정사업 자율평가 결과(민주평화통일자문회의),2021회계연도 재정사업 자율평가 결과(민주평화통일자문회의).hwp,F0000000000000003931,26,원문 없음: 표지를 제외한 제공 파일 다운로드,files/11_515_재정사업자율평가/2022-06-08_51523_2021년도 소관별 재정사업 자율평가 보고서/26_목차_2021회계연도 재정사업 자율평가 결과(민주평화통일자문회의).hwp,49152,50b395818735eed52b129beb0005ff532930600a4b4db2769545c4ef30418a89,downloaded,
515,재정사업자율평가,38,51523,FSL1004,2021년도 소관별 재정사업 자율평가 보고서,2022-06-08,기획재정부,https://www.openfiscaldata.go.kr/op/ko/fd/UOPKOFDA02?pageIndex=1&pageSize=8&ofdBrdId=FSL1004&ofdBrdiSeq=51523&ofdBrdiDtsClsCd=515,목차,2021회계연도 재정사업 자율평가 결과(방송통신위원회),2021회계연도 재정사업 자율평가 결과(방송통신위원회).hwp,F0000000000000003931,27,원문 없음: 표지를 제외한 제공 파일 다운로드,files/11_515_재정사업자율평가/2022-06-08_51523_2021년도 소관별 재정사업 자율평가 보고서/27_목차_2021회계연도 재정사업 자율평가 결과(방송통신위원회).hwp,3713536,373ef7eef04d077594cda10ffb03f130b5059cb834148046f926559d16e58cce,downloaded,
515,재정사업자율평가,38,51523,FSL1004,2021년도 소관별 재정사업 자율평가 보고서,2022-06-08,기획재정부,https://www.openfiscaldata.go.kr/op/ko/fd/UOPKOFDA02?pageIndex=1&pageSize=8&ofdBrdId=FSL1004&ofdBrdiSeq=51523&ofdBrdiDtsClsCd=515,목차,2021회계연도 재정사업 자율평가 결과(방위사업청),2021회계연도 재정사업 자율평가 결과(방위사업청).hwp,F0000000000000003931,28,원문 없음: 표지를 제외한 제공 파일 다운로드,files/11_515_재정사업자율평가/2022-06-08_51523_2021년도 소관별 재정사업 자율평가 보고서/28_목차_2021회계연도 재정사업 자율평가 결과(방위사업청).hwp,549376,651492a5afe3c5a5ab3be2829e0865ebd618acaa149d277cff43fa7a74441c42,downloaded,
515,재정사업자율평가,38,51523,FSL1004,2021년도 소관별 재정사업 자율평가 보고서,2022-06-08,기획재정부,https://www.openfiscaldata.go.kr/op/ko/fd/UOPKOFDA02?pageIndex=1&pageSize=8&ofdBrdId=FSL1004&ofdBrdiSeq=51523&ofdBrdiDtsClsCd=515,목차,2021회계연도 재정사업 자율평가 결과(법무부),2021회계연도 재정사업 자율평가 결과(법무부).hwp,F0000000000000003931,29,원문 없음: 표지를 제외한 제공 파일 다운로드,files/11_515_재정사업자율평가/2022-06-08_51523_2021년도 소관별 재정사업 자율평가 보고서/29_목차_2021회계연도 재정사업 자율평가 결과(법무부).hwp,436224,e8512403be34e1a6ca838de4de3d7d03cb0c570b6b6b42453e2a3a518655fad7,downloaded,
515,재정사업자율평가,38,51523,FSL1004,2021년도 소관별 재정사업 자율평가 보고서,2022-06-08,기획재정부,https://www.openfiscaldata.go.kr/op/ko/fd/UOPKOFDA02?pageIndex=1&pageSize=8&ofdBrdId=FSL1004&ofdBrdiSeq=51523&ofdBrdiDtsClsCd=515,목차,2021회계연도 재정사업 자율평가 결과(법제처),2021회계연도 재정사업 자율평가 결과(법제처).hwp,F0000000000000003931,30,원문 없음: 표지를 제외한 제공 파일 다운로드,files/11_515_재정사업자율평가/2022-06-08_51523_2021년도 소관별 재정사업 자율평가 보고서/30_목차_2021회계연도 재정사업 자율평가 결과(법제처).hwp,237568,7589d64059acba72ae9033b164769d6fce6ff4586d284b28dd6bdad101ff343d,downloaded,
515,재정사업자율평가,38,51523,FSL1004,2021년도 소관별 재정사업 자율평가 보고서,2022-06-08,기획재정부,https://www.openfiscaldata.go.kr/op/ko/fd/UOPKOFDA02?pageIndex=1&pageSize=8&ofdBrdId=FSL1004&ofdBrdiSeq=51523&ofdBrdiDtsClsCd=515,목차,2021회계연도 재정사업 자율평가 결과(병무청),2021회계연도 재정사업 자율평가 결과(병무청).hwp,F0000000000000003931,31,원문 없음: 표지를 제외한 제공 파일 다운로드,files/11_515_재정사업자율평가/2022-06-08_51523_2021년도 소관별 재정사업 자율평가 보고서/31_목차_2021회계연도 재정사업 자율평가 결과(병무청).hwp,2050560,b7a620a1596de9a46858628eabd4178d9c4d532da7d514520c34c44e8651d5d2,downloaded,
515,재정사업자율평가,38,51523,FSL1004,2021년도 소관별 재정사업 자율평가 보고서,2022-06-08,기획재정부,https://www.openfiscaldata.go.kr/op/ko/fd/UOPKOFDA02?pageIndex=1&pageSize=8&ofdBrdId=FSL1004&ofdBrdiSeq=51523&ofdBrdiDtsClsCd=515,목차,2021회계연도 재정사업 자율평가 결과(보건복지부),2021회계연도 재정사업 자율평가 결과(보건복지부).hwp,F0000000000000003931,32,원문 없음: 표지를 제외한 제공 파일 다운로드,files/11_515_재정사업자율평가/2022-06-08_51523_2021년도 소관별 재정사업 자율평가 보고서/32_목차_2021회계연도 재정사업 자율평가 결과(보건복지부).hwp,955904,f7f3e215d3058f9825a20ad407a5e817124593c2a79a6dce15b14c687717652a,downloaded,
515,재정사업자율평가,38,51523,FSL1004,2021년도 소관별 재정사업 자율평가 보고서,2022-06-08,기획재정부,https://www.openfiscaldata.go.kr/op/ko/fd/UOPKOFDA02?pageIndex=1&pageSize=8&ofdBrdId=FSL1004&ofdBrdiSeq=51523&ofdBrdiDtsClsCd=515,목차,2021회계연도 재정사업 자율평가 결과(산림청),2021회계연도 재정사업 자율평가 결과(산림청).hwp,F0000000000000003931,33,원문 없음: 표지를 제외한 제공 파일 다운로드,files/11_515_재정사업자율평가/2022-06-08_51523_2021년도 소관별 재정사업 자율평가 보고서/33_목차_2021회계연도 재정사업 자율평가 결과(산림청).hwp,318464,48e5b99e3fe81512fec4b1627f42f7b93b5067cca08cdced5bfa692ff4169c75,downloaded,
515,재정사업자율평가,38,51523,FSL1004,2021년도 소관별 재정사업 자율평가 보고서,2022-06-08,기획재정부,https://www.openfiscaldata.go.kr/op/ko/fd/UOPKOFDA02?pageIndex=1&pageSize=8&ofdBrdId=FSL1004&ofdBrdiSeq=51523&ofdBrdiDtsClsCd=515,목차,2021회계연도 재정사업 자율평가 결과(산업통상자원부),2021회계연도 재정사업 자율평가 결과(산업통상자원부).hwp,F0000000000000003931,34,원문 없음: 표지를 제외한 제공 파일 다운로드,files/11_515_재정사업자율평가/2022-06-08_51523_2021년도 소관별 재정사업 자율평가 보고서/34_목차_2021회계연도 재정사업 자율평가 결과(산업통상자원부).hwp,4389888,373c387ae44dba2a9a4eeedeefa5b86019807ea9753dca2d046e9da429cd75c8,downloaded,
515,재정사업자율평가,38,51523,FSL1004,2021년도 소관별 재정사업 자율평가 보고서,2022-06-08,기획재정부,https://www.openfiscaldata.go.kr/op/ko/fd/UOPKOFDA02?pageIndex=1&pageSize=8&ofdBrdId=FSL1004&ofdBrdiSeq=51523&ofdBrdiDtsClsCd=515,목차,2021회계연도 재정사업 자율평가 결과(새만금개발청),2021회계연도 재정사업 자율평가 결과(새만금개발청).hwp,F0000000000000003931,35,원문 없음: 표지를 제외한 제공 파일 다운로드,files/11_515_재정사업자율평가/2022-06-08_51523_2021년도 소관별 재정사업 자율평가 보고서/35_목차_2021회계연도 재정사업 자율평가 결과(새만금개발청).hwp,674304,b8e9e561e09e1244e0527f1c2efe484aa69ec16f56fb86b39b127d85a8c9ca75,downloaded,
515,재정사업자율평가,38,51523,FSL1004,2021년도 소관별 재정사업 자율평가 보고서,2022-06-08,기획재정부,https://www.openfiscaldata.go.kr/op/ko/fd/UOPKOFDA02?pageIndex=1&pageSize=8&ofdBrdId=FSL1004&ofdBrdiSeq=51523&ofdBrdiDtsClsCd=515,목차,2021회계연도 재정사업 자율평가 결과(식품의약품안전처),2021회계연도 재정사업 자율평가 결과(식품의약품안전처).hwp,F0000000000000003931,36,원문 없음: 표지를 제외한 제공 파일 다운로드,files/11_515_재정사업자율평가/2022-06-08_51523_2021년도 소관별 재정사업 자율평가 보고서/36_목차_2021회계연도 재정사업 자율평가 결과(식품의약품안전처).hwp,22959616,f77652416819a458bba9f6f6ad485753110a25c179cf301606dcb6f72074412d,downloaded,
515,재정사업자율평가,38,51523,FSL1004,2021년도 소관별 재정사업 자율평가 보고서,2022-06-08,기획재정부,https://www.openfiscaldata.go.kr/op/ko/fd/UOPKOFDA02?pageIndex=1&pageSize=8&ofdBrdId=FSL1004&ofdBrdiSeq=51523&ofdBrdiDtsClsCd=515,목차,2021회계연도 재정사업 자율평가 결과(여성가족부),2021회계연도 재정사업 자율평가 결과(여성가족부).hwp,F0000000000000003931,53,원문 없음: 표지를 제외한 제공 파일 다운로드,files/11_515_재정사업자율평가/2022-06-08_51523_2021년도 소관별 재정사업 자율평가 보고서/37_목차_2021회계연도 재정사업 자율평가 결과(여성가족부).hwp,336896,81eb93d8a3e6d728ed9f72d5c40b0e645f3b61847705c3152f7c852782693808,downloaded,
515,재정사업자율평가,38,51523,FSL1004,2021년도 소관별 재정사업 자율평가 보고서,2022-06-08,기획재정부,https://www.openfiscaldata.go.kr/op/ko/fd/UOPKOFDA02?pageIndex=1&pageSize=8&ofdBrdId=FSL1004&ofdBrdiSeq=51523&ofdBrdiDtsClsCd=515,목차,2021회계연도 재정사업 자율평가 결과(외교부),2021회계연도 재정사업 자율평가 결과(외교부).hwp,F0000000000000003931,38,원문 없음: 표지를 제외한 제공 파일 다운로드,files/11_515_재정사업자율평가/2022-06-08_51523_2021년도 소관별 재정사업 자율평가 보고서/38_목차_2021회계연도 재정사업 자율평가 결과(외교부).hwp,13384704,688a2c4be02c675d1f239776b181d62b3e7b44fbff1056306cf2dc78586c2771,downloaded,
515,재정사업자율평가,38,51523,FSL1004,2021년도 소관별 재정사업 자율평가 보고서,2022-06-08,기획재정부,https://www.openfiscaldata.go.kr/op/ko/fd/UOPKOFDA02?pageIndex=1&pageSize=8&ofdBrdId=FSL1004&ofdBrdiSeq=51523&ofdBrdiDtsClsCd=515,목차,2021회계연도 재정사업 자율평가 결과(원자력안전위원회),2021회계연도 재정사업 자율평가 결과(원자력안전위원회).hwp,F0000000000000003931,39,원문 없음: 표지를 제외한 제공 파일 다운로드,files/11_515_재정사업자율평가/2022-06-08_51523_2021년도 소관별 재정사업 자율평가 보고서/39_목차_2021회계연도 재정사업 자율평가 결과(원자력안전위원회).hwp,133632,9eed79002e5cf0f180e286d50be173fd1f92e54a1310e9c6ce5240ffab912706,downloaded,
515,재정사업자율평가,38,51523,FSL1004,2021년도 소관별 재정사업 자율평가 보고서,2022-06-08,기획재정부,https://www.openfiscaldata.go.kr/op/ko/fd/UOPKOFDA02?pageIndex=1&pageSize=8&ofdBrdId=FSL1004&ofdBrdiSeq=51523&ofdBrdiDtsClsCd=515,목차,2021회계연도 재정사업 자율평가 결과(인사혁신처),2021회계연도 재정사업 자율평가 결과(인사혁신처).hwp,F0000000000000003931,40,원문 없음: 표지를 제외한 제공 파일 다운로드,files/11_515_재정사업자율평가/2022-06-08_51523_2021년도 소관별 재정사업 자율평가 보고서/40_목차_2021회계연도 재정사업 자율평가 결과(인사혁신처).hwp,859136,5426797d7eb4bbcd7f37b847952bec23ece30f91ec19cf0d10110f081c7105eb,downloaded,
515,재정사업자율평가,38,51523,FSL1004,2021년도 소관별 재정사업 자율평가 보고서,2022-06-08,기획재정부,https://www.openfiscaldata.go.kr/op/ko/fd/UOPKOFDA02?pageIndex=1&pageSize=8&ofdBrdId=FSL1004&ofdBrdiSeq=51523&ofdBrdiDtsClsCd=515,목차,2021회계연도 재정사업 자율평가 결과(조달청),2021회계연도 재정사업 자율평가 결과(조달청).hwp,F0000000000000003931,41,원문 없음: 표지를 제외한 제공 파일 다운로드,files/11_515_재정사업자율평가/2022-06-08_51523_2021년도 소관별 재정사업 자율평가 보고서/41_목차_2021회계연도 재정사업 자율평가 결과(조달청).hwp,334336,04db60307c49e1190fc0324854e5769303127f3bf076584b836bdac36b73ec3e,downloaded,
515,재정사업자율평가,38,51523,FSL1004,2021년도 소관별 재정사업 자율평가 보고서,2022-06-08,기획재정부,https://www.openfiscaldata.go.kr/op/ko/fd/UOPKOFDA02?pageIndex=1&pageSize=8&ofdBrdId=FSL1004&ofdBrdiSeq=51523&ofdBrdiDtsClsCd=515,목차,2021회계연도 재정사업 자율평가 결과(중소벤처기업부),2021회계연도 재정사업 자율평가 결과(중소벤처기업부).hwp,F0000000000000003931,42,원문 없음: 표지를 제외한 제공 파일 다운로드,files/11_515_재정사업자율평가/2022-06-08_51523_2021년도 소관별 재정사업 자율평가 보고서/42_목차_2021회계연도 재정사업 자율평가 결과(중소벤처기업부).hwp,47076864,a7facfc4000675bbb47fa4449b4eb6a14ed8ac377b8791107ba30ff8b4f975d8,downloaded,
515,재정사업자율평가,38,51523,FSL1004,2021년도 소관별 재정사업 자율평가 보고서,2022-06-08,기획재정부,https://www.openfiscaldata.go.kr/op/ko/fd/UOPKOFDA02?pageIndex=1&pageSize=8&ofdBrdId=FSL1004&ofdBrdiSeq=51523&ofdBrdiDtsClsCd=515,목차,2021회계연도 재정사업 자율평가 결과(중앙선거관리위원회),2021회계연도 재정사업 자율평가 결과(중앙선거관리위원회).hwp,F0000000000000003931,43,원문 없음: 표지를 제외한 제공 파일 다운로드,files/11_515_재정사업자율평가/2022-06-08_51523_2021년도 소관별 재정사업 자율평가 보고서/43_목차_2021회계연도 재정사업 자율평가 결과(중앙선거관리위원회).hwp,185856,79137a2868bcdb3a85edb55c93aa7146468086aee7a99d9233171ab80013aed1,downloaded,
515,재정사업자율평가,38,51523,FSL1004,2021년도 소관별 재정사업 자율평가 보고서,2022-06-08,기획재정부,https://www.openfiscaldata.go.kr/op/ko/fd/UOPKOFDA02?pageIndex=1&pageSize=8&ofdBrdId=FSL1004&ofdBrdiSeq=51523&ofdBrdiDtsClsCd=515,목차,2021회계연도 재정사업 자율평가 결과(질병관리청),2021회계연도 재정사업 자율평가 결과(질병관리청).hwp,F0000000000000003931,44,원문 없음: 표지를 제외한 제공 파일 다운로드,files/11_515_재정사업자율평가/2022-06-08_51523_2021년도 소관별 재정사업 자율평가 보고서/44_목차_2021회계연도 재정사업 자율평가 결과(질병관리청).hwp,2704896,6bf4b9277acf4be290dec074c490c3df0391b903622fc4f96d8c97a8c0fa38cd,downloaded,
515,재정사업자율평가,38,51523,FSL1004,2021년도 소관별 재정사업 자율평가 보고서,2022-06-08,기획재정부,https://www.openfiscaldata.go.kr/op/ko/fd/UOPKOFDA02?pageIndex=1&pageSize=8&ofdBrdId=FSL1004&ofdBrdiSeq=51523&ofdBrdiDtsClsCd=515,목차,2021회계연도 재정사업 자율평가 결과(통계청),2021회계연도 재정사업 자율평가 결과(통계청).hwp,F0000000000000003931,45,원문 없음: 표지를 제외한 제공 파일 다운로드,files/11_515_재정사업자율평가/2022-06-08_51523_2021년도 소관별 재정사업 자율평가 보고서/45_목차_2021회계연도 재정사업 자율평가 결과(통계청).hwp,10599936,01bf36f88a627fb8e6b657fb0a2e6577384259a6b3ed696cbcea44b476eecd55,downloaded,
515,재정사업자율평가,38,51523,FSL1004,2021년도 소관별 재정사업 자율평가 보고서,2022-06-08,기획재정부,https://www.openfiscaldata.go.kr/op/ko/fd/UOPKOFDA02?pageIndex=1&pageSize=8&ofdBrdId=FSL1004&ofdBrdiSeq=51523&ofdBrdiDtsClsCd=515,목차,2021회계연도 재정사업 자율평가 결과(통일부),2021회계연도 재정사업 자율평가 결과(통일부).hwp,F0000000000000003931,46,원문 없음: 표지를 제외한 제공 파일 다운로드,files/11_515_재정사업자율평가/2022-06-08_51523_2021년도 소관별 재정사업 자율평가 보고서/46_목차_2021회계연도 재정사업 자율평가 결과(통일부).hwp,2836992,077b50a2a62af83925ea65cd6279de49972421983d618ad97f7e9524bd7a5bf7,downloaded,
515,재정사업자율평가,38,51523,FSL1004,2021년도 소관별 재정사업 자율평가 보고서,2022-06-08,기획재정부,https://www.openfiscaldata.go.kr/op/ko/fd/UOPKOFDA02?pageIndex=1&pageSize=8&ofdBrdId=FSL1004&ofdBrdiSeq=51523&ofdBrdiDtsClsCd=515,목차,2021회계연도 재정사업 자율평가 결과(해양경찰청),2021회계연도 재정사업 자율평가 결과(해양경찰청).hwp,F0000000000000003931,47,원문 없음: 표지를 제외한 제공 파일 다운로드,files/11_515_재정사업자율평가/2022-06-08_51523_2021년도 소관별 재정사업 자율평가 보고서/47_목차_2021회계연도 재정사업 자율평가 결과(해양경찰청).hwp,34956800,e9db814390a9bee070231ffe864b076ac838524265b2e62b5b7f891a3a438cfb,downloaded,
515,재정사업자율평가,38,51523,FSL1004,2021년도 소관별 재정사업 자율평가 보고서,2022-06-08,기획재정부,https://www.openfiscaldata.go.kr/op/ko/fd/UOPKOFDA02?pageIndex=1&pageSize=8&ofdBrdId=FSL1004&ofdBrdiSeq=51523&ofdBrdiDtsClsCd=515,목차,2021회계연도 재정사업 자율평가 결과(해양수산부),2021회계연도 재정사업 자율평가 결과(해양수산부).hwp,F0000000000000003931,48,원문 없음: 표지를 제외한 제공 파일 다운로드,files/11_515_재정사업자율평가/2022-06-08_51523_2021년도 소관별 재정사업 자율평가 보고서/48_목차_2021회계연도 재정사업 자율평가 결과(해양수산부).hwp,16468992,ebafcf347499f0d8274e53ddd27cb58967ce769020c033e8f1da5d37d18f2235,downloaded,
515,재정사업자율평가,38,51523,FSL1004,2021년도 소관별 재정사업 자율평가 보고서,2022-06-08,기획재정부,https://www.openfiscaldata.go.kr/op/ko/fd/UOPKOFDA02?pageIndex=1&pageSize=8&ofdBrdId=FSL1004&ofdBrdiSeq=51523&ofdBrdiDtsClsCd=515,목차,2021회계연도 재정사업 자율평가 결과(행정안전부),2021회계연도 재정사업 자율평가 결과(행정안전부).hwp,F0000000000000003931,49,원문 없음: 표지를 제외한 제공 파일 다운로드,files/11_515_재정사업자율평가/2022-06-08_51523_2021년도 소관별 재정사업 자율평가 보고서/49_목차_2021회계연도 재정사업 자율평가 결과(행정안전부).hwp,523776,f5421f283552c10b030a45c0ab36836b068278674709fb0709c3e8cae62ea825,downloaded,
515,재정사업자율평가,38,51523,FSL1004,2021년도 소관별 재정사업 자율평가 보고서,2022-06-08,기획재정부,https://www.openfiscaldata.go.kr/op/ko/fd/UOPKOFDA02?pageIndex=1&pageSize=8&ofdBrdId=FSL1004&ofdBrdiSeq=51523&ofdBrdiDtsClsCd=515,목차,2021회계연도 재정사업 자율평가 결과(행정중심복합도시건설청),2021회계연도 재정사업 자율평가 결과(행정중심복합도시건설청).hwp,F0000000000000003931,50,원문 없음: 표지를 제외한 제공 파일 다운로드,files/11_515_재정사업자율평가/2022-06-08_51523_2021년도 소관별 재정사업 자율평가 보고서/50_목차_2021회계연도 재정사업 자율평가 결과(행정중심복합도시건설청).hwp,67072,73cea4063fd4e86b9cd3e79986a91d7353979b56701807b4551832b35adf923c,downloaded,
515,재정사업자율평가,38,51523,FSL1004,2021년도 소관별 재정사업 자율평가 보고서,2022-06-08,기획재정부,https://www.openfiscaldata.go.kr/op/ko/fd/UOPKOFDA02?pageIndex=1&pageSize=8&ofdBrdId=FSL1004&ofdBrdiSeq=51523&ofdBrdiDtsClsCd=515,목차,2021회계연도 재정사업 자율평가 결과(헌법재판소),2021회계연도 재정사업 자율평가 결과(헌법재판소).hwp,F0000000000000003931,51,원문 없음: 표지를 제외한 제공 파일 다운로드,files/11_515_재정사업자율평가/2022-06-08_51523_2021년도 소관별 재정사업 자율평가 보고서/51_목차_2021회계연도 재정사업 자율평가 결과(헌법재판소).hwp,34816,cd1b94da6aa018fa98d35322a9238e71d60d85ae01e8df70fd646183d2e74bea,downloaded,
515,재정사업자율평가,38,51523,FSL1004,2021년도 소관별 재정사업 자율평가 보고서,2022-06-08,기획재정부,https://www.openfiscaldata.go.kr/op/ko/fd/UOPKOFDA02?pageIndex=1&pageSize=8&ofdBrdId=FSL1004&ofdBrdiSeq=51523&ofdBrdiDtsClsCd=515,목차,2021회계연도 재정사업 자율평가 결과(환경부),2021회계연도 재정사업 자율평가 결과(환경부).hwp,F0000000000000003931,52,원문 없음: 표지를 제외한 제공 파일 다운로드,files/11_515_재정사업자율평가/2022-06-08_51523_2021년도 소관별 재정사업 자율평가 보고서/52_목차_2021회계연도 재정사업 자율평가 결과(환경부).hwp,9804288,85802cf4c4573b22063c7eab49b62e20f18728d5c81c639227ca604ce5a889e7,downloaded,
515,재정사업자율평가,38,51485,FSL1004,2020년도 소관별 재정사업 자율평가 보고서(3),2021-05-31,기획재정부,https://www.openfiscaldata.go.kr/op/ko/fd/UOPKOFDA02?pageIndex=1&pageSize=8&ofdBrdId=FSL1004&ofdBrdiSeq=51485&ofdBrdiDtsClsCd=515,목차,2020년 재정사업자율평가보고서(중소벤처기업부),2020년 재정사업자율평가보고서(중소벤처기업부).pdf,F0000000000000003773,1,원문 없음: 표지를 제외한 제공 파일 다운로드,files/11_515_재정사업자율평가/2021-05-31_51485_2020년도 소관별 재정사업 자율평가 보고서(3)/01_목차_2020년 재정사업자율평가보고서(중소벤처기업부).pdf,2506736,653f23cda5f1625f8d1bb29c5f04caec531576b4f0397ad4da68524ef09bf282,downloaded,
515,재정사업자율평가,38,51485,FSL1004,2020년도 소관별 재정사업 자율평가 보고서(3),2021-05-31,기획재정부,https://www.openfiscaldata.go.kr/op/ko/fd/UOPKOFDA02?pageIndex=1&pageSize=8&ofdBrdId=FSL1004&ofdBrdiSeq=51485&ofdBrdiDtsClsCd=515,목차,2020년 재정사업자율평가보고서(중앙선거관리위원회),2020년 재정사업자율평가보고서(중앙선거관리위원회).pdf,F0000000000000003773,2,원문 없음: 표지를 제외한 제공 파일 다운로드,files/11_515_재정사업자율평가/2021-05-31_51485_2020년도 소관별 재정사업 자율평가 보고서(3)/02_목차_2020년 재정사업자율평가보고서(중앙선거관리위원회).pdf,660155,252963ab951dfa1818a236fe56f375f7ea3cab1a42ec81ff523daa6c92b2c011,downloaded,
515,재정사업자율평가,38,51485,FSL1004,2020년도 소관별 재정사업 자율평가 보고서(3),2021-05-31,기획재정부,https://www.openfiscaldata.go.kr/op/ko/fd/UOPKOFDA02?pageIndex=1&pageSize=8&ofdBrdId=FSL1004&ofdBrdiSeq=51485&ofdBrdiDtsClsCd=515,목차,2020년 재정사업자율평가보고서(질병관리청),2020년 재정사업자율평가보고서(질병관리청).pdf,F0000000000000003773,3,원문 없음: 표지를 제외한 제공 파일 다운로드,files/11_515_재정사업자율평가/2021-05-31_51485_2020년도 소관별 재정사업 자율평가 보고서(3)/03_목차_2020년 재정사업자율평가보고서(질병관리청).pdf,1237234,5cb438d4e96ea02d2790a096e66ad3eb905e1c1740987fe0d40e98ecc1e2b47f,downloaded,
515,재정사업자율평가,38,51485,FSL1004,2020년도 소관별 재정사업 자율평가 보고서(3),2021-05-31,기획재정부,https://www.openfiscaldata.go.kr/op/ko/fd/UOPKOFDA02?pageIndex=1&pageSize=8&ofdBrdId=FSL1004&ofdBrdiSeq=51485&ofdBrdiDtsClsCd=515,목차,2020년 재정사업자율평가보고서(통계청),2020년 재정사업자율평가보고서(통계청).pdf,F0000000000000003773,4,원문 없음: 표지를 제외한 제공 파일 다운로드,files/11_515_재정사업자율평가/2021-05-31_51485_2020년도 소관별 재정사업 자율평가 보고서(3)/04_목차_2020년 재정사업자율평가보고서(통계청).pdf,5273698,8b1ca8b6085f96f38e4f532d61cb95c97ca1877e8e744b6b2c24c71709991420,downloaded,
515,재정사업자율평가,38,51485,FSL1004,2020년도 소관별 재정사업 자율평가 보고서(3),2021-05-31,기획재정부,https://www.openfiscaldata.go.kr/op/ko/fd/UOPKOFDA02?pageIndex=1&pageSize=8&ofdBrdId=FSL1004&ofdBrdiSeq=51485&ofdBrdiDtsClsCd=515,목차,2020년 재정사업자율평가보고서(통일부),2020년 재정사업자율평가보고서(통일부).pdf,F0000000000000003773,5,원문 없음: 표지를 제외한 제공 파일 다운로드,files/11_515_재정사업자율평가/2021-05-31_51485_2020년도 소관별 재정사업 자율평가 보고서(3)/05_목차_2020년 재정사업자율평가보고서(통일부).pdf,2002325,3e092a80cbc51ffb9dd979382b714ca9a4fe046e905d4f3ad2569f8fa099fdb8,downloaded,
515,재정사업자율평가,38,51485,FSL1004,2020년도 소관별 재정사업 자율평가 보고서(3),2021-05-31,기획재정부,https://www.openfiscaldata.go.kr/op/ko/fd/UOPKOFDA02?pageIndex=1&pageSize=8&ofdBrdId=FSL1004&ofdBrdiSeq=51485&ofdBrdiDtsClsCd=515,목차,2020년 재정사업자율평가보고서(해양경찰청),2020년 재정사업자율평가보고서(해양경찰청).pdf,F0000000000000003773,6,원문 없음: 표지를 제외한 제공 파일 다운로드,files/11_515_재정사업자율평가/2021-05-31_51485_2020년도 소관별 재정사업 자율평가 보고서(3)/06_목차_2020년 재정사업자율평가보고서(해양경찰청).pdf,4080957,94a9e65a66a8a896706a03373e62338d0dd8ec064ea1b38c84dffba37ea4bdd0,downloaded,
515,재정사업자율평가,38,51485,FSL1004,2020년도 소관별 재정사업 자율평가 보고서(3),2021-05-31,기획재정부,https://www.openfiscaldata.go.kr/op/ko/fd/UOPKOFDA02?pageIndex=1&pageSize=8&ofdBrdId=FSL1004&ofdBrdiSeq=51485&ofdBrdiDtsClsCd=515,목차,2020년 재정사업자율평가보고서(해양수산부),2020년 재정사업자율평가보고서(해양수산부).pdf,F0000000000000003773,7,원문 없음: 표지를 제외한 제공 파일 다운로드,files/11_515_재정사업자율평가/2021-05-31_51485_2020년도 소관별 재정사업 자율평가 보고서(3)/07_목차_2020년 재정사업자율평가보고서(해양수산부).pdf,7474662,2b18100867a27ba50faf23a10da0c604510ade57b456947256a9ba9bf0b7ba94,downloaded,
515,재정사업자율평가,38,51485,FSL1004,2020년도 소관별 재정사업 자율평가 보고서(3),2021-05-31,기획재정부,https://www.openfiscaldata.go.kr/op/ko/fd/UOPKOFDA02?pageIndex=1&pageSize=8&ofdBrdId=FSL1004&ofdBrdiSeq=51485&ofdBrdiDtsClsCd=515,목차,2020년 재정사업자율평가보고서(행정안전부),2020년 재정사업자율평가보고서(행정안전부).pdf,F0000000000000003773,8,원문 없음: 표지를 제외한 제공 파일 다운로드,files/11_515_재정사업자율평가/2021-05-31_51485_2020년도 소관별 재정사업 자율평가 보고서(3)/08_목차_2020년 재정사업자율평가보고서(행정안전부).pdf,1799872,f6ab525edb4743ea52486869f34640bbf2aafe011144c3f696caca32b5b380e4,downloaded,
515,재정사업자율평가,38,51485,FSL1004,2020년도 소관별 재정사업 자율평가 보고서(3),2021-05-31,기획재정부,https://www.openfiscaldata.go.kr/op/ko/fd/UOPKOFDA02?pageIndex=1&pageSize=8&ofdBrdId=FSL1004&ofdBrdiSeq=51485&ofdBrdiDtsClsCd=515,목차,2020년 재정사업자율평가보고서(행정중심복합도시건설청),2020년 재정사업자율평가보고서(행정중심복합도시건설청).pdf,F0000000000000003773,9,원문 없음: 표지를 제외한 제공 파일 다운로드,files/11_515_재정사업자율평가/2021-05-31_51485_2020년도 소관별 재정사업 자율평가 보고서(3)/09_목차_2020년 재정사업자율평가보고서(행정중심복합도시건설청).pdf,524171,7dea36a358bd846e53e944ddc0db0fb11ad0b8c8ebd96259a903da7640d68793,downloaded,
515,재정사업자율평가,38,51485,FSL1004,2020년도 소관별 재정사업 자율평가 보고서(3),2021-05-31,기획재정부,https://www.openfiscaldata.go.kr/op/ko/fd/UOPKOFDA02?pageIndex=1&pageSize=8&ofdBrdId=FSL1004&ofdBrdiSeq=51485&ofdBrdiDtsClsCd=515,목차,2020년 재정사업자율평가보고서(헌법재판소),2020년 재정사업자율평가보고서(헌법재판소).pdf,F0000000000000003773,10,원문 없음: 표지를 제외한 제공 파일 다운로드,files/11_515_재정사업자율평가/2021-05-31_51485_2020년도 소관별 재정사업 자율평가 보고서(3)/10_목차_2020년 재정사업자율평가보고서(헌법재판소).pdf,400574,cd1a22ced7f7b4c02464569455cb4c6f7a062ae85fc6d0d3c477f18ee8221221,downloaded,
515,재정사업자율평가,38,51485,FSL1004,2020년도 소관별 재정사업 자율평가 보고서(3),2021-05-31,기획재정부,https://www.openfiscaldata.go.kr/op/ko/fd/UOPKOFDA02?pageIndex=1&pageSize=8&ofdBrdId=FSL1004&ofdBrdiSeq=51485&ofdBrdiDtsClsCd=515,목차,2020년 재정사업자율평가보고서(환경부),2020년 재정사업자율평가보고서(환경부).pdf,F0000000000000003773,11,원문 없음: 표지를 제외한 제공 파일 다운로드,files/11_515_재정사업자율평가/2021-05-31_51485_2020년도 소관별 재정사업 자율평가 보고서(3)/11_목차_2020년 재정사업자율평가보고서(환경부).pdf,1878362,cb9bf01f6eeaf2e502a3a175f8d8ddfcd390020a823a1780f5c13a9e9b09965b,downloaded,
515,재정사업자율평가,38,51484,FSL1004,2020년도 소관별 재정사업 자율평가 보고서(2),2021-05-31,기획재정부,https://www.openfiscaldata.go.kr/op/ko/fd/UOPKOFDA02?pageIndex=1&pageSize=8&ofdBrdId=FSL1004&ofdBrdiSeq=51484&ofdBrdiDtsClsCd=515,목차,2020년 재정사업자율평가보고서(대통령비서실),2020년 재정사업자율평가보고서(대통령비서실).pdf,F0000000000000003772,1,원문 없음: 표지를 제외한 제공 파일 다운로드,files/11_515_재정사업자율평가/2021-05-31_51484_2020년도 소관별 재정사업 자율평가 보고서(2)/01_목차_2020년 재정사업자율평가보고서(대통령비서실).pdf,477655,6f959b61a1af9de7e603d002102601898e398b1219272efa1d46c9228f3939cb,downloaded,
515,재정사업자율평가,38,51484,FSL1004,2020년도 소관별 재정사업 자율평가 보고서(2),2021-05-31,기획재정부,https://www.openfiscaldata.go.kr/op/ko/fd/UOPKOFDA02?pageIndex=1&pageSize=8&ofdBrdId=FSL1004&ofdBrdiSeq=51484&ofdBrdiDtsClsCd=515,목차,2020년 재정사업자율평가보고서(문화재청),2020년 재정사업자율평가보고서(문화재청).pdf,F0000000000000003772,2,원문 없음: 표지를 제외한 제공 파일 다운로드,files/11_515_재정사업자율평가/2021-05-31_51484_2020년도 소관별 재정사업 자율평가 보고서(2)/02_목차_2020년 재정사업자율평가보고서(문화재청).pdf,1700976,f7ed37023a7fc5f32609356e7c0bd97743183a1fdd1cb86c7991070e6f9eba9b,downloaded,
515,재정사업자율평가,38,51484,FSL1004,2020년도 소관별 재정사업 자율평가 보고서(2),2021-05-31,기획재정부,https://www.openfiscaldata.go.kr/op/ko/fd/UOPKOFDA02?pageIndex=1&pageSize=8&ofdBrdId=FSL1004&ofdBrdiSeq=51484&ofdBrdiDtsClsCd=515,목차,2020년 재정사업자율평가보고서(문화체육관광부),2020년 재정사업자율평가보고서(문화체육관광부).pdf,F0000000000000003772,3,원문 없음: 표지를 제외한 제공 파일 다운로드,files/11_515_재정사업자율평가/2021-05-31_51484_2020년도 소관별 재정사업 자율평가 보고서(2)/03_목차_2020년 재정사업자율평가보고서(문화체육관광부).pdf,5951816,97a671ccb4a47cbd6b180736349352272eef0ce6e45bfd2d9514d53e97effc18,downloaded,
515,재정사업자율평가,38,51484,FSL1004,2020년도 소관별 재정사업 자율평가 보고서(2),2021-05-31,기획재정부,https://www.openfiscaldata.go.kr/op/ko/fd/UOPKOFDA02?pageIndex=1&pageSize=8&ofdBrdId=FSL1004&ofdBrdiSeq=51484&ofdBrdiDtsClsCd=515,목차,2020년 재정사업자율평가보고서(민주평화통일자문회의),2020년 재정사업자율평가보고서(민주평화통일자문회의).pdf,F0000000000000003772,4,원문 없음: 표지를 제외한 제공 파일 다운로드,files/11_515_재정사업자율평가/2021-05-31_51484_2020년도 소관별 재정사업 자율평가 보고서(2)/04_목차_2020년 재정사업자율평가보고서(민주평화통일자문회의).pdf,554006,0b393d2ef05a01775802fca10def0216a0bd03ce460570b99bfb2c9296b9f614,downloaded,
515,재정사업자율평가,38,51484,FSL1004,2020년도 소관별 재정사업 자율평가 보고서(2),2021-05-31,기획재정부,https://www.openfiscaldata.go.kr/op/ko/fd/UOPKOFDA02?pageIndex=1&pageSize=8&ofdBrdId=FSL1004&ofdBrdiSeq=51484&ofdBrdiDtsClsCd=515,목차,2020년 재정사업자율평가보고서(방송통신위원회),2020년 재정사업자율평가보고서(방송통신위원회).pdf,F0000000000000003772,5,원문 없음: 표지를 제외한 제공 파일 다운로드,files/11_515_재정사업자율평가/2021-05-31_51484_2020년도 소관별 재정사업 자율평가 보고서(2)/05_목차_2020년 재정사업자율평가보고서(방송통신위원회).pdf,1732760,6919287907d64d374aeb232cca9e77f1441a70398710e6079669e60db68152e0,downloaded,
515,재정사업자율평가,38,51484,FSL1004,2020년도 소관별 재정사업 자율평가 보고서(2),2021-05-31,기획재정부,https://www.openfiscaldata.go.kr/op/ko/fd/UOPKOFDA02?pageIndex=1&pageSize=8&ofdBrdId=FSL1004&ofdBrdiSeq=51484&ofdBrdiDtsClsCd=515,목차,2020년 재정사업자율평가보고서(방위사업청),2020년 재정사업자율평가보고서(방위사업청).pdf,F0000000000000003772,6,원문 없음: 표지를 제외한 제공 파일 다운로드,files/11_515_재정사업자율평가/2021-05-31_51484_2020년도 소관별 재정사업 자율평가 보고서(2)/06_목차_2020년 재정사업자율평가보고서(방위사업청).pdf,1909841,9781705cd70ab243a0b0db3c1e1c0c0e8b0793288f3da832d6060bb9820d5ea0,downloaded,
515,재정사업자율평가,38,51484,FSL1004,2020년도 소관별 재정사업 자율평가 보고서(2),2021-05-31,기획재정부,https://www.openfiscaldata.go.kr/op/ko/fd/UOPKOFDA02?pageIndex=1&pageSize=8&ofdBrdId=FSL1004&ofdBrdiSeq=51484&ofdBrdiDtsClsCd=515,목차,2020년 재정사업자율평가보고서(법무부),2020년 재정사업자율평가보고서(법무부).pdf,F0000000000000003772,7,원문 없음: 표지를 제외한 제공 파일 다운로드,files/11_515_재정사업자율평가/2021-05-31_51484_2020년도 소관별 재정사업 자율평가 보고서(2)/07_목차_2020년 재정사업자율평가보고서(법무부).pdf,2089312,6e4c5e2bfe8403794de7e021d4488a22faafde49d02ab3d0b418ec39bb40f560,downloaded,
515,재정사업자율평가,38,51484,FSL1004,2020년도 소관별 재정사업 자율평가 보고서(2),2021-05-31,기획재정부,https://www.openfiscaldata.go.kr/op/ko/fd/UOPKOFDA02?pageIndex=1&pageSize=8&ofdBrdId=FSL1004&ofdBrdiSeq=51484&ofdBrdiDtsClsCd=515,목차,2020년 재정사업자율평가보고서(법제처),2020년 재정사업자율평가보고서(법제처).pdf,F0000000000000003772,8,원문 없음: 표지를 제외한 제공 파일 다운로드,files/11_515_재정사업자율평가/2021-05-31_51484_2020년도 소관별 재정사업 자율평가 보고서(2)/08_목차_2020년 재정사업자율평가보고서(법제처).pdf,1212625,018987cd9ad9ed86263fc719a6def13e9033d01b87b402b503e74748cc8bf710,downloaded,
515,재정사업자율평가,38,51484,FSL1004,2020년도 소관별 재정사업 자율평가 보고서(2),2021-05-31,기획재정부,https://www.openfiscaldata.go.kr/op/ko/fd/UOPKOFDA02?pageIndex=1&pageSize=8&ofdBrdId=FSL1004&ofdBrdiSeq=51484&ofdBrdiDtsClsCd=515,목차,2020년 재정사업자율평가보고서(병무청),2020년 재정사업자율평가보고서(병무청).pdf,F0000000000000003772,9,원문 없음: 표지를 제외한 제공 파일 다운로드,files/11_515_재정사업자율평가/2021-05-31_51484_2020년도 소관별 재정사업 자율평가 보고서(2)/09_목차_2020년 재정사업자율평가보고서(병무청).pdf,1221862,a62edd7af144bd3f06cc92b52149b5a6dc9466b60cea9b359f2eced41e7a7033,downloaded,
515,재정사업자율평가,38,51484,FSL1004,2020년도 소관별 재정사업 자율평가 보고서(2),2021-05-31,기획재정부,https://www.openfiscaldata.go.kr/op/ko/fd/UOPKOFDA02?pageIndex=1&pageSize=8&ofdBrdId=FSL1004&ofdBrdiSeq=51484&ofdBrdiDtsClsCd=515,목차,2020년 재정사업자율평가보고서(보건복지부),2020년 재정사업자율평가보고서(보건복지부).pdf,F0000000000000003772,10,원문 없음: 표지를 제외한 제공 파일 다운로드,files/11_515_재정사업자율평가/2021-05-31_51484_2020년도 소관별 재정사업 자율평가 보고서(2)/10_목차_2020년 재정사업자율평가보고서(보건복지부).pdf,3957108,7f4a9d15902ec9b102ccaecb663575827196fbf44d521564f06722d44909c26c,downloaded,
515,재정사업자율평가,38,51484,FSL1004,2020년도 소관별 재정사업 자율평가 보고서(2),2021-05-31,기획재정부,https://www.openfiscaldata.go.kr/op/ko/fd/UOPKOFDA02?pageIndex=1&pageSize=8&ofdBrdId=FSL1004&ofdBrdiSeq=51484&ofdBrdiDtsClsCd=515,목차,2020년 재정사업자율평가보고서(산림청),2020년 재정사업자율평가보고서(산림청).pdf,F0000000000000003772,11,원문 없음: 표지를 제외한 제공 파일 다운로드,files/11_515_재정사업자율평가/2021-05-31_51484_2020년도 소관별 재정사업 자율평가 보고서(2)/11_목차_2020년 재정사업자율평가보고서(산림청).pdf,2049432,48892119a9e05579eb7fcb9a8ca1b17e306e6517de6b1a5ebb79261d5a0efaed,downloaded,
515,재정사업자율평가,38,51484,FSL1004,2020년도 소관별 재정사업 자율평가 보고서(2),2021-05-31,기획재정부,https://www.openfiscaldata.go.kr/op/ko/fd/UOPKOFDA02?pageIndex=1&pageSize=8&ofdBrdId=FSL1004&ofdBrdiSeq=51484&ofdBrdiDtsClsCd=515,목차,2020년 재정사업자율평가보고서(산업통상자원부),2020년 재정사업자율평가보고서(산업통상자원부).pdf,F0000000000000003772,12,원문 없음: 표지를 제외한 제공 파일 다운로드,files/11_515_재정사업자율평가/2021-05-31_51484_2020년도 소관별 재정사업 자율평가 보고서(2)/12_목차_2020년 재정사업자율평가보고서(산업통상자원부).pdf,2880815,b84b7ddf73a8e6e71f9323040789a9d7b38dcd12a63df4c6dfa1c82b05cd4758,downloaded,
515,재정사업자율평가,38,51484,FSL1004,2020년도 소관별 재정사업 자율평가 보고서(2),2021-05-31,기획재정부,https://www.openfiscaldata.go.kr/op/ko/fd/UOPKOFDA02?pageIndex=1&pageSize=8&ofdBrdId=FSL1004&ofdBrdiSeq=51484&ofdBrdiDtsClsCd=515,목차,2020년 재정사업자율평가보고서(새만금개발청),2020년 재정사업자율평가보고서(새만금개발청).pdf,F0000000000000003772,13,원문 없음: 표지를 제외한 제공 파일 다운로드,files/11_515_재정사업자율평가/2021-05-31_51484_2020년도 소관별 재정사업 자율평가 보고서(2)/13_목차_2020년 재정사업자율평가보고서(새만금개발청).pdf,827161,e74e9590819fb5c3ebcb08a2dc63fe1e1280909c8945182b20a8903fb5a287f4,downloaded,
515,재정사업자율평가,38,51484,FSL1004,2020년도 소관별 재정사업 자율평가 보고서(2),2021-05-31,기획재정부,https://www.openfiscaldata.go.kr/op/ko/fd/UOPKOFDA02?pageIndex=1&pageSize=8&ofdBrdId=FSL1004&ofdBrdiSeq=51484&ofdBrdiDtsClsCd=515,목차,2020년 재정사업자율평가보고서(소방청),2020년 재정사업자율평가보고서(소방청).pdf,F0000000000000003772,14,원문 없음: 표지를 제외한 제공 파일 다운로드,files/11_515_재정사업자율평가/2021-05-31_51484_2020년도 소관별 재정사업 자율평가 보고서(2)/14_목차_2020년 재정사업자율평가보고서(소방청).pdf,402706,84f2f20373f1a0130931fc9cf64798f5628e129686283f92989d8064cff8a2df,downloaded,
515,재정사업자율평가,38,51484,FSL1004,2020년도 소관별 재정사업 자율평가 보고서(2),2021-05-31,기획재정부,https://www.openfiscaldata.go.kr/op/ko/fd/UOPKOFDA02?pageIndex=1&pageSize=8&ofdBrdId=FSL1004&ofdBrdiSeq=51484&ofdBrdiDtsClsCd=515,목차,2020년 재정사업자율평가보고서(식품의약품안전처),2020년 재정사업자율평가보고서(식품의약품안전처).pdf,F0000000000000003772,15,원문 없음: 표지를 제외한 제공 파일 다운로드,files/11_515_재정사업자율평가/2021-05-31_51484_2020년도 소관별 재정사업 자율평가 보고서(2)/15_목차_2020년 재정사업자율평가보고서(식품의약품안전처).pdf,2189472,56b0e2ed20f37290311e17766d99f1a6d24d5626419ee849a96a1f47743d8c35,downloaded,
515,재정사업자율평가,38,51484,FSL1004,2020년도 소관별 재정사업 자율평가 보고서(2),2021-05-31,기획재정부,https://www.openfiscaldata.go.kr/op/ko/fd/UOPKOFDA02?pageIndex=1&pageSize=8&ofdBrdId=FSL1004&ofdBrdiSeq=51484&ofdBrdiDtsClsCd=515,목차,2020년 재정사업자율평가보고서(여성가족부),2020년 재정사업자율평가보고서(여성가족부).pdf,F0000000000000003772,16,원문 없음: 표지를 제외한 제공 파일 다운로드,files/11_515_재정사업자율평가/2021-05-31_51484_2020년도 소관별 재정사업 자율평가 보고서(2)/16_목차_2020년 재정사업자율평가보고서(여성가족부).pdf,1459920,21a6cfde2412509dc349a44df8958f83fc7cfc191a9e4b09853206eae03cee30,downloaded,
515,재정사업자율평가,38,51484,FSL1004,2020년도 소관별 재정사업 자율평가 보고서(2),2021-05-31,기획재정부,https://www.openfiscaldata.go.kr/op/ko/fd/UOPKOFDA02?pageIndex=1&pageSize=8&ofdBrdId=FSL1004&ofdBrdiSeq=51484&ofdBrdiDtsClsCd=515,목차,2020년 재정사업자율평가보고서(외교부),2020년 재정사업자율평가보고서(외교부).pdf,F0000000000000003772,17,원문 없음: 표지를 제외한 제공 파일 다운로드,files/11_515_재정사업자율평가/2021-05-31_51484_2020년도 소관별 재정사업 자율평가 보고서(2)/17_목차_2020년 재정사업자율평가보고서(외교부).pdf,1666461,e705d8e56fe9006b23cfbaaef57a5f2016ede52b28a952b615d79afec9119378,downloaded,
515,재정사업자율평가,38,51484,FSL1004,2020년도 소관별 재정사업 자율평가 보고서(2),2021-05-31,기획재정부,https://www.openfiscaldata.go.kr/op/ko/fd/UOPKOFDA02?pageIndex=1&pageSize=8&ofdBrdId=FSL1004&ofdBrdiSeq=51484&ofdBrdiDtsClsCd=515,목차,2020년 재정사업자율평가보고서(원자력안전위원회),2020년 재정사업자율평가보고서(원자력안전위원회).pdf,F0000000000000003772,18,원문 없음: 표지를 제외한 제공 파일 다운로드,files/11_515_재정사업자율평가/2021-05-31_51484_2020년도 소관별 재정사업 자율평가 보고서(2)/18_목차_2020년 재정사업자율평가보고서(원자력안전위원회).pdf,644166,7cef4666c37caeb09e93660323a80c42230f794884183a0f15e472bfd06ef4bb,downloaded,
515,재정사업자율평가,38,51484,FSL1004,2020년도 소관별 재정사업 자율평가 보고서(2),2021-05-31,기획재정부,https://www.openfiscaldata.go.kr/op/ko/fd/UOPKOFDA02?pageIndex=1&pageSize=8&ofdBrdId=FSL1004&ofdBrdiSeq=51484&ofdBrdiDtsClsCd=515,목차,2020년 재정사업자율평가보고서(인사혁신처),2020년 재정사업자율평가보고서(인사혁신처).pdf,F0000000000000003772,19,원문 없음: 표지를 제외한 제공 파일 다운로드,files/11_515_재정사업자율평가/2021-05-31_51484_2020년도 소관별 재정사업 자율평가 보고서(2)/19_목차_2020년 재정사업자율평가보고서(인사혁신처).pdf,1255423,dcfbae884f24bf667d4387d8ac1241eb6221dc6dc0fa6fba573d16e621786dff,downloaded,
515,재정사업자율평가,38,51484,FSL1004,2020년도 소관별 재정사업 자율평가 보고서(2),2021-05-31,기획재정부,https://www.openfiscaldata.go.kr/op/ko/fd/UOPKOFDA02?pageIndex=1&pageSize=8&ofdBrdId=FSL1004&ofdBrdiSeq=51484&ofdBrdiDtsClsCd=515,목차,2020년 재정사업자율평가보고서(조달청),2020년 재정사업자율평가보고서(조달청).pdf,F0000000000000003772,20,원문 없음: 표지를 제외한 제공 파일 다운로드,files/11_515_재정사업자율평가/2021-05-31_51484_2020년도 소관별 재정사업 자율평가 보고서(2)/20_목차_2020년 재정사업자율평가보고서(조달청).pdf,1225615,741846977eaad3c683a568d8b9859ec4b9930cf6884da8ddfc3a917d4326e3cb,downloaded,
515,재정사업자율평가,38,51483,FSL1004,2020년도 소관별 재정사업 자율평가 보고서(1),2021-05-31,기획재정부,https://www.openfiscaldata.go.kr/op/ko/fd/UOPKOFDA02?pageIndex=1&pageSize=8&ofdBrdId=FSL1004&ofdBrdiSeq=51483&ofdBrdiDtsClsCd=515,목차,2020년 재정사업자율평가보고서(경찰청),2020년 재정사업자율평가보고서(경찰청).pdf,F0000000000000003771,1,원문 없음: 표지를 제외한 제공 파일 다운로드,files/11_515_재정사업자율평가/2021-05-31_51483_2020년도 소관별 재정사업 자율평가 보고서(1)/01_목차_2020년 재정사업자율평가보고서(경찰청).pdf,2304376,f9cff3708bd4d038a3be6122f0d8aadd1f38a85afc106bd607972c5486b8f451,downloaded,
515,재정사업자율평가,38,51483,FSL1004,2020년도 소관별 재정사업 자율평가 보고서(1),2021-05-31,기획재정부,https://www.openfiscaldata.go.kr/op/ko/fd/UOPKOFDA02?pageIndex=1&pageSize=8&ofdBrdId=FSL1004&ofdBrdiSeq=51483&ofdBrdiDtsClsCd=515,목차,2020년 재정사업자율평가보고서(고용노동부),2020년 재정사업자율평가보고서(고용노동부).pdf,F0000000000000003771,2,원문 없음: 표지를 제외한 제공 파일 다운로드,files/11_515_재정사업자율평가/2021-05-31_51483_2020년도 소관별 재정사업 자율평가 보고서(1)/02_목차_2020년 재정사업자율평가보고서(고용노동부).pdf,11789922,33357c646b5b09d47fdb56921023153b33ddf845e4985780b64845b09f2c41b0,downloaded,
515,재정사업자율평가,38,51483,FSL1004,2020년도 소관별 재정사업 자율평가 보고서(1),2021-05-31,기획재정부,https://www.openfiscaldata.go.kr/op/ko/fd/UOPKOFDA02?pageIndex=1&pageSize=8&ofdBrdId=FSL1004&ofdBrdiSeq=51483&ofdBrdiDtsClsCd=515,목차,2020년 재정사업자율평가보고서(공정거래위원회),2020년 재정사업자율평가보고서(공정거래위원회).pdf,F0000000000000003771,3,원문 없음: 표지를 제외한 제공 파일 다운로드,files/11_515_재정사업자율평가/2021-05-31_51483_2020년도 소관별 재정사업 자율평가 보고서(1)/03_목차_2020년 재정사업자율평가보고서(공정거래위원회).pdf,1136856,507c6d01b565042ffaa4b74220f4a5be6aab29b2c7dd2033797d4d765e373601,downloaded,
515,재정사업자율평가,38,51483,FSL1004,2020년도 소관별 재정사업 자율평가 보고서(1),2021-05-31,기획재정부,https://www.openfiscaldata.go.kr/op/ko/fd/UOPKOFDA02?pageIndex=1&pageSize=8&ofdBrdId=FSL1004&ofdBrdiSeq=51483&ofdBrdiDtsClsCd=515,목차,2020년 재정사업자율평가보고서(과학기술정보통신부),2020년 재정사업자율평가보고서(과학기술정보통신부).pdf,F0000000000000003771,4,원문 없음: 표지를 제외한 제공 파일 다운로드,files/11_515_재정사업자율평가/2021-05-31_51483_2020년도 소관별 재정사업 자율평가 보고서(1)/04_목차_2020년 재정사업자율평가보고서(과학기술정보통신부).pdf,6928162,9f4c4e97cc501a411e053b4f93317667487c81cb6c5bd8fbfa21e8c7b5144787,downloaded,
515,재정사업자율평가,38,51483,FSL1004,2020년도 소관별 재정사업 자율평가 보고서(1),2021-05-31,기획재정부,https://www.openfiscaldata.go.kr/op/ko/fd/UOPKOFDA02?pageIndex=1&pageSize=8&ofdBrdId=FSL1004&ofdBrdiSeq=51483&ofdBrdiDtsClsCd=515,목차,2020년 재정사업자율평가보고서(관세청),2020년 재정사업자율평가보고서(관세청).pdf,F0000000000000003771,5,원문 없음: 표지를 제외한 제공 파일 다운로드,files/11_515_재정사업자율평가/2021-05-31_51483_2020년도 소관별 재정사업 자율평가 보고서(1)/05_목차_2020년 재정사업자율평가보고서(관세청).pdf,775942,67f365e39d0d6853075abc8d7124404661f4cc563e2d4e8a7403640a71183662,downloaded,
515,재정사업자율평가,38,51483,FSL1004,2020년도 소관별 재정사업 자율평가 보고서(1),2021-05-31,기획재정부,https://www.openfiscaldata.go.kr/op/ko/fd/UOPKOFDA02?pageIndex=1&pageSize=8&ofdBrdId=FSL1004&ofdBrdiSeq=51483&ofdBrdiDtsClsCd=515,목차,2020년 재정사업자율평가보고서(교육부),2020년 재정사업자율평가보고서(교육부).pdf,F0000000000000003771,6,원문 없음: 표지를 제외한 제공 파일 다운로드,files/11_515_재정사업자율평가/2021-05-31_51483_2020년도 소관별 재정사업 자율평가 보고서(1)/06_목차_2020년 재정사업자율평가보고서(교육부).pdf,3251149,539c02a47d383b25d9df32eabb259a0c832373203af5264b13bbe54160f3cca9,downloaded,
515,재정사업자율평가,38,51483,FSL1004,2020년도 소관별 재정사업 자율평가 보고서(1),2021-05-31,기획재정부,https://www.openfiscaldata.go.kr/op/ko/fd/UOPKOFDA02?pageIndex=1&pageSize=8&ofdBrdId=FSL1004&ofdBrdiSeq=51483&ofdBrdiDtsClsCd=515,목차,2020년 재정사업자율평가보고서(국가보훈처),2020년 재정사업자율평가보고서(국가보훈처).pdf,F0000000000000003771,7,원문 없음: 표지를 제외한 제공 파일 다운로드,files/11_515_재정사업자율평가/2021-05-31_51483_2020년도 소관별 재정사업 자율평가 보고서(1)/07_목차_2020년 재정사업자율평가보고서(국가보훈처).pdf,2649122,baf1ff00cc23080b220832d5030c8e5b6049caf733e6c8dd5d1d5198241bad46,downloaded,
515,재정사업자율평가,38,51483,FSL1004,2020년도 소관별 재정사업 자율평가 보고서(1),2021-05-31,기획재정부,https://www.openfiscaldata.go.kr/op/ko/fd/UOPKOFDA02?pageIndex=1&pageSize=8&ofdBrdId=FSL1004&ofdBrdiSeq=51483&ofdBrdiDtsClsCd=515,목차,2020년 재정사업자율평가보고서(국가인권위원회),2020년 재정사업자율평가보고서(국가인권위원회).pdf,F0000000000000003771,8,원문 없음: 표지를 제외한 제공 파일 다운로드,files/11_515_재정사업자율평가/2021-05-31_51483_2020년도 소관별 재정사업 자율평가 보고서(1)/08_목차_2020년 재정사업자율평가보고서(국가인권위원회).pdf,774514,b1c99aa998507bdc8e268629ac56817d63a3d159693e72658fbd2574b75bdaa2,downloaded,
515,재정사업자율평가,38,51483,FSL1004,2020년도 소관별 재정사업 자율평가 보고서(1),2021-05-31,기획재정부,https://www.openfiscaldata.go.kr/op/ko/fd/UOPKOFDA02?pageIndex=1&pageSize=8&ofdBrdId=FSL1004&ofdBrdiSeq=51483&ofdBrdiDtsClsCd=515,목차,2020년 재정사업자율평가보고서(국민권익위원회),2020년 재정사업자율평가보고서(국민권익위원회).pdf,F0000000000000003771,9,원문 없음: 표지를 제외한 제공 파일 다운로드,files/11_515_재정사업자율평가/2021-05-31_51483_2020년도 소관별 재정사업 자율평가 보고서(1)/09_목차_2020년 재정사업자율평가보고서(국민권익위원회).pdf,661378,2660fc4e923408947589d8aac7ffae1012f6e3f9be574786d57f72be877fb391,downloaded,
515,재정사업자율평가,38,51483,FSL1004,2020년도 소관별 재정사업 자율평가 보고서(1),2021-05-31,기획재정부,https://www.openfiscaldata.go.kr/op/ko/fd/UOPKOFDA02?pageIndex=1&pageSize=8&ofdBrdId=FSL1004&ofdBrdiSeq=51483&ofdBrdiDtsClsCd=515,목차,2020년 재정사업자율평가보고서(국방부),2020년 재정사업자율평가보고서(국방부).pdf,F0000000000000003771,10,원문 없음: 표지를 제외한 제공 파일 다운로드,files/11_515_재정사업자율평가/2021-05-31_51483_2020년도 소관별 재정사업 자율평가 보고서(1)/10_목차_2020년 재정사업자율평가보고서(국방부).pdf,4247694,a8957d16f0abb4f270fbfd3ee1b4b63df539f7b00fe6bc459a3cb88d470033b3,downloaded,
515,재정사업자율평가,38,51483,FSL1004,2020년도 소관별 재정사업 자율평가 보고서(1),2021-05-31,기획재정부,https://www.openfiscaldata.go.kr/op/ko/fd/UOPKOFDA02?pageIndex=1&pageSize=8&ofdBrdId=FSL1004&ofdBrdiSeq=51483&ofdBrdiDtsClsCd=515,목차,2020년 재정사업자율평가보고서(국세청),2020년 재정사업자율평가보고서(국세청).pdf,F0000000000000003771,11,원문 없음: 표지를 제외한 제공 파일 다운로드,files/11_515_재정사업자율평가/2021-05-31_51483_2020년도 소관별 재정사업 자율평가 보고서(1)/11_목차_2020년 재정사업자율평가보고서(국세청).pdf,556023,2366b3e1e48c0b3ceb865c79499228dc19145cc5f6539c88b0e3dc2a97908b92,downloaded,
515,재정사업자율평가,38,51483,FSL1004,2020년도 소관별 재정사업 자율평가 보고서(1),2021-05-31,기획재정부,https://www.openfiscaldata.go.kr/op/ko/fd/UOPKOFDA02?pageIndex=1&pageSize=8&ofdBrdId=FSL1004&ofdBrdiSeq=51483&ofdBrdiDtsClsCd=515,목차,2020년 재정사업자율평가보고서(국토교통부),2020년 재정사업자율평가보고서(국토교통부).pdf,F0000000000000003771,12,원문 없음: 표지를 제외한 제공 파일 다운로드,files/11_515_재정사업자율평가/2021-05-31_51483_2020년도 소관별 재정사업 자율평가 보고서(1)/12_목차_2020년 재정사업자율평가보고서(국토교통부).pdf,5591248,c63f007b1cb225887545189b4d0598a958fa2c1ef5546f522300aae6ab11b78c,downloaded,
515,재정사업자율평가,38,51483,FSL1004,2020년도 소관별 재정사업 자율평가 보고서(1),2021-05-31,기획재정부,https://www.openfiscaldata.go.kr/op/ko/fd/UOPKOFDA02?pageIndex=1&pageSize=8&ofdBrdId=FSL1004&ofdBrdiSeq=51483&ofdBrdiDtsClsCd=515,목차,2020년 재정사업자율평가보고서(국회),2020년 재정사업자율평가보고서(국회).pdf,F0000000000000003771,13,원문 없음: 표지를 제외한 제공 파일 다운로드,files/11_515_재정사업자율평가/2021-05-31_51483_2020년도 소관별 재정사업 자율평가 보고서(1)/13_목차_2020년 재정사업자율평가보고서(국회).pdf,2012745,9471acb840b5f6187765d98854bd07aec8bba62b828b5887d9a344a3216fb734,downloaded,
515,재정사업자율평가,38,51483,FSL1004,2020년도 소관별 재정사업 자율평가 보고서(1),2021-05-31,기획재정부,https://www.openfiscaldata.go.kr/op/ko/fd/UOPKOFDA02?pageIndex=1&pageSize=8&ofdBrdId=FSL1004&ofdBrdiSeq=51483&ofdBrdiDtsClsCd=515,목차,2020년 재정사업자율평가보고서(금융위원회),2020년 재정사업자율평가보고서(금융위원회).pdf,F0000000000000003771,14,원문 없음: 표지를 제외한 제공 파일 다운로드,files/11_515_재정사업자율평가/2021-05-31_51483_2020년도 소관별 재정사업 자율평가 보고서(1)/14_목차_2020년 재정사업자율평가보고서(금융위원회).pdf,1527009,b637eccad70eb949861dd3f15b8034a7d1fcbcc17484d55a68f741e5804e284d,downloaded,
515,재정사업자율평가,38,51483,FSL1004,2020년도 소관별 재정사업 자율평가 보고서(1),2021-05-31,기획재정부,https://www.openfiscaldata.go.kr/op/ko/fd/UOPKOFDA02?pageIndex=1&pageSize=8&ofdBrdId=FSL1004&ofdBrdiSeq=51483&ofdBrdiDtsClsCd=515,목차,2020년 재정사업자율평가보고서(기상청),2020년 재정사업자율평가보고서(기상청).pdf,F0000000000000003771,15,원문 없음: 표지를 제외한 제공 파일 다운로드,files/11_515_재정사업자율평가/2021-05-31_51483_2020년도 소관별 재정사업 자율평가 보고서(1)/15_목차_2020년 재정사업자율평가보고서(기상청).pdf,1108566,f4e17ddb98911c0a0247221bb19c73db935f0f28736aa91e7fb330e933b680dc,downloaded,
515,재정사업자율평가,38,51483,FSL1004,2020년도 소관별 재정사업 자율평가 보고서(1),2021-05-31,기획재정부,https://www.openfiscaldata.go.kr/op/ko/fd/UOPKOFDA02?pageIndex=1&pageSize=8&ofdBrdId=FSL1004&ofdBrdiSeq=51483&ofdBrdiDtsClsCd=515,목차,2020년 재정사업자율평가보고서(기획재정부),2020년 재정사업자율평가보고서(기획재정부).pdf,F0000000000000003771,16,원문 없음: 표지를 제외한 제공 파일 다운로드,files/11_515_재정사업자율평가/2021-05-31_51483_2020년도 소관별 재정사업 자율평가 보고서(1)/16_목차_2020년 재정사업자율평가보고서(기획재정부).pdf,1131287,7bf396ab0813b49cdf35730d57589498750cb539997ad021e3d918acf5d97561,downloaded,
515,재정사업자율평가,38,51483,FSL1004,2020년도 소관별 재정사업 자율평가 보고서(1),2021-05-31,기획재정부,https://www.openfiscaldata.go.kr/op/ko/fd/UOPKOFDA02?pageIndex=1&pageSize=8&ofdBrdId=FSL1004&ofdBrdiSeq=51483&ofdBrdiDtsClsCd=515,목차,2020년 재정사업자율평가보고서(농림축산식품부),2020년 재정사업자율평가보고서(농림축산식품부).pdf,F0000000000000003771,17,원문 없음: 표지를 제외한 제공 파일 다운로드,files/11_515_재정사업자율평가/2021-05-31_51483_2020년도 소관별 재정사업 자율평가 보고서(1)/17_목차_2020년 재정사업자율평가보고서(농림축산식품부).pdf,9886279,fff7654e52e2779ea91070edfe60f398d4c18bd81e9efa0eda84f5670ff3f0a5,downloaded,
515,재정사업자율평가,38,51483,FSL1004,2020년도 소관별 재정사업 자율평가 보고서(1),2021-05-31,기획재정부,https://www.openfiscaldata.go.kr/op/ko/fd/UOPKOFDA02?pageIndex=1&pageSize=8&ofdBrdId=FSL1004&ofdBrdiSeq=51483&ofdBrdiDtsClsCd=515,목차,2020년 재정사업자율평가보고서(농촌진흥청),2020년 재정사업자율평가보고서(농촌진흥청).pdf,F0000000000000003771,18,원문 없음: 표지를 제외한 제공 파일 다운로드,files/11_515_재정사업자율평가/2021-05-31_51483_2020년도 소관별 재정사업 자율평가 보고서(1)/18_목차_2020년 재정사업자율평가보고서(농촌진흥청).pdf,1900561,a8da0d1c37fbac6ab433394d970d4ebe4ad7300ab5bfd1adfa260400a839d003,downloaded,
515,재정사업자율평가,38,51483,FSL1004,2020년도 소관별 재정사업 자율평가 보고서(1),2021-05-31,기획재정부,https://www.openfiscaldata.go.kr/op/ko/fd/UOPKOFDA02?pageIndex=1&pageSize=8&ofdBrdId=FSL1004&ofdBrdiSeq=51483&ofdBrdiDtsClsCd=515,목차,2020년 재정사업자율평가보고서(대법원),2020년 재정사업자율평가보고서(대법원).pdf,F0000000000000003771,19,원문 없음: 표지를 제외한 제공 파일 다운로드,files/11_515_재정사업자율평가/2021-05-31_51483_2020년도 소관별 재정사업 자율평가 보고서(1)/19_목차_2020년 재정사업자율평가보고서(대법원).pdf,789903,af07b5556d1dff5c9b41c3dbdf34e07b9dd0458f63849d0819fa51b34eff4026,downloaded,
515,재정사업자율평가,38,51483,FSL1004,2020년도 소관별 재정사업 자율평가 보고서(1),2021-05-31,기획재정부,https://www.openfiscaldata.go.kr/op/ko/fd/UOPKOFDA02?pageIndex=1&pageSize=8&ofdBrdId=FSL1004&ofdBrdiSeq=51483&ofdBrdiDtsClsCd=515,목차,2020년 재정사업자율평가보고서(대통령경호처),2020년 재정사업자율평가보고서(대통령경호처).pdf,F0000000000000003771,20,원문 없음: 표지를 제외한 제공 파일 다운로드,files/11_515_재정사업자율평가/2021-05-31_51483_2020년도 소관별 재정사업 자율평가 보고서(1)/20_목차_2020년 재정사업자율평가보고서(대통령경호처).pdf,344745,c866a94179b71e5d8a1e8fc5217050105f218f7ed6e12d4982dc8c7e02ca18dc,downloaded,
515,재정사업자율평가,38,48923,FSL1004,2019년도 소관별 재정사업 자율평가 보고서,2020-05-18,기획재정부,https://www.openfiscaldata.go.kr/op/ko/fd/UOPKOFDA02?pageIndex=1&pageSize=8&ofdBrdId=FSL1004&ofdBrdiSeq=48923&ofdBrdiDtsClsCd=515,목차,2019년 재정사업자율평가보고서(경찰청),2019년 재정사업자율평가보고서(경찰청).hwp,FI000000004892363251,1,원문 없음: 표지를 제외한 제공 파일 다운로드,files/11_515_재정사업자율평가/2020-05-18_48923_2019년도 소관별 재정사업 자율평가 보고서/01_목차_2019년 재정사업자율평가보고서(경찰청).hwp,2532864,ec72e6959b4c5d8b904a8d3158a366c163cb3f5494f06bc4b639ad4858533ab7,downloaded,
515,재정사업자율평가,38,48923,FSL1004,2019년도 소관별 재정사업 자율평가 보고서,2020-05-18,기획재정부,https://www.openfiscaldata.go.kr/op/ko/fd/UOPKOFDA02?pageIndex=1&pageSize=8&ofdBrdId=FSL1004&ofdBrdiSeq=48923&ofdBrdiDtsClsCd=515,목차,2019년 재정사업자율평가보고서(고용노동부),2019년 재정사업자율평가보고서(고용노동부).hwp,FI000000004892363251,2,원문 없음: 표지를 제외한 제공 파일 다운로드,files/11_515_재정사업자율평가/2020-05-18_48923_2019년도 소관별 재정사업 자율평가 보고서/02_목차_2019년 재정사업자율평가보고서(고용노동부).hwp,72718336,5409ff1588243c8abeae9d1b7ad7ad64ce5fe174538b314334c18b6d9971cd89,downloaded,
515,재정사업자율평가,38,48923,FSL1004,2019년도 소관별 재정사업 자율평가 보고서,2020-05-18,기획재정부,https://www.openfiscaldata.go.kr/op/ko/fd/UOPKOFDA02?pageIndex=1&pageSize=8&ofdBrdId=FSL1004&ofdBrdiSeq=48923&ofdBrdiDtsClsCd=515,목차,2019년 재정사업자율평가보고서(공정거래위원회),2019년 재정사업자율평가보고서(공정거래위원회).hwp,FI000000004892363251,3,원문 없음: 표지를 제외한 제공 파일 다운로드,files/11_515_재정사업자율평가/2020-05-18_48923_2019년도 소관별 재정사업 자율평가 보고서/03_목차_2019년 재정사업자율평가보고서(공정거래위원회).hwp,79872,ad4c0e4576b87a6f1af5436e4832f18205a51b2375169ea6e79e4bbf8eb998ec,downloaded,
515,재정사업자율평가,38,48923,FSL1004,2019년도 소관별 재정사업 자율평가 보고서,2020-05-18,기획재정부,https://www.openfiscaldata.go.kr/op/ko/fd/UOPKOFDA02?pageIndex=1&pageSize=8&ofdBrdId=FSL1004&ofdBrdiSeq=48923&ofdBrdiDtsClsCd=515,목차,2019년 재정사업자율평가보고서(과학기술정보통신부),2019년 재정사업자율평가보고서(과학기술정보통신부).hwp,FI000000004892363251,4,원문 없음: 표지를 제외한 제공 파일 다운로드,files/11_515_재정사업자율평가/2020-05-18_48923_2019년도 소관별 재정사업 자율평가 보고서/04_목차_2019년 재정사업자율평가보고서(과학기술정보통신부).hwp,1247744,5bd29a6aa9162ad8d8cf7de8feccf3aedd1c575910feeaf74f7241d6114cd3a4,downloaded,
515,재정사업자율평가,38,48923,FSL1004,2019년도 소관별 재정사업 자율평가 보고서,2020-05-18,기획재정부,https://www.openfiscaldata.go.kr/op/ko/fd/UOPKOFDA02?pageIndex=1&pageSize=8&ofdBrdId=FSL1004&ofdBrdiSeq=48923&ofdBrdiDtsClsCd=515,목차,2019년 재정사업자율평가보고서(관세청),2019년 재정사업자율평가보고서(관세청).hwp,FI000000004892363251,5,원문 없음: 표지를 제외한 제공 파일 다운로드,files/11_515_재정사업자율평가/2020-05-18_48923_2019년도 소관별 재정사업 자율평가 보고서/05_목차_2019년 재정사업자율평가보고서(관세청).hwp,92160,e72862833f560c2fbed7150193193d3fc8e9a914ddf50a04f023dd7fc33df6d2,downloaded,
515,재정사업자율평가,38,48923,FSL1004,2019년도 소관별 재정사업 자율평가 보고서,2020-05-18,기획재정부,https://www.openfiscaldata.go.kr/op/ko/fd/UOPKOFDA02?pageIndex=1&pageSize=8&ofdBrdId=FSL1004&ofdBrdiSeq=48923&ofdBrdiDtsClsCd=515,목차,2019년 재정사업자율평가보고서(교육부),2019년 재정사업자율평가보고서(교육부).hwp,FI000000004892363251,6,원문 없음: 표지를 제외한 제공 파일 다운로드,files/11_515_재정사업자율평가/2020-05-18_48923_2019년도 소관별 재정사업 자율평가 보고서/06_목차_2019년 재정사업자율평가보고서(교육부).hwp,317952,3fa1b0a7b203fe051df69884a6fac604437b1d44a0c99d319c228edd1bd0b94d,downloaded,
515,재정사업자율평가,38,48923,FSL1004,2019년도 소관별 재정사업 자율평가 보고서,2020-05-18,기획재정부,https://www.openfiscaldata.go.kr/op/ko/fd/UOPKOFDA02?pageIndex=1&pageSize=8&ofdBrdId=FSL1004&ofdBrdiSeq=48923&ofdBrdiDtsClsCd=515,목차,2019년 재정사업자율평가보고서(국가보훈처),2019년 재정사업자율평가보고서(국가보훈처).hwp,FI000000004892363251,7,원문 없음: 표지를 제외한 제공 파일 다운로드,files/11_515_재정사업자율평가/2020-05-18_48923_2019년도 소관별 재정사업 자율평가 보고서/07_목차_2019년 재정사업자율평가보고서(국가보훈처).hwp,5195776,8f55cf44caf50125303284009d62e389747f036a746c3f913fa22c025755a713,downloaded,
515,재정사업자율평가,38,48923,FSL1004,2019년도 소관별 재정사업 자율평가 보고서,2020-05-18,기획재정부,https://www.openfiscaldata.go.kr/op/ko/fd/UOPKOFDA02?pageIndex=1&pageSize=8&ofdBrdId=FSL1004&ofdBrdiSeq=48923&ofdBrdiDtsClsCd=515,목차,2019년 재정사업자율평가보고서(국가인권위원회),2019년 재정사업자율평가보고서(국가인권위원회).hwp,FI000000004892363251,8,원문 없음: 표지를 제외한 제공 파일 다운로드,files/11_515_재정사업자율평가/2020-05-18_48923_2019년도 소관별 재정사업 자율평가 보고서/08_목차_2019년 재정사업자율평가보고서(국가인권위원회).hwp,55296,3a56440614ffeb77a0bd403bcf9d48d8080da08cfc8c2c8dd580da94af3f0a20,downloaded,
515,재정사업자율평가,38,48923,FSL1004,2019년도 소관별 재정사업 자율평가 보고서,2020-05-18,기획재정부,https://www.openfiscaldata.go.kr/op/ko/fd/UOPKOFDA02?pageIndex=1&pageSize=8&ofdBrdId=FSL1004&ofdBrdiSeq=48923&ofdBrdiDtsClsCd=515,목차,2019년 재정사업자율평가보고서(국민권익위원회),2019년 재정사업자율평가보고서(국민권익위원회).hwp,FI000000004892363251,9,원문 없음: 표지를 제외한 제공 파일 다운로드,files/11_515_재정사업자율평가/2020-05-18_48923_2019년도 소관별 재정사업 자율평가 보고서/09_목차_2019년 재정사업자율평가보고서(국민권익위원회).hwp,129024,db0c9dbd0559db8d26e3c7906d4fdee52556b95b8d8227b3cf7f4887a1323cac,downloaded,
515,재정사업자율평가,38,48923,FSL1004,2019년도 소관별 재정사업 자율평가 보고서,2020-05-18,기획재정부,https://www.openfiscaldata.go.kr/op/ko/fd/UOPKOFDA02?pageIndex=1&pageSize=8&ofdBrdId=FSL1004&ofdBrdiSeq=48923&ofdBrdiDtsClsCd=515,목차,2019년 재정사업자율평가보고서(국방부),2019년 재정사업자율평가보고서(국방부).hwp,FI000000004892363251,10,원문 없음: 표지를 제외한 제공 파일 다운로드,files/11_515_재정사업자율평가/2020-05-18_48923_2019년도 소관별 재정사업 자율평가 보고서/10_목차_2019년 재정사업자율평가보고서(국방부).hwp,196608,906085b53c4d5825de28e7c5a27204c6b8fffadc132324eb1c1b5ff9e4d35c24,downloaded,
515,재정사업자율평가,38,48923,FSL1004,2019년도 소관별 재정사업 자율평가 보고서,2020-05-18,기획재정부,https://www.openfiscaldata.go.kr/op/ko/fd/UOPKOFDA02?pageIndex=1&pageSize=8&ofdBrdId=FSL1004&ofdBrdiSeq=48923&ofdBrdiDtsClsCd=515,목차,2019년 재정사업자율평가보고서(국세청),2019년 재정사업자율평가보고서(국세청).hwp,FI000000004892363251,11,원문 없음: 표지를 제외한 제공 파일 다운로드,files/11_515_재정사업자율평가/2020-05-18_48923_2019년도 소관별 재정사업 자율평가 보고서/11_목차_2019년 재정사업자율평가보고서(국세청).hwp,62976,d78234eca76940b436e9c85a3cd80504d9a72d55e20203b909c7d2df7b2c3f7e,downloaded,
515,재정사업자율평가,38,48923,FSL1004,2019년도 소관별 재정사업 자율평가 보고서,2020-05-18,기획재정부,https://www.openfiscaldata.go.kr/op/ko/fd/UOPKOFDA02?pageIndex=1&pageSize=8&ofdBrdId=FSL1004&ofdBrdiSeq=48923&ofdBrdiDtsClsCd=515,목차,2019년 재정사업자율평가보고서(국토교통부),2019년 재정사업자율평가보고서(국토교통부).hwp,FI000000004892363251,12,원문 없음: 표지를 제외한 제공 파일 다운로드,files/11_515_재정사업자율평가/2020-05-18_48923_2019년도 소관별 재정사업 자율평가 보고서/12_목차_2019년 재정사업자율평가보고서(국토교통부).hwp,502784,d73623216fb4739832e6f8e981fa56dafcdd110d65970f6da3fb4b5cb37917f8,downloaded,
515,재정사업자율평가,38,48923,FSL1004,2019년도 소관별 재정사업 자율평가 보고서,2020-05-18,기획재정부,https://www.openfiscaldata.go.kr/op/ko/fd/UOPKOFDA02?pageIndex=1&pageSize=8&ofdBrdId=FSL1004&ofdBrdiSeq=48923&ofdBrdiDtsClsCd=515,목차,2019년 재정사업자율평가보고서(국회),2019년 재정사업자율평가보고서(국회).hwp,FI000000004892363251,13,원문 없음: 표지를 제외한 제공 파일 다운로드,files/11_515_재정사업자율평가/2020-05-18_48923_2019년도 소관별 재정사업 자율평가 보고서/13_목차_2019년 재정사업자율평가보고서(국회).hwp,2458624,6b452e8d130c076b76281f64dbef149d4725c7faf0f7677d7f34aac19d12b9c8,downloaded,
515,재정사업자율평가,38,48923,FSL1004,2019년도 소관별 재정사업 자율평가 보고서,2020-05-18,기획재정부,https://www.openfiscaldata.go.kr/op/ko/fd/UOPKOFDA02?pageIndex=1&pageSize=8&ofdBrdId=FSL1004&ofdBrdiSeq=48923&ofdBrdiDtsClsCd=515,목차,2019년 재정사업자율평가보고서(금융위원회),2019년 재정사업자율평가보고서(금융위원회).hwp,FI000000004892363251,14,원문 없음: 표지를 제외한 제공 파일 다운로드,files/11_515_재정사업자율평가/2020-05-18_48923_2019년도 소관별 재정사업 자율평가 보고서/14_목차_2019년 재정사업자율평가보고서(금융위원회).hwp,156160,4de1c7f4390bc148cf5ea01a83466ea327552aeee18627229309cc6c9706a212,downloaded,
515,재정사업자율평가,38,48923,FSL1004,2019년도 소관별 재정사업 자율평가 보고서,2020-05-18,기획재정부,https://www.openfiscaldata.go.kr/op/ko/fd/UOPKOFDA02?pageIndex=1&pageSize=8&ofdBrdId=FSL1004&ofdBrdiSeq=48923&ofdBrdiDtsClsCd=515,목차,2019년 재정사업자율평가보고서(기상청),2019년 재정사업자율평가보고서(기상청).hwp,FI000000004892363251,15,원문 없음: 표지를 제외한 제공 파일 다운로드,files/11_515_재정사업자율평가/2020-05-18_48923_2019년도 소관별 재정사업 자율평가 보고서/15_목차_2019년 재정사업자율평가보고서(기상청).hwp,876032,9908ef18dd3168864803c75f628a0515ade53a2db1ade9d17e6413216e69c7a3,downloaded,
515,재정사업자율평가,38,48923,FSL1004,2019년도 소관별 재정사업 자율평가 보고서,2020-05-18,기획재정부,https://www.openfiscaldata.go.kr/op/ko/fd/UOPKOFDA02?pageIndex=1&pageSize=8&ofdBrdId=FSL1004&ofdBrdiSeq=48923&ofdBrdiDtsClsCd=515,목차,2019년 재정사업자율평가보고서(기획재정부),2019년 재정사업자율평가보고서(기획재정부).hwp,FI000000004892363251,16,원문 없음: 표지를 제외한 제공 파일 다운로드,files/11_515_재정사업자율평가/2020-05-18_48923_2019년도 소관별 재정사업 자율평가 보고서/16_목차_2019년 재정사업자율평가보고서(기획재정부).hwp,138752,87ee46fdd57660edbb9a2251dd793b7fffc47689c858b1e6fe3bb03b93a344be,downloaded,
515,재정사업자율평가,38,48923,FSL1004,2019년도 소관별 재정사업 자율평가 보고서,2020-05-18,기획재정부,https://www.openfiscaldata.go.kr/op/ko/fd/UOPKOFDA02?pageIndex=1&pageSize=8&ofdBrdId=FSL1004&ofdBrdiSeq=48923&ofdBrdiDtsClsCd=515,목차,2019년 재정사업자율평가보고서(농림축산식품부),2019년 재정사업자율평가보고서(농림축산식품부).hwp,FI000000004892363251,17,원문 없음: 표지를 제외한 제공 파일 다운로드,files/11_515_재정사업자율평가/2020-05-18_48923_2019년도 소관별 재정사업 자율평가 보고서/17_목차_2019년 재정사업자율평가보고서(농림축산식품부).hwp,29024768,0b877ba9867a94db0fd791d76bfda7fa10586cfc38ed7c88fdc53735cefbadae,downloaded,
515,재정사업자율평가,38,48923,FSL1004,2019년도 소관별 재정사업 자율평가 보고서,2020-05-18,기획재정부,https://www.openfiscaldata.go.kr/op/ko/fd/UOPKOFDA02?pageIndex=1&pageSize=8&ofdBrdId=FSL1004&ofdBrdiSeq=48923&ofdBrdiDtsClsCd=515,목차,2019년 재정사업자율평가보고서(농촌진흥청),2019년 재정사업자율평가보고서(농촌진흥청).hwp,FI000000004892363251,18,원문 없음: 표지를 제외한 제공 파일 다운로드,files/11_515_재정사업자율평가/2020-05-18_48923_2019년도 소관별 재정사업 자율평가 보고서/18_목차_2019년 재정사업자율평가보고서(농촌진흥청).hwp,484864,50167d7c8ec8930f976e734ed0b71cccfbfab36bb93ef7e22b10fe3ceb47d376,downloaded,
515,재정사업자율평가,38,48923,FSL1004,2019년도 소관별 재정사업 자율평가 보고서,2020-05-18,기획재정부,https://www.openfiscaldata.go.kr/op/ko/fd/UOPKOFDA02?pageIndex=1&pageSize=8&ofdBrdId=FSL1004&ofdBrdiSeq=48923&ofdBrdiDtsClsCd=515,목차,2019년 재정사업자율평가보고서(대법원),2019년 재정사업자율평가보고서(대법원).hwp,FI000000004892363251,19,원문 없음: 표지를 제외한 제공 파일 다운로드,files/11_515_재정사업자율평가/2020-05-18_48923_2019년도 소관별 재정사업 자율평가 보고서/19_목차_2019년 재정사업자율평가보고서(대법원).hwp,127488,8104cc40c8e4ae81cfbcb9171ad3bc05fbd2ab884e8136095ee256f3057a5649,downloaded,
515,재정사업자율평가,38,48923,FSL1004,2019년도 소관별 재정사업 자율평가 보고서,2020-05-18,기획재정부,https://www.openfiscaldata.go.kr/op/ko/fd/UOPKOFDA02?pageIndex=1&pageSize=8&ofdBrdId=FSL1004&ofdBrdiSeq=48923&ofdBrdiDtsClsCd=515,목차,2019년 재정사업자율평가보고서(대통령경호처),2019년 재정사업자율평가보고서(대통령경호처).hwp,FI000000004892363251,20,원문 없음: 표지를 제외한 제공 파일 다운로드,files/11_515_재정사업자율평가/2020-05-18_48923_2019년도 소관별 재정사업 자율평가 보고서/20_목차_2019년 재정사업자율평가보고서(대통령경호처).hwp,35328,fdce542819e72f829efa17bf3bb465ae8ae627e54ace5d5aa4431c22a4b00c66,downloaded,
515,재정사업자율평가,38,48923,FSL1004,2019년도 소관별 재정사업 자율평가 보고서,2020-05-18,기획재정부,https://www.openfiscaldata.go.kr/op/ko/fd/UOPKOFDA02?pageIndex=1&pageSize=8&ofdBrdId=FSL1004&ofdBrdiSeq=48923&ofdBrdiDtsClsCd=515,목차,2019년 재정사업자율평가보고서(대통령비서실 및 국가안보실),2019년 재정사업자율평가보고서(대통령비서실 및 국가안보실).hwp,FI000000004892363251,21,원문 없음: 표지를 제외한 제공 파일 다운로드,files/11_515_재정사업자율평가/2020-05-18_48923_2019년도 소관별 재정사업 자율평가 보고서/21_목차_2019년 재정사업자율평가보고서(대통령비서실 및 국가안보실).hwp,46080,15a25ae8d42cf0cd5d42dfc9baadd06f2bb1a93095a27ad61cec94eb6af4dab1,downloaded,
515,재정사업자율평가,38,48923,FSL1004,2019년도 소관별 재정사업 자율평가 보고서,2020-05-18,기획재정부,https://www.openfiscaldata.go.kr/op/ko/fd/UOPKOFDA02?pageIndex=1&pageSize=8&ofdBrdId=FSL1004&ofdBrdiSeq=48923&ofdBrdiDtsClsCd=515,목차,2019년 재정사업자율평가보고서(문화재청),2019년 재정사업자율평가보고서(문화재청).hwp,FI000000004892363251,22,원문 없음: 표지를 제외한 제공 파일 다운로드,files/11_515_재정사업자율평가/2020-05-18_48923_2019년도 소관별 재정사업 자율평가 보고서/22_목차_2019년 재정사업자율평가보고서(문화재청).hwp,349696,23ac233a2c456640726abf70031e76f5579668635657e78415303df05c24fc7c,downloaded,
515,재정사업자율평가,38,48923,FSL1004,2019년도 소관별 재정사업 자율평가 보고서,2020-05-18,기획재정부,https://www.openfiscaldata.go.kr/op/ko/fd/UOPKOFDA02?pageIndex=1&pageSize=8&ofdBrdId=FSL1004&ofdBrdiSeq=48923&ofdBrdiDtsClsCd=515,목차,2019년 재정사업자율평가보고서(문화체육관광부),2019년 재정사업자율평가보고서(문화체육관광부).hwp,FI000000004892363251,23,원문 없음: 표지를 제외한 제공 파일 다운로드,files/11_515_재정사업자율평가/2020-05-18_48923_2019년도 소관별 재정사업 자율평가 보고서/23_목차_2019년 재정사업자율평가보고서(문화체육관광부).hwp,1048576,d02150d7f2f88ccdcd4644cb4613156e95c0f3d64dfed2fb017d171ea471421d,downloaded,
515,재정사업자율평가,38,48923,FSL1004,2019년도 소관별 재정사업 자율평가 보고서,2020-05-18,기획재정부,https://www.openfiscaldata.go.kr/op/ko/fd/UOPKOFDA02?pageIndex=1&pageSize=8&ofdBrdId=FSL1004&ofdBrdiSeq=48923&ofdBrdiDtsClsCd=515,목차,2019년 재정사업자율평가보고서(방송통신위원회),2019년 재정사업자율평가보고서(방송통신위원회).hwp,FI000000004892363251,24,원문 없음: 표지를 제외한 제공 파일 다운로드,files/11_515_재정사업자율평가/2020-05-18_48923_2019년도 소관별 재정사업 자율평가 보고서/24_목차_2019년 재정사업자율평가보고서(방송통신위원회).hwp,4735488,9e1284b5f9f7b1958c51d092cfb4eeae2c7808a48d5f3c8b02c263c2018f6981,downloaded,
515,재정사업자율평가,38,48923,FSL1004,2019년도 소관별 재정사업 자율평가 보고서,2020-05-18,기획재정부,https://www.openfiscaldata.go.kr/op/ko/fd/UOPKOFDA02?pageIndex=1&pageSize=8&ofdBrdId=FSL1004&ofdBrdiSeq=48923&ofdBrdiDtsClsCd=515,목차,2019년 재정사업자율평가보고서(방위사업청),2019년 재정사업자율평가보고서(방위사업청).hwp,FI000000004892363251,25,원문 없음: 표지를 제외한 제공 파일 다운로드,files/11_515_재정사업자율평가/2020-05-18_48923_2019년도 소관별 재정사업 자율평가 보고서/25_목차_2019년 재정사업자율평가보고서(방위사업청).hwp,3709952,1eb24051686d6e911b28a171f0fc820a7a341444866d3c52e7657e87101da4c1,downloaded,
515,재정사업자율평가,38,48923,FSL1004,2019년도 소관별 재정사업 자율평가 보고서,2020-05-18,기획재정부,https://www.openfiscaldata.go.kr/op/ko/fd/UOPKOFDA02?pageIndex=1&pageSize=8&ofdBrdId=FSL1004&ofdBrdiSeq=48923&ofdBrdiDtsClsCd=515,목차,2019년 재정사업자율평가보고서(법무부),2019년 재정사업자율평가보고서(법무부).hwp,FI000000004892363251,26,원문 없음: 표지를 제외한 제공 파일 다운로드,files/11_515_재정사업자율평가/2020-05-18_48923_2019년도 소관별 재정사업 자율평가 보고서/26_목차_2019년 재정사업자율평가보고서(법무부).hwp,225792,51153e914bcf778fdf03e4ec2a4f56160e3c52846b7236184271221abff21007,downloaded,
515,재정사업자율평가,38,48923,FSL1004,2019년도 소관별 재정사업 자율평가 보고서,2020-05-18,기획재정부,https://www.openfiscaldata.go.kr/op/ko/fd/UOPKOFDA02?pageIndex=1&pageSize=8&ofdBrdId=FSL1004&ofdBrdiSeq=48923&ofdBrdiDtsClsCd=515,목차,2019년 재정사업자율평가보고서(법제처),2019년 재정사업자율평가보고서(법제처).hwp,FI000000004892363251,27,원문 없음: 표지를 제외한 제공 파일 다운로드,files/11_515_재정사업자율평가/2020-05-18_48923_2019년도 소관별 재정사업 자율평가 보고서/27_목차_2019년 재정사업자율평가보고서(법제처).hwp,97280,9e71dc78e2ee8e8db2e4ee66b8ae7171e57f6f9616e505d3da597e887bd9a6bc,downloaded,
515,재정사업자율평가,38,48923,FSL1004,2019년도 소관별 재정사업 자율평가 보고서,2020-05-18,기획재정부,https://www.openfiscaldata.go.kr/op/ko/fd/UOPKOFDA02?pageIndex=1&pageSize=8&ofdBrdId=FSL1004&ofdBrdiSeq=48923&ofdBrdiDtsClsCd=515,목차,2019년 재정사업자율평가보고서(병무청),2019년 재정사업자율평가보고서(병무청).hwp,FI000000004892363251,28,원문 없음: 표지를 제외한 제공 파일 다운로드,files/11_515_재정사업자율평가/2020-05-18_48923_2019년도 소관별 재정사업 자율평가 보고서/28_목차_2019년 재정사업자율평가보고서(병무청).hwp,104960,879a9a39a4757939bae26da69163bb015c93987f9cd384fbfda723eae108d648,downloaded,
515,재정사업자율평가,38,48923,FSL1004,2019년도 소관별 재정사업 자율평가 보고서,2020-05-18,기획재정부,https://www.openfiscaldata.go.kr/op/ko/fd/UOPKOFDA02?pageIndex=1&pageSize=8&ofdBrdId=FSL1004&ofdBrdiSeq=48923&ofdBrdiDtsClsCd=515,목차,2019년 재정사업자율평가보고서(보건복지부),2019년 재정사업자율평가보고서(보건복지부).hwp,FI000000004892363251,29,원문 없음: 표지를 제외한 제공 파일 다운로드,files/11_515_재정사업자율평가/2020-05-18_48923_2019년도 소관별 재정사업 자율평가 보고서/29_목차_2019년 재정사업자율평가보고서(보건복지부).hwp,664576,af6624743de8948aab26191f8dc6f8ffaa15aab3816a41e2b6505c178215eace,downloaded,
515,재정사업자율평가,38,48923,FSL1004,2019년도 소관별 재정사업 자율평가 보고서,2020-05-18,기획재정부,https://www.openfiscaldata.go.kr/op/ko/fd/UOPKOFDA02?pageIndex=1&pageSize=8&ofdBrdId=FSL1004&ofdBrdiSeq=48923&ofdBrdiDtsClsCd=515,목차,2019년 재정사업자율평가보고서(산림청),2019년 재정사업자율평가보고서(산림청).hwp,FI000000004892363251,30,원문 없음: 표지를 제외한 제공 파일 다운로드,files/11_515_재정사업자율평가/2020-05-18_48923_2019년도 소관별 재정사업 자율평가 보고서/30_목차_2019년 재정사업자율평가보고서(산림청).hwp,2768384,f63bf9228b5ded4346a0efef057562565c243961bda8368bbe613d5f41095900,downloaded,
515,재정사업자율평가,38,48923,FSL1004,2019년도 소관별 재정사업 자율평가 보고서,2020-05-18,기획재정부,https://www.openfiscaldata.go.kr/op/ko/fd/UOPKOFDA02?pageIndex=1&pageSize=8&ofdBrdId=FSL1004&ofdBrdiSeq=48923&ofdBrdiDtsClsCd=515,목차,2019년 재정사업자율평가보고서(산업통상자원부),2019년 재정사업자율평가보고서(산업통상자원부).hwp,FI000000004892363251,31,원문 없음: 표지를 제외한 제공 파일 다운로드,files/11_515_재정사업자율평가/2020-05-18_48923_2019년도 소관별 재정사업 자율평가 보고서/31_목차_2019년 재정사업자율평가보고서(산업통상자원부).hwp,305664,eeca180b0162e8b63c67814d4ed4c6001355b05b7c54db21b2cfba40ddabb872,downloaded,
515,재정사업자율평가,38,48923,FSL1004,2019년도 소관별 재정사업 자율평가 보고서,2020-05-18,기획재정부,https://www.openfiscaldata.go.kr/op/ko/fd/UOPKOFDA02?pageIndex=1&pageSize=8&ofdBrdId=FSL1004&ofdBrdiSeq=48923&ofdBrdiDtsClsCd=515,목차,2019년 재정사업자율평가보고서(새만금개발청),2019년 재정사업자율평가보고서(새만금개발청).hwp,FI000000004892363251,32,원문 없음: 표지를 제외한 제공 파일 다운로드,files/11_515_재정사업자율평가/2020-05-18_48923_2019년도 소관별 재정사업 자율평가 보고서/32_목차_2019년 재정사업자율평가보고서(새만금개발청).hwp,64000,8c91d90f534d74a700ba041bf2474e1d3cb32bae83e50fa65ab7ba25b7cb5972,downloaded,
515,재정사업자율평가,38,48923,FSL1004,2019년도 소관별 재정사업 자율평가 보고서,2020-05-18,기획재정부,https://www.openfiscaldata.go.kr/op/ko/fd/UOPKOFDA02?pageIndex=1&pageSize=8&ofdBrdId=FSL1004&ofdBrdiSeq=48923&ofdBrdiDtsClsCd=515,목차,2019년 재정사업자율평가보고서(선거관리위원회),2019년 재정사업자율평가보고서(선거관리위원회).hwp,FI000000004892363251,33,원문 없음: 표지를 제외한 제공 파일 다운로드,files/11_515_재정사업자율평가/2020-05-18_48923_2019년도 소관별 재정사업 자율평가 보고서/33_목차_2019년 재정사업자율평가보고서(선거관리위원회).hwp,148992,bf587325e1725d2253bb8f18f9bde7b4106a2260d54ee0183a21781ef6d4aed0,downloaded,
515,재정사업자율평가,38,48923,FSL1004,2019년도 소관별 재정사업 자율평가 보고서,2020-05-18,기획재정부,https://www.openfiscaldata.go.kr/op/ko/fd/UOPKOFDA02?pageIndex=1&pageSize=8&ofdBrdId=FSL1004&ofdBrdiSeq=48923&ofdBrdiDtsClsCd=515,목차,2019년 재정사업자율평가보고서(소방청),2019년 재정사업자율평가보고서(소방청).hwp,FI000000004892363251,34,원문 없음: 표지를 제외한 제공 파일 다운로드,files/11_515_재정사업자율평가/2020-05-18_48923_2019년도 소관별 재정사업 자율평가 보고서/34_목차_2019년 재정사업자율평가보고서(소방청).hwp,35840,7acf6c0283c570b434fc29345f252f543dd8e422048e48e4bfa59291cba02b23,downloaded,
515,재정사업자율평가,38,48923,FSL1004,2019년도 소관별 재정사업 자율평가 보고서,2020-05-18,기획재정부,https://www.openfiscaldata.go.kr/op/ko/fd/UOPKOFDA02?pageIndex=1&pageSize=8&ofdBrdId=FSL1004&ofdBrdiSeq=48923&ofdBrdiDtsClsCd=515,목차,2019년 재정사업자율평가보고서(식품의약안전처),2019년 재정사업자율평가보고서(식품의약안전처).hwp,FI000000004892363251,35,원문 없음: 표지를 제외한 제공 파일 다운로드,files/11_515_재정사업자율평가/2020-05-18_48923_2019년도 소관별 재정사업 자율평가 보고서/35_목차_2019년 재정사업자율평가보고서(식품의약안전처).hwp,7021056,a2ff6809f8afff961491490174d0f3b9eb3f6bec8109ab45162667d549c14518,downloaded,
515,재정사업자율평가,38,48923,FSL1004,2019년도 소관별 재정사업 자율평가 보고서,2020-05-18,기획재정부,https://www.openfiscaldata.go.kr/op/ko/fd/UOPKOFDA02?pageIndex=1&pageSize=8&ofdBrdId=FSL1004&ofdBrdiSeq=48923&ofdBrdiDtsClsCd=515,목차,2019년 재정사업자율평가보고서(여성가족부),2019년 재정사업자율평가보고서(여성가족부).hwp,FI000000004892363251,36,원문 없음: 표지를 제외한 제공 파일 다운로드,files/11_515_재정사업자율평가/2020-05-18_48923_2019년도 소관별 재정사업 자율평가 보고서/36_목차_2019년 재정사업자율평가보고서(여성가족부).hwp,2546688,80a5152eea9420d39449cc6e59ec6c88e18d81120eae33912aaf81873967b0ba,downloaded,
515,재정사업자율평가,38,48923,FSL1004,2019년도 소관별 재정사업 자율평가 보고서,2020-05-18,기획재정부,https://www.openfiscaldata.go.kr/op/ko/fd/UOPKOFDA02?pageIndex=1&pageSize=8&ofdBrdId=FSL1004&ofdBrdiSeq=48923&ofdBrdiDtsClsCd=515,목차,2019년 재정사업자율평가보고서(외교부),2019년 재정사업자율평가보고서(외교부).hwp,FI000000004892363251,37,원문 없음: 표지를 제외한 제공 파일 다운로드,files/11_515_재정사업자율평가/2020-05-18_48923_2019년도 소관별 재정사업 자율평가 보고서/37_목차_2019년 재정사업자율평가보고서(외교부).hwp,245248,cf977549a1b5840b3f7f24d8191f32ed18542446609be5de5c94f7e3c0acb88f,downloaded,
515,재정사업자율평가,38,48923,FSL1004,2019년도 소관별 재정사업 자율평가 보고서,2020-05-18,기획재정부,https://www.openfiscaldata.go.kr/op/ko/fd/UOPKOFDA02?pageIndex=1&pageSize=8&ofdBrdId=FSL1004&ofdBrdiSeq=48923&ofdBrdiDtsClsCd=515,목차,2019년 재정사업자율평가보고서(원자력위원회),2019년 재정사업자율평가보고서(원자력위원회).hwp,FI000000004892363251,38,원문 없음: 표지를 제외한 제공 파일 다운로드,files/11_515_재정사업자율평가/2020-05-18_48923_2019년도 소관별 재정사업 자율평가 보고서/38_목차_2019년 재정사업자율평가보고서(원자력위원회).hwp,55808,1280f71c6c8dce85795bfa171a2f3887886660d9db142c10e57d4fbb161ffd9c,downloaded,
515,재정사업자율평가,38,48923,FSL1004,2019년도 소관별 재정사업 자율평가 보고서,2020-05-18,기획재정부,https://www.openfiscaldata.go.kr/op/ko/fd/UOPKOFDA02?pageIndex=1&pageSize=8&ofdBrdId=FSL1004&ofdBrdiSeq=48923&ofdBrdiDtsClsCd=515,목차,2019년 재정사업자율평가보고서(인사혁신처),2019년 재정사업자율평가보고서(인사혁신처).hwp,FI000000004892363251,39,원문 없음: 표지를 제외한 제공 파일 다운로드,files/11_515_재정사업자율평가/2020-05-18_48923_2019년도 소관별 재정사업 자율평가 보고서/39_목차_2019년 재정사업자율평가보고서(인사혁신처).hwp,114688,5fd23b6aa46ead211c49f3ace0fc6e055356364e58e2f5b928cb7450223211b6,downloaded,
515,재정사업자율평가,38,48923,FSL1004,2019년도 소관별 재정사업 자율평가 보고서,2020-05-18,기획재정부,https://www.openfiscaldata.go.kr/op/ko/fd/UOPKOFDA02?pageIndex=1&pageSize=8&ofdBrdId=FSL1004&ofdBrdiSeq=48923&ofdBrdiDtsClsCd=515,목차,2019년 재정사업자율평가보고서(조달청),2019년 재정사업자율평가보고서(조달청).hwp,FI000000004892363251,40,원문 없음: 표지를 제외한 제공 파일 다운로드,files/11_515_재정사업자율평가/2020-05-18_48923_2019년도 소관별 재정사업 자율평가 보고서/40_목차_2019년 재정사업자율평가보고서(조달청).hwp,166400,0409b1454d9444e908ff71e02ec717484874e8f15e3f54b366af1a547ffe1240,downloaded,
515,재정사업자율평가,38,48923,FSL1004,2019년도 소관별 재정사업 자율평가 보고서,2020-05-18,기획재정부,https://www.openfiscaldata.go.kr/op/ko/fd/UOPKOFDA02?pageIndex=1&pageSize=8&ofdBrdId=FSL1004&ofdBrdiSeq=48923&ofdBrdiDtsClsCd=515,목차,2019년 재정사업자율평가보고서(중소벤처기업부),2019년 재정사업자율평가보고서(중소벤처기업부).hwp,FI000000004892363251,41,원문 없음: 표지를 제외한 제공 파일 다운로드,files/11_515_재정사업자율평가/2020-05-18_48923_2019년도 소관별 재정사업 자율평가 보고서/41_목차_2019년 재정사업자율평가보고서(중소벤처기업부).hwp,18406912,1e92a48c7da37fd6e146c4a6c90dc93e00c54e5976ee9b5551a949564123955d,downloaded,
515,재정사업자율평가,38,48923,FSL1004,2019년도 소관별 재정사업 자율평가 보고서,2020-05-18,기획재정부,https://www.openfiscaldata.go.kr/op/ko/fd/UOPKOFDA02?pageIndex=1&pageSize=8&ofdBrdId=FSL1004&ofdBrdiSeq=48923&ofdBrdiDtsClsCd=515,목차,2019년 재정사업자율평가보고서(통계청),2019년 재정사업자율평가보고서(통계청).hwp,FI000000004892363251,42,원문 없음: 표지를 제외한 제공 파일 다운로드,files/11_515_재정사업자율평가/2020-05-18_48923_2019년도 소관별 재정사업 자율평가 보고서/42_목차_2019년 재정사업자율평가보고서(통계청).hwp,11084288,d8950ad755e7628dc8655060027a7594d408c4189356db105dde280104bdb214,downloaded,
515,재정사업자율평가,38,48923,FSL1004,2019년도 소관별 재정사업 자율평가 보고서,2020-05-18,기획재정부,https://www.openfiscaldata.go.kr/op/ko/fd/UOPKOFDA02?pageIndex=1&pageSize=8&ofdBrdId=FSL1004&ofdBrdiSeq=48923&ofdBrdiDtsClsCd=515,목차,2019년 재정사업자율평가보고서(통일부),2019년 재정사업자율평가보고서(통일부).hwp,FI000000004892363251,43,원문 없음: 표지를 제외한 제공 파일 다운로드,files/11_515_재정사업자율평가/2020-05-18_48923_2019년도 소관별 재정사업 자율평가 보고서/43_목차_2019년 재정사업자율평가보고서(통일부).hwp,202752,3dc3ea38ef08b7f3bda238f3100ddbd082e0115997380be700eec125c3e6b12c,downloaded,
515,재정사업자율평가,38,48923,FSL1004,2019년도 소관별 재정사업 자율평가 보고서,2020-05-18,기획재정부,https://www.openfiscaldata.go.kr/op/ko/fd/UOPKOFDA02?pageIndex=1&pageSize=8&ofdBrdId=FSL1004&ofdBrdiSeq=48923&ofdBrdiDtsClsCd=515,목차,2019년 재정사업자율평가보고서(특허청),2019년 재정사업자율평가보고서(특허청).hwp,FI000000004892363251,44,원문 없음: 표지를 제외한 제공 파일 다운로드,files/11_515_재정사업자율평가/2020-05-18_48923_2019년도 소관별 재정사업 자율평가 보고서/44_목차_2019년 재정사업자율평가보고서(특허청).hwp,61440,e9ce185be80702e2a61c5414050405447645a80f7e6a019894e0469ea6ab99a3,downloaded,
515,재정사업자율평가,38,48923,FSL1004,2019년도 소관별 재정사업 자율평가 보고서,2020-05-18,기획재정부,https://www.openfiscaldata.go.kr/op/ko/fd/UOPKOFDA02?pageIndex=1&pageSize=8&ofdBrdId=FSL1004&ofdBrdiSeq=48923&ofdBrdiDtsClsCd=515,목차,2019년 재정사업자율평가보고서(해양경찰청),2019년 재정사업자율평가보고서(해양경찰청).hwp,FI000000004892363251,45,원문 없음: 표지를 제외한 제공 파일 다운로드,files/11_515_재정사업자율평가/2020-05-18_48923_2019년도 소관별 재정사업 자율평가 보고서/45_목차_2019년 재정사업자율평가보고서(해양경찰청).hwp,3154432,8a297811fab65cba93415ef8c2b6e8fbb4ac51400a136df1b8a3ea0bd2008578,downloaded,
515,재정사업자율평가,38,48923,FSL1004,2019년도 소관별 재정사업 자율평가 보고서,2020-05-18,기획재정부,https://www.openfiscaldata.go.kr/op/ko/fd/UOPKOFDA02?pageIndex=1&pageSize=8&ofdBrdId=FSL1004&ofdBrdiSeq=48923&ofdBrdiDtsClsCd=515,목차,2019년 재정사업자율평가보고서(해양수산부),2019년 재정사업자율평가보고서(해양수산부).hwp,FI000000004892363251,46,원문 없음: 표지를 제외한 제공 파일 다운로드,files/11_515_재정사업자율평가/2020-05-18_48923_2019년도 소관별 재정사업 자율평가 보고서/46_목차_2019년 재정사업자율평가보고서(해양수산부).hwp,6294528,005a705b7f03ac2713851fb9adc73ae12ed95ee3c2c2c02005fdd578d21b01ae,downloaded,
515,재정사업자율평가,38,48923,FSL1004,2019년도 소관별 재정사업 자율평가 보고서,2020-05-18,기획재정부,https://www.openfiscaldata.go.kr/op/ko/fd/UOPKOFDA02?pageIndex=1&pageSize=8&ofdBrdId=FSL1004&ofdBrdiSeq=48923&ofdBrdiDtsClsCd=515,목차,2019년 재정사업자율평가보고서(행정안전부),2019년 재정사업자율평가보고서(행정안전부).hwp,FI000000004892363251,47,원문 없음: 표지를 제외한 제공 파일 다운로드,files/11_515_재정사업자율평가/2020-05-18_48923_2019년도 소관별 재정사업 자율평가 보고서/47_목차_2019년 재정사업자율평가보고서(행정안전부).hwp,365568,8e6c8b80d411c7baf12cf5905a6f71cd74f85dfb8d7cd7d0a3c8db28503abf8a,downloaded,
515,재정사업자율평가,38,48923,FSL1004,2019년도 소관별 재정사업 자율평가 보고서,2020-05-18,기획재정부,https://www.openfiscaldata.go.kr/op/ko/fd/UOPKOFDA02?pageIndex=1&pageSize=8&ofdBrdId=FSL1004&ofdBrdiSeq=48923&ofdBrdiDtsClsCd=515,목차,2019년 재정사업자율평가보고서(행정중심복합도시건설청),2019년 재정사업자율평가보고서(행정중심복합도시건설청).hwp,FI000000004892363251,48,원문 없음: 표지를 제외한 제공 파일 다운로드,files/11_515_재정사업자율평가/2020-05-18_48923_2019년도 소관별 재정사업 자율평가 보고서/48_목차_2019년 재정사업자율평가보고서(행정중심복합도시건설청).hwp,88576,aa7f3fd22c3bcf9022eedb56b5be4d8cfbd46c4e215e2431dd537bcaadb7cae0,downloaded,
515,재정사업자율평가,38,48923,FSL1004,2019년도 소관별 재정사업 자율평가 보고서,2020-05-18,기획재정부,https://www.openfiscaldata.go.kr/op/ko/fd/UOPKOFDA02?pageIndex=1&pageSize=8&ofdBrdId=FSL1004&ofdBrdiSeq=48923&ofdBrdiDtsClsCd=515,목차,2019년 재정사업자율평가보고서(헌법재판소),2019년 재정사업자율평가보고서(헌법재판소).hwp,FI000000004892363251,49,원문 없음: 표지를 제외한 제공 파일 다운로드,files/11_515_재정사업자율평가/2020-05-18_48923_2019년도 소관별 재정사업 자율평가 보고서/49_목차_2019년 재정사업자율평가보고서(헌법재판소).hwp,31744,6d6b4800fc2aa965c9eb20ba2d9915bff818010f1099a77d102b9404a6c72cbb,downloaded,
515,재정사업자율평가,38,48923,FSL1004,2019년도 소관별 재정사업 자율평가 보고서,2020-05-18,기획재정부,https://www.openfiscaldata.go.kr/op/ko/fd/UOPKOFDA02?pageIndex=1&pageSize=8&ofdBrdId=FSL1004&ofdBrdiSeq=48923&ofdBrdiDtsClsCd=515,목차,2019년 재정사업자율평가보고서(환경부),2019년 재정사업자율평가보고서(환경부).hwp,FI000000004892363251,50,원문 없음: 표지를 제외한 제공 파일 다운로드,files/11_515_재정사업자율평가/2020-05-18_48923_2019년도 소관별 재정사업 자율평가 보고서/50_목차_2019년 재정사업자율평가보고서(환경부).hwp,349696,380a055aa79759852975dd548612ce29b12ff1700e61d6ac0356e007259880a3,downloaded,
515,재정사업자율평가,38,47401,FSL1004,2018년도 소관별 재정사업 자율평가 보고서,2019-05-20,기획재정부,https://www.openfiscaldata.go.kr/op/ko/fd/UOPKOFDA02?pageIndex=1&pageSize=8&ofdBrdId=FSL1004&ofdBrdiSeq=47401&ofdBrdiDtsClsCd=515,목차,2018년 재정사업자율평가보고서(경찰청),2018년 재정사업자율평가보고서(경찰청).hwp,FI000000004740161460,1,원문 없음: 표지를 제외한 제공 파일 다운로드,files/11_515_재정사업자율평가/2019-05-20_47401_2018년도 소관별 재정사업 자율평가 보고서/01_목차_2018년 재정사업자율평가보고서(경찰청).hwp,368640,7e3a05b3061435aaeaa0e3b3363093110be3a98e8029cc633759f63f98dc11d4,downloaded,
515,재정사업자율평가,38,47401,FSL1004,2018년도 소관별 재정사업 자율평가 보고서,2019-05-20,기획재정부,https://www.openfiscaldata.go.kr/op/ko/fd/UOPKOFDA02?pageIndex=1&pageSize=8&ofdBrdId=FSL1004&ofdBrdiSeq=47401&ofdBrdiDtsClsCd=515,목차,2018년 재정사업자율평가보고서(고용노동부),2018년 재정사업자율평가보고서(고용노동부).hwp,FI000000004740161460,2,원문 없음: 표지를 제외한 제공 파일 다운로드,files/11_515_재정사업자율평가/2019-05-20_47401_2018년도 소관별 재정사업 자율평가 보고서/02_목차_2018년 재정사업자율평가보고서(고용노동부).hwp,29171712,21b49f446b01c4a35ca3e5fa87325c98e0e0a7c310be5b74e8b5ffe035d35d88,downloaded,
515,재정사업자율평가,38,47401,FSL1004,2018년도 소관별 재정사업 자율평가 보고서,2019-05-20,기획재정부,https://www.openfiscaldata.go.kr/op/ko/fd/UOPKOFDA02?pageIndex=1&pageSize=8&ofdBrdId=FSL1004&ofdBrdiSeq=47401&ofdBrdiDtsClsCd=515,목차,2018년 재정사업자율평가보고서(공정거래위원회),2018년 재정사업자율평가보고서(공정거래위원회).hwp,FI000000004740161460,3,원문 없음: 표지를 제외한 제공 파일 다운로드,files/11_515_재정사업자율평가/2019-05-20_47401_2018년도 소관별 재정사업 자율평가 보고서/03_목차_2018년 재정사업자율평가보고서(공정거래위원회).hwp,73216,686632936e44b8cd9f5204a586082962d3530a24198a265c338884e489ff9cc7,downloaded,
515,재정사업자율평가,38,47401,FSL1004,2018년도 소관별 재정사업 자율평가 보고서,2019-05-20,기획재정부,https://www.openfiscaldata.go.kr/op/ko/fd/UOPKOFDA02?pageIndex=1&pageSize=8&ofdBrdId=FSL1004&ofdBrdiSeq=47401&ofdBrdiDtsClsCd=515,목차,2018년 재정사업자율평가보고서(과학기술정보통신부),2018년 재정사업자율평가보고서(과학기술정보통신부).hwp,FI000000004740161460,4,원문 없음: 표지를 제외한 제공 파일 다운로드,files/11_515_재정사업자율평가/2019-05-20_47401_2018년도 소관별 재정사업 자율평가 보고서/04_목차_2018년 재정사업자율평가보고서(과학기술정보통신부).hwp,615936,cc67a707b625648b6a577b6288829c44c5929cea8dcf8061d711065a59a71e56,downloaded,
515,재정사업자율평가,38,47401,FSL1004,2018년도 소관별 재정사업 자율평가 보고서,2019-05-20,기획재정부,https://www.openfiscaldata.go.kr/op/ko/fd/UOPKOFDA02?pageIndex=1&pageSize=8&ofdBrdId=FSL1004&ofdBrdiSeq=47401&ofdBrdiDtsClsCd=515,목차,2018년 재정사업자율평가보고서(관세청),2018년 재정사업자율평가보고서(관세청).hwp,FI000000004740161460,5,원문 없음: 표지를 제외한 제공 파일 다운로드,files/11_515_재정사업자율평가/2019-05-20_47401_2018년도 소관별 재정사업 자율평가 보고서/05_목차_2018년 재정사업자율평가보고서(관세청).hwp,75776,ad8e9e496ba6567deb804385da493120ecdb13f6f46c3b1bddadce83ccee3c49,downloaded,
515,재정사업자율평가,38,47401,FSL1004,2018년도 소관별 재정사업 자율평가 보고서,2019-05-20,기획재정부,https://www.openfiscaldata.go.kr/op/ko/fd/UOPKOFDA02?pageIndex=1&pageSize=8&ofdBrdId=FSL1004&ofdBrdiSeq=47401&ofdBrdiDtsClsCd=515,목차,2018년 재정사업자율평가보고서(교육부),2018년 재정사업자율평가보고서(교육부).hwp,FI000000004740161460,6,원문 없음: 표지를 제외한 제공 파일 다운로드,files/11_515_재정사업자율평가/2019-05-20_47401_2018년도 소관별 재정사업 자율평가 보고서/06_목차_2018년 재정사업자율평가보고서(교육부).hwp,294912,54484bcf9b2406f90a75372d1b3ecf9de18abe99726220b29bbda2d079dcaf9d,downloaded,
515,재정사업자율평가,38,47401,FSL1004,2018년도 소관별 재정사업 자율평가 보고서,2019-05-20,기획재정부,https://www.openfiscaldata.go.kr/op/ko/fd/UOPKOFDA02?pageIndex=1&pageSize=8&ofdBrdId=FSL1004&ofdBrdiSeq=47401&ofdBrdiDtsClsCd=515,목차,2018년 재정사업자율평가보고서(국가보훈처),2018년 재정사업자율평가보고서(국가보훈처).hwp,FI000000004740161460,7,원문 없음: 표지를 제외한 제공 파일 다운로드,files/11_515_재정사업자율평가/2019-05-20_47401_2018년도 소관별 재정사업 자율평가 보고서/07_목차_2018년 재정사업자율평가보고서(국가보훈처).hwp,12221440,e84c15509752061f3124a233cbd48bc1d11d1a4da97f49bc2c9a56af84213dce,downloaded,
515,재정사업자율평가,38,47401,FSL1004,2018년도 소관별 재정사업 자율평가 보고서,2019-05-20,기획재정부,https://www.openfiscaldata.go.kr/op/ko/fd/UOPKOFDA02?pageIndex=1&pageSize=8&ofdBrdId=FSL1004&ofdBrdiSeq=47401&ofdBrdiDtsClsCd=515,목차,2018년 재정사업자율평가보고서(국가인권위원회),2018년 재정사업자율평가보고서(국가인권위원회).hwp,FI000000004740161460,8,원문 없음: 표지를 제외한 제공 파일 다운로드,files/11_515_재정사업자율평가/2019-05-20_47401_2018년도 소관별 재정사업 자율평가 보고서/08_목차_2018년 재정사업자율평가보고서(국가인권위원회).hwp,47104,9fbfa61058cad4d386b90d464f59581a8dacf1f8d4ad88993e46651aee5f4594,downloaded,
515,재정사업자율평가,38,47401,FSL1004,2018년도 소관별 재정사업 자율평가 보고서,2019-05-20,기획재정부,https://www.openfiscaldata.go.kr/op/ko/fd/UOPKOFDA02?pageIndex=1&pageSize=8&ofdBrdId=FSL1004&ofdBrdiSeq=47401&ofdBrdiDtsClsCd=515,목차,2018년 재정사업자율평가보고서(국민권익위원회),2018년 재정사업자율평가보고서(국민권익위원회).hwp,FI000000004740161460,9,원문 없음: 표지를 제외한 제공 파일 다운로드,files/11_515_재정사업자율평가/2019-05-20_47401_2018년도 소관별 재정사업 자율평가 보고서/09_목차_2018년 재정사업자율평가보고서(국민권익위원회).hwp,68096,33f044244f543ede89fafbef436c97ac60ab57bad4164cd74d1315a8d8223c83,downloaded,
515,재정사업자율평가,38,47401,FSL1004,2018년도 소관별 재정사업 자율평가 보고서,2019-05-20,기획재정부,https://www.openfiscaldata.go.kr/op/ko/fd/UOPKOFDA02?pageIndex=1&pageSize=8&ofdBrdId=FSL1004&ofdBrdiSeq=47401&ofdBrdiDtsClsCd=515,목차,2018년 재정사업자율평가보고서(국방부),2018년 재정사업자율평가보고서(국방부).hwp,FI000000004740161460,10,원문 없음: 표지를 제외한 제공 파일 다운로드,files/11_515_재정사업자율평가/2019-05-20_47401_2018년도 소관별 재정사업 자율평가 보고서/10_목차_2018년 재정사업자율평가보고서(국방부).hwp,217600,95ac49b2b0d6231888c01d66aa55daa0cda88fbf7cbd4d7208d5a04257da4c20,downloaded,
515,재정사업자율평가,38,47401,FSL1004,2018년도 소관별 재정사업 자율평가 보고서,2019-05-20,기획재정부,https://www.openfiscaldata.go.kr/op/ko/fd/UOPKOFDA02?pageIndex=1&pageSize=8&ofdBrdId=FSL1004&ofdBrdiSeq=47401&ofdBrdiDtsClsCd=515,목차,2018년 재정사업자율평가보고서(국세청),2018년 재정사업자율평가보고서(국세청).hwp,FI000000004740161460,11,원문 없음: 표지를 제외한 제공 파일 다운로드,files/11_515_재정사업자율평가/2019-05-20_47401_2018년도 소관별 재정사업 자율평가 보고서/11_목차_2018년 재정사업자율평가보고서(국세청).hwp,136192,a721fdb272308221cc63802468cfc826a07244f078adedc6c57d9f66f1422bbd,downloaded,
515,재정사업자율평가,38,47401,FSL1004,2018년도 소관별 재정사업 자율평가 보고서,2019-05-20,기획재정부,https://www.openfiscaldata.go.kr/op/ko/fd/UOPKOFDA02?pageIndex=1&pageSize=8&ofdBrdId=FSL1004&ofdBrdiSeq=47401&ofdBrdiDtsClsCd=515,목차,2018년 재정사업자율평가보고서(국토교통부),2018년 재정사업자율평가보고서(국토교통부).hwp,FI000000004740161460,12,원문 없음: 표지를 제외한 제공 파일 다운로드,files/11_515_재정사업자율평가/2019-05-20_47401_2018년도 소관별 재정사업 자율평가 보고서/12_목차_2018년 재정사업자율평가보고서(국토교통부).hwp,591872,4dcfc52891b5b4b93d78c53b5400bf32c4f74ce1c56112c51a73adbaf1649a03,downloaded,
515,재정사업자율평가,38,47401,FSL1004,2018년도 소관별 재정사업 자율평가 보고서,2019-05-20,기획재정부,https://www.openfiscaldata.go.kr/op/ko/fd/UOPKOFDA02?pageIndex=1&pageSize=8&ofdBrdId=FSL1004&ofdBrdiSeq=47401&ofdBrdiDtsClsCd=515,목차,2018년 재정사업자율평가보고서(국회),2018년 재정사업자율평가보고서(국회).hwp,FI000000004740161460,13,원문 없음: 표지를 제외한 제공 파일 다운로드,files/11_515_재정사업자율평가/2019-05-20_47401_2018년도 소관별 재정사업 자율평가 보고서/13_목차_2018년 재정사업자율평가보고서(국회).hwp,15820800,1115c8265ff7ae4b2b47d9f39ae0525b979f137a996d78680cfd33e6919a753e,downloaded,
515,재정사업자율평가,38,47401,FSL1004,2018년도 소관별 재정사업 자율평가 보고서,2019-05-20,기획재정부,https://www.openfiscaldata.go.kr/op/ko/fd/UOPKOFDA02?pageIndex=1&pageSize=8&ofdBrdId=FSL1004&ofdBrdiSeq=47401&ofdBrdiDtsClsCd=515,목차,2018년 재정사업자율평가보고서(금융위원회),2018년 재정사업자율평가보고서(금융위원회).hwp,FI000000004740161460,14,원문 없음: 표지를 제외한 제공 파일 다운로드,files/11_515_재정사업자율평가/2019-05-20_47401_2018년도 소관별 재정사업 자율평가 보고서/14_목차_2018년 재정사업자율평가보고서(금융위원회).hwp,141312,1b51030e323ed56e5a1cb3d394f104b1e6256204f4b527927dd0eaef344844d5,downloaded,
515,재정사업자율평가,38,47401,FSL1004,2018년도 소관별 재정사업 자율평가 보고서,2019-05-20,기획재정부,https://www.openfiscaldata.go.kr/op/ko/fd/UOPKOFDA02?pageIndex=1&pageSize=8&ofdBrdId=FSL1004&ofdBrdiSeq=47401&ofdBrdiDtsClsCd=515,목차,2018년 재정사업자율평가보고서(기상청),2018년 재정사업자율평가보고서(기상청).hwp,FI000000004740161460,15,원문 없음: 표지를 제외한 제공 파일 다운로드,files/11_515_재정사업자율평가/2019-05-20_47401_2018년도 소관별 재정사업 자율평가 보고서/15_목차_2018년 재정사업자율평가보고서(기상청).hwp,1118208,000c2cda01f0c431c5e601fc10f908e9a7c04876274a600aafab58c0fa5bc2bf,downloaded,
515,재정사업자율평가,38,47401,FSL1004,2018년도 소관별 재정사업 자율평가 보고서,2019-05-20,기획재정부,https://www.openfiscaldata.go.kr/op/ko/fd/UOPKOFDA02?pageIndex=1&pageSize=8&ofdBrdId=FSL1004&ofdBrdiSeq=47401&ofdBrdiDtsClsCd=515,목차,2018년 재정사업자율평가보고서(기재부),2018년 재정사업자율평가보고서(기재부).hwp,FI000000004740161460,16,원문 없음: 표지를 제외한 제공 파일 다운로드,files/11_515_재정사업자율평가/2019-05-20_47401_2018년도 소관별 재정사업 자율평가 보고서/16_목차_2018년 재정사업자율평가보고서(기재부).hwp,103936,4cf617c11b1dbb7557f5919d8c6e0ebb3590a9ddcbca4da5e47f16da8432f87d,downloaded,
515,재정사업자율평가,38,47401,FSL1004,2018년도 소관별 재정사업 자율평가 보고서,2019-05-20,기획재정부,https://www.openfiscaldata.go.kr/op/ko/fd/UOPKOFDA02?pageIndex=1&pageSize=8&ofdBrdId=FSL1004&ofdBrdiSeq=47401&ofdBrdiDtsClsCd=515,목차,2018년 재정사업자율평가보고서(농림축산식품부),2018년 재정사업자율평가보고서(농림축산식품부).hwp,FI000000004740161460,17,원문 없음: 표지를 제외한 제공 파일 다운로드,files/11_515_재정사업자율평가/2019-05-20_47401_2018년도 소관별 재정사업 자율평가 보고서/17_목차_2018년 재정사업자율평가보고서(농림축산식품부).hwp,8471040,35af6bbbaef311d2559d291d7d3fca69f513eb676a187793efb9549fa6f2a672,downloaded,
515,재정사업자율평가,38,47401,FSL1004,2018년도 소관별 재정사업 자율평가 보고서,2019-05-20,기획재정부,https://www.openfiscaldata.go.kr/op/ko/fd/UOPKOFDA02?pageIndex=1&pageSize=8&ofdBrdId=FSL1004&ofdBrdiSeq=47401&ofdBrdiDtsClsCd=515,목차,2018년 재정사업자율평가보고서(농촌진흥청),2018년 재정사업자율평가보고서(농촌진흥청).hwp,FI000000004740161460,18,원문 없음: 표지를 제외한 제공 파일 다운로드,files/11_515_재정사업자율평가/2019-05-20_47401_2018년도 소관별 재정사업 자율평가 보고서/18_목차_2018년 재정사업자율평가보고서(농촌진흥청).hwp,115200,04fbab2126bd3670f1368afae615bf61745dfe9c5619af07a8107791ce483568,downloaded,
515,재정사업자율평가,38,47401,FSL1004,2018년도 소관별 재정사업 자율평가 보고서,2019-05-20,기획재정부,https://www.openfiscaldata.go.kr/op/ko/fd/UOPKOFDA02?pageIndex=1&pageSize=8&ofdBrdId=FSL1004&ofdBrdiSeq=47401&ofdBrdiDtsClsCd=515,목차,2018년 재정사업자율평가보고서(대법원),2018년 재정사업자율평가보고서(대법원).hwp,FI000000004740161460,19,원문 없음: 표지를 제외한 제공 파일 다운로드,files/11_515_재정사업자율평가/2019-05-20_47401_2018년도 소관별 재정사업 자율평가 보고서/19_목차_2018년 재정사업자율평가보고서(대법원).hwp,95232,878d1cb7efe6e45c071a8689ca795b5e7c924c2a5b9e555e45e10e221645d895,downloaded,
515,재정사업자율평가,38,47401,FSL1004,2018년도 소관별 재정사업 자율평가 보고서,2019-05-20,기획재정부,https://www.openfiscaldata.go.kr/op/ko/fd/UOPKOFDA02?pageIndex=1&pageSize=8&ofdBrdId=FSL1004&ofdBrdiSeq=47401&ofdBrdiDtsClsCd=515,목차,2018년 재정사업자율평가보고서(대통령경호처),2018년 재정사업자율평가보고서(대통령경호처).hwp,FI000000004740161460,20,원문 없음: 표지를 제외한 제공 파일 다운로드,files/11_515_재정사업자율평가/2019-05-20_47401_2018년도 소관별 재정사업 자율평가 보고서/20_목차_2018년 재정사업자율평가보고서(대통령경호처).hwp,38400,2cef32624b1a9ef235e450f142083e5dc4ca1a47228ed47d27a01e3361d2a83f,downloaded,
515,재정사업자율평가,38,47401,FSL1004,2018년도 소관별 재정사업 자율평가 보고서,2019-05-20,기획재정부,https://www.openfiscaldata.go.kr/op/ko/fd/UOPKOFDA02?pageIndex=1&pageSize=8&ofdBrdId=FSL1004&ofdBrdiSeq=47401&ofdBrdiDtsClsCd=515,목차,2018년 재정사업자율평가보고서(대통령비서실 및 국가안보실),2018년 재정사업자율평가보고서(대통령비서실 및 국가안보실).hwp,FI000000004740161460,21,원문 없음: 표지를 제외한 제공 파일 다운로드,files/11_515_재정사업자율평가/2019-05-20_47401_2018년도 소관별 재정사업 자율평가 보고서/21_목차_2018년 재정사업자율평가보고서(대통령비서실 및 국가안보실).hwp,49152,82cbce75151f92563fa37a5f0943d9609b373849d925a67119ee5fe8c550e93e,downloaded,
515,재정사업자율평가,38,47401,FSL1004,2018년도 소관별 재정사업 자율평가 보고서,2019-05-20,기획재정부,https://www.openfiscaldata.go.kr/op/ko/fd/UOPKOFDA02?pageIndex=1&pageSize=8&ofdBrdId=FSL1004&ofdBrdiSeq=47401&ofdBrdiDtsClsCd=515,목차,2018년 재정사업자율평가보고서(문화재청),2018년 재정사업자율평가보고서(문화재청).hwp,FI000000004740161460,22,원문 없음: 표지를 제외한 제공 파일 다운로드,files/11_515_재정사업자율평가/2019-05-20_47401_2018년도 소관별 재정사업 자율평가 보고서/22_목차_2018년 재정사업자율평가보고서(문화재청).hwp,174592,23b99317e735faedcd4f2444bc9cf602f1cae679c1f8208ff9cd14dab2ce521e,downloaded,
515,재정사업자율평가,38,47401,FSL1004,2018년도 소관별 재정사업 자율평가 보고서,2019-05-20,기획재정부,https://www.openfiscaldata.go.kr/op/ko/fd/UOPKOFDA02?pageIndex=1&pageSize=8&ofdBrdId=FSL1004&ofdBrdiSeq=47401&ofdBrdiDtsClsCd=515,목차,2018년 재정사업자율평가보고서(문화체육관광부),2018년 재정사업자율평가보고서(문화체육관광부).hwp,FI000000004740161460,23,원문 없음: 표지를 제외한 제공 파일 다운로드,files/11_515_재정사업자율평가/2019-05-20_47401_2018년도 소관별 재정사업 자율평가 보고서/23_목차_2018년 재정사업자율평가보고서(문화체육관광부).hwp,792064,a47cb51927eec8bd830d02ff76939f826922ea8825ac5e27c31e137bbf4acd57,downloaded,
515,재정사업자율평가,38,47401,FSL1004,2018년도 소관별 재정사업 자율평가 보고서,2019-05-20,기획재정부,https://www.openfiscaldata.go.kr/op/ko/fd/UOPKOFDA02?pageIndex=1&pageSize=8&ofdBrdId=FSL1004&ofdBrdiSeq=47401&ofdBrdiDtsClsCd=515,목차,2018년 재정사업자율평가보고서(방송통신위원회),2018년 재정사업자율평가보고서(방송통신위원회).hwp,FI000000004740161460,24,원문 없음: 표지를 제외한 제공 파일 다운로드,files/11_515_재정사업자율평가/2019-05-20_47401_2018년도 소관별 재정사업 자율평가 보고서/24_목차_2018년 재정사업자율평가보고서(방송통신위원회).hwp,66048,9e20b9b24bd120c0a35e5ef91d621e10df01a86d1a50639e72212009bc40b4ba,downloaded,
515,재정사업자율평가,38,47401,FSL1004,2018년도 소관별 재정사업 자율평가 보고서,2019-05-20,기획재정부,https://www.openfiscaldata.go.kr/op/ko/fd/UOPKOFDA02?pageIndex=1&pageSize=8&ofdBrdId=FSL1004&ofdBrdiSeq=47401&ofdBrdiDtsClsCd=515,목차,2018년 재정사업자율평가보고서(방위사업청),2018년 재정사업자율평가보고서(방위사업청).hwp,FI000000004740161460,25,원문 없음: 표지를 제외한 제공 파일 다운로드,files/11_515_재정사업자율평가/2019-05-20_47401_2018년도 소관별 재정사업 자율평가 보고서/25_목차_2018년 재정사업자율평가보고서(방위사업청).hwp,1533440,d413703ea6418f5689ee120cd295d229269830851a23dd0846ed69892b37e554,downloaded,
515,재정사업자율평가,38,47401,FSL1004,2018년도 소관별 재정사업 자율평가 보고서,2019-05-20,기획재정부,https://www.openfiscaldata.go.kr/op/ko/fd/UOPKOFDA02?pageIndex=1&pageSize=8&ofdBrdId=FSL1004&ofdBrdiSeq=47401&ofdBrdiDtsClsCd=515,목차,2018년 재정사업자율평가보고서(법무부),2018년 재정사업자율평가보고서(법무부).hwp,FI000000004740161460,26,원문 없음: 표지를 제외한 제공 파일 다운로드,files/11_515_재정사업자율평가/2019-05-20_47401_2018년도 소관별 재정사업 자율평가 보고서/26_목차_2018년 재정사업자율평가보고서(법무부).hwp,225280,de9ab0182e604efdf230238a2c7dc224da672bdcab7a4d72547bba2b2ad3f0b2,downloaded,
515,재정사업자율평가,38,47401,FSL1004,2018년도 소관별 재정사업 자율평가 보고서,2019-05-20,기획재정부,https://www.openfiscaldata.go.kr/op/ko/fd/UOPKOFDA02?pageIndex=1&pageSize=8&ofdBrdId=FSL1004&ofdBrdiSeq=47401&ofdBrdiDtsClsCd=515,목차,2018년 재정사업자율평가보고서(법제처),2018년 재정사업자율평가보고서(법제처).hwp,FI000000004740161460,27,원문 없음: 표지를 제외한 제공 파일 다운로드,files/11_515_재정사업자율평가/2019-05-20_47401_2018년도 소관별 재정사업 자율평가 보고서/27_목차_2018년 재정사업자율평가보고서(법제처).hwp,86016,9ee58cfa6bf61926b7fc568e1bee72e9c457cf3f316eb3e5f4f7fa4a814f3019,downloaded,
515,재정사업자율평가,38,47401,FSL1004,2018년도 소관별 재정사업 자율평가 보고서,2019-05-20,기획재정부,https://www.openfiscaldata.go.kr/op/ko/fd/UOPKOFDA02?pageIndex=1&pageSize=8&ofdBrdId=FSL1004&ofdBrdiSeq=47401&ofdBrdiDtsClsCd=515,목차,2018년 재정사업자율평가보고서(병무청),2018년 재정사업자율평가보고서(병무청).hwp,FI000000004740161460,28,원문 없음: 표지를 제외한 제공 파일 다운로드,files/11_515_재정사업자율평가/2019-05-20_47401_2018년도 소관별 재정사업 자율평가 보고서/28_목차_2018년 재정사업자율평가보고서(병무청).hwp,163328,d142da4d5496160c81441e81bc4a715601c095f83db06b5f1366b90f0b97d333,downloaded,
515,재정사업자율평가,38,47401,FSL1004,2018년도 소관별 재정사업 자율평가 보고서,2019-05-20,기획재정부,https://www.openfiscaldata.go.kr/op/ko/fd/UOPKOFDA02?pageIndex=1&pageSize=8&ofdBrdId=FSL1004&ofdBrdiSeq=47401&ofdBrdiDtsClsCd=515,목차,2018년 재정사업자율평가보고서(보건복지부),2018년 재정사업자율평가보고서(보건복지부).hwp,FI000000004740161460,29,원문 없음: 표지를 제외한 제공 파일 다운로드,files/11_515_재정사업자율평가/2019-05-20_47401_2018년도 소관별 재정사업 자율평가 보고서/29_목차_2018년 재정사업자율평가보고서(보건복지부).hwp,687104,59bfcba04a230d741fb310d00d3b932f1a0140f30a773543bda74001961e3609,downloaded,
515,재정사업자율평가,38,47401,FSL1004,2018년도 소관별 재정사업 자율평가 보고서,2019-05-20,기획재정부,https://www.openfiscaldata.go.kr/op/ko/fd/UOPKOFDA02?pageIndex=1&pageSize=8&ofdBrdId=FSL1004&ofdBrdiSeq=47401&ofdBrdiDtsClsCd=515,목차,2018년 재정사업자율평가보고서(산림청),2018년 재정사업자율평가보고서(산림청).hwp,FI000000004740161460,30,원문 없음: 표지를 제외한 제공 파일 다운로드,files/11_515_재정사업자율평가/2019-05-20_47401_2018년도 소관별 재정사업 자율평가 보고서/30_목차_2018년 재정사업자율평가보고서(산림청).hwp,373248,4bb294a8831a38e5c8528d2f6959bb8bab550f5f4fb58c9634694a36f75df6ff,downloaded,
515,재정사업자율평가,38,47401,FSL1004,2018년도 소관별 재정사업 자율평가 보고서,2019-05-20,기획재정부,https://www.openfiscaldata.go.kr/op/ko/fd/UOPKOFDA02?pageIndex=1&pageSize=8&ofdBrdId=FSL1004&ofdBrdiSeq=47401&ofdBrdiDtsClsCd=515,목차,2018년 재정사업자율평가보고서(산업통상자원부),2018년 재정사업자율평가보고서(산업통상자원부).hwp,FI000000004740161460,31,원문 없음: 표지를 제외한 제공 파일 다운로드,files/11_515_재정사업자율평가/2019-05-20_47401_2018년도 소관별 재정사업 자율평가 보고서/31_목차_2018년 재정사업자율평가보고서(산업통상자원부).hwp,707072,a8a43c428c5051709d583d1a963c82e616420deed8770e7affd5d02bd708cf61,downloaded,
515,재정사업자율평가,38,47401,FSL1004,2018년도 소관별 재정사업 자율평가 보고서,2019-05-20,기획재정부,https://www.openfiscaldata.go.kr/op/ko/fd/UOPKOFDA02?pageIndex=1&pageSize=8&ofdBrdId=FSL1004&ofdBrdiSeq=47401&ofdBrdiDtsClsCd=515,목차,2018년 재정사업자율평가보고서(새만금개발청),2018년 재정사업자율평가보고서(새만금개발청).hwp,FI000000004740161460,32,원문 없음: 표지를 제외한 제공 파일 다운로드,files/11_515_재정사업자율평가/2019-05-20_47401_2018년도 소관별 재정사업 자율평가 보고서/32_목차_2018년 재정사업자율평가보고서(새만금개발청).hwp,71168,37750c8d5f4837d0952459cb3e0fddedc1583d4203d2f80ab0c779c3790ae68b,downloaded,
515,재정사업자율평가,38,47401,FSL1004,2018년도 소관별 재정사업 자율평가 보고서,2019-05-20,기획재정부,https://www.openfiscaldata.go.kr/op/ko/fd/UOPKOFDA02?pageIndex=1&pageSize=8&ofdBrdId=FSL1004&ofdBrdiSeq=47401&ofdBrdiDtsClsCd=515,목차,2018년 재정사업자율평가보고서(선거관리위원회),2018년 재정사업자율평가보고서(선거관리위원회).hwp,FI000000004740161460,33,원문 없음: 표지를 제외한 제공 파일 다운로드,files/11_515_재정사업자율평가/2019-05-20_47401_2018년도 소관별 재정사업 자율평가 보고서/33_목차_2018년 재정사업자율평가보고서(선거관리위원회).hwp,150016,3033977bb3a796a9f62ce22143b6ab88a13b498ba88a16871829dd5f99f394d0,downloaded,
515,재정사업자율평가,38,47401,FSL1004,2018년도 소관별 재정사업 자율평가 보고서,2019-05-20,기획재정부,https://www.openfiscaldata.go.kr/op/ko/fd/UOPKOFDA02?pageIndex=1&pageSize=8&ofdBrdId=FSL1004&ofdBrdiSeq=47401&ofdBrdiDtsClsCd=515,목차,2018년 재정사업자율평가보고서(소방청),2018년 재정사업자율평가보고서(소방청).hwp,FI000000004740161460,34,원문 없음: 표지를 제외한 제공 파일 다운로드,files/11_515_재정사업자율평가/2019-05-20_47401_2018년도 소관별 재정사업 자율평가 보고서/34_목차_2018년 재정사업자율평가보고서(소방청).hwp,38912,cc358b703aa844878544cde4b1e238bab7261b7dcbd9e3735dc410937dfaf97c,downloaded,
515,재정사업자율평가,38,47401,FSL1004,2018년도 소관별 재정사업 자율평가 보고서,2019-05-20,기획재정부,https://www.openfiscaldata.go.kr/op/ko/fd/UOPKOFDA02?pageIndex=1&pageSize=8&ofdBrdId=FSL1004&ofdBrdiSeq=47401&ofdBrdiDtsClsCd=515,목차,2018년 재정사업자율평가보고서(식품의약안전처),2018년 재정사업자율평가보고서(식품의약안전처).hwp,FI000000004740161460,35,원문 없음: 표지를 제외한 제공 파일 다운로드,files/11_515_재정사업자율평가/2019-05-20_47401_2018년도 소관별 재정사업 자율평가 보고서/35_목차_2018년 재정사업자율평가보고서(식품의약안전처).hwp,305664,b827bb4808068fccfa4ffa844ef48875dcd1a7e3fa483bee5b411181d3727b0f,downloaded,
515,재정사업자율평가,38,47401,FSL1004,2018년도 소관별 재정사업 자율평가 보고서,2019-05-20,기획재정부,https://www.openfiscaldata.go.kr/op/ko/fd/UOPKOFDA02?pageIndex=1&pageSize=8&ofdBrdId=FSL1004&ofdBrdiSeq=47401&ofdBrdiDtsClsCd=515,목차,2018년 재정사업자율평가보고서(여성가족부),2018년 재정사업자율평가보고서(여성가족부).hwp,FI000000004740161460,36,원문 없음: 표지를 제외한 제공 파일 다운로드,files/11_515_재정사업자율평가/2019-05-20_47401_2018년도 소관별 재정사업 자율평가 보고서/36_목차_2018년 재정사업자율평가보고서(여성가족부).hwp,91648,6bf5fee2314eef08cc7a39e98b2fccd32ab6b4dad079eb8f719ed9a68ebe90fb,downloaded,
515,재정사업자율평가,38,47401,FSL1004,2018년도 소관별 재정사업 자율평가 보고서,2019-05-20,기획재정부,https://www.openfiscaldata.go.kr/op/ko/fd/UOPKOFDA02?pageIndex=1&pageSize=8&ofdBrdId=FSL1004&ofdBrdiSeq=47401&ofdBrdiDtsClsCd=515,목차,2018년 재정사업자율평가보고서(외교부),2018년 재정사업자율평가보고서(외교부).hwp,FI000000004740161460,37,원문 없음: 표지를 제외한 제공 파일 다운로드,files/11_515_재정사업자율평가/2019-05-20_47401_2018년도 소관별 재정사업 자율평가 보고서/37_목차_2018년 재정사업자율평가보고서(외교부).hwp,253440,8774e15bb08927fb86ce29c7f9317e61e04ede85e2b1e6b9d28d4ace3e142bc9,downloaded,
515,재정사업자율평가,38,47401,FSL1004,2018년도 소관별 재정사업 자율평가 보고서,2019-05-20,기획재정부,https://www.openfiscaldata.go.kr/op/ko/fd/UOPKOFDA02?pageIndex=1&pageSize=8&ofdBrdId=FSL1004&ofdBrdiSeq=47401&ofdBrdiDtsClsCd=515,목차,2018년 재정사업자율평가보고서(원자력위원회),2018년 재정사업자율평가보고서(원자력위원회).hwp,FI000000004740161460,38,원문 없음: 표지를 제외한 제공 파일 다운로드,files/11_515_재정사업자율평가/2019-05-20_47401_2018년도 소관별 재정사업 자율평가 보고서/38_목차_2018년 재정사업자율평가보고서(원자력위원회).hwp,42496,753da72e57736037f7f1c17499153015e651c1a918b16742615458a0dcf145da,downloaded,
515,재정사업자율평가,38,47401,FSL1004,2018년도 소관별 재정사업 자율평가 보고서,2019-05-20,기획재정부,https://www.openfiscaldata.go.kr/op/ko/fd/UOPKOFDA02?pageIndex=1&pageSize=8&ofdBrdId=FSL1004&ofdBrdiSeq=47401&ofdBrdiDtsClsCd=515,목차,2018년 재정사업자율평가보고서(인사혁신처),2018년 재정사업자율평가보고서(인사혁신처).hwp,FI000000004740161460,39,원문 없음: 표지를 제외한 제공 파일 다운로드,files/11_515_재정사업자율평가/2019-05-20_47401_2018년도 소관별 재정사업 자율평가 보고서/39_목차_2018년 재정사업자율평가보고서(인사혁신처).hwp,123904,112839e856a6c22fbd98e432e75c2dc21e447c430f2ffdef98d86ce20c7615a8,downloaded,
515,재정사업자율평가,38,47401,FSL1004,2018년도 소관별 재정사업 자율평가 보고서,2019-05-20,기획재정부,https://www.openfiscaldata.go.kr/op/ko/fd/UOPKOFDA02?pageIndex=1&pageSize=8&ofdBrdId=FSL1004&ofdBrdiSeq=47401&ofdBrdiDtsClsCd=515,목차,2018년 재정사업자율평가보고서(조달청),2018년 재정사업자율평가보고서(조달청).hwp,FI000000004740161460,40,원문 없음: 표지를 제외한 제공 파일 다운로드,files/11_515_재정사업자율평가/2019-05-20_47401_2018년도 소관별 재정사업 자율평가 보고서/40_목차_2018년 재정사업자율평가보고서(조달청).hwp,164352,dd4292cb01204f252f9deba811018b51ee02418a86a3b60e79d9a159d4326e52,downloaded,
515,재정사업자율평가,38,47401,FSL1004,2018년도 소관별 재정사업 자율평가 보고서,2019-05-20,기획재정부,https://www.openfiscaldata.go.kr/op/ko/fd/UOPKOFDA02?pageIndex=1&pageSize=8&ofdBrdId=FSL1004&ofdBrdiSeq=47401&ofdBrdiDtsClsCd=515,목차,2018년 재정사업자율평가보고서(중소벤처기업부),2018년 재정사업자율평가보고서(중소벤처기업부).hwp,FI000000004740161460,41,원문 없음: 표지를 제외한 제공 파일 다운로드,files/11_515_재정사업자율평가/2019-05-20_47401_2018년도 소관별 재정사업 자율평가 보고서/41_목차_2018년 재정사업자율평가보고서(중소벤처기업부).hwp,523776,ba215531970c5ecc5dc3ab5b005443ddcde2a44a74bc806ba0786fe00ea9caff,downloaded,
515,재정사업자율평가,38,47401,FSL1004,2018년도 소관별 재정사업 자율평가 보고서,2019-05-20,기획재정부,https://www.openfiscaldata.go.kr/op/ko/fd/UOPKOFDA02?pageIndex=1&pageSize=8&ofdBrdId=FSL1004&ofdBrdiSeq=47401&ofdBrdiDtsClsCd=515,목차,2018년 재정사업자율평가보고서(통계청),2018년 재정사업자율평가보고서(통계청).hwp,FI000000004740161460,42,원문 없음: 표지를 제외한 제공 파일 다운로드,files/11_515_재정사업자율평가/2019-05-20_47401_2018년도 소관별 재정사업 자율평가 보고서/42_목차_2018년 재정사업자율평가보고서(통계청).hwp,10085888,7b4a1c3a692633bf02169779e5e33edfaaa20aaa3e12f28aa20fb274784fc5e6,downloaded,
515,재정사업자율평가,38,47401,FSL1004,2018년도 소관별 재정사업 자율평가 보고서,2019-05-20,기획재정부,https://www.openfiscaldata.go.kr/op/ko/fd/UOPKOFDA02?pageIndex=1&pageSize=8&ofdBrdId=FSL1004&ofdBrdiSeq=47401&ofdBrdiDtsClsCd=515,목차,2018년 재정사업자율평가보고서(통일부),2018년 재정사업자율평가보고서(통일부).hwp,FI000000004740161460,43,원문 없음: 표지를 제외한 제공 파일 다운로드,files/11_515_재정사업자율평가/2019-05-20_47401_2018년도 소관별 재정사업 자율평가 보고서/43_목차_2018년 재정사업자율평가보고서(통일부).hwp,945664,db64fbeb8162198052faa94158487ed97e4579d1a7a1c6c7fef1b55a082cc3b6,downloaded,
515,재정사업자율평가,38,47401,FSL1004,2018년도 소관별 재정사업 자율평가 보고서,2019-05-20,기획재정부,https://www.openfiscaldata.go.kr/op/ko/fd/UOPKOFDA02?pageIndex=1&pageSize=8&ofdBrdId=FSL1004&ofdBrdiSeq=47401&ofdBrdiDtsClsCd=515,목차,2018년 재정사업자율평가보고서(특허청),2018년 재정사업자율평가보고서(특허청).hwp,FI000000004740161460,44,원문 없음: 표지를 제외한 제공 파일 다운로드,files/11_515_재정사업자율평가/2019-05-20_47401_2018년도 소관별 재정사업 자율평가 보고서/44_목차_2018년 재정사업자율평가보고서(특허청).hwp,122368,a2ac4ff68979848882f51c716997e4d7fdd6275b05e079960f60dd49ee08d494,downloaded,
515,재정사업자율평가,38,47401,FSL1004,2018년도 소관별 재정사업 자율평가 보고서,2019-05-20,기획재정부,https://www.openfiscaldata.go.kr/op/ko/fd/UOPKOFDA02?pageIndex=1&pageSize=8&ofdBrdId=FSL1004&ofdBrdiSeq=47401&ofdBrdiDtsClsCd=515,목차,2018년 재정사업자율평가보고서(해양경찰청),2018년 재정사업자율평가보고서(해양경찰청).hwp,FI000000004740161460,45,원문 없음: 표지를 제외한 제공 파일 다운로드,files/11_515_재정사업자율평가/2019-05-20_47401_2018년도 소관별 재정사업 자율평가 보고서/45_목차_2018년 재정사업자율평가보고서(해양경찰청).hwp,294912,2f9a2dbdb9e9e3546160cd6d743f0b3a43ccb6e6d95c57776779fd98eb4590ee,downloaded,
515,재정사업자율평가,38,47401,FSL1004,2018년도 소관별 재정사업 자율평가 보고서,2019-05-20,기획재정부,https://www.openfiscaldata.go.kr/op/ko/fd/UOPKOFDA02?pageIndex=1&pageSize=8&ofdBrdId=FSL1004&ofdBrdiSeq=47401&ofdBrdiDtsClsCd=515,목차,2018년 재정사업자율평가보고서(해양수산부),2018년 재정사업자율평가보고서(해양수산부).hwp,FI000000004740161460,46,원문 없음: 표지를 제외한 제공 파일 다운로드,files/11_515_재정사업자율평가/2019-05-20_47401_2018년도 소관별 재정사업 자율평가 보고서/46_목차_2018년 재정사업자율평가보고서(해양수산부).hwp,47856640,c395a37dcd9ee202bd2c95c9494ac4ef9bf2d6f8c58583d2bc60114160744b16,downloaded,
515,재정사업자율평가,38,47401,FSL1004,2018년도 소관별 재정사업 자율평가 보고서,2019-05-20,기획재정부,https://www.openfiscaldata.go.kr/op/ko/fd/UOPKOFDA02?pageIndex=1&pageSize=8&ofdBrdId=FSL1004&ofdBrdiSeq=47401&ofdBrdiDtsClsCd=515,목차,2018년 재정사업자율평가보고서(행안부),2018년 재정사업자율평가보고서(행안부).hwp,FI000000004740161460,47,원문 없음: 표지를 제외한 제공 파일 다운로드,files/11_515_재정사업자율평가/2019-05-20_47401_2018년도 소관별 재정사업 자율평가 보고서/47_목차_2018년 재정사업자율평가보고서(행안부).hwp,279040,1b076a06999511ec3eb7fc3134bb44ddf22472bdd148a223cd68acdba554d64d,downloaded,
515,재정사업자율평가,38,47401,FSL1004,2018년도 소관별 재정사업 자율평가 보고서,2019-05-20,기획재정부,https://www.openfiscaldata.go.kr/op/ko/fd/UOPKOFDA02?pageIndex=1&pageSize=8&ofdBrdId=FSL1004&ofdBrdiSeq=47401&ofdBrdiDtsClsCd=515,목차,2018년 재정사업자율평가보고서(행정중심복합도시건설청),2018년 재정사업자율평가보고서(행정중심복합도시건설청).hwp,FI000000004740161460,48,원문 없음: 표지를 제외한 제공 파일 다운로드,files/11_515_재정사업자율평가/2019-05-20_47401_2018년도 소관별 재정사업 자율평가 보고서/48_목차_2018년 재정사업자율평가보고서(행정중심복합도시건설청).hwp,43520,0963652656d054781e8d64f24ec2e373fa0cd19b4730ae3e778969a499f99656,downloaded,
515,재정사업자율평가,38,47401,FSL1004,2018년도 소관별 재정사업 자율평가 보고서,2019-05-20,기획재정부,https://www.openfiscaldata.go.kr/op/ko/fd/UOPKOFDA02?pageIndex=1&pageSize=8&ofdBrdId=FSL1004&ofdBrdiSeq=47401&ofdBrdiDtsClsCd=515,목차,2018년 재정사업자율평가보고서(헌법재판소),2018년 재정사업자율평가보고서(헌법재판소).hwp,FI000000004740161460,49,원문 없음: 표지를 제외한 제공 파일 다운로드,files/11_515_재정사업자율평가/2019-05-20_47401_2018년도 소관별 재정사업 자율평가 보고서/49_목차_2018년 재정사업자율평가보고서(헌법재판소).hwp,26624,8e39989e4d788dc283e273c787a4e77b8242a60b975f5f82626ee2a55baaef6e,downloaded,
515,재정사업자율평가,38,47401,FSL1004,2018년도 소관별 재정사업 자율평가 보고서,2019-05-20,기획재정부,https://www.openfiscaldata.go.kr/op/ko/fd/UOPKOFDA02?pageIndex=1&pageSize=8&ofdBrdId=FSL1004&ofdBrdiSeq=47401&ofdBrdiDtsClsCd=515,목차,2018년 재정사업자율평가보고서(환경부),2018년 재정사업자율평가보고서(환경부).hwp,FI000000004740161460,50,원문 없음: 표지를 제외한 제공 파일 다운로드,files/11_515_재정사업자율평가/2019-05-20_47401_2018년도 소관별 재정사업 자율평가 보고서/50_목차_2018년 재정사업자율평가보고서(환경부).hwp,366080,cddceca358e2f20a4796b09f08d6e43e23c3f5dff1f8f13b12d410f2c48a590e,downloaded,
515,재정사업자율평가,38,46195,FSL1004,2017년도 소관별 재정사업 자율평가 보고서,2018-06-18,기획재정부,https://www.openfiscaldata.go.kr/op/ko/fd/UOPKOFDA02?pageIndex=1&pageSize=8&ofdBrdId=FSL1004&ofdBrdiSeq=46195&ofdBrdiDtsClsCd=515,목차,2017년 재정사업자율평가보고서(감사원),2017년 재정사업자율평가보고서(감사원).hwp,FI000000004619559989,1,원문 없음: 표지를 제외한 제공 파일 다운로드,files/11_515_재정사업자율평가/2018-06-18_46195_2017년도 소관별 재정사업 자율평가 보고서/01_목차_2017년 재정사업자율평가보고서(감사원).hwp,43520,c4a47e40e5db87be07aecd82c22efd7f82f5e5dd5448e18d71dff04906d14daf,downloaded,
515,재정사업자율평가,38,46195,FSL1004,2017년도 소관별 재정사업 자율평가 보고서,2018-06-18,기획재정부,https://www.openfiscaldata.go.kr/op/ko/fd/UOPKOFDA02?pageIndex=1&pageSize=8&ofdBrdId=FSL1004&ofdBrdiSeq=46195&ofdBrdiDtsClsCd=515,목차,2017년 재정사업자율평가보고서(경찰청),2017년 재정사업자율평가보고서(경찰청).hwp,FI000000004619559989,2,원문 없음: 표지를 제외한 제공 파일 다운로드,files/11_515_재정사업자율평가/2018-06-18_46195_2017년도 소관별 재정사업 자율평가 보고서/02_목차_2017년 재정사업자율평가보고서(경찰청).hwp,284160,9e3a8b58da1d7875c755cf99f374865451a32c7056cc5b21a2f5d729fb092745,downloaded,
515,재정사업자율평가,38,46195,FSL1004,2017년도 소관별 재정사업 자율평가 보고서,2018-06-18,기획재정부,https://www.openfiscaldata.go.kr/op/ko/fd/UOPKOFDA02?pageIndex=1&pageSize=8&ofdBrdId=FSL1004&ofdBrdiSeq=46195&ofdBrdiDtsClsCd=515,목차,2017년 재정사업자율평가보고서(경호처),2017년 재정사업자율평가보고서(경호처).hwp,FI000000004619559989,3,원문 없음: 표지를 제외한 제공 파일 다운로드,files/11_515_재정사업자율평가/2018-06-18_46195_2017년도 소관별 재정사업 자율평가 보고서/03_목차_2017년 재정사업자율평가보고서(경호처).hwp,42496,018847cbe981500a721faef09b54d035b7ed92cae9bae94dcee1c67c91cb0db8,downloaded,
515,재정사업자율평가,38,46195,FSL1004,2017년도 소관별 재정사업 자율평가 보고서,2018-06-18,기획재정부,https://www.openfiscaldata.go.kr/op/ko/fd/UOPKOFDA02?pageIndex=1&pageSize=8&ofdBrdId=FSL1004&ofdBrdiSeq=46195&ofdBrdiDtsClsCd=515,목차,2017년 재정사업자율평가보고서(고용부),2017년 재정사업자율평가보고서(고용부).hwp,FI000000004619559989,4,원문 없음: 표지를 제외한 제공 파일 다운로드,files/11_515_재정사업자율평가/2018-06-18_46195_2017년도 소관별 재정사업 자율평가 보고서/04_목차_2017년 재정사업자율평가보고서(고용부).hwp,5648384,461be8253fc528f89572974abec0afb17f7178f591fb750c2a3ba3926aecc987,downloaded,
515,재정사업자율평가,38,46195,FSL1004,2017년도 소관별 재정사업 자율평가 보고서,2018-06-18,기획재정부,https://www.openfiscaldata.go.kr/op/ko/fd/UOPKOFDA02?pageIndex=1&pageSize=8&ofdBrdId=FSL1004&ofdBrdiSeq=46195&ofdBrdiDtsClsCd=515,목차,2017년 재정사업자율평가보고서(공정위),2017년 재정사업자율평가보고서(공정위).hwp,FI000000004619559989,5,원문 없음: 표지를 제외한 제공 파일 다운로드,files/11_515_재정사업자율평가/2018-06-18_46195_2017년도 소관별 재정사업 자율평가 보고서/05_목차_2017년 재정사업자율평가보고서(공정위).hwp,140800,b6b86ec5377c6d956a340bd3d83a94d145c751afd52aa7ff97327f15faeb2de0,downloaded,
515,재정사업자율평가,38,46195,FSL1004,2017년도 소관별 재정사업 자율평가 보고서,2018-06-18,기획재정부,https://www.openfiscaldata.go.kr/op/ko/fd/UOPKOFDA02?pageIndex=1&pageSize=8&ofdBrdId=FSL1004&ofdBrdiSeq=46195&ofdBrdiDtsClsCd=515,목차,2017년 재정사업자율평가보고서(과기부),2017년 재정사업자율평가보고서(과기부).hwp,FI000000004619559989,6,원문 없음: 표지를 제외한 제공 파일 다운로드,files/11_515_재정사업자율평가/2018-06-18_46195_2017년도 소관별 재정사업 자율평가 보고서/06_목차_2017년 재정사업자율평가보고서(과기부).hwp,593408,479a219ef55e7cb30d406207dc4a36893f3c88067fd7e3d61ab73f3794c318f8,downloaded,
515,재정사업자율평가,38,46195,FSL1004,2017년도 소관별 재정사업 자율평가 보고서,2018-06-18,기획재정부,https://www.openfiscaldata.go.kr/op/ko/fd/UOPKOFDA02?pageIndex=1&pageSize=8&ofdBrdId=FSL1004&ofdBrdiSeq=46195&ofdBrdiDtsClsCd=515,목차,2017년 재정사업자율평가보고서(관세청),2017년 재정사업자율평가보고서(관세청).hwp,FI000000004619559989,7,원문 없음: 표지를 제외한 제공 파일 다운로드,files/11_515_재정사업자율평가/2018-06-18_46195_2017년도 소관별 재정사업 자율평가 보고서/07_목차_2017년 재정사업자율평가보고서(관세청).hwp,81920,f5891f89e88e659c433aca2b080e27482e3bc015caad8a8e7617194eef19f9a7,downloaded,
515,재정사업자율평가,38,46195,FSL1004,2017년도 소관별 재정사업 자율평가 보고서,2018-06-18,기획재정부,https://www.openfiscaldata.go.kr/op/ko/fd/UOPKOFDA02?pageIndex=1&pageSize=8&ofdBrdId=FSL1004&ofdBrdiSeq=46195&ofdBrdiDtsClsCd=515,목차,2017년 재정사업자율평가보고서(교육부),2017년 재정사업자율평가보고서(교육부).hwp,FI000000004619559989,8,원문 없음: 표지를 제외한 제공 파일 다운로드,files/11_515_재정사업자율평가/2018-06-18_46195_2017년도 소관별 재정사업 자율평가 보고서/08_목차_2017년 재정사업자율평가보고서(교육부).hwp,363008,01d5afea9850a0af554d740f2ba870bcc086a5d047b9eb901da39177976a9fb3,downloaded,
515,재정사업자율평가,38,46195,FSL1004,2017년도 소관별 재정사업 자율평가 보고서,2018-06-18,기획재정부,https://www.openfiscaldata.go.kr/op/ko/fd/UOPKOFDA02?pageIndex=1&pageSize=8&ofdBrdId=FSL1004&ofdBrdiSeq=46195&ofdBrdiDtsClsCd=515,목차,2017년 재정사업자율평가보고서(국방부),2017년 재정사업자율평가보고서(국방부).hwp,FI000000004619559989,9,원문 없음: 표지를 제외한 제공 파일 다운로드,files/11_515_재정사업자율평가/2018-06-18_46195_2017년도 소관별 재정사업 자율평가 보고서/09_목차_2017년 재정사업자율평가보고서(국방부).hwp,179712,4b15ab24705963092b4bf10bfd287a787c5b1a78e8d79c7e99824a5cec62cb1e,downloaded,
515,재정사업자율평가,38,46195,FSL1004,2017년도 소관별 재정사업 자율평가 보고서,2018-06-18,기획재정부,https://www.openfiscaldata.go.kr/op/ko/fd/UOPKOFDA02?pageIndex=1&pageSize=8&ofdBrdId=FSL1004&ofdBrdiSeq=46195&ofdBrdiDtsClsCd=515,목차,2017년 재정사업자율평가보고서(국세청),2017년 재정사업자율평가보고서(국세청).hwp,FI000000004619559989,50,원문 없음: 표지를 제외한 제공 파일 다운로드,files/11_515_재정사업자율평가/2018-06-18_46195_2017년도 소관별 재정사업 자율평가 보고서/10_목차_2017년 재정사업자율평가보고서(국세청).hwp,107008,fa4487800b3d6efa1a473bfa31c3451732dde0e7701bc4a7645c4aca7750b462,downloaded,
515,재정사업자율평가,38,46195,FSL1004,2017년도 소관별 재정사업 자율평가 보고서,2018-06-18,기획재정부,https://www.openfiscaldata.go.kr/op/ko/fd/UOPKOFDA02?pageIndex=1&pageSize=8&ofdBrdId=FSL1004&ofdBrdiSeq=46195&ofdBrdiDtsClsCd=515,목차,2017년 재정사업자율평가보고서(국토부),2017년 재정사업자율평가보고서(국토부).hwp,FI000000004619559989,10,원문 없음: 표지를 제외한 제공 파일 다운로드,files/11_515_재정사업자율평가/2018-06-18_46195_2017년도 소관별 재정사업 자율평가 보고서/11_목차_2017년 재정사업자율평가보고서(국토부).hwp,481280,402b59f36b43f4f3c65c90179030e1324346ee556b09570091b1f243dcafd90c,downloaded,
515,재정사업자율평가,38,46195,FSL1004,2017년도 소관별 재정사업 자율평가 보고서,2018-06-18,기획재정부,https://www.openfiscaldata.go.kr/op/ko/fd/UOPKOFDA02?pageIndex=1&pageSize=8&ofdBrdId=FSL1004&ofdBrdiSeq=46195&ofdBrdiDtsClsCd=515,목차,2017년 재정사업자율평가보고서(국회),2017년 재정사업자율평가보고서(국회).hwp,FI000000004619559989,11,원문 없음: 표지를 제외한 제공 파일 다운로드,files/11_515_재정사업자율평가/2018-06-18_46195_2017년도 소관별 재정사업 자율평가 보고서/12_목차_2017년 재정사업자율평가보고서(국회).hwp,2100224,48c3528cdae1f7a338b498bd70aed5b9ff5bd7246c63a87d74b419e98a9c0e7e,downloaded,
515,재정사업자율평가,38,46195,FSL1004,2017년도 소관별 재정사업 자율평가 보고서,2018-06-18,기획재정부,https://www.openfiscaldata.go.kr/op/ko/fd/UOPKOFDA02?pageIndex=1&pageSize=8&ofdBrdId=FSL1004&ofdBrdiSeq=46195&ofdBrdiDtsClsCd=515,목차,2017년 재정사업자율평가보고서(권익위),2017년 재정사업자율평가보고서(권익위).hwp,FI000000004619559989,12,원문 없음: 표지를 제외한 제공 파일 다운로드,files/11_515_재정사업자율평가/2018-06-18_46195_2017년도 소관별 재정사업 자율평가 보고서/13_목차_2017년 재정사업자율평가보고서(권익위).hwp,67072,c6d3b1ef2a08208c02f7a2e3cdbaed892adbe5bdd6e4578199537457a91d9e9f,downloaded,
515,재정사업자율평가,38,46195,FSL1004,2017년도 소관별 재정사업 자율평가 보고서,2018-06-18,기획재정부,https://www.openfiscaldata.go.kr/op/ko/fd/UOPKOFDA02?pageIndex=1&pageSize=8&ofdBrdId=FSL1004&ofdBrdiSeq=46195&ofdBrdiDtsClsCd=515,목차,2017년 재정사업자율평가보고서(금융위),2017년 재정사업자율평가보고서(금융위).hwp,FI000000004619559989,13,원문 없음: 표지를 제외한 제공 파일 다운로드,files/11_515_재정사업자율평가/2018-06-18_46195_2017년도 소관별 재정사업 자율평가 보고서/14_목차_2017년 재정사업자율평가보고서(금융위).hwp,107520,89610761201d1fd258820ffd0c314c5c85269442ea620d7cb24b0ed18be97c76,downloaded,
515,재정사업자율평가,38,46195,FSL1004,2017년도 소관별 재정사업 자율평가 보고서,2018-06-18,기획재정부,https://www.openfiscaldata.go.kr/op/ko/fd/UOPKOFDA02?pageIndex=1&pageSize=8&ofdBrdId=FSL1004&ofdBrdiSeq=46195&ofdBrdiDtsClsCd=515,목차,2017년 재정사업자율평가보고서(기상청),2017년 재정사업자율평가보고서(기상청).hwp,FI000000004619559989,14,원문 없음: 표지를 제외한 제공 파일 다운로드,files/11_515_재정사업자율평가/2018-06-18_46195_2017년도 소관별 재정사업 자율평가 보고서/15_목차_2017년 재정사업자율평가보고서(기상청).hwp,311808,b44d0c73cc295bbf5cc0a8cdcfc684a6d0d189054d7cca2d6240e234ba98f388,downloaded,
515,재정사업자율평가,38,46195,FSL1004,2017년도 소관별 재정사업 자율평가 보고서,2018-06-18,기획재정부,https://www.openfiscaldata.go.kr/op/ko/fd/UOPKOFDA02?pageIndex=1&pageSize=8&ofdBrdId=FSL1004&ofdBrdiSeq=46195&ofdBrdiDtsClsCd=515,목차,2017년 재정사업자율평가보고서(기재부),2017년 재정사업자율평가보고서(기재부).hwp,FI000000004619559989,15,원문 없음: 표지를 제외한 제공 파일 다운로드,files/11_515_재정사업자율평가/2018-06-18_46195_2017년도 소관별 재정사업 자율평가 보고서/16_목차_2017년 재정사업자율평가보고서(기재부).hwp,99328,24257d25249ccd7208a60a1a97be798e045c5ccb8889d6d05c7f6101d017461b,downloaded,
515,재정사업자율평가,38,46195,FSL1004,2017년도 소관별 재정사업 자율평가 보고서,2018-06-18,기획재정부,https://www.openfiscaldata.go.kr/op/ko/fd/UOPKOFDA02?pageIndex=1&pageSize=8&ofdBrdId=FSL1004&ofdBrdiSeq=46195&ofdBrdiDtsClsCd=515,목차,2017년 재정사업자율평가보고서(농식품부),2017년 재정사업자율평가보고서(농식품부).hwp,FI000000004619559989,16,원문 없음: 표지를 제외한 제공 파일 다운로드,files/11_515_재정사업자율평가/2018-06-18_46195_2017년도 소관별 재정사업 자율평가 보고서/17_목차_2017년 재정사업자율평가보고서(농식품부).hwp,6492160,c8bb2f51f1df8e6f8574464fe312f73f272e2f1669e7ce48d8ec197924153df9,downloaded,
515,재정사업자율평가,38,46195,FSL1004,2017년도 소관별 재정사업 자율평가 보고서,2018-06-18,기획재정부,https://www.openfiscaldata.go.kr/op/ko/fd/UOPKOFDA02?pageIndex=1&pageSize=8&ofdBrdId=FSL1004&ofdBrdiSeq=46195&ofdBrdiDtsClsCd=515,목차,2017년 재정사업자율평가보고서(농진청),2017년 재정사업자율평가보고서(농진청).hwp,FI000000004619559989,17,원문 없음: 표지를 제외한 제공 파일 다운로드,files/11_515_재정사업자율평가/2018-06-18_46195_2017년도 소관별 재정사업 자율평가 보고서/18_목차_2017년 재정사업자율평가보고서(농진청).hwp,334848,afd0558b38fee9f43548a9e52766f5714235cbc31366883532eb877a7c714c47,downloaded,
515,재정사업자율평가,38,46195,FSL1004,2017년도 소관별 재정사업 자율평가 보고서,2018-06-18,기획재정부,https://www.openfiscaldata.go.kr/op/ko/fd/UOPKOFDA02?pageIndex=1&pageSize=8&ofdBrdId=FSL1004&ofdBrdiSeq=46195&ofdBrdiDtsClsCd=515,목차,2017년 재정사업자율평가보고서(대법원),2017년 재정사업자율평가보고서(대법원).hwp,FI000000004619559989,18,원문 없음: 표지를 제외한 제공 파일 다운로드,files/11_515_재정사업자율평가/2018-06-18_46195_2017년도 소관별 재정사업 자율평가 보고서/19_목차_2017년 재정사업자율평가보고서(대법원).hwp,89088,d060224647a0f3893d60786f2483374591da154e8b8b1de6c9214d569a691db4,downloaded,
515,재정사업자율평가,38,46195,FSL1004,2017년도 소관별 재정사업 자율평가 보고서,2018-06-18,기획재정부,https://www.openfiscaldata.go.kr/op/ko/fd/UOPKOFDA02?pageIndex=1&pageSize=8&ofdBrdId=FSL1004&ofdBrdiSeq=46195&ofdBrdiDtsClsCd=515,목차,2017년 재정사업자율평가보고서(대통령비서실),2017년 재정사업자율평가보고서(대통령비서실).hwp,FI000000004619559989,19,원문 없음: 표지를 제외한 제공 파일 다운로드,files/11_515_재정사업자율평가/2018-06-18_46195_2017년도 소관별 재정사업 자율평가 보고서/20_목차_2017년 재정사업자율평가보고서(대통령비서실).hwp,69120,0276ec10aedb0607b67fb7a5889c105f34862f6aff8b652bade81d9461ad7955,downloaded,
515,재정사업자율평가,38,46195,FSL1004,2017년도 소관별 재정사업 자율평가 보고서,2018-06-18,기획재정부,https://www.openfiscaldata.go.kr/op/ko/fd/UOPKOFDA02?pageIndex=1&pageSize=8&ofdBrdId=FSL1004&ofdBrdiSeq=46195&ofdBrdiDtsClsCd=515,목차,2017년 재정사업자율평가보고서(문화부),2017년 재정사업자율평가보고서(문화부).hwp,FI000000004619559989,20,원문 없음: 표지를 제외한 제공 파일 다운로드,files/11_515_재정사업자율평가/2018-06-18_46195_2017년도 소관별 재정사업 자율평가 보고서/21_목차_2017년 재정사업자율평가보고서(문화부).hwp,883712,996985e88af95a860b6f810611b88e979d35d263b3c8e65a7ccb823770c42c0b,downloaded,
515,재정사업자율평가,38,46195,FSL1004,2017년도 소관별 재정사업 자율평가 보고서,2018-06-18,기획재정부,https://www.openfiscaldata.go.kr/op/ko/fd/UOPKOFDA02?pageIndex=1&pageSize=8&ofdBrdId=FSL1004&ofdBrdiSeq=46195&ofdBrdiDtsClsCd=515,목차,2017년 재정사업자율평가보고서(문화재청),2017년 재정사업자율평가보고서(문화재청).hwp,FI000000004619559989,21,원문 없음: 표지를 제외한 제공 파일 다운로드,files/11_515_재정사업자율평가/2018-06-18_46195_2017년도 소관별 재정사업 자율평가 보고서/22_목차_2017년 재정사업자율평가보고서(문화재청).hwp,270848,98bc100452ac2fc6d65de1ec2cfd231d1a153d11d1e0526ff622e60d59bf256c,downloaded,
515,재정사업자율평가,38,46195,FSL1004,2017년도 소관별 재정사업 자율평가 보고서,2018-06-18,기획재정부,https://www.openfiscaldata.go.kr/op/ko/fd/UOPKOFDA02?pageIndex=1&pageSize=8&ofdBrdId=FSL1004&ofdBrdiSeq=46195&ofdBrdiDtsClsCd=515,목차,2017년 재정사업자율평가보고서(방통위),2017년 재정사업자율평가보고서(방통위).hwp,FI000000004619559989,22,원문 없음: 표지를 제외한 제공 파일 다운로드,files/11_515_재정사업자율평가/2018-06-18_46195_2017년도 소관별 재정사업 자율평가 보고서/23_목차_2017년 재정사업자율평가보고서(방통위).hwp,65536,f3775214d7ef3cd0170f7c070ebaf49ae19e531236caca8c60dcd4cd25257fa6,downloaded,
515,재정사업자율평가,38,46195,FSL1004,2017년도 소관별 재정사업 자율평가 보고서,2018-06-18,기획재정부,https://www.openfiscaldata.go.kr/op/ko/fd/UOPKOFDA02?pageIndex=1&pageSize=8&ofdBrdId=FSL1004&ofdBrdiSeq=46195&ofdBrdiDtsClsCd=515,목차,2017년 재정사업자율평가보고서(법무부),2017년 재정사업자율평가보고서(법무부).hwp,FI000000004619559989,23,원문 없음: 표지를 제외한 제공 파일 다운로드,files/11_515_재정사업자율평가/2018-06-18_46195_2017년도 소관별 재정사업 자율평가 보고서/24_목차_2017년 재정사업자율평가보고서(법무부).hwp,181760,4e803a557b92889896ea915393400bb24d35917cc9708e6cc0f0a412b21b14e6,downloaded,
515,재정사업자율평가,38,46195,FSL1004,2017년도 소관별 재정사업 자율평가 보고서,2018-06-18,기획재정부,https://www.openfiscaldata.go.kr/op/ko/fd/UOPKOFDA02?pageIndex=1&pageSize=8&ofdBrdId=FSL1004&ofdBrdiSeq=46195&ofdBrdiDtsClsCd=515,목차,2017년 재정사업자율평가보고서(법제처),2017년 재정사업자율평가보고서(법제처).hwp,FI000000004619559989,24,원문 없음: 표지를 제외한 제공 파일 다운로드,files/11_515_재정사업자율평가/2018-06-18_46195_2017년도 소관별 재정사업 자율평가 보고서/25_목차_2017년 재정사업자율평가보고서(법제처).hwp,161280,964d1f6fcdb67994bae4957f66386c3f1242a683ea5af3f700b4775bd4058e79,downloaded,
515,재정사업자율평가,38,46195,FSL1004,2017년도 소관별 재정사업 자율평가 보고서,2018-06-18,기획재정부,https://www.openfiscaldata.go.kr/op/ko/fd/UOPKOFDA02?pageIndex=1&pageSize=8&ofdBrdId=FSL1004&ofdBrdiSeq=46195&ofdBrdiDtsClsCd=515,목차,2017년 재정사업자율평가보고서(병무청),2017년 재정사업자율평가보고서(병무청).hwp,FI000000004619559989,25,원문 없음: 표지를 제외한 제공 파일 다운로드,files/11_515_재정사업자율평가/2018-06-18_46195_2017년도 소관별 재정사업 자율평가 보고서/26_목차_2017년 재정사업자율평가보고서(병무청).hwp,161792,a8bc495898dd9c70794b00d365b7d982908d5b3a15fb83b0979c0bbeb156ef8f,downloaded,
515,재정사업자율평가,38,46195,FSL1004,2017년도 소관별 재정사업 자율평가 보고서,2018-06-18,기획재정부,https://www.openfiscaldata.go.kr/op/ko/fd/UOPKOFDA02?pageIndex=1&pageSize=8&ofdBrdId=FSL1004&ofdBrdiSeq=46195&ofdBrdiDtsClsCd=515,목차,2017년 재정사업자율평가보고서(보훈처),2017년 재정사업자율평가보고서(보훈처).hwp,FI000000004619559989,26,원문 없음: 표지를 제외한 제공 파일 다운로드,files/11_515_재정사업자율평가/2018-06-18_46195_2017년도 소관별 재정사업 자율평가 보고서/27_목차_2017년 재정사업자율평가보고서(보훈처).hwp,197120,6770c371b5f6850b23b52d0e27062ef4be85f9783036cd5c758aa7463ccf194f,downloaded,
515,재정사업자율평가,38,46195,FSL1004,2017년도 소관별 재정사업 자율평가 보고서,2018-06-18,기획재정부,https://www.openfiscaldata.go.kr/op/ko/fd/UOPKOFDA02?pageIndex=1&pageSize=8&ofdBrdId=FSL1004&ofdBrdiSeq=46195&ofdBrdiDtsClsCd=515,목차,2017년 재정사업자율평가보고서(복지부),2017년 재정사업자율평가보고서(복지부).hwp,FI000000004619559989,27,원문 없음: 표지를 제외한 제공 파일 다운로드,files/11_515_재정사업자율평가/2018-06-18_46195_2017년도 소관별 재정사업 자율평가 보고서/28_목차_2017년 재정사업자율평가보고서(복지부).hwp,690688,983687be817e8129d4053216da634decb85463576b5abb5661e4f5c83f18fec4,downloaded,
515,재정사업자율평가,38,46195,FSL1004,2017년도 소관별 재정사업 자율평가 보고서,2018-06-18,기획재정부,https://www.openfiscaldata.go.kr/op/ko/fd/UOPKOFDA02?pageIndex=1&pageSize=8&ofdBrdId=FSL1004&ofdBrdiSeq=46195&ofdBrdiDtsClsCd=515,목차,2017년 재정사업자율평가보고서(산림청),2017년 재정사업자율평가보고서(산림청).hwp,FI000000004619559989,28,원문 없음: 표지를 제외한 제공 파일 다운로드,files/11_515_재정사업자율평가/2018-06-18_46195_2017년도 소관별 재정사업 자율평가 보고서/29_목차_2017년 재정사업자율평가보고서(산림청).hwp,149504,46fb33e41e51e799a0fd5bd83691663adde2ba93926108ba835b0317ee064a35,downloaded,
515,재정사업자율평가,38,46195,FSL1004,2017년도 소관별 재정사업 자율평가 보고서,2018-06-18,기획재정부,https://www.openfiscaldata.go.kr/op/ko/fd/UOPKOFDA02?pageIndex=1&pageSize=8&ofdBrdId=FSL1004&ofdBrdiSeq=46195&ofdBrdiDtsClsCd=515,목차,2017년 재정사업자율평가보고서(산업부),2017년 재정사업자율평가보고서(산업부).hwp,FI000000004619559989,29,원문 없음: 표지를 제외한 제공 파일 다운로드,files/11_515_재정사업자율평가/2018-06-18_46195_2017년도 소관별 재정사업 자율평가 보고서/30_목차_2017년 재정사업자율평가보고서(산업부).hwp,633344,c62a3d3ed12f5630f7e49cb618610a045a62b93279e213d2fb0dc9e015abb894,downloaded,
515,재정사업자율평가,38,46195,FSL1004,2017년도 소관별 재정사업 자율평가 보고서,2018-06-18,기획재정부,https://www.openfiscaldata.go.kr/op/ko/fd/UOPKOFDA02?pageIndex=1&pageSize=8&ofdBrdId=FSL1004&ofdBrdiSeq=46195&ofdBrdiDtsClsCd=515,목차,2017년 재정사업자율평가보고서(소방청),2017년 재정사업자율평가보고서(소방청).hwp,FI000000004619559989,30,원문 없음: 표지를 제외한 제공 파일 다운로드,files/11_515_재정사업자율평가/2018-06-18_46195_2017년도 소관별 재정사업 자율평가 보고서/31_목차_2017년 재정사업자율평가보고서(소방청).hwp,78848,8686096ed90bf5caab2605ba21c8d09539d68a2506fde9f2611dde42323398b1,downloaded,
515,재정사업자율평가,38,46195,FSL1004,2017년도 소관별 재정사업 자율평가 보고서,2018-06-18,기획재정부,https://www.openfiscaldata.go.kr/op/ko/fd/UOPKOFDA02?pageIndex=1&pageSize=8&ofdBrdId=FSL1004&ofdBrdiSeq=46195&ofdBrdiDtsClsCd=515,목차,2017년 재정사업자율평가보고서(새만금개발청),2017년 재정사업자율평가보고서(새만금개발청).hwp,FI000000004619559989,31,원문 없음: 표지를 제외한 제공 파일 다운로드,files/11_515_재정사업자율평가/2018-06-18_46195_2017년도 소관별 재정사업 자율평가 보고서/32_목차_2017년 재정사업자율평가보고서(새만금개발청).hwp,97792,6178339cc4daaa15ad08cd4df0c60d0ce18d181a40d2f90127d9c07382707196,downloaded,
515,재정사업자율평가,38,46195,FSL1004,2017년도 소관별 재정사업 자율평가 보고서,2018-06-18,기획재정부,https://www.openfiscaldata.go.kr/op/ko/fd/UOPKOFDA02?pageIndex=1&pageSize=8&ofdBrdId=FSL1004&ofdBrdiSeq=46195&ofdBrdiDtsClsCd=515,목차,2017년 재정사업자율평가보고서(식약처),2017년 재정사업자율평가보고서(식약처).hwp,FI000000004619559989,32,원문 없음: 표지를 제외한 제공 파일 다운로드,files/11_515_재정사업자율평가/2018-06-18_46195_2017년도 소관별 재정사업 자율평가 보고서/33_목차_2017년 재정사업자율평가보고서(식약처).hwp,105472,90277842bb8bcb8c041d9c7faf50c742cfadb1aac444d2f867861cc23258e5a0,downloaded,
515,재정사업자율평가,38,46195,FSL1004,2017년도 소관별 재정사업 자율평가 보고서,2018-06-18,기획재정부,https://www.openfiscaldata.go.kr/op/ko/fd/UOPKOFDA02?pageIndex=1&pageSize=8&ofdBrdId=FSL1004&ofdBrdiSeq=46195&ofdBrdiDtsClsCd=515,목차,2017년 재정사업자율평가보고서(여가부),2017년 재정사업자율평가보고서(여가부).hwp,FI000000004619559989,33,원문 없음: 표지를 제외한 제공 파일 다운로드,files/11_515_재정사업자율평가/2018-06-18_46195_2017년도 소관별 재정사업 자율평가 보고서/34_목차_2017년 재정사업자율평가보고서(여가부).hwp,242176,263514266ed77de484a3c355912a70fdd3e1c8d67c9b6e3b516042c647f8e7ec,downloaded,
515,재정사업자율평가,38,46195,FSL1004,2017년도 소관별 재정사업 자율평가 보고서,2018-06-18,기획재정부,https://www.openfiscaldata.go.kr/op/ko/fd/UOPKOFDA02?pageIndex=1&pageSize=8&ofdBrdId=FSL1004&ofdBrdiSeq=46195&ofdBrdiDtsClsCd=515,목차,2017년 재정사업자율평가보고서(외교부),2017년 재정사업자율평가보고서(외교부).hwp,FI000000004619559989,34,원문 없음: 표지를 제외한 제공 파일 다운로드,files/11_515_재정사업자율평가/2018-06-18_46195_2017년도 소관별 재정사업 자율평가 보고서/35_목차_2017년 재정사업자율평가보고서(외교부).hwp,229888,9ed596b548c22780b353c2a7c97bf761f817a9b3d9fe19faaf84768cbcc69571,downloaded,
515,재정사업자율평가,38,46195,FSL1004,2017년도 소관별 재정사업 자율평가 보고서,2018-06-18,기획재정부,https://www.openfiscaldata.go.kr/op/ko/fd/UOPKOFDA02?pageIndex=1&pageSize=8&ofdBrdId=FSL1004&ofdBrdiSeq=46195&ofdBrdiDtsClsCd=515,목차,2017년 재정사업자율평가보고서(원안위),2017년 재정사업자율평가보고서(원안위).hwp,FI000000004619559989,35,원문 없음: 표지를 제외한 제공 파일 다운로드,files/11_515_재정사업자율평가/2018-06-18_46195_2017년도 소관별 재정사업 자율평가 보고서/36_목차_2017년 재정사업자율평가보고서(원안위).hwp,48640,299d62b62deecb952ca43837bcea487911e93d00b319bf3a5619ef394fea1160,downloaded,
515,재정사업자율평가,38,46195,FSL1004,2017년도 소관별 재정사업 자율평가 보고서,2018-06-18,기획재정부,https://www.openfiscaldata.go.kr/op/ko/fd/UOPKOFDA02?pageIndex=1&pageSize=8&ofdBrdId=FSL1004&ofdBrdiSeq=46195&ofdBrdiDtsClsCd=515,목차,2017년 재정사업자율평가보고서(인권위),2017년 재정사업자율평가보고서(인권위).hwp,FI000000004619559989,36,원문 없음: 표지를 제외한 제공 파일 다운로드,files/11_515_재정사업자율평가/2018-06-18_46195_2017년도 소관별 재정사업 자율평가 보고서/37_목차_2017년 재정사업자율평가보고서(인권위).hwp,75264,52beea4e7b80acf149f087c2d5469360d80e5faf761c2071728337423308ae64,downloaded,
515,재정사업자율평가,38,46195,FSL1004,2017년도 소관별 재정사업 자율평가 보고서,2018-06-18,기획재정부,https://www.openfiscaldata.go.kr/op/ko/fd/UOPKOFDA02?pageIndex=1&pageSize=8&ofdBrdId=FSL1004&ofdBrdiSeq=46195&ofdBrdiDtsClsCd=515,목차,2017년 재정사업자율평가보고서(인사처),2017년 재정사업자율평가보고서(인사처).hwp,FI000000004619559989,37,원문 없음: 표지를 제외한 제공 파일 다운로드,files/11_515_재정사업자율평가/2018-06-18_46195_2017년도 소관별 재정사업 자율평가 보고서/38_목차_2017년 재정사업자율평가보고서(인사처).hwp,100864,4b9a760cc4d54ccefb15a6edf8cc61a40a11cc9b78b641cc84b9d8772669c745,downloaded,
515,재정사업자율평가,38,46195,FSL1004,2017년도 소관별 재정사업 자율평가 보고서,2018-06-18,기획재정부,https://www.openfiscaldata.go.kr/op/ko/fd/UOPKOFDA02?pageIndex=1&pageSize=8&ofdBrdId=FSL1004&ofdBrdiSeq=46195&ofdBrdiDtsClsCd=515,목차,2017년 재정사업자율평가보고서(조달청),2017년 재정사업자율평가보고서(조달청).hwp,FI000000004619559989,38,원문 없음: 표지를 제외한 제공 파일 다운로드,files/11_515_재정사업자율평가/2018-06-18_46195_2017년도 소관별 재정사업 자율평가 보고서/39_목차_2017년 재정사업자율평가보고서(조달청).hwp,157184,4421e7a6ea41028a75f12329e986985cdb9c81a316cf2fecbb142e1b940b186f,downloaded,
515,재정사업자율평가,38,46195,FSL1004,2017년도 소관별 재정사업 자율평가 보고서,2018-06-18,기획재정부,https://www.openfiscaldata.go.kr/op/ko/fd/UOPKOFDA02?pageIndex=1&pageSize=8&ofdBrdId=FSL1004&ofdBrdiSeq=46195&ofdBrdiDtsClsCd=515,목차,2017년 재정사업자율평가보고서(중기부),2017년 재정사업자율평가보고서(중기부).hwp,FI000000004619559989,39,원문 없음: 표지를 제외한 제공 파일 다운로드,files/11_515_재정사업자율평가/2018-06-18_46195_2017년도 소관별 재정사업 자율평가 보고서/40_목차_2017년 재정사업자율평가보고서(중기부).hwp,430080,fec65d8645e40ea4f60450f233f6e861dc08fe4cec6345742afae56395a33bc9,downloaded,
515,재정사업자율평가,38,46195,FSL1004,2017년도 소관별 재정사업 자율평가 보고서,2018-06-18,기획재정부,https://www.openfiscaldata.go.kr/op/ko/fd/UOPKOFDA02?pageIndex=1&pageSize=8&ofdBrdId=FSL1004&ofdBrdiSeq=46195&ofdBrdiDtsClsCd=515,목차,2017년 재정사업자율평가보고서(중앙선관위),2017년 재정사업자율평가보고서(중앙선관위).hwp,FI000000004619559989,40,원문 없음: 표지를 제외한 제공 파일 다운로드,files/11_515_재정사업자율평가/2018-06-18_46195_2017년도 소관별 재정사업 자율평가 보고서/41_목차_2017년 재정사업자율평가보고서(중앙선관위).hwp,340480,5dd5ca03684058287a2cd72b7c664dcf3f8ef4b8ec5be1b0fefee8b61db16eb9,downloaded,
515,재정사업자율평가,38,46195,FSL1004,2017년도 소관별 재정사업 자율평가 보고서,2018-06-18,기획재정부,https://www.openfiscaldata.go.kr/op/ko/fd/UOPKOFDA02?pageIndex=1&pageSize=8&ofdBrdId=FSL1004&ofdBrdiSeq=46195&ofdBrdiDtsClsCd=515,목차,2017년 재정사업자율평가보고서(통계청),2017년 재정사업자율평가보고서(통계청).hwp,FI000000004619559989,41,원문 없음: 표지를 제외한 제공 파일 다운로드,files/11_515_재정사업자율평가/2018-06-18_46195_2017년도 소관별 재정사업 자율평가 보고서/42_목차_2017년 재정사업자율평가보고서(통계청).hwp,4302336,4769539eb7f1963cba317a55bcaceb813f285cc97c51a75cd4097f7146ad0be2,downloaded,
515,재정사업자율평가,38,46195,FSL1004,2017년도 소관별 재정사업 자율평가 보고서,2018-06-18,기획재정부,https://www.openfiscaldata.go.kr/op/ko/fd/UOPKOFDA02?pageIndex=1&pageSize=8&ofdBrdId=FSL1004&ofdBrdiSeq=46195&ofdBrdiDtsClsCd=515,목차,2017년 재정사업자율평가보고서(통일부),2017년 재정사업자율평가보고서(통일부).hwp,FI000000004619559989,42,원문 없음: 표지를 제외한 제공 파일 다운로드,files/11_515_재정사업자율평가/2018-06-18_46195_2017년도 소관별 재정사업 자율평가 보고서/43_목차_2017년 재정사업자율평가보고서(통일부).hwp,1204736,e6ccafca1dfd1daf4a82d5892c238f75c7272abb339a4d94d9d28e4fb731184a,downloaded,
515,재정사업자율평가,38,46195,FSL1004,2017년도 소관별 재정사업 자율평가 보고서,2018-06-18,기획재정부,https://www.openfiscaldata.go.kr/op/ko/fd/UOPKOFDA02?pageIndex=1&pageSize=8&ofdBrdId=FSL1004&ofdBrdiSeq=46195&ofdBrdiDtsClsCd=515,목차,2017년 재정사업자율평가보고서(특허청),2017년 재정사업자율평가보고서(특허청).hwp,FI000000004619559989,43,원문 없음: 표지를 제외한 제공 파일 다운로드,files/11_515_재정사업자율평가/2018-06-18_46195_2017년도 소관별 재정사업 자율평가 보고서/44_목차_2017년 재정사업자율평가보고서(특허청).hwp,106496,21cc18840400b6c9f820a7946258711b2a64a6162eb2c456cb2260292fc76d04,downloaded,
515,재정사업자율평가,38,46195,FSL1004,2017년도 소관별 재정사업 자율평가 보고서,2018-06-18,기획재정부,https://www.openfiscaldata.go.kr/op/ko/fd/UOPKOFDA02?pageIndex=1&pageSize=8&ofdBrdId=FSL1004&ofdBrdiSeq=46195&ofdBrdiDtsClsCd=515,목차,2017년 재정사업자율평가보고서(해경청),2017년 재정사업자율평가보고서(해경청).hwp,FI000000004619559989,44,원문 없음: 표지를 제외한 제공 파일 다운로드,files/11_515_재정사업자율평가/2018-06-18_46195_2017년도 소관별 재정사업 자율평가 보고서/45_목차_2017년 재정사업자율평가보고서(해경청).hwp,120832,933e8613012d02985f7c101afbea6d71fcb6ddfb19761afb8ff06d96dd54687e,downloaded,
515,재정사업자율평가,38,46195,FSL1004,2017년도 소관별 재정사업 자율평가 보고서,2018-06-18,기획재정부,https://www.openfiscaldata.go.kr/op/ko/fd/UOPKOFDA02?pageIndex=1&pageSize=8&ofdBrdId=FSL1004&ofdBrdiSeq=46195&ofdBrdiDtsClsCd=515,목차,2017년 재정사업자율평가보고서(해수부),2017년 재정사업자율평가보고서(해수부).hwp,FI000000004619559989,45,원문 없음: 표지를 제외한 제공 파일 다운로드,files/11_515_재정사업자율평가/2018-06-18_46195_2017년도 소관별 재정사업 자율평가 보고서/46_목차_2017년 재정사업자율평가보고서(해수부).hwp,499200,e2edc9f27c01e22a3aa74692ba47ce41fe53fa1662893a8c414c3ad9f2e4fa52,downloaded,
515,재정사업자율평가,38,46195,FSL1004,2017년도 소관별 재정사업 자율평가 보고서,2018-06-18,기획재정부,https://www.openfiscaldata.go.kr/op/ko/fd/UOPKOFDA02?pageIndex=1&pageSize=8&ofdBrdId=FSL1004&ofdBrdiSeq=46195&ofdBrdiDtsClsCd=515,목차,2017년 재정사업자율평가보고서(행복청),2017년 재정사업자율평가보고서(행복청).hwp,FI000000004619559989,46,원문 없음: 표지를 제외한 제공 파일 다운로드,files/11_515_재정사업자율평가/2018-06-18_46195_2017년도 소관별 재정사업 자율평가 보고서/47_목차_2017년 재정사업자율평가보고서(행복청).hwp,44544,d99c82ed4abf00a1b34abb26d44419c91089db63b9e0188784a21141f8e06dc9,downloaded,
515,재정사업자율평가,38,46195,FSL1004,2017년도 소관별 재정사업 자율평가 보고서,2018-06-18,기획재정부,https://www.openfiscaldata.go.kr/op/ko/fd/UOPKOFDA02?pageIndex=1&pageSize=8&ofdBrdId=FSL1004&ofdBrdiSeq=46195&ofdBrdiDtsClsCd=515,목차,2017년 재정사업자율평가보고서(행안부),2017년 재정사업자율평가보고서(행안부).hwp,FI000000004619559989,47,원문 없음: 표지를 제외한 제공 파일 다운로드,files/11_515_재정사업자율평가/2018-06-18_46195_2017년도 소관별 재정사업 자율평가 보고서/48_목차_2017년 재정사업자율평가보고서(행안부).hwp,248320,877ab5f1cf3d598317bb4dd8b5e9d710028c4e18a6d837a9dff9d8b02edc7118,downloaded,
515,재정사업자율평가,38,46195,FSL1004,2017년도 소관별 재정사업 자율평가 보고서,2018-06-18,기획재정부,https://www.openfiscaldata.go.kr/op/ko/fd/UOPKOFDA02?pageIndex=1&pageSize=8&ofdBrdId=FSL1004&ofdBrdiSeq=46195&ofdBrdiDtsClsCd=515,목차,2017년 재정사업자율평가보고서(헌법재판소),2017년 재정사업자율평가보고서(헌법재판소).hwp,FI000000004619559989,48,원문 없음: 표지를 제외한 제공 파일 다운로드,files/11_515_재정사업자율평가/2018-06-18_46195_2017년도 소관별 재정사업 자율평가 보고서/49_목차_2017년 재정사업자율평가보고서(헌법재판소).hwp,26624,1d4204aa89b5b2fd304f18f5cbaf88c14dff0cc86086b914d0f6dcdd5f77ca6b,downloaded,
515,재정사업자율평가,38,46195,FSL1004,2017년도 소관별 재정사업 자율평가 보고서,2018-06-18,기획재정부,https://www.openfiscaldata.go.kr/op/ko/fd/UOPKOFDA02?pageIndex=1&pageSize=8&ofdBrdId=FSL1004&ofdBrdiSeq=46195&ofdBrdiDtsClsCd=515,목차,2017년 재정사업자율평가보고서(환경부),2017년 재정사업자율평가보고서(환경부).hwp,FI000000004619559989,49,원문 없음: 표지를 제외한 제공 파일 다운로드,files/11_515_재정사업자율평가/2018-06-18_46195_2017년도 소관별 재정사업 자율평가 보고서/50_목차_2017년 재정사업자율평가보고서(환경부).hwp,222208,3ea2485ef8d878f12144c38dceff7fa99cb9908fb731624b307b68ba23904fa1,downloaded,
515,재정사업자율평가,38,44710,FSL1004,2016년도 소관별 재정사업 자율평가 보고서,2017-07-24,기획재정부,https://www.openfiscaldata.go.kr/op/ko/fd/UOPKOFDA02?pageIndex=1&pageSize=8&ofdBrdId=FSL1004&ofdBrdiSeq=44710&ofdBrdiDtsClsCd=515,목차,2016년도 성과보고서(4·16세월호참사 특별조사위원회),2016년도 성과보고서(4·16세월호참사 특별조사위원회).hwp,FI000000004471058235,1,원문 없음: 표지를 제외한 제공 파일 다운로드,files/11_515_재정사업자율평가/2017-07-24_44710_2016년도 소관별 재정사업 자율평가 보고서/01_목차_2016년도 성과보고서(4·16세월호참사 특별조사위원회).hwp,152576,5bfd882fa75e4ea1934f72cf8bf095270b393c50d7abe326eb4299627f05c44a,downloaded,
515,재정사업자율평가,38,44710,FSL1004,2016년도 소관별 재정사업 자율평가 보고서,2017-07-24,기획재정부,https://www.openfiscaldata.go.kr/op/ko/fd/UOPKOFDA02?pageIndex=1&pageSize=8&ofdBrdId=FSL1004&ofdBrdiSeq=44710&ofdBrdiDtsClsCd=515,목차,2016년도 성과보고서(감사원),2016년도 성과보고서(감사원).hwp,FI000000004471058235,2,원문 없음: 표지를 제외한 제공 파일 다운로드,files/11_515_재정사업자율평가/2017-07-24_44710_2016년도 소관별 재정사업 자율평가 보고서/02_목차_2016년도 성과보고서(감사원).hwp,289792,3aecbd498bc2dc4d11c633a34e4d17555203fc8468427ee5aa70aef3e6bc60d7,downloaded,
515,재정사업자율평가,38,44710,FSL1004,2016년도 소관별 재정사업 자율평가 보고서,2017-07-24,기획재정부,https://www.openfiscaldata.go.kr/op/ko/fd/UOPKOFDA02?pageIndex=1&pageSize=8&ofdBrdId=FSL1004&ofdBrdiSeq=44710&ofdBrdiDtsClsCd=515,목차,2016년도 성과보고서(경찰청),2016년도 성과보고서(경찰청).hwp,FI000000004471058235,3,원문 없음: 표지를 제외한 제공 파일 다운로드,files/11_515_재정사업자율평가/2017-07-24_44710_2016년도 소관별 재정사업 자율평가 보고서/03_목차_2016년도 성과보고서(경찰청).hwp,31252480,88bfdb00cc3948ce3f56f0707930dc6eb7d731afbc765aa3dd1d0ec3cb8ca18d,downloaded,
515,재정사업자율평가,38,44710,FSL1004,2016년도 소관별 재정사업 자율평가 보고서,2017-07-24,기획재정부,https://www.openfiscaldata.go.kr/op/ko/fd/UOPKOFDA02?pageIndex=1&pageSize=8&ofdBrdId=FSL1004&ofdBrdiSeq=44710&ofdBrdiDtsClsCd=515,목차,2016년도 성과보고서(고용노동부),2016년도 성과보고서(고용노동부).hwp,FI000000004471058235,4,원문 없음: 표지를 제외한 제공 파일 다운로드,files/11_515_재정사업자율평가/2017-07-24_44710_2016년도 소관별 재정사업 자율평가 보고서/04_목차_2016년도 성과보고서(고용노동부).hwp,19925504,3a53f0190591ad70e23cffd1672f7b21fb0153dc0e1e043127239b6a52869cd1,downloaded,
515,재정사업자율평가,38,44710,FSL1004,2016년도 소관별 재정사업 자율평가 보고서,2017-07-24,기획재정부,https://www.openfiscaldata.go.kr/op/ko/fd/UOPKOFDA02?pageIndex=1&pageSize=8&ofdBrdId=FSL1004&ofdBrdiSeq=44710&ofdBrdiDtsClsCd=515,목차,2016년도 성과보고서(공정거래위원회),2016년도 성과보고서(공정거래위원회).hwp,FI000000004471058235,5,원문 없음: 표지를 제외한 제공 파일 다운로드,files/11_515_재정사업자율평가/2017-07-24_44710_2016년도 소관별 재정사업 자율평가 보고서/05_목차_2016년도 성과보고서(공정거래위원회).hwp,531968,6146ea5915923cde795c3a235eb7f72be89e77dd22d68ebd6fa9e31bc4883090,downloaded,
515,재정사업자율평가,38,44710,FSL1004,2016년도 소관별 재정사업 자율평가 보고서,2017-07-24,기획재정부,https://www.openfiscaldata.go.kr/op/ko/fd/UOPKOFDA02?pageIndex=1&pageSize=8&ofdBrdId=FSL1004&ofdBrdiSeq=44710&ofdBrdiDtsClsCd=515,목차,2016년도 성과보고서(관세청),2016년도 성과보고서(관세청).hwp,FI000000004471058235,6,원문 없음: 표지를 제외한 제공 파일 다운로드,files/11_515_재정사업자율평가/2017-07-24_44710_2016년도 소관별 재정사업 자율평가 보고서/06_목차_2016년도 성과보고서(관세청).hwp,566272,26f6291c90448f29c38627ece566f1465fd1d8999dc1fef7c8809f3e23fada24,downloaded,
515,재정사업자율평가,38,44710,FSL1004,2016년도 소관별 재정사업 자율평가 보고서,2017-07-24,기획재정부,https://www.openfiscaldata.go.kr/op/ko/fd/UOPKOFDA02?pageIndex=1&pageSize=8&ofdBrdId=FSL1004&ofdBrdiSeq=44710&ofdBrdiDtsClsCd=515,목차,2016년도 성과보고서(교육부),2016년도 성과보고서(교육부).hwp,FI000000004471058235,7,원문 없음: 표지를 제외한 제공 파일 다운로드,files/11_515_재정사업자율평가/2017-07-24_44710_2016년도 소관별 재정사업 자율평가 보고서/07_목차_2016년도 성과보고서(교육부).hwp,6668800,126032911916e1e3f09c5efef63016f71e7bde062679d4884d554ec099d6a3ef,downloaded,
515,재정사업자율평가,38,44710,FSL1004,2016년도 소관별 재정사업 자율평가 보고서,2017-07-24,기획재정부,https://www.openfiscaldata.go.kr/op/ko/fd/UOPKOFDA02?pageIndex=1&pageSize=8&ofdBrdId=FSL1004&ofdBrdiSeq=44710&ofdBrdiDtsClsCd=515,목차,2016년도 성과보고서(국가보훈처),2016년도 성과보고서(국가보훈처).hwp,FI000000004471058235,54,원문 없음: 표지를 제외한 제공 파일 다운로드,files/11_515_재정사업자율평가/2017-07-24_44710_2016년도 소관별 재정사업 자율평가 보고서/08_목차_2016년도 성과보고서(국가보훈처).hwp,40271872,4907a72c763068ceebaecfbd766e58bd2ea0d4c6d7352843aa279d977f3a4d42,downloaded,
515,재정사업자율평가,38,44710,FSL1004,2016년도 소관별 재정사업 자율평가 보고서,2017-07-24,기획재정부,https://www.openfiscaldata.go.kr/op/ko/fd/UOPKOFDA02?pageIndex=1&pageSize=8&ofdBrdId=FSL1004&ofdBrdiSeq=44710&ofdBrdiDtsClsCd=515,목차,2016년도 성과보고서(국가인권위원회),2016년도 성과보고서(국가인권위원회).hwp,FI000000004471058235,8,원문 없음: 표지를 제외한 제공 파일 다운로드,files/11_515_재정사업자율평가/2017-07-24_44710_2016년도 소관별 재정사업 자율평가 보고서/09_목차_2016년도 성과보고서(국가인권위원회).hwp,212992,49320a15e065288549b538a9d9b7f772c1458c34cdf282a13c3fc67d552d945b,downloaded,
515,재정사업자율평가,38,44710,FSL1004,2016년도 소관별 재정사업 자율평가 보고서,2017-07-24,기획재정부,https://www.openfiscaldata.go.kr/op/ko/fd/UOPKOFDA02?pageIndex=1&pageSize=8&ofdBrdId=FSL1004&ofdBrdiSeq=44710&ofdBrdiDtsClsCd=515,목차,2016년도 성과보고서(국무조정실 및 국무총리비서실),2016년도 성과보고서(국무조정실 및 국무총리비서실).hwp,FI000000004471058235,9,원문 없음: 표지를 제외한 제공 파일 다운로드,files/11_515_재정사업자율평가/2017-07-24_44710_2016년도 소관별 재정사업 자율평가 보고서/10_목차_2016년도 성과보고서(국무조정실 및 국무총리비서실).hwp,11081216,1a3dfe199038243d8153497683cd5d36b32f0b99d5b350199c122f584c14ea77,downloaded,
515,재정사업자율평가,38,44710,FSL1004,2016년도 소관별 재정사업 자율평가 보고서,2017-07-24,기획재정부,https://www.openfiscaldata.go.kr/op/ko/fd/UOPKOFDA02?pageIndex=1&pageSize=8&ofdBrdId=FSL1004&ofdBrdiSeq=44710&ofdBrdiDtsClsCd=515,목차,2016년도 성과보고서(국민권익위원회),2016년도 성과보고서(국민권익위원회).hwp,FI000000004471058235,10,원문 없음: 표지를 제외한 제공 파일 다운로드,files/11_515_재정사업자율평가/2017-07-24_44710_2016년도 소관별 재정사업 자율평가 보고서/11_목차_2016년도 성과보고서(국민권익위원회).hwp,10860032,8722aa3ef767c77f9a6c00227c37f6eaac82ac080303b49f7f7ba3c573a40f7d,downloaded,
515,재정사업자율평가,38,44710,FSL1004,2016년도 소관별 재정사업 자율평가 보고서,2017-07-24,기획재정부,https://www.openfiscaldata.go.kr/op/ko/fd/UOPKOFDA02?pageIndex=1&pageSize=8&ofdBrdId=FSL1004&ofdBrdiSeq=44710&ofdBrdiDtsClsCd=515,목차,2016년도 성과보고서(국민안전처),2016년도 성과보고서(국민안전처).hwp,FI000000004471058235,11,원문 없음: 표지를 제외한 제공 파일 다운로드,files/11_515_재정사업자율평가/2017-07-24_44710_2016년도 소관별 재정사업 자율평가 보고서/12_목차_2016년도 성과보고서(국민안전처).hwp,50514944,d9cdeb1ecdf74fcc0fe7521faf7388646f56e3eb7cdf0cf8a9952bb94c7314e4,downloaded,
515,재정사업자율평가,38,44710,FSL1004,2016년도 소관별 재정사업 자율평가 보고서,2017-07-24,기획재정부,https://www.openfiscaldata.go.kr/op/ko/fd/UOPKOFDA02?pageIndex=1&pageSize=8&ofdBrdId=FSL1004&ofdBrdiSeq=44710&ofdBrdiDtsClsCd=515,목차,2016년도 성과보고서(국방부),2016년도 성과보고서(국방부).hwp,FI000000004471058235,12,원문 없음: 표지를 제외한 제공 파일 다운로드,files/11_515_재정사업자율평가/2017-07-24_44710_2016년도 소관별 재정사업 자율평가 보고서/13_목차_2016년도 성과보고서(국방부).hwp,57276416,5facdcec21cb3d0ce89301c5ba257f48b9b67741c2936c177bbfcb605fda1653,downloaded,
515,재정사업자율평가,38,44710,FSL1004,2016년도 소관별 재정사업 자율평가 보고서,2017-07-24,기획재정부,https://www.openfiscaldata.go.kr/op/ko/fd/UOPKOFDA02?pageIndex=1&pageSize=8&ofdBrdId=FSL1004&ofdBrdiSeq=44710&ofdBrdiDtsClsCd=515,목차,2016년도 성과보고서(국세청),2016년도 성과보고서(국세청).hwp,FI000000004471058235,14,원문 없음: 표지를 제외한 제공 파일 다운로드,files/11_515_재정사업자율평가/2017-07-24_44710_2016년도 소관별 재정사업 자율평가 보고서/14_목차_2016년도 성과보고서(국세청).hwp,4326912,e342e427780e831d550636dea158fb6a84c6d64dc909ffa34bb938bdf8fe74f9,downloaded,
515,재정사업자율평가,38,44710,FSL1004,2016년도 소관별 재정사업 자율평가 보고서,2017-07-24,기획재정부,https://www.openfiscaldata.go.kr/op/ko/fd/UOPKOFDA02?pageIndex=1&pageSize=8&ofdBrdId=FSL1004&ofdBrdiSeq=44710&ofdBrdiDtsClsCd=515,목차,2016년도 성과보고서(국토교통부),2016년도 성과보고서(국토교통부).hwp,FI000000004471058235,15,원문 없음: 표지를 제외한 제공 파일 다운로드,files/11_515_재정사업자율평가/2017-07-24_44710_2016년도 소관별 재정사업 자율평가 보고서/15_목차_2016년도 성과보고서(국토교통부).hwp,54021120,81063d553880cbc06ff094408281820f17b12cd397ca1303477c47195aea9cb3,downloaded,
515,재정사업자율평가,38,44710,FSL1004,2016년도 소관별 재정사업 자율평가 보고서,2017-07-24,기획재정부,https://www.openfiscaldata.go.kr/op/ko/fd/UOPKOFDA02?pageIndex=1&pageSize=8&ofdBrdId=FSL1004&ofdBrdiSeq=44710&ofdBrdiDtsClsCd=515,목차,2016년도 성과보고서(국회),2016년도 성과보고서(국회).hwp,FI000000004471058235,16,원문 없음: 표지를 제외한 제공 파일 다운로드,files/11_515_재정사업자율평가/2017-07-24_44710_2016년도 소관별 재정사업 자율평가 보고서/16_목차_2016년도 성과보고서(국회).hwp,581632,7acef5153fd9d6da5f3012a746c9fb4e183f72396e9c00b7de99de977d178abb,downloaded,
515,재정사업자율평가,38,44710,FSL1004,2016년도 소관별 재정사업 자율평가 보고서,2017-07-24,기획재정부,https://www.openfiscaldata.go.kr/op/ko/fd/UOPKOFDA02?pageIndex=1&pageSize=8&ofdBrdId=FSL1004&ofdBrdiSeq=44710&ofdBrdiDtsClsCd=515,목차,2016년도 성과보고서(금융위원회),2016년도 성과보고서(금융위원회).hwp,FI000000004471058235,17,원문 없음: 표지를 제외한 제공 파일 다운로드,files/11_515_재정사업자율평가/2017-07-24_44710_2016년도 소관별 재정사업 자율평가 보고서/17_목차_2016년도 성과보고서(금융위원회).hwp,3514880,09989cb09ec792ba84baa60ab78d4246067dd7ad9f02e4e3b4c5e0793db9438c,downloaded,
515,재정사업자율평가,38,44710,FSL1004,2016년도 소관별 재정사업 자율평가 보고서,2017-07-24,기획재정부,https://www.openfiscaldata.go.kr/op/ko/fd/UOPKOFDA02?pageIndex=1&pageSize=8&ofdBrdId=FSL1004&ofdBrdiSeq=44710&ofdBrdiDtsClsCd=515,목차,2016년도 성과보고서(기상청),2016년도 성과보고서(기상청).hwp,FI000000004471058235,18,원문 없음: 표지를 제외한 제공 파일 다운로드,files/11_515_재정사업자율평가/2017-07-24_44710_2016년도 소관별 재정사업 자율평가 보고서/18_목차_2016년도 성과보고서(기상청).hwp,9604096,1ffe558b96848afe68ae9b83b312459c4f7a166c7f66408ca83b027e6a3185af,downloaded,
515,재정사업자율평가,38,44710,FSL1004,2016년도 소관별 재정사업 자율평가 보고서,2017-07-24,기획재정부,https://www.openfiscaldata.go.kr/op/ko/fd/UOPKOFDA02?pageIndex=1&pageSize=8&ofdBrdId=FSL1004&ofdBrdiSeq=44710&ofdBrdiDtsClsCd=515,목차,2016년도 성과보고서(기획재정부),2016년도 성과보고서(기획재정부).hwp,FI000000004471058235,19,원문 없음: 표지를 제외한 제공 파일 다운로드,files/11_515_재정사업자율평가/2017-07-24_44710_2016년도 소관별 재정사업 자율평가 보고서/19_목차_2016년도 성과보고서(기획재정부).hwp,2088960,5c24b8b958d46fdd7e7957ecb6af24e7d709a3d361c943db29463e4de3b6102c,downloaded,
515,재정사업자율평가,38,44710,FSL1004,2016년도 소관별 재정사업 자율평가 보고서,2017-07-24,기획재정부,https://www.openfiscaldata.go.kr/op/ko/fd/UOPKOFDA02?pageIndex=1&pageSize=8&ofdBrdId=FSL1004&ofdBrdiSeq=44710&ofdBrdiDtsClsCd=515,목차,2016년도 성과보고서(농림축산식품부),2016년도 성과보고서(농림축산식품부).hwp,FI000000004471058235,20,원문 없음: 표지를 제외한 제공 파일 다운로드,files/11_515_재정사업자율평가/2017-07-24_44710_2016년도 소관별 재정사업 자율평가 보고서/20_목차_2016년도 성과보고서(농림축산식품부).hwp,37467136,267490245cf5d89022bf550e921024bd384957643df3765d4eceae9b4ce97d83,downloaded,
515,재정사업자율평가,38,44710,FSL1004,2016년도 소관별 재정사업 자율평가 보고서,2017-07-24,기획재정부,https://www.openfiscaldata.go.kr/op/ko/fd/UOPKOFDA02?pageIndex=1&pageSize=8&ofdBrdId=FSL1004&ofdBrdiSeq=44710&ofdBrdiDtsClsCd=515,목차,2016년도 성과보고서(농촌진흥청),2016년도 성과보고서(농촌진흥청).hwp,FI000000004471058235,21,원문 없음: 표지를 제외한 제공 파일 다운로드,files/11_515_재정사업자율평가/2017-07-24_44710_2016년도 소관별 재정사업 자율평가 보고서/21_목차_2016년도 성과보고서(농촌진흥청).hwp,107039744,9118e063029c023564c40eef9aa9d277f3c24ad4e52b0482df7d90eb068553d4,downloaded,
515,재정사업자율평가,38,44710,FSL1004,2016년도 소관별 재정사업 자율평가 보고서,2017-07-24,기획재정부,https://www.openfiscaldata.go.kr/op/ko/fd/UOPKOFDA02?pageIndex=1&pageSize=8&ofdBrdId=FSL1004&ofdBrdiSeq=44710&ofdBrdiDtsClsCd=515,목차,2016년도 성과보고서(대법원),2016년도 성과보고서(대법원).hwp,FI000000004471058235,22,원문 없음: 표지를 제외한 제공 파일 다운로드,files/11_515_재정사업자율평가/2017-07-24_44710_2016년도 소관별 재정사업 자율평가 보고서/22_목차_2016년도 성과보고서(대법원).hwp,1261568,0f1c1ef1b53b7e43ea2e2bf498351ffdd4230fdc0c85c7464faa8f0d78dbdb29,downloaded,
515,재정사업자율평가,38,44710,FSL1004,2016년도 소관별 재정사업 자율평가 보고서,2017-07-24,기획재정부,https://www.openfiscaldata.go.kr/op/ko/fd/UOPKOFDA02?pageIndex=1&pageSize=8&ofdBrdId=FSL1004&ofdBrdiSeq=44710&ofdBrdiDtsClsCd=515,목차,2016년도 성과보고서(대통령경호실),2016년도 성과보고서(대통령경호실).hwp,FI000000004471058235,23,원문 없음: 표지를 제외한 제공 파일 다운로드,files/11_515_재정사업자율평가/2017-07-24_44710_2016년도 소관별 재정사업 자율평가 보고서/23_목차_2016년도 성과보고서(대통령경호실).hwp,635392,47337aaa72534539644bf5828fd3297e3316f7009c74b085efbf7dfaeffba4e9,downloaded,
515,재정사업자율평가,38,44710,FSL1004,2016년도 소관별 재정사업 자율평가 보고서,2017-07-24,기획재정부,https://www.openfiscaldata.go.kr/op/ko/fd/UOPKOFDA02?pageIndex=1&pageSize=8&ofdBrdId=FSL1004&ofdBrdiSeq=44710&ofdBrdiDtsClsCd=515,목차,2016년도 성과보고서(대통령비서실 및 국가안보실),2016년도 성과보고서(대통령비서실 및 국가안보실).hwp,FI000000004471058235,24,원문 없음: 표지를 제외한 제공 파일 다운로드,files/11_515_재정사업자율평가/2017-07-24_44710_2016년도 소관별 재정사업 자율평가 보고서/24_목차_2016년도 성과보고서(대통령비서실 및 국가안보실).hwp,98304,53d6b7a7ffa983a0fe567c447d4d4903568f60a43973ac07e0cf1beba717a545,downloaded,
515,재정사업자율평가,38,44710,FSL1004,2016년도 소관별 재정사업 자율평가 보고서,2017-07-24,기획재정부,https://www.openfiscaldata.go.kr/op/ko/fd/UOPKOFDA02?pageIndex=1&pageSize=8&ofdBrdId=FSL1004&ofdBrdiSeq=44710&ofdBrdiDtsClsCd=515,목차,2016년도 성과보고서(문화재청),2016년도 성과보고서(문화재청).hwp,FI000000004471058235,25,원문 없음: 표지를 제외한 제공 파일 다운로드,files/11_515_재정사업자율평가/2017-07-24_44710_2016년도 소관별 재정사업 자율평가 보고서/25_목차_2016년도 성과보고서(문화재청).hwp,3065856,9e2e0e99bab994cd7cb94c67515efd7d5f0793915937ce3adae81185e07d34b9,downloaded,
515,재정사업자율평가,38,44710,FSL1004,2016년도 소관별 재정사업 자율평가 보고서,2017-07-24,기획재정부,https://www.openfiscaldata.go.kr/op/ko/fd/UOPKOFDA02?pageIndex=1&pageSize=8&ofdBrdId=FSL1004&ofdBrdiSeq=44710&ofdBrdiDtsClsCd=515,목차,2016년도 성과보고서(문화체육관광부),2016년도 성과보고서(문화체육관광부).hwp,FI000000004471058235,26,원문 없음: 표지를 제외한 제공 파일 다운로드,files/11_515_재정사업자율평가/2017-07-24_44710_2016년도 소관별 재정사업 자율평가 보고서/26_목차_2016년도 성과보고서(문화체육관광부).hwp,30294528,35ec1df4ee6d33d55d954fce9cc2004e93d96a080893ec290703125243c00e05,downloaded,
515,재정사업자율평가,38,44710,FSL1004,2016년도 소관별 재정사업 자율평가 보고서,2017-07-24,기획재정부,https://www.openfiscaldata.go.kr/op/ko/fd/UOPKOFDA02?pageIndex=1&pageSize=8&ofdBrdId=FSL1004&ofdBrdiSeq=44710&ofdBrdiDtsClsCd=515,목차,2016년도 성과보고서(미래창조과학부),2016년도 성과보고서(미래창조과학부).zip,FI000000004471058235,27,원문 없음: 표지를 제외한 제공 파일 다운로드,files/11_515_재정사업자율평가/2017-07-24_44710_2016년도 소관별 재정사업 자율평가 보고서/27_목차_2016년도 성과보고서(미래창조과학부).zip,106702221,4b0907b1dcf81d9469e8d48991badbb6969c75ac3ade1d98db6b825219d32273,downloaded,
515,재정사업자율평가,38,44710,FSL1004,2016년도 소관별 재정사업 자율평가 보고서,2017-07-24,기획재정부,https://www.openfiscaldata.go.kr/op/ko/fd/UOPKOFDA02?pageIndex=1&pageSize=8&ofdBrdId=FSL1004&ofdBrdiSeq=44710&ofdBrdiDtsClsCd=515,목차,2016년도 성과보고서(민주평화통일자문회의),2016년도 성과보고서(민주평화통일자문회의).hwp,FI000000004471058235,28,원문 없음: 표지를 제외한 제공 파일 다운로드,files/11_515_재정사업자율평가/2017-07-24_44710_2016년도 소관별 재정사업 자율평가 보고서/28_목차_2016년도 성과보고서(민주평화통일자문회의).hwp,174080,ebcae4668ea18d171ee92c7a4e8f45b3795d61c455953c8790564bf396469d79,downloaded,
515,재정사업자율평가,38,44710,FSL1004,2016년도 소관별 재정사업 자율평가 보고서,2017-07-24,기획재정부,https://www.openfiscaldata.go.kr/op/ko/fd/UOPKOFDA02?pageIndex=1&pageSize=8&ofdBrdId=FSL1004&ofdBrdiSeq=44710&ofdBrdiDtsClsCd=515,목차,2016년도 성과보고서(방송통신위원회),2016년도 성과보고서(방송통신위원회).hwp,FI000000004471058235,29,원문 없음: 표지를 제외한 제공 파일 다운로드,files/11_515_재정사업자율평가/2017-07-24_44710_2016년도 소관별 재정사업 자율평가 보고서/29_목차_2016년도 성과보고서(방송통신위원회).hwp,6407168,f35c6529451e00f95fd831256b7a1adc054289f1a447fd452605160de03cf1e7,downloaded,
515,재정사업자율평가,38,44710,FSL1004,2016년도 소관별 재정사업 자율평가 보고서,2017-07-24,기획재정부,https://www.openfiscaldata.go.kr/op/ko/fd/UOPKOFDA02?pageIndex=1&pageSize=8&ofdBrdId=FSL1004&ofdBrdiSeq=44710&ofdBrdiDtsClsCd=515,목차,2016년도 성과보고서(방위사업청),2016년도 성과보고서(방위사업청).hwp,FI000000004471058235,30,원문 없음: 표지를 제외한 제공 파일 다운로드,files/11_515_재정사업자율평가/2017-07-24_44710_2016년도 소관별 재정사업 자율평가 보고서/30_목차_2016년도 성과보고서(방위사업청).hwp,12140032,d64ef1d48a5aaad001a78f9dff883695a98225e9556436db91269d0ddf26667d,downloaded,
515,재정사업자율평가,38,44710,FSL1004,2016년도 소관별 재정사업 자율평가 보고서,2017-07-24,기획재정부,https://www.openfiscaldata.go.kr/op/ko/fd/UOPKOFDA02?pageIndex=1&pageSize=8&ofdBrdId=FSL1004&ofdBrdiSeq=44710&ofdBrdiDtsClsCd=515,목차,2016년도 성과보고서(법무부),2016년도 성과보고서(법무부).hwp,FI000000004471058235,31,원문 없음: 표지를 제외한 제공 파일 다운로드,files/11_515_재정사업자율평가/2017-07-24_44710_2016년도 소관별 재정사업 자율평가 보고서/31_목차_2016년도 성과보고서(법무부).hwp,28225536,40897386ea2766c094f1779d121ec22a84e72557b983a56fcf3a34f60e73302b,downloaded,
515,재정사업자율평가,38,44710,FSL1004,2016년도 소관별 재정사업 자율평가 보고서,2017-07-24,기획재정부,https://www.openfiscaldata.go.kr/op/ko/fd/UOPKOFDA02?pageIndex=1&pageSize=8&ofdBrdId=FSL1004&ofdBrdiSeq=44710&ofdBrdiDtsClsCd=515,목차,2016년도 성과보고서(법제처),2016년도 성과보고서(법제처).hwp,FI000000004471058235,32,원문 없음: 표지를 제외한 제공 파일 다운로드,files/11_515_재정사업자율평가/2017-07-24_44710_2016년도 소관별 재정사업 자율평가 보고서/32_목차_2016년도 성과보고서(법제처).hwp,2015232,fbeb9f4a37968ed4a52e19197f0cd6563fb8da21e1128800ded747edf248d87d,downloaded,
515,재정사업자율평가,38,44710,FSL1004,2016년도 소관별 재정사업 자율평가 보고서,2017-07-24,기획재정부,https://www.openfiscaldata.go.kr/op/ko/fd/UOPKOFDA02?pageIndex=1&pageSize=8&ofdBrdId=FSL1004&ofdBrdiSeq=44710&ofdBrdiDtsClsCd=515,목차,2016년도 성과보고서(병무청),2016년도 성과보고서(병무청).hwp,FI000000004471058235,33,원문 없음: 표지를 제외한 제공 파일 다운로드,files/11_515_재정사업자율평가/2017-07-24_44710_2016년도 소관별 재정사업 자율평가 보고서/33_목차_2016년도 성과보고서(병무청).hwp,12172800,36f284e6203b48bc9e732ec10aa3ce68af9f64bb94a2beac8b3d1008f3087d58,downloaded,
515,재정사업자율평가,38,44710,FSL1004,2016년도 소관별 재정사업 자율평가 보고서,2017-07-24,기획재정부,https://www.openfiscaldata.go.kr/op/ko/fd/UOPKOFDA02?pageIndex=1&pageSize=8&ofdBrdId=FSL1004&ofdBrdiSeq=44710&ofdBrdiDtsClsCd=515,목차,2016년도 성과보고서(보건복지부),2016년도 성과보고서(보건복지부).hwp,FI000000004471058235,34,원문 없음: 표지를 제외한 제공 파일 다운로드,files/11_515_재정사업자율평가/2017-07-24_44710_2016년도 소관별 재정사업 자율평가 보고서/34_목차_2016년도 성과보고서(보건복지부).hwp,39859200,3c0c4421eae6a72a774290f59f15c6dee430cc7bfc225dd3a0933c90d2d85c31,downloaded,
515,재정사업자율평가,38,44710,FSL1004,2016년도 소관별 재정사업 자율평가 보고서,2017-07-24,기획재정부,https://www.openfiscaldata.go.kr/op/ko/fd/UOPKOFDA02?pageIndex=1&pageSize=8&ofdBrdId=FSL1004&ofdBrdiSeq=44710&ofdBrdiDtsClsCd=515,목차,2016년도 성과보고서(산림청),2016년도 성과보고서(산림청).hwp,FI000000004471058235,35,원문 없음: 표지를 제외한 제공 파일 다운로드,files/11_515_재정사업자율평가/2017-07-24_44710_2016년도 소관별 재정사업 자율평가 보고서/35_목차_2016년도 성과보고서(산림청).hwp,7982080,e6e9f60fbe98f8e17223959c2117042896576cc90cb92f698ac6f3b0fc88164c,downloaded,
515,재정사업자율평가,38,44710,FSL1004,2016년도 소관별 재정사업 자율평가 보고서,2017-07-24,기획재정부,https://www.openfiscaldata.go.kr/op/ko/fd/UOPKOFDA02?pageIndex=1&pageSize=8&ofdBrdId=FSL1004&ofdBrdiSeq=44710&ofdBrdiDtsClsCd=515,목차,2016년도 성과보고서(산업통상자원부),2016년도 성과보고서(산업통상자원부).hwp,FI000000004471058235,36,원문 없음: 표지를 제외한 제공 파일 다운로드,files/11_515_재정사업자율평가/2017-07-24_44710_2016년도 소관별 재정사업 자율평가 보고서/36_목차_2016년도 성과보고서(산업통상자원부).hwp,162711552,f1cfb69d37f7a4efe8bc550f83a85811b86b8be76e498b4ca5b8dd2f30cce330,downloaded,
515,재정사업자율평가,38,44710,FSL1004,2016년도 소관별 재정사업 자율평가 보고서,2017-07-24,기획재정부,https://www.openfiscaldata.go.kr/op/ko/fd/UOPKOFDA02?pageIndex=1&pageSize=8&ofdBrdId=FSL1004&ofdBrdiSeq=44710&ofdBrdiDtsClsCd=515,목차,2016년도 성과보고서(새만금개발청),2016년도 성과보고서(새만금개발청).hwp,FI000000004471058235,37,원문 없음: 표지를 제외한 제공 파일 다운로드,files/11_515_재정사업자율평가/2017-07-24_44710_2016년도 소관별 재정사업 자율평가 보고서/37_목차_2016년도 성과보고서(새만금개발청).hwp,215552,db6b0c25cbbbc01ee7d4b7f3e41fe6c0a7f9c6dac752b96c519ab21d3fb5de0b,downloaded,
515,재정사업자율평가,38,44710,FSL1004,2016년도 소관별 재정사업 자율평가 보고서,2017-07-24,기획재정부,https://www.openfiscaldata.go.kr/op/ko/fd/UOPKOFDA02?pageIndex=1&pageSize=8&ofdBrdId=FSL1004&ofdBrdiSeq=44710&ofdBrdiDtsClsCd=515,목차,2016년도 성과보고서(식품의약안전처),2016년도 성과보고서(식품의약안전처).hwp,FI000000004471058235,38,원문 없음: 표지를 제외한 제공 파일 다운로드,files/11_515_재정사업자율평가/2017-07-24_44710_2016년도 소관별 재정사업 자율평가 보고서/38_목차_2016년도 성과보고서(식품의약안전처).hwp,46919168,51cb8dacae3c40b629f8fdd36fdff433dcc91afd937c4b016449cee0a1fe0ad6,downloaded,
515,재정사업자율평가,38,44710,FSL1004,2016년도 소관별 재정사업 자율평가 보고서,2017-07-24,기획재정부,https://www.openfiscaldata.go.kr/op/ko/fd/UOPKOFDA02?pageIndex=1&pageSize=8&ofdBrdId=FSL1004&ofdBrdiSeq=44710&ofdBrdiDtsClsCd=515,목차,2016년도 성과보고서(여성가족부),2016년도 성과보고서(여성가족부).hwp,FI000000004471058235,39,원문 없음: 표지를 제외한 제공 파일 다운로드,files/11_515_재정사업자율평가/2017-07-24_44710_2016년도 소관별 재정사업 자율평가 보고서/39_목차_2016년도 성과보고서(여성가족부).hwp,61990912,1e83d3d311e1cf7d0cc79c97f15cc6c2b94539dec9794634afd60faa16efd13c,downloaded,
515,재정사업자율평가,38,44710,FSL1004,2016년도 소관별 재정사업 자율평가 보고서,2017-07-24,기획재정부,https://www.openfiscaldata.go.kr/op/ko/fd/UOPKOFDA02?pageIndex=1&pageSize=8&ofdBrdId=FSL1004&ofdBrdiSeq=44710&ofdBrdiDtsClsCd=515,목차,2016년도 성과보고서(외교부),2016년도 성과보고서(외교부).hwp,FI000000004471058235,40,원문 없음: 표지를 제외한 제공 파일 다운로드,files/11_515_재정사업자율평가/2017-07-24_44710_2016년도 소관별 재정사업 자율평가 보고서/40_목차_2016년도 성과보고서(외교부).hwp,34534400,cb9b2d891b37ddac79a68c1e399be1c8f623611109b81ec668a049dc3ea9ffa1,downloaded,
515,재정사업자율평가,38,44710,FSL1004,2016년도 소관별 재정사업 자율평가 보고서,2017-07-24,기획재정부,https://www.openfiscaldata.go.kr/op/ko/fd/UOPKOFDA02?pageIndex=1&pageSize=8&ofdBrdId=FSL1004&ofdBrdiSeq=44710&ofdBrdiDtsClsCd=515,목차,2016년도 성과보고서(원자력안전위원회),2016년도 성과보고서(원자력안전위원회).hwp,FI000000004471058235,41,원문 없음: 표지를 제외한 제공 파일 다운로드,files/11_515_재정사업자율평가/2017-07-24_44710_2016년도 소관별 재정사업 자율평가 보고서/41_목차_2016년도 성과보고서(원자력안전위원회).hwp,1088512,80b622b8d94a8f3a21651a953f903aa6ab41abdceb539c4fb7094157f83997c7,downloaded,
515,재정사업자율평가,38,44710,FSL1004,2016년도 소관별 재정사업 자율평가 보고서,2017-07-24,기획재정부,https://www.openfiscaldata.go.kr/op/ko/fd/UOPKOFDA02?pageIndex=1&pageSize=8&ofdBrdId=FSL1004&ofdBrdiSeq=44710&ofdBrdiDtsClsCd=515,목차,2016년도 성과보고서(인사혁신처),2016년도 성과보고서(인사혁신처).hwp,FI000000004471058235,42,원문 없음: 표지를 제외한 제공 파일 다운로드,files/11_515_재정사업자율평가/2017-07-24_44710_2016년도 소관별 재정사업 자율평가 보고서/42_목차_2016년도 성과보고서(인사혁신처).hwp,2877440,e1a3bd5fdbc757308e604caaf787af72bf92de0258fb367af0fe32cedafda3fc,downloaded,
515,재정사업자율평가,38,44710,FSL1004,2016년도 소관별 재정사업 자율평가 보고서,2017-07-24,기획재정부,https://www.openfiscaldata.go.kr/op/ko/fd/UOPKOFDA02?pageIndex=1&pageSize=8&ofdBrdId=FSL1004&ofdBrdiSeq=44710&ofdBrdiDtsClsCd=515,목차,2016년도 성과보고서(조달청),2016년도 성과보고서(조달청).hwp,FI000000004471058235,43,원문 없음: 표지를 제외한 제공 파일 다운로드,files/11_515_재정사업자율평가/2017-07-24_44710_2016년도 소관별 재정사업 자율평가 보고서/43_목차_2016년도 성과보고서(조달청).hwp,1700864,4072bb8977bcb4d899f37fae4fd7624c875c2b9479f8eb4d872eee42c7e1a88a,downloaded,
515,재정사업자율평가,38,44710,FSL1004,2016년도 소관별 재정사업 자율평가 보고서,2017-07-24,기획재정부,https://www.openfiscaldata.go.kr/op/ko/fd/UOPKOFDA02?pageIndex=1&pageSize=8&ofdBrdId=FSL1004&ofdBrdiSeq=44710&ofdBrdiDtsClsCd=515,목차,2016년도 성과보고서(중소기업청),2016년도 성과보고서(중소기업청).hwp,FI000000004471058235,44,원문 없음: 표지를 제외한 제공 파일 다운로드,files/11_515_재정사업자율평가/2017-07-24_44710_2016년도 소관별 재정사업 자율평가 보고서/44_목차_2016년도 성과보고서(중소기업청).hwp,95750144,91addb02321477f0a44fe4b1199a82a0dbbc4f09e16757a86c5cf6dac682351d,downloaded,
515,재정사업자율평가,38,44710,FSL1004,2016년도 소관별 재정사업 자율평가 보고서,2017-07-24,기획재정부,https://www.openfiscaldata.go.kr/op/ko/fd/UOPKOFDA02?pageIndex=1&pageSize=8&ofdBrdId=FSL1004&ofdBrdiSeq=44710&ofdBrdiDtsClsCd=515,목차,2016년도 성과보고서(중앙선거관리위원회),2016년도 성과보고서(중앙선거관리위원회).hwp,FI000000004471058235,45,원문 없음: 표지를 제외한 제공 파일 다운로드,files/11_515_재정사업자율평가/2017-07-24_44710_2016년도 소관별 재정사업 자율평가 보고서/45_목차_2016년도 성과보고서(중앙선거관리위원회).hwp,336384,5105feb9a0f38d54a76c61ce758e01ddf26a4db9e96ef617c84ebe1de2407555,downloaded,
515,재정사업자율평가,38,44710,FSL1004,2016년도 소관별 재정사업 자율평가 보고서,2017-07-24,기획재정부,https://www.openfiscaldata.go.kr/op/ko/fd/UOPKOFDA02?pageIndex=1&pageSize=8&ofdBrdId=FSL1004&ofdBrdiSeq=44710&ofdBrdiDtsClsCd=515,목차,2016년도 성과보고서(통계청),2016년도 성과보고서(통계청).hwp,FI000000004471058235,46,원문 없음: 표지를 제외한 제공 파일 다운로드,files/11_515_재정사업자율평가/2017-07-24_44710_2016년도 소관별 재정사업 자율평가 보고서/46_목차_2016년도 성과보고서(통계청).hwp,14192128,45ff9f8b7360306d0d392dbea405605a1627573ac7b5910e978b6d0aca811b1b,downloaded,
515,재정사업자율평가,38,44710,FSL1004,2016년도 소관별 재정사업 자율평가 보고서,2017-07-24,기획재정부,https://www.openfiscaldata.go.kr/op/ko/fd/UOPKOFDA02?pageIndex=1&pageSize=8&ofdBrdId=FSL1004&ofdBrdiSeq=44710&ofdBrdiDtsClsCd=515,목차,2016년도 성과보고서(통일부),2016년도 성과보고서(통일부).hwp,FI000000004471058235,47,원문 없음: 표지를 제외한 제공 파일 다운로드,files/11_515_재정사업자율평가/2017-07-24_44710_2016년도 소관별 재정사업 자율평가 보고서/47_목차_2016년도 성과보고서(통일부).hwp,9027072,ce90f2040261e1b26c72ed2b65e145ee36b9ff4ac78e46dc57819f087d0bd895,downloaded,
515,재정사업자율평가,38,44710,FSL1004,2016년도 소관별 재정사업 자율평가 보고서,2017-07-24,기획재정부,https://www.openfiscaldata.go.kr/op/ko/fd/UOPKOFDA02?pageIndex=1&pageSize=8&ofdBrdId=FSL1004&ofdBrdiSeq=44710&ofdBrdiDtsClsCd=515,목차,2016년도 성과보고서(특허청),2016년도 성과보고서(특허청).hwp,FI000000004471058235,48,원문 없음: 표지를 제외한 제공 파일 다운로드,files/11_515_재정사업자율평가/2017-07-24_44710_2016년도 소관별 재정사업 자율평가 보고서/48_목차_2016년도 성과보고서(특허청).hwp,20495872,72c682789575e3954162508ecc0f67273adc3a5ca2da397078a05b1ba8f6995d,downloaded,
515,재정사업자율평가,38,44710,FSL1004,2016년도 소관별 재정사업 자율평가 보고서,2017-07-24,기획재정부,https://www.openfiscaldata.go.kr/op/ko/fd/UOPKOFDA02?pageIndex=1&pageSize=8&ofdBrdId=FSL1004&ofdBrdiSeq=44710&ofdBrdiDtsClsCd=515,목차,2016년도 성과보고서(해양수산부),2016년도 성과보고서(해양수산부).hwp,FI000000004471058235,49,원문 없음: 표지를 제외한 제공 파일 다운로드,files/11_515_재정사업자율평가/2017-07-24_44710_2016년도 소관별 재정사업 자율평가 보고서/49_목차_2016년도 성과보고서(해양수산부).hwp,61571072,4a76edba060895059dc2e502d8db6c8241100b9f281f312f84708651f8e2a096,downloaded,
515,재정사업자율평가,38,44710,FSL1004,2016년도 소관별 재정사업 자율평가 보고서,2017-07-24,기획재정부,https://www.openfiscaldata.go.kr/op/ko/fd/UOPKOFDA02?pageIndex=1&pageSize=8&ofdBrdId=FSL1004&ofdBrdiSeq=44710&ofdBrdiDtsClsCd=515,목차,2016년도 성과보고서(행정자치부),2016년도 성과보고서(행정자치부).hwp,FI000000004471058235,50,원문 없음: 표지를 제외한 제공 파일 다운로드,files/11_515_재정사업자율평가/2017-07-24_44710_2016년도 소관별 재정사업 자율평가 보고서/50_목차_2016년도 성과보고서(행정자치부).hwp,19091968,5f80a79bb19155ad07adca6ba10910ed83b6eb6a35ba94d113a1edeb80b8b2c8,downloaded,
515,재정사업자율평가,38,44710,FSL1004,2016년도 소관별 재정사업 자율평가 보고서,2017-07-24,기획재정부,https://www.openfiscaldata.go.kr/op/ko/fd/UOPKOFDA02?pageIndex=1&pageSize=8&ofdBrdId=FSL1004&ofdBrdiSeq=44710&ofdBrdiDtsClsCd=515,목차,2016년도 성과보고서(행정중심복합도시건설청),2016년도 성과보고서(행정중심복합도시건설청).hwp,FI000000004471058235,51,원문 없음: 표지를 제외한 제공 파일 다운로드,files/11_515_재정사업자율평가/2017-07-24_44710_2016년도 소관별 재정사업 자율평가 보고서/51_목차_2016년도 성과보고서(행정중심복합도시건설청).hwp,962048,f200aefedf988c8d95a9abe6fc6691083080bd3760b3538423d98af5ba30a286,downloaded,
515,재정사업자율평가,38,44710,FSL1004,2016년도 소관별 재정사업 자율평가 보고서,2017-07-24,기획재정부,https://www.openfiscaldata.go.kr/op/ko/fd/UOPKOFDA02?pageIndex=1&pageSize=8&ofdBrdId=FSL1004&ofdBrdiSeq=44710&ofdBrdiDtsClsCd=515,목차,2016년도 성과보고서(헌법재판소),2016년도 성과보고서(헌법재판소).hwp,FI000000004471058235,52,원문 없음: 표지를 제외한 제공 파일 다운로드,files/11_515_재정사업자율평가/2017-07-24_44710_2016년도 소관별 재정사업 자율평가 보고서/52_목차_2016년도 성과보고서(헌법재판소).hwp,216064,5ebb295767ca5bca32ed27f464745107f92e35e92ccb4ac0402fb84a5c2dbf9d,downloaded,
515,재정사업자율평가,38,44710,FSL1004,2016년도 소관별 재정사업 자율평가 보고서,2017-07-24,기획재정부,https://www.openfiscaldata.go.kr/op/ko/fd/UOPKOFDA02?pageIndex=1&pageSize=8&ofdBrdId=FSL1004&ofdBrdiSeq=44710&ofdBrdiDtsClsCd=515,목차,2016년도 성과보고서(환경부),2016년도 성과보고서(환경부).hwp,FI000000004471058235,53,원문 없음: 표지를 제외한 제공 파일 다운로드,files/11_515_재정사업자율평가/2017-07-24_44710_2016년도 소관별 재정사업 자율평가 보고서/53_목차_2016년도 성과보고서(환경부).hwp,129125888,aafecdeecc856ec60e6e6e4ab06925ed5257025b1b5a0b9ff201aec3cb482ea1,downloaded,
515,재정사업자율평가,38,44690,FSL1004,2015년도 소관별 재정사업 자율평가 보고서,2015-07-07,기획재정부,https://www.openfiscaldata.go.kr/op/ko/fd/UOPKOFDA02?pageIndex=1&pageSize=8&ofdBrdId=FSL1004&ofdBrdiSeq=44690&ofdBrdiDtsClsCd=515,목차,2015년도 통합재정사업평가보고서(법제처).zip,2015년도 통합재정사업평가보고서(법제처).zip,FI000000004469058289,25,원문 없음: 표지를 제외한 제공 파일 다운로드,files/11_515_재정사업자율평가/2015-07-07_44690_2015년도 소관별 재정사업 자율평가 보고서/01_목차_2015년도 통합재정사업평가보고서(법제처).zip,542616,32c35ea396a2bb12db385234afd8b3665d034fec59fcac8d4e91849cf08ca51c,downloaded,
515,재정사업자율평가,38,44690,FSL1004,2015년도 소관별 재정사업 자율평가 보고서,2015-07-07,기획재정부,https://www.openfiscaldata.go.kr/op/ko/fd/UOPKOFDA02?pageIndex=1&pageSize=8&ofdBrdId=FSL1004&ofdBrdiSeq=44690&ofdBrdiDtsClsCd=515,목차,2015년도 통합재정사업평가보고서(병무청),2015년도 통합재정사업평가보고서(병무청).hwp,FI000000004469058289,26,원문 없음: 표지를 제외한 제공 파일 다운로드,files/11_515_재정사업자율평가/2015-07-07_44690_2015년도 소관별 재정사업 자율평가 보고서/02_목차_2015년도 통합재정사업평가보고서(병무청).hwp,315392,3638350b6c83262b073ab3330019c709f48c883109a41925ab989a03ddbbe5cb,downloaded,
515,재정사업자율평가,38,44690,FSL1004,2015년도 소관별 재정사업 자율평가 보고서,2015-07-07,기획재정부,https://www.openfiscaldata.go.kr/op/ko/fd/UOPKOFDA02?pageIndex=1&pageSize=8&ofdBrdId=FSL1004&ofdBrdiSeq=44690&ofdBrdiDtsClsCd=515,목차,2015년도 통합재정사업평가보고서(보건복지부(통합)).zip,2015년도 통합재정사업평가보고서(보건복지부(통합)).zip,FI000000004469058289,27,원문 없음: 표지를 제외한 제공 파일 다운로드,files/11_515_재정사업자율평가/2015-07-07_44690_2015년도 소관별 재정사업 자율평가 보고서/03_목차_2015년도 통합재정사업평가보고서(보건복지부(통합)).zip,34469165,f59c8d8c178172275fad01ee64ad8491be4d5415ad56ffd84b782b3548a6f6dc,downloaded,
515,재정사업자율평가,38,44690,FSL1004,2015년도 소관별 재정사업 자율평가 보고서,2015-07-07,기획재정부,https://www.openfiscaldata.go.kr/op/ko/fd/UOPKOFDA02?pageIndex=1&pageSize=8&ofdBrdId=FSL1004&ofdBrdiSeq=44690&ofdBrdiDtsClsCd=515,목차,2015년도 통합재정사업평가보고서(산림청),2015년도 통합재정사업평가보고서(산림청).hwp,FI000000004469058289,28,원문 없음: 표지를 제외한 제공 파일 다운로드,files/11_515_재정사업자율평가/2015-07-07_44690_2015년도 소관별 재정사업 자율평가 보고서/04_목차_2015년도 통합재정사업평가보고서(산림청).hwp,495736320,f7fe6925b29107d5cfc4748db5d904c93901df245a70cc91c2ff7b6d94d44bd4,downloaded,
515,재정사업자율평가,38,44690,FSL1004,2015년도 소관별 재정사업 자율평가 보고서,2015-07-07,기획재정부,https://www.openfiscaldata.go.kr/op/ko/fd/UOPKOFDA02?pageIndex=1&pageSize=8&ofdBrdId=FSL1004&ofdBrdiSeq=44690&ofdBrdiDtsClsCd=515,목차,2015년도 통합재정사업평가보고서(산업통상자원부),2015년도 통합재정사업평가보고서(산업통상자원부).hwp,FI000000004469058289,29,원문 없음: 표지를 제외한 제공 파일 다운로드,files/11_515_재정사업자율평가/2015-07-07_44690_2015년도 소관별 재정사업 자율평가 보고서/05_목차_2015년도 통합재정사업평가보고서(산업통상자원부).hwp,18469376,b9b9157d2ae4569f60be2e0bd7a4c4e7ad588d2dde85f71a94a5da72e5b696e2,downloaded,
515,재정사업자율평가,38,44690,FSL1004,2015년도 소관별 재정사업 자율평가 보고서,2015-07-07,기획재정부,https://www.openfiscaldata.go.kr/op/ko/fd/UOPKOFDA02?pageIndex=1&pageSize=8&ofdBrdId=FSL1004&ofdBrdiSeq=44690&ofdBrdiDtsClsCd=515,목차,2015년도 통합재정사업평가보고서(새만금개발청),2015년도 통합재정사업평가보고서(새만금개발청).hwp,FI000000004469058289,30,원문 없음: 표지를 제외한 제공 파일 다운로드,files/11_515_재정사업자율평가/2015-07-07_44690_2015년도 소관별 재정사업 자율평가 보고서/06_목차_2015년도 통합재정사업평가보고서(새만금개발청).hwp,171008,56964f0d176cea11de6bb5a5bc066a67eff8f63d2c3bfef1d9223886899b72b7,downloaded,
515,재정사업자율평가,38,44690,FSL1004,2015년도 소관별 재정사업 자율평가 보고서,2015-07-07,기획재정부,https://www.openfiscaldata.go.kr/op/ko/fd/UOPKOFDA02?pageIndex=1&pageSize=8&ofdBrdId=FSL1004&ofdBrdiSeq=44690&ofdBrdiDtsClsCd=515,목차,2015년도 통합재정사업평가보고서(식품의약품안전처),2015년도 통합재정사업평가보고서(식품의약품안전처).hwp,FI000000004469058289,31,원문 없음: 표지를 제외한 제공 파일 다운로드,files/11_515_재정사업자율평가/2015-07-07_44690_2015년도 소관별 재정사업 자율평가 보고서/07_목차_2015년도 통합재정사업평가보고서(식품의약품안전처).hwp,35646976,d221f7fafb1990c4f906c3590fdd4a1f50fea8362ddedcccd30396746eaf73a8,downloaded,
515,재정사업자율평가,38,44690,FSL1004,2015년도 소관별 재정사업 자율평가 보고서,2015-07-07,기획재정부,https://www.openfiscaldata.go.kr/op/ko/fd/UOPKOFDA02?pageIndex=1&pageSize=8&ofdBrdId=FSL1004&ofdBrdiSeq=44690&ofdBrdiDtsClsCd=515,목차,2015년도 통합재정사업평가보고서(여성가족부),2015년도 통합재정사업평가보고서(여성가족부).hwp,FI000000004469058289,32,원문 없음: 표지를 제외한 제공 파일 다운로드,files/11_515_재정사업자율평가/2015-07-07_44690_2015년도 소관별 재정사업 자율평가 보고서/08_목차_2015년도 통합재정사업평가보고서(여성가족부).hwp,34301440,6361325bf51210ae3ba4a4fc11a1ac519aaa39badf8747c629fa275d932763a3,downloaded,
515,재정사업자율평가,38,44690,FSL1004,2015년도 소관별 재정사업 자율평가 보고서,2015-07-07,기획재정부,https://www.openfiscaldata.go.kr/op/ko/fd/UOPKOFDA02?pageIndex=1&pageSize=8&ofdBrdId=FSL1004&ofdBrdiSeq=44690&ofdBrdiDtsClsCd=515,목차,2015년도 통합재정사업평가보고서(외교부),2015년도 통합재정사업평가보고서(외교부).hwp,FI000000004469058289,33,원문 없음: 표지를 제외한 제공 파일 다운로드,files/11_515_재정사업자율평가/2015-07-07_44690_2015년도 소관별 재정사업 자율평가 보고서/09_목차_2015년도 통합재정사업평가보고서(외교부).hwp,3233280,f41d3f5e2ca5575efff316f1bed58fc1c77b53ce38bafc2feac2bc98e8016aa5,downloaded,
515,재정사업자율평가,38,44690,FSL1004,2015년도 소관별 재정사업 자율평가 보고서,2015-07-07,기획재정부,https://www.openfiscaldata.go.kr/op/ko/fd/UOPKOFDA02?pageIndex=1&pageSize=8&ofdBrdId=FSL1004&ofdBrdiSeq=44690&ofdBrdiDtsClsCd=515,목차,2015년도 통합재정사업평가보고서(원자력안전위원회),2015년도 통합재정사업평가보고서(원자력안전위원회).zip,FI000000004469058289,34,원문 없음: 표지를 제외한 제공 파일 다운로드,files/11_515_재정사업자율평가/2015-07-07_44690_2015년도 소관별 재정사업 자율평가 보고서/10_목차_2015년도 통합재정사업평가보고서(원자력안전위원회).zip,559314,6acba1ae375962d244c301e1a4a8ad65afda84600aa64906ce3d593852bc4523,downloaded,
515,재정사업자율평가,38,44690,FSL1004,2015년도 소관별 재정사업 자율평가 보고서,2015-07-07,기획재정부,https://www.openfiscaldata.go.kr/op/ko/fd/UOPKOFDA02?pageIndex=1&pageSize=8&ofdBrdId=FSL1004&ofdBrdiSeq=44690&ofdBrdiDtsClsCd=515,목차,2015년도 통합재정사업평가보고서(조달청),2015년도 통합재정사업평가보고서(조달청).hwp,FI000000004469058289,35,원문 없음: 표지를 제외한 제공 파일 다운로드,files/11_515_재정사업자율평가/2015-07-07_44690_2015년도 소관별 재정사업 자율평가 보고서/11_목차_2015년도 통합재정사업평가보고서(조달청).hwp,2207744,690c6860a088ce20a1dca58b2b6fbb856e8f7396667341b92e9a8f136de3a746,downloaded,
515,재정사업자율평가,38,44690,FSL1004,2015년도 소관별 재정사업 자율평가 보고서,2015-07-07,기획재정부,https://www.openfiscaldata.go.kr/op/ko/fd/UOPKOFDA02?pageIndex=1&pageSize=8&ofdBrdId=FSL1004&ofdBrdiSeq=44690&ofdBrdiDtsClsCd=515,목차,2015년도 통합재정사업평가보고서(중소기업청),2015년도 통합재정사업평가보고서(중소기업청).hwp,FI000000004469058289,36,원문 없음: 표지를 제외한 제공 파일 다운로드,files/11_515_재정사업자율평가/2015-07-07_44690_2015년도 소관별 재정사업 자율평가 보고서/12_목차_2015년도 통합재정사업평가보고서(중소기업청).hwp,32154112,9993c8f0598468b9b13e3a0a84649dfae71588cc146cdebfcb068b16595b9f15,downloaded,
515,재정사업자율평가,38,44690,FSL1004,2015년도 소관별 재정사업 자율평가 보고서,2015-07-07,기획재정부,https://www.openfiscaldata.go.kr/op/ko/fd/UOPKOFDA02?pageIndex=1&pageSize=8&ofdBrdId=FSL1004&ofdBrdiSeq=44690&ofdBrdiDtsClsCd=515,목차,2015년도 통합재정사업평가보고서(중앙선거관리위원회),2015년도 통합재정사업평가보고서(중앙선거관리위원회).hwp,FI000000004469058289,37,원문 없음: 표지를 제외한 제공 파일 다운로드,files/11_515_재정사업자율평가/2015-07-07_44690_2015년도 소관별 재정사업 자율평가 보고서/13_목차_2015년도 통합재정사업평가보고서(중앙선거관리위원회).hwp,1733632,b89612bcc4cb7e7bbf7e2c35327ca9c494141552d481bf9e10b587eeae755dae,downloaded,
515,재정사업자율평가,38,44690,FSL1004,2015년도 소관별 재정사업 자율평가 보고서,2015-07-07,기획재정부,https://www.openfiscaldata.go.kr/op/ko/fd/UOPKOFDA02?pageIndex=1&pageSize=8&ofdBrdId=FSL1004&ofdBrdiSeq=44690&ofdBrdiDtsClsCd=515,목차,2015년도 통합재정사업평가보고서(통계청),2015년도 통합재정사업평가보고서(통계청).hwp,FI000000004469058289,38,원문 없음: 표지를 제외한 제공 파일 다운로드,files/11_515_재정사업자율평가/2015-07-07_44690_2015년도 소관별 재정사업 자율평가 보고서/14_목차_2015년도 통합재정사업평가보고서(통계청).hwp,2290688,b39bcb450051e38ab9bf74c8c9aea2cf1fa7b4435aaa1b2835fb59ae02eca236,downloaded,
515,재정사업자율평가,38,44690,FSL1004,2015년도 소관별 재정사업 자율평가 보고서,2015-07-07,기획재정부,https://www.openfiscaldata.go.kr/op/ko/fd/UOPKOFDA02?pageIndex=1&pageSize=8&ofdBrdId=FSL1004&ofdBrdiSeq=44690&ofdBrdiDtsClsCd=515,목차,2015년도 통합재정사업평가보고서(통일부),2015년도 통합재정사업평가보고서(통일부).hwp,FI000000004469058289,39,원문 없음: 표지를 제외한 제공 파일 다운로드,files/11_515_재정사업자율평가/2015-07-07_44690_2015년도 소관별 재정사업 자율평가 보고서/15_목차_2015년도 통합재정사업평가보고서(통일부).hwp,911360,5b8584db1f0ac2a470685166767d823d86bb5d9533e56af043642e390daf3361,downloaded,
515,재정사업자율평가,38,44690,FSL1004,2015년도 소관별 재정사업 자율평가 보고서,2015-07-07,기획재정부,https://www.openfiscaldata.go.kr/op/ko/fd/UOPKOFDA02?pageIndex=1&pageSize=8&ofdBrdId=FSL1004&ofdBrdiSeq=44690&ofdBrdiDtsClsCd=515,목차,2015년도 통합재정사업평가보고서(특허청),2015년도 통합재정사업평가보고서(특허청).hwp,FI000000004469058289,40,원문 없음: 표지를 제외한 제공 파일 다운로드,files/11_515_재정사업자율평가/2015-07-07_44690_2015년도 소관별 재정사업 자율평가 보고서/16_목차_2015년도 통합재정사업평가보고서(특허청).hwp,5268480,e30eaad527e1bd0d15025ec4721ee4582b656dc7949b79e25f9b3360bb50a5e0,downloaded,
515,재정사업자율평가,38,44690,FSL1004,2015년도 소관별 재정사업 자율평가 보고서,2015-07-07,기획재정부,https://www.openfiscaldata.go.kr/op/ko/fd/UOPKOFDA02?pageIndex=1&pageSize=8&ofdBrdId=FSL1004&ofdBrdiSeq=44690&ofdBrdiDtsClsCd=515,목차,2015년도 통합재정사업평가보고서(해양수산부),2015년도 통합재정사업평가보고서(해양수산부).zip,FI000000004469058289,41,원문 없음: 표지를 제외한 제공 파일 다운로드,files/11_515_재정사업자율평가/2015-07-07_44690_2015년도 소관별 재정사업 자율평가 보고서/17_목차_2015년도 통합재정사업평가보고서(해양수산부).zip,35093579,1286a5d3198218cd03cb1238d08d6be9a499a3b739d28651220d32a9b9ff1d6b,downloaded,
515,재정사업자율평가,38,44690,FSL1004,2015년도 소관별 재정사업 자율평가 보고서,2015-07-07,기획재정부,https://www.openfiscaldata.go.kr/op/ko/fd/UOPKOFDA02?pageIndex=1&pageSize=8&ofdBrdId=FSL1004&ofdBrdiSeq=44690&ofdBrdiDtsClsCd=515,목차,2015년도 통합재정사업평가보고서(행정자치부),2015년도 통합재정사업평가보고서(행정자치부).hwp,FI000000004469058289,42,원문 없음: 표지를 제외한 제공 파일 다운로드,files/11_515_재정사업자율평가/2015-07-07_44690_2015년도 소관별 재정사업 자율평가 보고서/18_목차_2015년도 통합재정사업평가보고서(행정자치부).hwp,19751424,0c9f36be48fa70cdebeeab6b0a098771372473a931e80d4446698aa468238e4a,downloaded,
515,재정사업자율평가,38,44690,FSL1004,2015년도 소관별 재정사업 자율평가 보고서,2015-07-07,기획재정부,https://www.openfiscaldata.go.kr/op/ko/fd/UOPKOFDA02?pageIndex=1&pageSize=8&ofdBrdId=FSL1004&ofdBrdiSeq=44690&ofdBrdiDtsClsCd=515,목차,2015년도 통합재정사업평가보고서(행정중심복합도시건설청),2015년도 통합재정사업평가보고서(행정중심복합도시건설청).hwp,FI000000004469058289,43,원문 없음: 표지를 제외한 제공 파일 다운로드,files/11_515_재정사업자율평가/2015-07-07_44690_2015년도 소관별 재정사업 자율평가 보고서/19_목차_2015년도 통합재정사업평가보고서(행정중심복합도시건설청).hwp,8342016,523db9c5b8046984a37692fc3bbf49890d98fb69086d5acafe80d9f79cb8fba7,downloaded,
515,재정사업자율평가,38,44690,FSL1004,2015년도 소관별 재정사업 자율평가 보고서,2015-07-07,기획재정부,https://www.openfiscaldata.go.kr/op/ko/fd/UOPKOFDA02?pageIndex=1&pageSize=8&ofdBrdId=FSL1004&ofdBrdiSeq=44690&ofdBrdiDtsClsCd=515,목차,2015년도 통합재정사업평가보고서(헌법재판소),2015년도 통합재정사업평가보고서(헌법재판소).hwp,FI000000004469058289,44,원문 없음: 표지를 제외한 제공 파일 다운로드,files/11_515_재정사업자율평가/2015-07-07_44690_2015년도 소관별 재정사업 자율평가 보고서/20_목차_2015년도 통합재정사업평가보고서(헌법재판소).hwp,73216,b913a19474eb05a63ca57630d8bc02284c40991c5ae218fd6430268b728a7b46,downloaded,
515,재정사업자율평가,38,44690,FSL1004,2015년도 소관별 재정사업 자율평가 보고서,2015-07-07,기획재정부,https://www.openfiscaldata.go.kr/op/ko/fd/UOPKOFDA02?pageIndex=1&pageSize=8&ofdBrdId=FSL1004&ofdBrdiSeq=44690&ofdBrdiDtsClsCd=515,목차,2015년도 통합재정사업평가보고서(환경부),2015년도 통합재정사업평가보고서(환경부).hwp,FI000000004469058289,45,원문 없음: 표지를 제외한 제공 파일 다운로드,files/11_515_재정사업자율평가/2015-07-07_44690_2015년도 소관별 재정사업 자율평가 보고서/21_목차_2015년도 통합재정사업평가보고서(환경부).hwp,2756608,66776cade451ad4dd9d3abce8a7737fcec7bc2891e2880f0145609430074561a,downloaded,
515,재정사업자율평가,38,44690,FSL1004,2015년도 소관별 재정사업 자율평가 보고서,2015-07-07,기획재정부,https://www.openfiscaldata.go.kr/op/ko/fd/UOPKOFDA02?pageIndex=1&pageSize=8&ofdBrdId=FSL1004&ofdBrdiSeq=44690&ofdBrdiDtsClsCd=515,목차,2015년도 통합재정사업평가보고서(법무부),2015년도 통합재정사업평가보고서(법무부).hwp,FI000000004469058289,24,원문 없음: 표지를 제외한 제공 파일 다운로드,files/11_515_재정사업자율평가/2015-07-07_44690_2015년도 소관별 재정사업 자율평가 보고서/22_목차_2015년도 통합재정사업평가보고서(법무부).hwp,17105920,7a324bcef14293846136ccd12ffb8095a363d143b3588563fa89f5f2f65266e5,downloaded,
515,재정사업자율평가,38,44690,FSL1004,2015년도 소관별 재정사업 자율평가 보고서,2015-07-07,기획재정부,https://www.openfiscaldata.go.kr/op/ko/fd/UOPKOFDA02?pageIndex=1&pageSize=8&ofdBrdId=FSL1004&ofdBrdiSeq=44690&ofdBrdiDtsClsCd=515,목차,2015년도 통합재정사업평가보고서(경찰청),2015년도 통합재정사업평가보고서(경찰청).hwp,FI000000004469058289,1,원문 없음: 표지를 제외한 제공 파일 다운로드,files/11_515_재정사업자율평가/2015-07-07_44690_2015년도 소관별 재정사업 자율평가 보고서/23_목차_2015년도 통합재정사업평가보고서(경찰청).hwp,2383360,461179d402d57b590a3496a83a718a8aad2f376bf218baee9ee3a4fca0f9702e,downloaded,
515,재정사업자율평가,38,44690,FSL1004,2015년도 소관별 재정사업 자율평가 보고서,2015-07-07,기획재정부,https://www.openfiscaldata.go.kr/op/ko/fd/UOPKOFDA02?pageIndex=1&pageSize=8&ofdBrdId=FSL1004&ofdBrdiSeq=44690&ofdBrdiDtsClsCd=515,목차,2015년도 통합재정사업평가보고서(고용노동부),2015년도 통합재정사업평가보고서(고용노동부).hwp,FI000000004469058289,2,원문 없음: 표지를 제외한 제공 파일 다운로드,files/11_515_재정사업자율평가/2015-07-07_44690_2015년도 소관별 재정사업 자율평가 보고서/24_목차_2015년도 통합재정사업평가보고서(고용노동부).hwp,5585408,e4e707c9716af058673c82aa91c71a62aae7d65b498e5b1644a034e7ace200de,downloaded,
515,재정사업자율평가,38,44690,FSL1004,2015년도 소관별 재정사업 자율평가 보고서,2015-07-07,기획재정부,https://www.openfiscaldata.go.kr/op/ko/fd/UOPKOFDA02?pageIndex=1&pageSize=8&ofdBrdId=FSL1004&ofdBrdiSeq=44690&ofdBrdiDtsClsCd=515,목차,2015년도 통합재정사업평가보고서(공정거래위원회),2015년도 통합재정사업평가보고서(공정거래위원회).hwp,FI000000004469058289,3,원문 없음: 표지를 제외한 제공 파일 다운로드,files/11_515_재정사업자율평가/2015-07-07_44690_2015년도 소관별 재정사업 자율평가 보고서/25_목차_2015년도 통합재정사업평가보고서(공정거래위원회).hwp,8385536,023117867f1698dd02edbb5a2056abf91bf7eec98816496281753534329dff35,downloaded,
515,재정사업자율평가,38,44690,FSL1004,2015년도 소관별 재정사업 자율평가 보고서,2015-07-07,기획재정부,https://www.openfiscaldata.go.kr/op/ko/fd/UOPKOFDA02?pageIndex=1&pageSize=8&ofdBrdId=FSL1004&ofdBrdiSeq=44690&ofdBrdiDtsClsCd=515,목차,2015년도 통합재정사업평가보고서(관세청),2015년도 통합재정사업평가보고서(관세청).hwp,FI000000004469058289,4,원문 없음: 표지를 제외한 제공 파일 다운로드,files/11_515_재정사업자율평가/2015-07-07_44690_2015년도 소관별 재정사업 자율평가 보고서/26_목차_2015년도 통합재정사업평가보고서(관세청).hwp,8641024,4bae8a122d53fda12378035ec3958184f872d3df49d5b1f53db2d2be0d7af0ec,downloaded,
515,재정사업자율평가,38,44690,FSL1004,2015년도 소관별 재정사업 자율평가 보고서,2015-07-07,기획재정부,https://www.openfiscaldata.go.kr/op/ko/fd/UOPKOFDA02?pageIndex=1&pageSize=8&ofdBrdId=FSL1004&ofdBrdiSeq=44690&ofdBrdiDtsClsCd=515,목차,2015년도 통합재정사업평가보고서(교육부),2015년도 통합재정사업평가보고서(교육부).zip,FI000000004469058289,5,원문 없음: 표지를 제외한 제공 파일 다운로드,files/11_515_재정사업자율평가/2015-07-07_44690_2015년도 소관별 재정사업 자율평가 보고서/27_목차_2015년도 통합재정사업평가보고서(교육부).zip,46105605,d79e5804dfad15f3b677df333870a7f0252ea4155d55f08f5578c8ebde89cc99,downloaded,
515,재정사업자율평가,38,44690,FSL1004,2015년도 소관별 재정사업 자율평가 보고서,2015-07-07,기획재정부,https://www.openfiscaldata.go.kr/op/ko/fd/UOPKOFDA02?pageIndex=1&pageSize=8&ofdBrdId=FSL1004&ofdBrdiSeq=44690&ofdBrdiDtsClsCd=515,목차,2015년도 통합재정사업평가보고서(국가보훈처),2015년도 통합재정사업평가보고서(국가보훈처).hwp,FI000000004469058289,6,원문 없음: 표지를 제외한 제공 파일 다운로드,files/11_515_재정사업자율평가/2015-07-07_44690_2015년도 소관별 재정사업 자율평가 보고서/28_목차_2015년도 통합재정사업평가보고서(국가보훈처).hwp,1421312,ae73f5ee81f6083ed8d3bef0997fb0d98ad5b632f428944b0c30cedf3dc87038,downloaded,
515,재정사업자율평가,38,44690,FSL1004,2015년도 소관별 재정사업 자율평가 보고서,2015-07-07,기획재정부,https://www.openfiscaldata.go.kr/op/ko/fd/UOPKOFDA02?pageIndex=1&pageSize=8&ofdBrdId=FSL1004&ofdBrdiSeq=44690&ofdBrdiDtsClsCd=515,목차,2015년도 통합재정사업평가보고서(국가인권위원회),2015년도 통합재정사업평가보고서(국가인권위원회).hwp,FI000000004469058289,7,원문 없음: 표지를 제외한 제공 파일 다운로드,files/11_515_재정사업자율평가/2015-07-07_44690_2015년도 소관별 재정사업 자율평가 보고서/29_목차_2015년도 통합재정사업평가보고서(국가인권위원회).hwp,185344,043b642d478b22743ac71ef93da4bee1d5dd29ff069a527e0b8ce5fa465415e9,downloaded,
515,재정사업자율평가,38,44690,FSL1004,2015년도 소관별 재정사업 자율평가 보고서,2015-07-07,기획재정부,https://www.openfiscaldata.go.kr/op/ko/fd/UOPKOFDA02?pageIndex=1&pageSize=8&ofdBrdId=FSL1004&ofdBrdiSeq=44690&ofdBrdiDtsClsCd=515,목차,2015년도 통합재정사업평가보고서(국민권익위원회),2015년도 통합재정사업평가보고서(국민권익위원회).hwp,FI000000004469058289,8,원문 없음: 표지를 제외한 제공 파일 다운로드,files/11_515_재정사업자율평가/2015-07-07_44690_2015년도 소관별 재정사업 자율평가 보고서/30_목차_2015년도 통합재정사업평가보고서(국민권익위원회).hwp,34722816,f42694f6d3acf46b4a8ba69fb0b0c6025a12f32f30d694aa4908ffe1b4376a52,downloaded,
515,재정사업자율평가,38,44690,FSL1004,2015년도 소관별 재정사업 자율평가 보고서,2015-07-07,기획재정부,https://www.openfiscaldata.go.kr/op/ko/fd/UOPKOFDA02?pageIndex=1&pageSize=8&ofdBrdId=FSL1004&ofdBrdiSeq=44690&ofdBrdiDtsClsCd=515,목차,2015년도 통합재정사업평가보고서(국민안전처),2015년도 통합재정사업평가보고서(국민안전처).hwp,FI000000004469058289,9,원문 없음: 표지를 제외한 제공 파일 다운로드,files/11_515_재정사업자율평가/2015-07-07_44690_2015년도 소관별 재정사업 자율평가 보고서/31_목차_2015년도 통합재정사업평가보고서(국민안전처).hwp,65770496,9a43168674ad415f941e7aeb390301cb1f797af1c9b594df628f4ddca9d715cb,downloaded,
515,재정사업자율평가,38,44690,FSL1004,2015년도 소관별 재정사업 자율평가 보고서,2015-07-07,기획재정부,https://www.openfiscaldata.go.kr/op/ko/fd/UOPKOFDA02?pageIndex=1&pageSize=8&ofdBrdId=FSL1004&ofdBrdiSeq=44690&ofdBrdiDtsClsCd=515,목차,2015년도 통합재정사업평가보고서(국방부),2015년도 통합재정사업평가보고서(국방부).hwp,FI000000004469058289,10,원문 없음: 표지를 제외한 제공 파일 다운로드,files/11_515_재정사업자율평가/2015-07-07_44690_2015년도 소관별 재정사업 자율평가 보고서/32_목차_2015년도 통합재정사업평가보고서(국방부).hwp,6102528,1295eab597f39c5d45a6dd1d526f461cf5e7c44e99d229526ef3aba172638694,downloaded,
515,재정사업자율평가,38,44690,FSL1004,2015년도 소관별 재정사업 자율평가 보고서,2015-07-07,기획재정부,https://www.openfiscaldata.go.kr/op/ko/fd/UOPKOFDA02?pageIndex=1&pageSize=8&ofdBrdId=FSL1004&ofdBrdiSeq=44690&ofdBrdiDtsClsCd=515,목차,2015년도 통합재정사업평가보고서(국세청),2015년도 통합재정사업평가보고서(국세청).hwp,FI000000004469058289,11,원문 없음: 표지를 제외한 제공 파일 다운로드,files/11_515_재정사업자율평가/2015-07-07_44690_2015년도 소관별 재정사업 자율평가 보고서/33_목차_2015년도 통합재정사업평가보고서(국세청).hwp,3024896,11fbf5c545a024745cd7dc1875f0c5552dbef212d5dea6b8f8ead8dca6d7ae68,downloaded,
515,재정사업자율평가,38,44690,FSL1004,2015년도 소관별 재정사업 자율평가 보고서,2015-07-07,기획재정부,https://www.openfiscaldata.go.kr/op/ko/fd/UOPKOFDA02?pageIndex=1&pageSize=8&ofdBrdId=FSL1004&ofdBrdiSeq=44690&ofdBrdiDtsClsCd=515,목차,2015년도 통합재정사업평가보고서(국토교통부),2015년도 통합재정사업평가보고서(국토교통부).zip,FI000000004469058289,12,원문 없음: 표지를 제외한 제공 파일 다운로드,files/11_515_재정사업자율평가/2015-07-07_44690_2015년도 소관별 재정사업 자율평가 보고서/34_목차_2015년도 통합재정사업평가보고서(국토교통부).zip,262783357,9a09028121f894e33503c113356d4c829e5550e08ea7521b6ff85d4a1d96c89e,downloaded,
515,재정사업자율평가,38,44690,FSL1004,2015년도 소관별 재정사업 자율평가 보고서,2015-07-07,기획재정부,https://www.openfiscaldata.go.kr/op/ko/fd/UOPKOFDA02?pageIndex=1&pageSize=8&ofdBrdId=FSL1004&ofdBrdiSeq=44690&ofdBrdiDtsClsCd=515,목차,2015년도 통합재정사업평가보고서(금융위원회),2015년도 통합재정사업평가보고서(금융위원회).hwp,FI000000004469058289,13,원문 없음: 표지를 제외한 제공 파일 다운로드,files/11_515_재정사업자율평가/2015-07-07_44690_2015년도 소관별 재정사업 자율평가 보고서/35_목차_2015년도 통합재정사업평가보고서(금융위원회).hwp,240314880,6dab8e0a96196daa2659cfa8c2f9f551ed6edbb90ea70a9738cdb1db084c7f6c,downloaded,
515,재정사업자율평가,38,44690,FSL1004,2015년도 소관별 재정사업 자율평가 보고서,2015-07-07,기획재정부,https://www.openfiscaldata.go.kr/op/ko/fd/UOPKOFDA02?pageIndex=1&pageSize=8&ofdBrdId=FSL1004&ofdBrdiSeq=44690&ofdBrdiDtsClsCd=515,목차,2015년도 통합재정사업평가보고서(기상청),2015년도 통합재정사업평가보고서(기상청).zip,FI000000004469058289,14,원문 없음: 표지를 제외한 제공 파일 다운로드,files/11_515_재정사업자율평가/2015-07-07_44690_2015년도 소관별 재정사업 자율평가 보고서/36_목차_2015년도 통합재정사업평가보고서(기상청).zip,196610227,cd12b2eda8604fa2066ad2ff66433f32112dc1c6ce2af75b7226ddcad146bfbb,downloaded,
515,재정사업자율평가,38,44690,FSL1004,2015년도 소관별 재정사업 자율평가 보고서,2015-07-07,기획재정부,https://www.openfiscaldata.go.kr/op/ko/fd/UOPKOFDA02?pageIndex=1&pageSize=8&ofdBrdId=FSL1004&ofdBrdiSeq=44690&ofdBrdiDtsClsCd=515,목차,2015년도 통합재정사업평가보고서(기획재정부),2015년도 통합재정사업평가보고서(기획재정부).hwp,FI000000004469058289,15,원문 없음: 표지를 제외한 제공 파일 다운로드,files/11_515_재정사업자율평가/2015-07-07_44690_2015년도 소관별 재정사업 자율평가 보고서/37_목차_2015년도 통합재정사업평가보고서(기획재정부).hwp,12676096,6e01ec33c3bddfc33afbbe896f06ec320ce1bdd79900affc17f2717a6827beb1,downloaded,
515,재정사업자율평가,38,44690,FSL1004,2015년도 소관별 재정사업 자율평가 보고서,2015-07-07,기획재정부,https://www.openfiscaldata.go.kr/op/ko/fd/UOPKOFDA02?pageIndex=1&pageSize=8&ofdBrdId=FSL1004&ofdBrdiSeq=44690&ofdBrdiDtsClsCd=515,목차,2015년도 통합재정사업평가보고서(농림축산식품부),2015년도 통합재정사업평가보고서(농림축산식품부).hwp,FI000000004469058289,16,원문 없음: 표지를 제외한 제공 파일 다운로드,files/11_515_재정사업자율평가/2015-07-07_44690_2015년도 소관별 재정사업 자율평가 보고서/38_목차_2015년도 통합재정사업평가보고서(농림축산식품부).hwp,48528896,52fb1ccc976469d557e2b87bc859ac4047a395c2e94d0f62c35102ed4cc7b7e7,downloaded,
515,재정사업자율평가,38,44690,FSL1004,2015년도 소관별 재정사업 자율평가 보고서,2015-07-07,기획재정부,https://www.openfiscaldata.go.kr/op/ko/fd/UOPKOFDA02?pageIndex=1&pageSize=8&ofdBrdId=FSL1004&ofdBrdiSeq=44690&ofdBrdiDtsClsCd=515,목차,2015년도 통합재정사업평가보고서(농촌진흥청),2015년도 통합재정사업평가보고서(농촌진흥청).zip,FI000000004469058289,17,원문 없음: 표지를 제외한 제공 파일 다운로드,files/11_515_재정사업자율평가/2015-07-07_44690_2015년도 소관별 재정사업 자율평가 보고서/39_목차_2015년도 통합재정사업평가보고서(농촌진흥청).zip,266534112,1f9d7eedff46dfef386429f8c0b8dc425d9abd9712ba0053720e87ab401f0cb9,downloaded,
515,재정사업자율평가,38,44690,FSL1004,2015년도 소관별 재정사업 자율평가 보고서,2015-07-07,기획재정부,https://www.openfiscaldata.go.kr/op/ko/fd/UOPKOFDA02?pageIndex=1&pageSize=8&ofdBrdId=FSL1004&ofdBrdiSeq=44690&ofdBrdiDtsClsCd=515,목차,2015년도 통합재정사업평가보고서(대법원),2015년도 통합재정사업평가보고서(대법원).hwp,FI000000004469058289,18,원문 없음: 표지를 제외한 제공 파일 다운로드,files/11_515_재정사업자율평가/2015-07-07_44690_2015년도 소관별 재정사업 자율평가 보고서/40_목차_2015년도 통합재정사업평가보고서(대법원).hwp,9063936,7e98dbbc74cefb1af66a990735536690fd5e582b4063a8fa09ffb77d60efca0e,downloaded,
515,재정사업자율평가,38,44690,FSL1004,2015년도 소관별 재정사업 자율평가 보고서,2015-07-07,기획재정부,https://www.openfiscaldata.go.kr/op/ko/fd/UOPKOFDA02?pageIndex=1&pageSize=8&ofdBrdId=FSL1004&ofdBrdiSeq=44690&ofdBrdiDtsClsCd=515,목차,2015년도 통합재정사업평가보고서(문화재청),2015년도 통합재정사업평가보고서(문화재청).hwp,FI000000004469058289,19,원문 없음: 표지를 제외한 제공 파일 다운로드,files/11_515_재정사업자율평가/2015-07-07_44690_2015년도 소관별 재정사업 자율평가 보고서/41_목차_2015년도 통합재정사업평가보고서(문화재청).hwp,19900928,cf3ef7be6b4ade306b2d3d50755b927f42ce075a53e163ba9bebf5c6d81596ed,downloaded,
515,재정사업자율평가,38,44690,FSL1004,2015년도 소관별 재정사업 자율평가 보고서,2015-07-07,기획재정부,https://www.openfiscaldata.go.kr/op/ko/fd/UOPKOFDA02?pageIndex=1&pageSize=8&ofdBrdId=FSL1004&ofdBrdiSeq=44690&ofdBrdiDtsClsCd=515,목차,2015년도 통합재정사업평가보고서(문화체육관광부),2015년도 통합재정사업평가보고서(문화체육관광부).hwp,FI000000004469058289,20,원문 없음: 표지를 제외한 제공 파일 다운로드,files/11_515_재정사업자율평가/2015-07-07_44690_2015년도 소관별 재정사업 자율평가 보고서/42_목차_2015년도 통합재정사업평가보고서(문화체육관광부).hwp,36923904,59b5b6185495b7cf3cec01a3e52ef2a4da4e80ed2973eb2eaa25f4a2279edb29,downloaded,
515,재정사업자율평가,38,44690,FSL1004,2015년도 소관별 재정사업 자율평가 보고서,2015-07-07,기획재정부,https://www.openfiscaldata.go.kr/op/ko/fd/UOPKOFDA02?pageIndex=1&pageSize=8&ofdBrdId=FSL1004&ofdBrdiSeq=44690&ofdBrdiDtsClsCd=515,목차,2015년도 통합재정사업평가보고서(미래창조과학부),2015년도 통합재정사업평가보고서(미래창조과학부).hwp,FI000000004469058289,21,원문 없음: 표지를 제외한 제공 파일 다운로드,files/11_515_재정사업자율평가/2015-07-07_44690_2015년도 소관별 재정사업 자율평가 보고서/43_목차_2015년도 통합재정사업평가보고서(미래창조과학부).hwp,32495616,9f5cd9d0d0f4c9749a9269399da0f117cab001b93332935a13d78541bfe03a6e,downloaded,
515,재정사업자율평가,38,44690,FSL1004,2015년도 소관별 재정사업 자율평가 보고서,2015-07-07,기획재정부,https://www.openfiscaldata.go.kr/op/ko/fd/UOPKOFDA02?pageIndex=1&pageSize=8&ofdBrdId=FSL1004&ofdBrdiSeq=44690&ofdBrdiDtsClsCd=515,목차,2015년도 통합재정사업평가보고서(방송통신위원회),2015년도 통합재정사업평가보고서(방송통신위원회).hwp,FI000000004469058289,22,원문 없음: 표지를 제외한 제공 파일 다운로드,files/11_515_재정사업자율평가/2015-07-07_44690_2015년도 소관별 재정사업 자율평가 보고서/44_목차_2015년도 통합재정사업평가보고서(방송통신위원회).hwp,529408,2f8948a8c1201f144df440e16456b9d2191ba804b0f4a38e60cc06e7c54899d6,downloaded,
515,재정사업자율평가,38,44690,FSL1004,2015년도 소관별 재정사업 자율평가 보고서,2015-07-07,기획재정부,https://www.openfiscaldata.go.kr/op/ko/fd/UOPKOFDA02?pageIndex=1&pageSize=8&ofdBrdId=FSL1004&ofdBrdiSeq=44690&ofdBrdiDtsClsCd=515,목차,2015년도 통합재정사업평가보고서(방위사업청),2015년도 통합재정사업평가보고서(방위사업청).hwp,FI000000004469058289,23,원문 없음: 표지를 제외한 제공 파일 다운로드,files/11_515_재정사업자율평가/2015-07-07_44690_2015년도 소관별 재정사업 자율평가 보고서/45_목차_2015년도 통합재정사업평가보고서(방위사업청).hwp,229888,80442133545de8e682cd8fb21830224ed0072b962a75c46ef369f707a9b03e1c,downloaded,
515,재정사업자율평가,38,42109,FSL1004,2014년도 소관별 재정사업 자율평가 보고서,2014-07-03,기획재정부,https://www.openfiscaldata.go.kr/op/ko/fd/UOPKOFDA02?pageIndex=1&pageSize=8&ofdBrdId=FSL1004&ofdBrdiSeq=42109&ofdBrdiDtsClsCd=515,목차,2014년도 재정사업 자율평가 보고서,2014년도 재정사업 자율평가보고서.zip,FI000000004210958226,1,원문 없음: 표지를 제외한 제공 파일 다운로드,files/11_515_재정사업자율평가/2014-07-03_42109_2014년도 소관별 재정사업 자율평가 보고서.zip,444652547,be58cb2d7a883ec96da1f1f0fda2efb248c6c5fc9c82c42f1ed5ff37b30cfc24,downloaded,
515,재정사업자율평가,38,24786,FSL1004,2013년도 소관별 재정사업 자율평가 보고서,2014-05-27,기획재정부,https://www.openfiscaldata.go.kr/op/ko/fd/UOPKOFDA02?pageIndex=1&pageSize=8&ofdBrdId=FSL1004&ofdBrdiSeq=24786&ofdBrdiDtsClsCd=515,목차,2013년도 재정사업자율평가보고서(정보화)(미래창조과학부),2013년 재정사업자율평가보고서(정보화)-미래창조과학부.hwp,FI000000002478621964,50,원문 없음: 표지를 제외한 제공 파일 다운로드,files/11_515_재정사업자율평가/2014-05-27_24786_2013년도 소관별 재정사업 자율평가 보고서/01_목차_2013년도 재정사업자율평가보고서(정보화)(미래창조과학부).hwp,838656,b641d080e1dd782ec88c534fc2c732391baa99fe11c15d264d8297a71ecc3d49,downloaded,
515,재정사업자율평가,38,24786,FSL1004,2013년도 소관별 재정사업 자율평가 보고서,2014-05-27,기획재정부,https://www.openfiscaldata.go.kr/op/ko/fd/UOPKOFDA02?pageIndex=1&pageSize=8&ofdBrdId=FSL1004&ofdBrdiSeq=24786&ofdBrdiDtsClsCd=515,목차,2013년도 재정사업자율평가보고서(정보화)(문화체육관광부),2013년 재정사업자율평가보고서(정보화)-문화체육관광부.hwp,FI000000002478621964,49,원문 없음: 표지를 제외한 제공 파일 다운로드,files/11_515_재정사업자율평가/2014-05-27_24786_2013년도 소관별 재정사업 자율평가 보고서/02_목차_2013년도 재정사업자율평가보고서(정보화)(문화체육관광부).hwp,301568,a1f8983a59301795962ec0e8fbddba95b97ddd3dddcbce33baa3d2c23e054d6d,downloaded,
515,재정사업자율평가,38,24786,FSL1004,2013년도 소관별 재정사업 자율평가 보고서,2014-05-27,기획재정부,https://www.openfiscaldata.go.kr/op/ko/fd/UOPKOFDA02?pageIndex=1&pageSize=8&ofdBrdId=FSL1004&ofdBrdiSeq=24786&ofdBrdiDtsClsCd=515,목차,2013년도 재정사업자율평가보고서(정보화)(농림축산식품부),2013년 재정사업자율평가보고서(정보화)-농림축산식품부.hwp,FI000000002478621964,48,원문 없음: 표지를 제외한 제공 파일 다운로드,files/11_515_재정사업자율평가/2014-05-27_24786_2013년도 소관별 재정사업 자율평가 보고서/03_목차_2013년도 재정사업자율평가보고서(정보화)(농림축산식품부).hwp,303104,1ff63aa548d32ca5bbd09a73cd4ef6ae63b1bc1fed1e08c14739ec4de4d0187c,downloaded,
515,재정사업자율평가,38,24786,FSL1004,2013년도 소관별 재정사업 자율평가 보고서,2014-05-27,기획재정부,https://www.openfiscaldata.go.kr/op/ko/fd/UOPKOFDA02?pageIndex=1&pageSize=8&ofdBrdId=FSL1004&ofdBrdiSeq=24786&ofdBrdiDtsClsCd=515,목차,2013년도 재정사업자율평가보고서(정보화)(기상청),2013년 재정사업자율평가보고서(정보화)-기상청.hwp,FI000000002478621964,47,원문 없음: 표지를 제외한 제공 파일 다운로드,files/11_515_재정사업자율평가/2014-05-27_24786_2013년도 소관별 재정사업 자율평가 보고서/04_목차_2013년도 재정사업자율평가보고서(정보화)(기상청).hwp,181760,029b563ad2422c704eec2f53e6548f002487d90dc6d062c01a502da9553bc6a9,downloaded,
515,재정사업자율평가,38,24786,FSL1004,2013년도 소관별 재정사업 자율평가 보고서,2014-05-27,기획재정부,https://www.openfiscaldata.go.kr/op/ko/fd/UOPKOFDA02?pageIndex=1&pageSize=8&ofdBrdId=FSL1004&ofdBrdiSeq=24786&ofdBrdiDtsClsCd=515,목차,2013년도 재정사업자율평가보고서(정보화)(국토교통부),2013년 재정사업자율평가보고서(정보화)-국토교통부.hwp,FI000000002478621964,46,원문 없음: 표지를 제외한 제공 파일 다운로드,files/11_515_재정사업자율평가/2014-05-27_24786_2013년도 소관별 재정사업 자율평가 보고서/05_목차_2013년도 재정사업자율평가보고서(정보화)(국토교통부).hwp,881664,322b19e3a51173bd989b736cdb956c04bd7431d9906daed969cef7f3e91f65bb,downloaded,
515,재정사업자율평가,38,24786,FSL1004,2013년도 소관별 재정사업 자율평가 보고서,2014-05-27,기획재정부,https://www.openfiscaldata.go.kr/op/ko/fd/UOPKOFDA02?pageIndex=1&pageSize=8&ofdBrdId=FSL1004&ofdBrdiSeq=24786&ofdBrdiDtsClsCd=515,목차,2013년도 재정사업자율평가보고서(정보화)(국세청),2013년 재정사업자율평가보고서(정보화)-국세청.hwp,FI000000002478621964,45,원문 없음: 표지를 제외한 제공 파일 다운로드,files/11_515_재정사업자율평가/2014-05-27_24786_2013년도 소관별 재정사업 자율평가 보고서/06_목차_2013년도 재정사업자율평가보고서(정보화)(국세청).hwp,103936,edb041ad091004083179f5e1ed744c7bd24d690ecfb5b9c1873284fe7029e702,downloaded,
515,재정사업자율평가,38,24786,FSL1004,2013년도 소관별 재정사업 자율평가 보고서,2014-05-27,기획재정부,https://www.openfiscaldata.go.kr/op/ko/fd/UOPKOFDA02?pageIndex=1&pageSize=8&ofdBrdId=FSL1004&ofdBrdiSeq=24786&ofdBrdiDtsClsCd=515,목차,2013년도 재정사업자율평가보고서(정보화)(국방부),2013년 재정사업자율평가보고서(정보화)-국방부.hwp,FI000000002478621964,44,원문 없음: 표지를 제외한 제공 파일 다운로드,files/11_515_재정사업자율평가/2014-05-27_24786_2013년도 소관별 재정사업 자율평가 보고서/07_목차_2013년도 재정사업자율평가보고서(정보화)(국방부).hwp,369152,5b76805bf6ae8ef14da5b68129b195cf689d3b13cd5c651730a4b6786ad2fce3,downloaded,
515,재정사업자율평가,38,24786,FSL1004,2013년도 소관별 재정사업 자율평가 보고서,2014-05-27,기획재정부,https://www.openfiscaldata.go.kr/op/ko/fd/UOPKOFDA02?pageIndex=1&pageSize=8&ofdBrdId=FSL1004&ofdBrdiSeq=24786&ofdBrdiDtsClsCd=515,목차,2013년도 재정사업자율평가보고서(정보화)(국무조정실),2013년 재정사업자율평가보고서(정보화)-국무조정실.hwp,FI000000002478621964,43,원문 없음: 표지를 제외한 제공 파일 다운로드,files/11_515_재정사업자율평가/2014-05-27_24786_2013년도 소관별 재정사업 자율평가 보고서/08_목차_2013년도 재정사업자율평가보고서(정보화)(국무조정실).hwp,62976,7c3d1edc4365b8bba7e63929d87ad31e7fa9801b627eb64b7ce6f35cf3252564,downloaded,
515,재정사업자율평가,38,24786,FSL1004,2013년도 소관별 재정사업 자율평가 보고서,2014-05-27,기획재정부,https://www.openfiscaldata.go.kr/op/ko/fd/UOPKOFDA02?pageIndex=1&pageSize=8&ofdBrdId=FSL1004&ofdBrdiSeq=24786&ofdBrdiDtsClsCd=515,목차,2013년도 재정사업자율평가보고서(정보화)(교육부),2013년 재정사업자율평가보고서(정보화)-교육부.hwp,FI000000002478621964,42,원문 없음: 표지를 제외한 제공 파일 다운로드,files/11_515_재정사업자율평가/2014-05-27_24786_2013년도 소관별 재정사업 자율평가 보고서/09_목차_2013년도 재정사업자율평가보고서(정보화)(교육부).hwp,624128,8a7a171d0ddf8caeaf99bae178c14821e0517ed11a2c8b4baf32610ca3da0120,downloaded,
515,재정사업자율평가,38,24786,FSL1004,2013년도 소관별 재정사업 자율평가 보고서,2014-05-27,기획재정부,https://www.openfiscaldata.go.kr/op/ko/fd/UOPKOFDA02?pageIndex=1&pageSize=8&ofdBrdId=FSL1004&ofdBrdiSeq=24786&ofdBrdiDtsClsCd=515,목차,2013년도 재정사업자율평가보고서(정보화)(관세청),2013년 재정사업자율평가보고서(정보화)-관세청.hwp,FI000000002478621964,41,원문 없음: 표지를 제외한 제공 파일 다운로드,files/11_515_재정사업자율평가/2014-05-27_24786_2013년도 소관별 재정사업 자율평가 보고서/10_목차_2013년도 재정사업자율평가보고서(정보화)(관세청).hwp,48640,85a48d1b4ba3fc5fa4b12878e5bfa8512aa05268a70ba04c0fe5d1de0b073058,downloaded,
515,재정사업자율평가,38,24786,FSL1004,2013년도 소관별 재정사업 자율평가 보고서,2014-05-27,기획재정부,https://www.openfiscaldata.go.kr/op/ko/fd/UOPKOFDA02?pageIndex=1&pageSize=8&ofdBrdId=FSL1004&ofdBrdiSeq=24786&ofdBrdiDtsClsCd=515,목차,2013년도 재정사업자율평가보고서(정보화)(고용노동부),2013년 재정사업자율평가보고서(정보화)-고용노동부.hwp,FI000000002478621964,40,원문 없음: 표지를 제외한 제공 파일 다운로드,files/11_515_재정사업자율평가/2014-05-27_24786_2013년도 소관별 재정사업 자율평가 보고서/11_목차_2013년도 재정사업자율평가보고서(정보화)(고용노동부).hwp,73216,2153b8c66b67a3b9deb666b529d76d19f647aa9dcfc8727685ed95822b5ee5c8,downloaded,
515,재정사업자율평가,38,24786,FSL1004,2013년도 소관별 재정사업 자율평가 보고서,2014-05-27,기획재정부,https://www.openfiscaldata.go.kr/op/ko/fd/UOPKOFDA02?pageIndex=1&pageSize=8&ofdBrdId=FSL1004&ofdBrdiSeq=24786&ofdBrdiDtsClsCd=515,목차,2013년도 재정사업자율평가보고서(정보화)(경찰청),2013년 재정사업자율평가보고서(정보화)-경찰청.hwp,FI000000002478621964,39,원문 없음: 표지를 제외한 제공 파일 다운로드,files/11_515_재정사업자율평가/2014-05-27_24786_2013년도 소관별 재정사업 자율평가 보고서/12_목차_2013년도 재정사업자율평가보고서(정보화)(경찰청).hwp,159232,706c66f2b4fef2dbad6de824a98f71cee653e4a5673550b8e7b6c933d5d55b05,downloaded,
515,재정사업자율평가,38,24786,FSL1004,2013년도 소관별 재정사업 자율평가 보고서,2014-05-27,기획재정부,https://www.openfiscaldata.go.kr/op/ko/fd/UOPKOFDA02?pageIndex=1&pageSize=8&ofdBrdId=FSL1004&ofdBrdiSeq=24786&ofdBrdiDtsClsCd=515,목차,2013년도 재정사업자율평가보고서(일반재정)(환경부),2013년 재정사업자율평가보고서(일반재정)-환경부.hwp,FI000000002478621964,38,원문 없음: 표지를 제외한 제공 파일 다운로드,files/11_515_재정사업자율평가/2014-05-27_24786_2013년도 소관별 재정사업 자율평가 보고서/13_목차_2013년도 재정사업자율평가보고서(일반재정)(환경부).hwp,1131520,53669b74ae19afb39a064ede59d90d81a16ed164f22f22cee37695ed8dc4787a,downloaded,
515,재정사업자율평가,38,24786,FSL1004,2013년도 소관별 재정사업 자율평가 보고서,2014-05-27,기획재정부,https://www.openfiscaldata.go.kr/op/ko/fd/UOPKOFDA02?pageIndex=1&pageSize=8&ofdBrdId=FSL1004&ofdBrdiSeq=24786&ofdBrdiDtsClsCd=515,목차,2013년도 재정사업자율평가보고서(일반재정)(행정중시목합도시건설청),2013년 재정사업자율평가보고서(일반재정)-행정중시목합도시건설청.hwp,FI000000002478621964,37,원문 없음: 표지를 제외한 제공 파일 다운로드,files/11_515_재정사업자율평가/2014-05-27_24786_2013년도 소관별 재정사업 자율평가 보고서/14_목차_2013년도 재정사업자율평가보고서(일반재정)(행정중시목합도시건설청).hwp,158720,4b6fbf9c1819a027fd24aadeae1e6646c6fc1217ac4eb68540aa6e83f4fad118,downloaded,
515,재정사업자율평가,38,24786,FSL1004,2013년도 소관별 재정사업 자율평가 보고서,2014-05-27,기획재정부,https://www.openfiscaldata.go.kr/op/ko/fd/UOPKOFDA02?pageIndex=1&pageSize=8&ofdBrdId=FSL1004&ofdBrdiSeq=24786&ofdBrdiDtsClsCd=515,목차,2013년도 재정사업자율평가보고서(일반재정)(해양수산부),2013년 재정사업자율평가보고서(일반재정)-해양수산부.hwp,FI000000002478621964,36,원문 없음: 표지를 제외한 제공 파일 다운로드,files/11_515_재정사업자율평가/2014-05-27_24786_2013년도 소관별 재정사업 자율평가 보고서/15_목차_2013년도 재정사업자율평가보고서(일반재정)(해양수산부).hwp,998912,ea1fed97ba1de9d8e1214a52da075ee47b4394ec1ef6a39f251c16b32817fcd8,downloaded,
515,재정사업자율평가,38,24786,FSL1004,2013년도 소관별 재정사업 자율평가 보고서,2014-05-27,기획재정부,https://www.openfiscaldata.go.kr/op/ko/fd/UOPKOFDA02?pageIndex=1&pageSize=8&ofdBrdId=FSL1004&ofdBrdiSeq=24786&ofdBrdiDtsClsCd=515,목차,2013년도 재정사업자율평가보고서(정보화)(방송통신위원),2013년 재정사업자율평가보고서(정보화)-방송통신위원.hwp,FI000000002478621964,51,원문 없음: 표지를 제외한 제공 파일 다운로드,files/11_515_재정사업자율평가/2014-05-27_24786_2013년도 소관별 재정사업 자율평가 보고서/16_목차_2013년도 재정사업자율평가보고서(정보화)(방송통신위원).hwp,55296,3ce7b345ccf96ca40e14135ca618bf42ebca1af9240458bde65986e23ce3bf5c,downloaded,
515,재정사업자율평가,38,24786,FSL1004,2013년도 소관별 재정사업 자율평가 보고서,2014-05-27,기획재정부,https://www.openfiscaldata.go.kr/op/ko/fd/UOPKOFDA02?pageIndex=1&pageSize=8&ofdBrdId=FSL1004&ofdBrdiSeq=24786&ofdBrdiDtsClsCd=515,목차,2013년도 재정사업자율평가보고서(정보화)(법무부),2013년 재정사업자율평가보고서(정보화)-법무부.hwp,FI000000002478621964,52,원문 없음: 표지를 제외한 제공 파일 다운로드,files/11_515_재정사업자율평가/2014-05-27_24786_2013년도 소관별 재정사업 자율평가 보고서/17_목차_2013년도 재정사업자율평가보고서(정보화)(법무부).hwp,59904,e11d9b1b591d6ebdbc26476fa4ff82e7fd1c456e26d12fc8b99503fd0ae56598,downloaded,
515,재정사업자율평가,38,24786,FSL1004,2013년도 소관별 재정사업 자율평가 보고서,2014-05-27,기획재정부,https://www.openfiscaldata.go.kr/op/ko/fd/UOPKOFDA02?pageIndex=1&pageSize=8&ofdBrdId=FSL1004&ofdBrdiSeq=24786&ofdBrdiDtsClsCd=515,목차,2013년도 재정사업자율평가보고서(정보화),2013년도 재정사업자율평가보고서(정보화).zip,FI000000002478621964,67,원문 없음: 표지를 제외한 제공 파일 다운로드,files/11_515_재정사업자율평가/2014-05-27_24786_2013년도 소관별 재정사업 자율평가 보고서/18_목차_2013년도 재정사업자율평가보고서(정보화).zip,6809991,3fa3df4e4c5bd7289cb33df6fa52dea863a1cbcc420495eab27feedfa4bf787e,downloaded,
515,재정사업자율평가,38,24786,FSL1004,2013년도 소관별 재정사업 자율평가 보고서,2014-05-27,기획재정부,https://www.openfiscaldata.go.kr/op/ko/fd/UOPKOFDA02?pageIndex=1&pageSize=8&ofdBrdId=FSL1004&ofdBrdiSeq=24786&ofdBrdiDtsClsCd=515,목차,2013년도 재정사업자율평가보고서(일반재정),2013년도 재정사업자율평가보고서(일반재정).zip,FI000000002478621964,66,원문 없음: 표지를 제외한 제공 파일 다운로드,files/11_515_재정사업자율평가/2014-05-27_24786_2013년도 소관별 재정사업 자율평가 보고서/19_목차_2013년도 재정사업자율평가보고서(일반재정).zip,26150316,80e3d49ff7c715f1adec09575c66a36e13053a7b1cc4eca992f8f455f5f352db,downloaded,
515,재정사업자율평가,38,24786,FSL1004,2013년도 소관별 재정사업 자율평가 보고서,2014-05-27,기획재정부,https://www.openfiscaldata.go.kr/op/ko/fd/UOPKOFDA02?pageIndex=1&pageSize=8&ofdBrdId=FSL1004&ofdBrdiSeq=24786&ofdBrdiDtsClsCd=515,목차,2013년도 재정사업자율평가보고서(정보화)(환경부),2013년 재정사업자율평가보고서(정보화)-환경부.hwp,FI000000002478621964,65,원문 없음: 표지를 제외한 제공 파일 다운로드,files/11_515_재정사업자율평가/2014-05-27_24786_2013년도 소관별 재정사업 자율평가 보고서/20_목차_2013년도 재정사업자율평가보고서(정보화)(환경부).hwp,945664,bdf7449fe75247b039ab1046336a974cd450f7d95318e9b2cea439dcf4b8c791,downloaded,
515,재정사업자율평가,38,24786,FSL1004,2013년도 소관별 재정사업 자율평가 보고서,2014-05-27,기획재정부,https://www.openfiscaldata.go.kr/op/ko/fd/UOPKOFDA02?pageIndex=1&pageSize=8&ofdBrdId=FSL1004&ofdBrdiSeq=24786&ofdBrdiDtsClsCd=515,목차,2013년도 재정사업자율평가보고서(정보화)(해양수산부),2013년 재정사업자율평가보고서(정보화)-해양수산.hwp,FI000000002478621964,64,원문 없음: 표지를 제외한 제공 파일 다운로드,files/11_515_재정사업자율평가/2014-05-27_24786_2013년도 소관별 재정사업 자율평가 보고서/21_목차_2013년도 재정사업자율평가보고서(정보화)(해양수산부).hwp,327168,0dc59eefccddc9f42ffa40bff91e8ea0b8d836ae887cbac871266ad22c96a4a0,downloaded,
515,재정사업자율평가,38,24786,FSL1004,2013년도 소관별 재정사업 자율평가 보고서,2014-05-27,기획재정부,https://www.openfiscaldata.go.kr/op/ko/fd/UOPKOFDA02?pageIndex=1&pageSize=8&ofdBrdId=FSL1004&ofdBrdiSeq=24786&ofdBrdiDtsClsCd=515,목차,2013년도 재정사업자율평가보고서(정보화)(특허청),2013년 재정사업자율평가보고서(정보화)-특허청.hwp,FI000000002478621964,63,원문 없음: 표지를 제외한 제공 파일 다운로드,files/11_515_재정사업자율평가/2014-05-27_24786_2013년도 소관별 재정사업 자율평가 보고서/22_목차_2013년도 재정사업자율평가보고서(정보화)(특허청).hwp,70656,a657d98319c162f2526ffd4c272b19cca4dc9682718c9554a35a6117e5611f87,downloaded,
515,재정사업자율평가,38,24786,FSL1004,2013년도 소관별 재정사업 자율평가 보고서,2014-05-27,기획재정부,https://www.openfiscaldata.go.kr/op/ko/fd/UOPKOFDA02?pageIndex=1&pageSize=8&ofdBrdId=FSL1004&ofdBrdiSeq=24786&ofdBrdiDtsClsCd=515,목차,2013년도 재정사업자율평가보고서(정보화)(통일부),2013년 재정사업자율평가보고서(정보화)-통일부.hwp,FI000000002478621964,62,원문 없음: 표지를 제외한 제공 파일 다운로드,files/11_515_재정사업자율평가/2014-05-27_24786_2013년도 소관별 재정사업 자율평가 보고서/23_목차_2013년도 재정사업자율평가보고서(정보화)(통일부).hwp,79872,4ca440f09feaa61205960df0a399c48e68d471974071368d91aa6cd14e763a51,downloaded,
515,재정사업자율평가,38,24786,FSL1004,2013년도 소관별 재정사업 자율평가 보고서,2014-05-27,기획재정부,https://www.openfiscaldata.go.kr/op/ko/fd/UOPKOFDA02?pageIndex=1&pageSize=8&ofdBrdId=FSL1004&ofdBrdiSeq=24786&ofdBrdiDtsClsCd=515,목차,2013년도 재정사업자율평가보고서(정보화)(통계청),2013년 재정사업자율평가보고서(정보화)-통계청.hwp,FI000000002478621964,61,원문 없음: 표지를 제외한 제공 파일 다운로드,files/11_515_재정사업자율평가/2014-05-27_24786_2013년도 소관별 재정사업 자율평가 보고서/24_목차_2013년도 재정사업자율평가보고서(정보화)(통계청).hwp,310272,6bc7ff003619ede06201467e14efd9da62d22af4ef3f75ea048add0e328c3aa0,downloaded,
515,재정사업자율평가,38,24786,FSL1004,2013년도 소관별 재정사업 자율평가 보고서,2014-05-27,기획재정부,https://www.openfiscaldata.go.kr/op/ko/fd/UOPKOFDA02?pageIndex=1&pageSize=8&ofdBrdId=FSL1004&ofdBrdiSeq=24786&ofdBrdiDtsClsCd=515,목차,2013년도 재정사업자율평가보고서(정보화)(중소기업청),2013년 재정사업자율평가보고서(정보화)-중소기업청.hwp,FI000000002478621964,60,원문 없음: 표지를 제외한 제공 파일 다운로드,files/11_515_재정사업자율평가/2014-05-27_24786_2013년도 소관별 재정사업 자율평가 보고서/25_목차_2013년도 재정사업자율평가보고서(정보화)(중소기업청).hwp,51200,40c0aeab54de5427ed1a3b5e631e4ebc6198b2b07cb3a11dad4db065e8ea09b7,downloaded,
515,재정사업자율평가,38,24786,FSL1004,2013년도 소관별 재정사업 자율평가 보고서,2014-05-27,기획재정부,https://www.openfiscaldata.go.kr/op/ko/fd/UOPKOFDA02?pageIndex=1&pageSize=8&ofdBrdId=FSL1004&ofdBrdiSeq=24786&ofdBrdiDtsClsCd=515,목차,2013년도 재정사업자율평가보고서(정보화)(조달청),2013년 재정사업자율평가보고서(정보화)-조달청.hwp,FI000000002478621964,59,원문 없음: 표지를 제외한 제공 파일 다운로드,files/11_515_재정사업자율평가/2014-05-27_24786_2013년도 소관별 재정사업 자율평가 보고서/26_목차_2013년도 재정사업자율평가보고서(정보화)(조달청).hwp,38400,cdddd1031439acc3996b55b2743f74d9d947956c3e7043526eb6be0b25e0683c,downloaded,
515,재정사업자율평가,38,24786,FSL1004,2013년도 소관별 재정사업 자율평가 보고서,2014-05-27,기획재정부,https://www.openfiscaldata.go.kr/op/ko/fd/UOPKOFDA02?pageIndex=1&pageSize=8&ofdBrdId=FSL1004&ofdBrdiSeq=24786&ofdBrdiDtsClsCd=515,목차,2013년도 재정사업자율평가보고서(정보화)(외교부),2013년 재정사업자율평가보고서(정보화)-외교부.hwp,FI000000002478621964,58,원문 없음: 표지를 제외한 제공 파일 다운로드,files/11_515_재정사업자율평가/2014-05-27_24786_2013년도 소관별 재정사업 자율평가 보고서/27_목차_2013년도 재정사업자율평가보고서(정보화)(외교부).hwp,141312,65a4d979f7e6b4bf91e93bdf2baa1e6b47f778c4159d6c29ab0badda95b939bd,downloaded,
515,재정사업자율평가,38,24786,FSL1004,2013년도 소관별 재정사업 자율평가 보고서,2014-05-27,기획재정부,https://www.openfiscaldata.go.kr/op/ko/fd/UOPKOFDA02?pageIndex=1&pageSize=8&ofdBrdId=FSL1004&ofdBrdiSeq=24786&ofdBrdiDtsClsCd=515,목차,2013년도 재정사업자율평가보고서(정보화)(안전행정부),2013년 재정사업자율평가보고서(정보화)-안정행정부.hwp,FI000000002478621964,57,원문 없음: 표지를 제외한 제공 파일 다운로드,files/11_515_재정사업자율평가/2014-05-27_24786_2013년도 소관별 재정사업 자율평가 보고서/28_목차_2013년도 재정사업자율평가보고서(정보화)(안전행정부).hwp,1088512,7567929e781dc3dcb15e8ae75019fa51947ae3baf225fefdef9605c602007c2e,downloaded,
515,재정사업자율평가,38,24786,FSL1004,2013년도 소관별 재정사업 자율평가 보고서,2014-05-27,기획재정부,https://www.openfiscaldata.go.kr/op/ko/fd/UOPKOFDA02?pageIndex=1&pageSize=8&ofdBrdId=FSL1004&ofdBrdiSeq=24786&ofdBrdiDtsClsCd=515,목차,2013년도 재정사업자율평가보고서(정보화)(소방방재청),2013년 재정사업자율평가보고서(정보화)-소방방제청.hwp,FI000000002478621964,56,원문 없음: 표지를 제외한 제공 파일 다운로드,files/11_515_재정사업자율평가/2014-05-27_24786_2013년도 소관별 재정사업 자율평가 보고서/29_목차_2013년도 재정사업자율평가보고서(정보화)(소방방재청).hwp,73216,40864935b297c25707a26b376a10c1e6797e40a3021c6d123271f7b6bf877ce9,downloaded,
515,재정사업자율평가,38,24786,FSL1004,2013년도 소관별 재정사업 자율평가 보고서,2014-05-27,기획재정부,https://www.openfiscaldata.go.kr/op/ko/fd/UOPKOFDA02?pageIndex=1&pageSize=8&ofdBrdId=FSL1004&ofdBrdiSeq=24786&ofdBrdiDtsClsCd=515,목차,2013년도 재정사업자율평가보고서(정보화)(산업통상자원부),2013년 재정사업자율평가보고서(정보화)-산업통상자원부.hwp,FI000000002478621964,55,원문 없음: 표지를 제외한 제공 파일 다운로드,files/11_515_재정사업자율평가/2014-05-27_24786_2013년도 소관별 재정사업 자율평가 보고서/30_목차_2013년도 재정사업자율평가보고서(정보화)(산업통상자원부).hwp,57856,a5b06a46100b4068ebb0b0ec11bac20a98d010f72ad79758a44b614addef73a1,downloaded,
515,재정사업자율평가,38,24786,FSL1004,2013년도 소관별 재정사업 자율평가 보고서,2014-05-27,기획재정부,https://www.openfiscaldata.go.kr/op/ko/fd/UOPKOFDA02?pageIndex=1&pageSize=8&ofdBrdId=FSL1004&ofdBrdiSeq=24786&ofdBrdiDtsClsCd=515,목차,2013년도 재정사업자율평가보고서(정보화)(보건복지부),2013년 재정사업자율평가보고서(정보화)-보건복지부.hwp,FI000000002478621964,54,원문 없음: 표지를 제외한 제공 파일 다운로드,files/11_515_재정사업자율평가/2014-05-27_24786_2013년도 소관별 재정사업 자율평가 보고서/31_목차_2013년도 재정사업자율평가보고서(정보화)(보건복지부).hwp,220160,f8f74cdcfa28f5451bf7a908fa2b35cfe4eb94b0bb3ebbae29cba52c29f3138e,downloaded,
515,재정사업자율평가,38,24786,FSL1004,2013년도 소관별 재정사업 자율평가 보고서,2014-05-27,기획재정부,https://www.openfiscaldata.go.kr/op/ko/fd/UOPKOFDA02?pageIndex=1&pageSize=8&ofdBrdId=FSL1004&ofdBrdiSeq=24786&ofdBrdiDtsClsCd=515,목차,2013년도 재정사업자율평가보고서(정보화)(법제처),2013년 재정사업자율평가보고서(정보화)-법제처.hwp,FI000000002478621964,53,원문 없음: 표지를 제외한 제공 파일 다운로드,files/11_515_재정사업자율평가/2014-05-27_24786_2013년도 소관별 재정사업 자율평가 보고서/32_목차_2013년도 재정사업자율평가보고서(정보화)(법제처).hwp,73728,13e627a444e58d26ee039b9f6f3360a3d900ae9a532b3b2898e00123e054893a,downloaded,
515,재정사업자율평가,38,24786,FSL1004,2013년도 소관별 재정사업 자율평가 보고서,2014-05-27,기획재정부,https://www.openfiscaldata.go.kr/op/ko/fd/UOPKOFDA02?pageIndex=1&pageSize=8&ofdBrdId=FSL1004&ofdBrdiSeq=24786&ofdBrdiDtsClsCd=515,목차,2013년도 재정사업자율평가보고서(일반재정)(해양경찰청),2013년 재정사업자율평가보고서(일반재정)-해양경찰청.hwp,FI000000002478621964,35,원문 없음: 표지를 제외한 제공 파일 다운로드,files/11_515_재정사업자율평가/2014-05-27_24786_2013년도 소관별 재정사업 자율평가 보고서/33_목차_2013년도 재정사업자율평가보고서(일반재정)(해양경찰청).hwp,145920,f4116ca5015e37ecca62bc24c3282d465e88768cb68441b0748581ed571c1355,downloaded,
515,재정사업자율평가,38,24786,FSL1004,2013년도 소관별 재정사업 자율평가 보고서,2014-05-27,기획재정부,https://www.openfiscaldata.go.kr/op/ko/fd/UOPKOFDA02?pageIndex=1&pageSize=8&ofdBrdId=FSL1004&ofdBrdiSeq=24786&ofdBrdiDtsClsCd=515,목차,2013년도 재정사업자율평가보고서(일반재정)(경찰청),2013년 재정사업자율평가보고서(일반재정)-경찰청.hwp,FI000000002478621964,1,원문 없음: 표지를 제외한 제공 파일 다운로드,files/11_515_재정사업자율평가/2014-05-27_24786_2013년도 소관별 재정사업 자율평가 보고서/34_목차_2013년도 재정사업자율평가보고서(일반재정)(경찰청).hwp,201216,20c56c6326caf84f033a41914bb84a9c3c129f5fd98841c42c90dce039dab809,downloaded,
515,재정사업자율평가,38,24786,FSL1004,2013년도 소관별 재정사업 자율평가 보고서,2014-05-27,기획재정부,https://www.openfiscaldata.go.kr/op/ko/fd/UOPKOFDA02?pageIndex=1&pageSize=8&ofdBrdId=FSL1004&ofdBrdiSeq=24786&ofdBrdiDtsClsCd=515,목차,2013년도 재정사업자율평가보고서(일반재정)(문화재청),2013년 재정사업자율평가보고서(일반재정)-문화재청.hwp,FI000000002478621964,16,원문 없음: 표지를 제외한 제공 파일 다운로드,files/11_515_재정사업자율평가/2014-05-27_24786_2013년도 소관별 재정사업 자율평가 보고서/35_목차_2013년도 재정사업자율평가보고서(일반재정)(문화재청).hwp,107520,4c9c7d06e141f59ea579c53de654fa7145e5862e4064b4d2ccfbe9087e741ca3,downloaded,
515,재정사업자율평가,38,24786,FSL1004,2013년도 소관별 재정사업 자율평가 보고서,2014-05-27,기획재정부,https://www.openfiscaldata.go.kr/op/ko/fd/UOPKOFDA02?pageIndex=1&pageSize=8&ofdBrdId=FSL1004&ofdBrdiSeq=24786&ofdBrdiDtsClsCd=515,목차,2013년도 재정사업자율평가보고서(일반재정)(농촌진흥원),2013년 재정사업자율평가보고서(일반재정)-농촌진흥원.hwp,FI000000002478621964,15,원문 없음: 표지를 제외한 제공 파일 다운로드,files/11_515_재정사업자율평가/2014-05-27_24786_2013년도 소관별 재정사업 자율평가 보고서/36_목차_2013년도 재정사업자율평가보고서(일반재정)(농촌진흥원).hwp,546304,fa4cb0dc5d8c687464bb46a5188eed73fc2d799f1b06524667f617ef38165f74,downloaded,
515,재정사업자율평가,38,24786,FSL1004,2013년도 소관별 재정사업 자율평가 보고서,2014-05-27,기획재정부,https://www.openfiscaldata.go.kr/op/ko/fd/UOPKOFDA02?pageIndex=1&pageSize=8&ofdBrdId=FSL1004&ofdBrdiSeq=24786&ofdBrdiDtsClsCd=515,목차,2013년도 재정사업자율평가보고서(일반재정)(농림축산식품부),2013년 재정사업자율평가보고서(일반재정)-농림축산식품부.hwp,FI000000002478621964,14,원문 없음: 표지를 제외한 제공 파일 다운로드,files/11_515_재정사업자율평가/2014-05-27_24786_2013년도 소관별 재정사업 자율평가 보고서/37_목차_2013년도 재정사업자율평가보고서(일반재정)(농림축산식품부).hwp,1889792,209316e23959b082e9a0017dc640c870621d40c683f6fc23e4b700ee444a8498,downloaded,
515,재정사업자율평가,38,24786,FSL1004,2013년도 소관별 재정사업 자율평가 보고서,2014-05-27,기획재정부,https://www.openfiscaldata.go.kr/op/ko/fd/UOPKOFDA02?pageIndex=1&pageSize=8&ofdBrdId=FSL1004&ofdBrdiSeq=24786&ofdBrdiDtsClsCd=515,목차,2013년도 재정사업자율평가보고서(일반재정)(기획재정부),2013년 재정사업자율평가보고서(일반재정)-기획재정부.hwp,FI000000002478621964,13,원문 없음: 표지를 제외한 제공 파일 다운로드,files/11_515_재정사업자율평가/2014-05-27_24786_2013년도 소관별 재정사업 자율평가 보고서/38_목차_2013년도 재정사업자율평가보고서(일반재정)(기획재정부).hwp,263168,18b549ebc4f81364601c97a0ebd86e18d9fc3943a1f0ccb5eaa8e70c0827b012,downloaded,
515,재정사업자율평가,38,24786,FSL1004,2013년도 소관별 재정사업 자율평가 보고서,2014-05-27,기획재정부,https://www.openfiscaldata.go.kr/op/ko/fd/UOPKOFDA02?pageIndex=1&pageSize=8&ofdBrdId=FSL1004&ofdBrdiSeq=24786&ofdBrdiDtsClsCd=515,목차,2013년도 재정사업자율평가보고서(일반재정)(기상청),2013년 재정사업자율평가보고서(일반재정)-기상청.hwp,FI000000002478621964,12,원문 없음: 표지를 제외한 제공 파일 다운로드,files/11_515_재정사업자율평가/2014-05-27_24786_2013년도 소관별 재정사업 자율평가 보고서/39_목차_2013년도 재정사업자율평가보고서(일반재정)(기상청).hwp,1026048,b8fa607ca20cb824134445e1732bd3d6faa9cfcb6972afbb37b794a6c0c3b8c0,downloaded,
515,재정사업자율평가,38,24786,FSL1004,2013년도 소관별 재정사업 자율평가 보고서,2014-05-27,기획재정부,https://www.openfiscaldata.go.kr/op/ko/fd/UOPKOFDA02?pageIndex=1&pageSize=8&ofdBrdId=FSL1004&ofdBrdiSeq=24786&ofdBrdiDtsClsCd=515,목차,2013년도 재정사업자율평가보고서(일반재정)(금융위원회),2013년 재정사업자율평가보고서(일반재정)-금융위원회.hwp,FI000000002478621964,11,원문 없음: 표지를 제외한 제공 파일 다운로드,files/11_515_재정사업자율평가/2014-05-27_24786_2013년도 소관별 재정사업 자율평가 보고서/40_목차_2013년도 재정사업자율평가보고서(일반재정)(금융위원회).hwp,484864,758283179a57c12b7fae8668b8e38cc993732452656bce4279f151d75dd4c740,downloaded,
515,재정사업자율평가,38,24786,FSL1004,2013년도 소관별 재정사업 자율평가 보고서,2014-05-27,기획재정부,https://www.openfiscaldata.go.kr/op/ko/fd/UOPKOFDA02?pageIndex=1&pageSize=8&ofdBrdId=FSL1004&ofdBrdiSeq=24786&ofdBrdiDtsClsCd=515,목차,2013년도 재정사업자율평가보고서(일반재정)(국토교통부),2013년 재정사업자율평가보고서(일반재정)-국토교통부.hwp,FI000000002478621964,10,원문 없음: 표지를 제외한 제공 파일 다운로드,files/11_515_재정사업자율평가/2014-05-27_24786_2013년도 소관별 재정사업 자율평가 보고서/41_목차_2013년도 재정사업자율평가보고서(일반재정)(국토교통부).hwp,1210368,278d7292f586025852adbc004c10aa107634f18fab2fcc92a691107344e788ff,downloaded,
515,재정사업자율평가,38,24786,FSL1004,2013년도 소관별 재정사업 자율평가 보고서,2014-05-27,기획재정부,https://www.openfiscaldata.go.kr/op/ko/fd/UOPKOFDA02?pageIndex=1&pageSize=8&ofdBrdId=FSL1004&ofdBrdiSeq=24786&ofdBrdiDtsClsCd=515,목차,2013년도 재정사업자율평가보고서(일반재정)(국세청),2013년 재정사업자율평가보고서(일반재정)-국세청.hwp,FI000000002478621964,9,원문 없음: 표지를 제외한 제공 파일 다운로드,files/11_515_재정사업자율평가/2014-05-27_24786_2013년도 소관별 재정사업 자율평가 보고서/42_목차_2013년도 재정사업자율평가보고서(일반재정)(국세청).hwp,67584,4a7c32684d5d2d4cf415df874b6e7d16a4cd49ff70c5ad719b7a767d0b101fd1,downloaded,
515,재정사업자율평가,38,24786,FSL1004,2013년도 소관별 재정사업 자율평가 보고서,2014-05-27,기획재정부,https://www.openfiscaldata.go.kr/op/ko/fd/UOPKOFDA02?pageIndex=1&pageSize=8&ofdBrdId=FSL1004&ofdBrdiSeq=24786&ofdBrdiDtsClsCd=515,목차,2013년도 재정사업자율평가보고서(일반재정)(국방부),2013년 재정사업자율평가보고서(일반재정)-국방부.hwp,FI000000002478621964,8,원문 없음: 표지를 제외한 제공 파일 다운로드,files/11_515_재정사업자율평가/2014-05-27_24786_2013년도 소관별 재정사업 자율평가 보고서/43_목차_2013년도 재정사업자율평가보고서(일반재정)(국방부).hwp,263680,b41ddf9a8e394f60c3f55c15b079b71bc84491305e569be27e2aa8cadc5d84c6,downloaded,
515,재정사업자율평가,38,24786,FSL1004,2013년도 소관별 재정사업 자율평가 보고서,2014-05-27,기획재정부,https://www.openfiscaldata.go.kr/op/ko/fd/UOPKOFDA02?pageIndex=1&pageSize=8&ofdBrdId=FSL1004&ofdBrdiSeq=24786&ofdBrdiDtsClsCd=515,목차,2013년도 재정사업자율평가보고서(일반재정)(국민권익위원회),2013년 재정사업자율평가보고서(일반재정)-국민권익위원회.hwp,FI000000002478621964,7,원문 없음: 표지를 제외한 제공 파일 다운로드,files/11_515_재정사업자율평가/2014-05-27_24786_2013년도 소관별 재정사업 자율평가 보고서/44_목차_2013년도 재정사업자율평가보고서(일반재정)(국민권익위원회).hwp,187392,30389dc3e3d958650d1893bad15eaa3aa5c7d0669e599337ab94aec1a766b4dc,downloaded,
515,재정사업자율평가,38,24786,FSL1004,2013년도 소관별 재정사업 자율평가 보고서,2014-05-27,기획재정부,https://www.openfiscaldata.go.kr/op/ko/fd/UOPKOFDA02?pageIndex=1&pageSize=8&ofdBrdId=FSL1004&ofdBrdiSeq=24786&ofdBrdiDtsClsCd=515,목차,2013년도 재정사업자율평가보고서(일반재정)(국가보훈처),2013년 재정사업자율평가보고서(일반재정)-국가보훈처.hwp,FI000000002478621964,6,원문 없음: 표지를 제외한 제공 파일 다운로드,files/11_515_재정사업자율평가/2014-05-27_24786_2013년도 소관별 재정사업 자율평가 보고서/45_목차_2013년도 재정사업자율평가보고서(일반재정)(국가보훈처).hwp,203264,b6809e55977a154eb30aeb36cf80d8faf67ca1e9775718ef7adae82c158bcd85,downloaded,
515,재정사업자율평가,38,24786,FSL1004,2013년도 소관별 재정사업 자율평가 보고서,2014-05-27,기획재정부,https://www.openfiscaldata.go.kr/op/ko/fd/UOPKOFDA02?pageIndex=1&pageSize=8&ofdBrdId=FSL1004&ofdBrdiSeq=24786&ofdBrdiDtsClsCd=515,목차,2013년도 재정사업자율평가보고서(일반재정)(교육부),2013년 재정사업자율평가보고서(일반재정)-교육부.hwp,FI000000002478621964,5,원문 없음: 표지를 제외한 제공 파일 다운로드,files/11_515_재정사업자율평가/2014-05-27_24786_2013년도 소관별 재정사업 자율평가 보고서/46_목차_2013년도 재정사업자율평가보고서(일반재정)(교육부).hwp,1178112,f704e0fd9683c49c029af5e7a801c1b7c4ef053ab90cf336788ecb67695ea0b5,downloaded,
515,재정사업자율평가,38,24786,FSL1004,2013년도 소관별 재정사업 자율평가 보고서,2014-05-27,기획재정부,https://www.openfiscaldata.go.kr/op/ko/fd/UOPKOFDA02?pageIndex=1&pageSize=8&ofdBrdId=FSL1004&ofdBrdiSeq=24786&ofdBrdiDtsClsCd=515,목차,2013년도 재정사업자율평가보고서(일반재정)(관세청),2013년 재정사업자율평가보고서(일반재정)-관세청.hwp,FI000000002478621964,4,원문 없음: 표지를 제외한 제공 파일 다운로드,files/11_515_재정사업자율평가/2014-05-27_24786_2013년도 소관별 재정사업 자율평가 보고서/47_목차_2013년도 재정사업자율평가보고서(일반재정)(관세청).hwp,76800,4f114f9cee36c375d67be78ccbda373672e8b53825880e5cd0a0ba7f647cddba,downloaded,
515,재정사업자율평가,38,24786,FSL1004,2013년도 소관별 재정사업 자율평가 보고서,2014-05-27,기획재정부,https://www.openfiscaldata.go.kr/op/ko/fd/UOPKOFDA02?pageIndex=1&pageSize=8&ofdBrdId=FSL1004&ofdBrdiSeq=24786&ofdBrdiDtsClsCd=515,목차,2013년도 재정사업자율평가보고서(일반재정)(공정거래위원회),2013년 재정사업자율평가보고서(일반재정)-공정거래위원회.hwp,FI000000002478621964,3,원문 없음: 표지를 제외한 제공 파일 다운로드,files/11_515_재정사업자율평가/2014-05-27_24786_2013년도 소관별 재정사업 자율평가 보고서/48_목차_2013년도 재정사업자율평가보고서(일반재정)(공정거래위원회).hwp,194560,28a117e7414a278bf0744ad5341ec153bb9ba52870b85cd669b247e42d2c50c0,downloaded,
515,재정사업자율평가,38,24786,FSL1004,2013년도 소관별 재정사업 자율평가 보고서,2014-05-27,기획재정부,https://www.openfiscaldata.go.kr/op/ko/fd/UOPKOFDA02?pageIndex=1&pageSize=8&ofdBrdId=FSL1004&ofdBrdiSeq=24786&ofdBrdiDtsClsCd=515,목차,2013년도 재정사업자율평가보고서(일반재정)(고용노동부),2013년 재정사업자율평가보고서(일반재정)-고용노동부.hwp,FI000000002478621964,2,원문 없음: 표지를 제외한 제공 파일 다운로드,files/11_515_재정사업자율평가/2014-05-27_24786_2013년도 소관별 재정사업 자율평가 보고서/49_목차_2013년도 재정사업자율평가보고서(일반재정)(고용노동부).hwp,2556928,c35a94b5ca9ded0072f38412b483a6a31bca1989edf46b69afbb1ef93a5260ab,downloaded,
515,재정사업자율평가,38,24786,FSL1004,2013년도 소관별 재정사업 자율평가 보고서,2014-05-27,기획재정부,https://www.openfiscaldata.go.kr/op/ko/fd/UOPKOFDA02?pageIndex=1&pageSize=8&ofdBrdId=FSL1004&ofdBrdiSeq=24786&ofdBrdiDtsClsCd=515,목차,2013년도 재정사업자율평가보고서(일반재정)(문화체육관광부),2013년 재정사업자율평가보고서(일반재정)-문화체육관광부.hwp,FI000000002478621964,17,원문 없음: 표지를 제외한 제공 파일 다운로드,files/11_515_재정사업자율평가/2014-05-27_24786_2013년도 소관별 재정사업 자율평가 보고서/50_목차_2013년도 재정사업자율평가보고서(일반재정)(문화체육관광부).hwp,691712,4dd497b3dfa08160904e086c2d9165313ceaf6a08ff74c00bcfc54d262d63424,downloaded,
515,재정사업자율평가,38,24786,FSL1004,2013년도 소관별 재정사업 자율평가 보고서,2014-05-27,기획재정부,https://www.openfiscaldata.go.kr/op/ko/fd/UOPKOFDA02?pageIndex=1&pageSize=8&ofdBrdId=FSL1004&ofdBrdiSeq=24786&ofdBrdiDtsClsCd=515,목차,2013년도 재정사업자율평가보고서(일반재정)(미래창조과학부),2013년 재정사업자율평가보고서(일반재정)-미래창조과학부.hwp,FI000000002478621964,18,원문 없음: 표지를 제외한 제공 파일 다운로드,files/11_515_재정사업자율평가/2014-05-27_24786_2013년도 소관별 재정사업 자율평가 보고서/51_목차_2013년도 재정사업자율평가보고서(일반재정)(미래창조과학부).hwp,523776,2a5b521c77925e3f210d3c08b26aeb9e6db1e84ec06a67d0339c99005252f9a0,downloaded,
515,재정사업자율평가,38,24786,FSL1004,2013년도 소관별 재정사업 자율평가 보고서,2014-05-27,기획재정부,https://www.openfiscaldata.go.kr/op/ko/fd/UOPKOFDA02?pageIndex=1&pageSize=8&ofdBrdId=FSL1004&ofdBrdiSeq=24786&ofdBrdiDtsClsCd=515,목차,2013년도 재정사업자율평가보고서(일반재정)(통일부),2013년 재정사업자율평가보고서(일반재정)-통일부.hwp,FI000000002478621964,33,원문 없음: 표지를 제외한 제공 파일 다운로드,files/11_515_재정사업자율평가/2014-05-27_24786_2013년도 소관별 재정사업 자율평가 보고서/52_목차_2013년도 재정사업자율평가보고서(일반재정)(통일부).hwp,508416,8f68b3689acb9903769705695e579a7e973c02839bd267ddea136728916e3511,downloaded,
515,재정사업자율평가,38,24786,FSL1004,2013년도 소관별 재정사업 자율평가 보고서,2014-05-27,기획재정부,https://www.openfiscaldata.go.kr/op/ko/fd/UOPKOFDA02?pageIndex=1&pageSize=8&ofdBrdId=FSL1004&ofdBrdiSeq=24786&ofdBrdiDtsClsCd=515,목차,2013년도 재정사업자율평가보고서(일반재정)(통계청),2013년 재정사업자율평가보고서(일반재정)-통계청.hwp,FI000000002478621964,32,원문 없음: 표지를 제외한 제공 파일 다운로드,files/11_515_재정사업자율평가/2014-05-27_24786_2013년도 소관별 재정사업 자율평가 보고서/53_목차_2013년도 재정사업자율평가보고서(일반재정)(통계청).hwp,548864,3b41e55cf1230297538632434d010ec7345f7f13465f5aa4f8ae321f92258c0e,downloaded,
515,재정사업자율평가,38,24786,FSL1004,2013년도 소관별 재정사업 자율평가 보고서,2014-05-27,기획재정부,https://www.openfiscaldata.go.kr/op/ko/fd/UOPKOFDA02?pageIndex=1&pageSize=8&ofdBrdId=FSL1004&ofdBrdiSeq=24786&ofdBrdiDtsClsCd=515,목차,2013년도 재정사업자율평가보고서(일반재정)(종소기업청),2013년 재정사업자율평가보고서(일반재정)-종소기업청.hwp,FI000000002478621964,31,원문 없음: 표지를 제외한 제공 파일 다운로드,files/11_515_재정사업자율평가/2014-05-27_24786_2013년도 소관별 재정사업 자율평가 보고서/54_목차_2013년도 재정사업자율평가보고서(일반재정)(종소기업청).hwp,522240,a8b67673d12e907f9f40995545c60202c938c14a55e3944822946a97e4299036,downloaded,
515,재정사업자율평가,38,24786,FSL1004,2013년도 소관별 재정사업 자율평가 보고서,2014-05-27,기획재정부,https://www.openfiscaldata.go.kr/op/ko/fd/UOPKOFDA02?pageIndex=1&pageSize=8&ofdBrdId=FSL1004&ofdBrdiSeq=24786&ofdBrdiDtsClsCd=515,목차,2013년도 재정사업자율평가보고서(일반재정)(외교부),2013년 재정사업자율평가보고서(일반재정)-외교부.hwp,FI000000002478621964,30,원문 없음: 표지를 제외한 제공 파일 다운로드,files/11_515_재정사업자율평가/2014-05-27_24786_2013년도 소관별 재정사업 자율평가 보고서/55_목차_2013년도 재정사업자율평가보고서(일반재정)(외교부).hwp,599040,2713ac5644139f085b53248502407bf00b772359730db24a3a37a33661e8c758,downloaded,
515,재정사업자율평가,38,24786,FSL1004,2013년도 소관별 재정사업 자율평가 보고서,2014-05-27,기획재정부,https://www.openfiscaldata.go.kr/op/ko/fd/UOPKOFDA02?pageIndex=1&pageSize=8&ofdBrdId=FSL1004&ofdBrdiSeq=24786&ofdBrdiDtsClsCd=515,목차,2013년도 재정사업자율평가보고서(일반재정)(여성가족부),2013년 재정사업자율평가보고서(일반재정)-여성가족부.hwp,FI000000002478621964,29,원문 없음: 표지를 제외한 제공 파일 다운로드,files/11_515_재정사업자율평가/2014-05-27_24786_2013년도 소관별 재정사업 자율평가 보고서/56_목차_2013년도 재정사업자율평가보고서(일반재정)(여성가족부).hwp,803840,926ef4734f74657e98d822f18be3a6902917ec980a437cde523997eda374705b,downloaded,
515,재정사업자율평가,38,24786,FSL1004,2013년도 소관별 재정사업 자율평가 보고서,2014-05-27,기획재정부,https://www.openfiscaldata.go.kr/op/ko/fd/UOPKOFDA02?pageIndex=1&pageSize=8&ofdBrdId=FSL1004&ofdBrdiSeq=24786&ofdBrdiDtsClsCd=515,목차,2013년도 재정사업자율평가보고서(일반재정)(안정행정부),2013년 재정사업자율평가보고서(일반재정)-안정행정부.hwp,FI000000002478621964,28,원문 없음: 표지를 제외한 제공 파일 다운로드,files/11_515_재정사업자율평가/2014-05-27_24786_2013년도 소관별 재정사업 자율평가 보고서/57_목차_2013년도 재정사업자율평가보고서(일반재정)(안정행정부).hwp,488960,98f337efa2286507bd2de1800583b4d98b99ac0082426f89c36d3ec58374dc38,downloaded,
515,재정사업자율평가,38,24786,FSL1004,2013년도 소관별 재정사업 자율평가 보고서,2014-05-27,기획재정부,https://www.openfiscaldata.go.kr/op/ko/fd/UOPKOFDA02?pageIndex=1&pageSize=8&ofdBrdId=FSL1004&ofdBrdiSeq=24786&ofdBrdiDtsClsCd=515,목차,2013년도 재정사업자율평가보고서(일반재정)(식품의약품안전처),2013년 재정사업자율평가보고서(일반재정)-식품의약품안전처.hwp,FI000000002478621964,27,원문 없음: 표지를 제외한 제공 파일 다운로드,files/11_515_재정사업자율평가/2014-05-27_24786_2013년도 소관별 재정사업 자율평가 보고서/58_목차_2013년도 재정사업자율평가보고서(일반재정)(식품의약품안전처).hwp,1062400,18c50cc7b7a5540264be5748eb4c7dfa25d48d0c9e6805ddb7992788298eee99,downloaded,
515,재정사업자율평가,38,24786,FSL1004,2013년도 소관별 재정사업 자율평가 보고서,2014-05-27,기획재정부,https://www.openfiscaldata.go.kr/op/ko/fd/UOPKOFDA02?pageIndex=1&pageSize=8&ofdBrdId=FSL1004&ofdBrdiSeq=24786&ofdBrdiDtsClsCd=515,목차,2013년도 재정사업자율평가보고서(일반재정)(소방방재청),2013년 재정사업자율평가보고서(일반재정)-소방방재청.hwp,FI000000002478621964,26,원문 없음: 표지를 제외한 제공 파일 다운로드,files/11_515_재정사업자율평가/2014-05-27_24786_2013년도 소관별 재정사업 자율평가 보고서/59_목차_2013년도 재정사업자율평가보고서(일반재정)(소방방재청).hwp,417280,98bb7c5e8268e4940768c37c2587a21a9b42e9e0c0f00a1407dd620948e89299,downloaded,
515,재정사업자율평가,38,24786,FSL1004,2013년도 소관별 재정사업 자율평가 보고서,2014-05-27,기획재정부,https://www.openfiscaldata.go.kr/op/ko/fd/UOPKOFDA02?pageIndex=1&pageSize=8&ofdBrdId=FSL1004&ofdBrdiSeq=24786&ofdBrdiDtsClsCd=515,목차,2013년도 재정사업자율평가보고서(일반재정)(산업통상자원부),2013년 재정사업자율평가보고서(일반재정)-산업통상자원부.hwp,FI000000002478621964,25,원문 없음: 표지를 제외한 제공 파일 다운로드,files/11_515_재정사업자율평가/2014-05-27_24786_2013년도 소관별 재정사업 자율평가 보고서/60_목차_2013년도 재정사업자율평가보고서(일반재정)(산업통상자원부).hwp,2616320,fdab8fd91ed505ad5d63bdf1cc31bb1dba5cc2a8813d7296c51f82b4b182d37e,downloaded,
515,재정사업자율평가,38,24786,FSL1004,2013년도 소관별 재정사업 자율평가 보고서,2014-05-27,기획재정부,https://www.openfiscaldata.go.kr/op/ko/fd/UOPKOFDA02?pageIndex=1&pageSize=8&ofdBrdId=FSL1004&ofdBrdiSeq=24786&ofdBrdiDtsClsCd=515,목차,2013년도 재정사업자율평가보고서(일반재정)(산림청),2013년 재정사업자율평가보고서(일반재정)-산림청.hwp,FI000000002478621964,24,원문 없음: 표지를 제외한 제공 파일 다운로드,files/11_515_재정사업자율평가/2014-05-27_24786_2013년도 소관별 재정사업 자율평가 보고서/61_목차_2013년도 재정사업자율평가보고서(일반재정)(산림청).hwp,384512,b34bb5f44d968a6a9b7da5907899f20b7ace5c54dfc9fd2a2a7696bd3beeb149,downloaded,
515,재정사업자율평가,38,24786,FSL1004,2013년도 소관별 재정사업 자율평가 보고서,2014-05-27,기획재정부,https://www.openfiscaldata.go.kr/op/ko/fd/UOPKOFDA02?pageIndex=1&pageSize=8&ofdBrdId=FSL1004&ofdBrdiSeq=24786&ofdBrdiDtsClsCd=515,목차,2013년도 재정사업자율평가보고서(일반재정)(보건복지부),2013년 재정사업자율평가보고서(일반재정)-보건복지부.hwp,FI000000002478621964,23,원문 없음: 표지를 제외한 제공 파일 다운로드,files/11_515_재정사업자율평가/2014-05-27_24786_2013년도 소관별 재정사업 자율평가 보고서/62_목차_2013년도 재정사업자율평가보고서(일반재정)(보건복지부).hwp,5034496,931480e60862a5de3ce14aebf09793fe1cf9b78a6d2c8dadd1028c57b9e6af43,downloaded,
515,재정사업자율평가,38,24786,FSL1004,2013년도 소관별 재정사업 자율평가 보고서,2014-05-27,기획재정부,https://www.openfiscaldata.go.kr/op/ko/fd/UOPKOFDA02?pageIndex=1&pageSize=8&ofdBrdId=FSL1004&ofdBrdiSeq=24786&ofdBrdiDtsClsCd=515,목차,2013년도 재정사업자율평가보고서(일반재정)(병무청),2013년 재정사업자율평가보고서(일반재정)-병무청.hwp,FI000000002478621964,22,원문 없음: 표지를 제외한 제공 파일 다운로드,files/11_515_재정사업자율평가/2014-05-27_24786_2013년도 소관별 재정사업 자율평가 보고서/63_목차_2013년도 재정사업자율평가보고서(일반재정)(병무청).hwp,125440,26d6c67c3666034c8b86766f0e822f3849778b970096dca899402b94fd185e1f,downloaded,
515,재정사업자율평가,38,24786,FSL1004,2013년도 소관별 재정사업 자율평가 보고서,2014-05-27,기획재정부,https://www.openfiscaldata.go.kr/op/ko/fd/UOPKOFDA02?pageIndex=1&pageSize=8&ofdBrdId=FSL1004&ofdBrdiSeq=24786&ofdBrdiDtsClsCd=515,목차,2013년도 재정사업자율평가보고서(일반재정)(법제처),2013년 재정사업자율평가보고서(일반재정)-법제처.hwp,FI000000002478621964,21,원문 없음: 표지를 제외한 제공 파일 다운로드,files/11_515_재정사업자율평가/2014-05-27_24786_2013년도 소관별 재정사업 자율평가 보고서/64_목차_2013년도 재정사업자율평가보고서(일반재정)(법제처).hwp,75264,0a03bb9d80525c64364f85f27cda774be67bfe29a8783b9127eb734e8e8048f1,downloaded,
515,재정사업자율평가,38,24786,FSL1004,2013년도 소관별 재정사업 자율평가 보고서,2014-05-27,기획재정부,https://www.openfiscaldata.go.kr/op/ko/fd/UOPKOFDA02?pageIndex=1&pageSize=8&ofdBrdId=FSL1004&ofdBrdiSeq=24786&ofdBrdiDtsClsCd=515,목차,2013년도 재정사업자율평가보고서(일반재정)(법무부),2013년 재정사업자율평가보고서(일반재정)-법무부.hwp,FI000000002478621964,20,원문 없음: 표지를 제외한 제공 파일 다운로드,files/11_515_재정사업자율평가/2014-05-27_24786_2013년도 소관별 재정사업 자율평가 보고서/65_목차_2013년도 재정사업자율평가보고서(일반재정)(법무부).hwp,556544,17658226fd79dbeb43fe1d1170abdd1d38664ef067fc1efd122b46ec86fcdf1e,downloaded,
515,재정사업자율평가,38,24786,FSL1004,2013년도 소관별 재정사업 자율평가 보고서,2014-05-27,기획재정부,https://www.openfiscaldata.go.kr/op/ko/fd/UOPKOFDA02?pageIndex=1&pageSize=8&ofdBrdId=FSL1004&ofdBrdiSeq=24786&ofdBrdiDtsClsCd=515,목차,2013년도 재정사업자율평가보고서(일반재정)(방송통신위원회),2013년 재정사업자율평가보고서(일반재정)-방송통신위원회.hwp,FI000000002478621964,19,원문 없음: 표지를 제외한 제공 파일 다운로드,files/11_515_재정사업자율평가/2014-05-27_24786_2013년도 소관별 재정사업 자율평가 보고서/66_목차_2013년도 재정사업자율평가보고서(일반재정)(방송통신위원회).hwp,399360,8610666eee4ea609c0308d10efc4029001f2b5d7f11d1ae8099863eb264d9283,downloaded,
515,재정사업자율평가,38,24786,FSL1004,2013년도 소관별 재정사업 자율평가 보고서,2014-05-27,기획재정부,https://www.openfiscaldata.go.kr/op/ko/fd/UOPKOFDA02?pageIndex=1&pageSize=8&ofdBrdId=FSL1004&ofdBrdiSeq=24786&ofdBrdiDtsClsCd=515,목차,2013년도 재정사업자율평가보고서(일반재정)(특허청),2013년 재정사업자율평가보고서(일반재정)-특허청.hwp,FI000000002478621964,34,원문 없음: 표지를 제외한 제공 파일 다운로드,files/11_515_재정사업자율평가/2014-05-27_24786_2013년도 소관별 재정사업 자율평가 보고서/67_목차_2013년도 재정사업자율평가보고서(일반재정)(특허청).hwp,331776,9f1ab3ab78cf18050f3b863f87c0f005db4e92b4bb6dbc4d621a7ad64ef64f6b,downloaded,
515,재정사업자율평가,38,24785,FSL1004,2012년도 소관별 재정사업 자율평가 보고서,2013-07-25,기획재정부,https://www.openfiscaldata.go.kr/op/ko/fd/UOPKOFDA02?pageIndex=1&pageSize=8&ofdBrdId=FSL1004&ofdBrdiSeq=24785&ofdBrdiDtsClsCd=515,목차,2012년도 재정사업자율평가보고서(일반재정)(경찰청),2012년 재정사업자율평가보고서(일반재정)-경찰청.hwp,FI000000002478521900,1,원문 없음: 표지를 제외한 제공 파일 다운로드,files/11_515_재정사업자율평가/2013-07-25_24785_2012년도 소관별 재정사업 자율평가 보고서/01_목차_2012년도 재정사업자율평가보고서(일반재정)(경찰청).hwp,194048,2a97dda593a95729bb81be272717e5ce033d2350b213323de9a793969580aa50,downloaded,
515,재정사업자율평가,38,24785,FSL1004,2012년도 소관별 재정사업 자율평가 보고서,2013-07-25,기획재정부,https://www.openfiscaldata.go.kr/op/ko/fd/UOPKOFDA02?pageIndex=1&pageSize=8&ofdBrdId=FSL1004&ofdBrdiSeq=24785&ofdBrdiDtsClsCd=515,목차,2012년도 재정사업자율평가보고서(일반재정)(행정안전부),2012년 재정사업자율평가보고서(일반재정)-행정안전부.hwp,FI000000002478521900,35,원문 없음: 표지를 제외한 제공 파일 다운로드,files/11_515_재정사업자율평가/2013-07-25_24785_2012년도 소관별 재정사업 자율평가 보고서/02_목차_2012년도 재정사업자율평가보고서(일반재정)(행정안전부).hwp,823808,6dadd80c0a1beee3e4ddad34e6102452db4d60c4c1cae1d8863842a948bec41e,downloaded,
515,재정사업자율평가,38,24785,FSL1004,2012년도 소관별 재정사업 자율평가 보고서,2013-07-25,기획재정부,https://www.openfiscaldata.go.kr/op/ko/fd/UOPKOFDA02?pageIndex=1&pageSize=8&ofdBrdId=FSL1004&ofdBrdiSeq=24785&ofdBrdiDtsClsCd=515,목차,2012년도 재정사업자율평가보고서(일반재정)(행정중심복합도시건설청),2012년 재정사업자율평가보고서(일반재정)-행정중심복합도시건설청.hwp,FI000000002478521900,36,원문 없음: 표지를 제외한 제공 파일 다운로드,files/11_515_재정사업자율평가/2013-07-25_24785_2012년도 소관별 재정사업 자율평가 보고서/03_목차_2012년도 재정사업자율평가보고서(일반재정)(행정중심복합도시건설청).hwp,99840,bc263a9f7130a23bbef33c7188e8fe8c3754ed033a3e9ad35564a1fc1b7a9421,downloaded,
515,재정사업자율평가,38,24785,FSL1004,2012년도 소관별 재정사업 자율평가 보고서,2013-07-25,기획재정부,https://www.openfiscaldata.go.kr/op/ko/fd/UOPKOFDA02?pageIndex=1&pageSize=8&ofdBrdId=FSL1004&ofdBrdiSeq=24785&ofdBrdiDtsClsCd=515,목차,2012년도 재정사업자율평가보고서(일반재정)(환경부),2012년 재정사업자율평가보고서(일반재정)-환경부.hwp,FI000000002478521900,37,원문 없음: 표지를 제외한 제공 파일 다운로드,files/11_515_재정사업자율평가/2013-07-25_24785_2012년도 소관별 재정사업 자율평가 보고서/04_목차_2012년도 재정사업자율평가보고서(일반재정)(환경부).hwp,1396736,11242764ea5663336297d9a40bbd35a189736c2094b2c2624022a2f1700af336,downloaded,
515,재정사업자율평가,38,24785,FSL1004,2012년도 소관별 재정사업 자율평가 보고서,2013-07-25,기획재정부,https://www.openfiscaldata.go.kr/op/ko/fd/UOPKOFDA02?pageIndex=1&pageSize=8&ofdBrdId=FSL1004&ofdBrdiSeq=24785&ofdBrdiDtsClsCd=515,목차,2012년도 재정사업자율평가보고서(정보화)(경찰청),2012년 재정사업자율평가보고서(정보화)-경찰청.hwp,FI000000002478521900,38,원문 없음: 표지를 제외한 제공 파일 다운로드,files/11_515_재정사업자율평가/2013-07-25_24785_2012년도 소관별 재정사업 자율평가 보고서/05_목차_2012년도 재정사업자율평가보고서(정보화)(경찰청).hwp,62464,abd42c6d84db1ebb559b557aba339cc5e268f6677181ea1bfabbb41b8bd7a826,downloaded,
515,재정사업자율평가,38,24785,FSL1004,2012년도 소관별 재정사업 자율평가 보고서,2013-07-25,기획재정부,https://www.openfiscaldata.go.kr/op/ko/fd/UOPKOFDA02?pageIndex=1&pageSize=8&ofdBrdId=FSL1004&ofdBrdiSeq=24785&ofdBrdiDtsClsCd=515,목차,2012년도 재정사업자율평가보고서(정보화)(고용노동부),2012년 재정사업자율평가보고서(정보화)-고용노동부.hwp,FI000000002478521900,39,원문 없음: 표지를 제외한 제공 파일 다운로드,files/11_515_재정사업자율평가/2013-07-25_24785_2012년도 소관별 재정사업 자율평가 보고서/06_목차_2012년도 재정사업자율평가보고서(정보화)(고용노동부).hwp,165376,2a255f576a7c7d7d45417e9cdc7b702e5333b3da68a071a3a862de6fb35897d8,downloaded,
515,재정사업자율평가,38,24785,FSL1004,2012년도 소관별 재정사업 자율평가 보고서,2013-07-25,기획재정부,https://www.openfiscaldata.go.kr/op/ko/fd/UOPKOFDA02?pageIndex=1&pageSize=8&ofdBrdId=FSL1004&ofdBrdiSeq=24785&ofdBrdiDtsClsCd=515,목차,2012년도 재정사업자율평가보고서(정보화)(공정거래위원회),2012년 재정사업자율평가보고서(정보화)-공정거래위원회.hwp,FI000000002478521900,40,원문 없음: 표지를 제외한 제공 파일 다운로드,files/11_515_재정사업자율평가/2013-07-25_24785_2012년도 소관별 재정사업 자율평가 보고서/07_목차_2012년도 재정사업자율평가보고서(정보화)(공정거래위원회).hwp,223232,902a8a9823d470dffd711ef2c12b97c433d3f27e51b59683ba81ef0414678c5f,downloaded,
515,재정사업자율평가,38,24785,FSL1004,2012년도 소관별 재정사업 자율평가 보고서,2013-07-25,기획재정부,https://www.openfiscaldata.go.kr/op/ko/fd/UOPKOFDA02?pageIndex=1&pageSize=8&ofdBrdId=FSL1004&ofdBrdiSeq=24785&ofdBrdiDtsClsCd=515,목차,2012년도 재정사업자율평가보고서(정보화)(교육과학기술부),2012년 재정사업자율평가보고서(정보화)-교육과학기술부.hwp,FI000000002478521900,41,원문 없음: 표지를 제외한 제공 파일 다운로드,files/11_515_재정사업자율평가/2013-07-25_24785_2012년도 소관별 재정사업 자율평가 보고서/08_목차_2012년도 재정사업자율평가보고서(정보화)(교육과학기술부).hwp,662016,3f373add4108aacacbe6d8572b7ba4ff370d061b831be8cbc1e8b891403ccf29,downloaded,
515,재정사업자율평가,38,24785,FSL1004,2012년도 소관별 재정사업 자율평가 보고서,2013-07-25,기획재정부,https://www.openfiscaldata.go.kr/op/ko/fd/UOPKOFDA02?pageIndex=1&pageSize=8&ofdBrdId=FSL1004&ofdBrdiSeq=24785&ofdBrdiDtsClsCd=515,목차,2012년도 재정사업자율평가보고서(정보화)(국가보훈처),2012년 재정사업자율평가보고서(정보화)-국가보훈처.hwp,FI000000002478521900,42,원문 없음: 표지를 제외한 제공 파일 다운로드,files/11_515_재정사업자율평가/2013-07-25_24785_2012년도 소관별 재정사업 자율평가 보고서/09_목차_2012년도 재정사업자율평가보고서(정보화)(국가보훈처).hwp,178176,a72182ac8fc4bb2912b60bfccf5121cbf036e1b91279450c9f8788a10d081096,downloaded,
515,재정사업자율평가,38,24785,FSL1004,2012년도 소관별 재정사업 자율평가 보고서,2013-07-25,기획재정부,https://www.openfiscaldata.go.kr/op/ko/fd/UOPKOFDA02?pageIndex=1&pageSize=8&ofdBrdId=FSL1004&ofdBrdiSeq=24785&ofdBrdiDtsClsCd=515,목차,2012년도 재정사업자율평가보고서(정보화)(국무총리실),2012년 재정사업자율평가보고서(정보화)-국무총리실.hwp,FI000000002478521900,43,원문 없음: 표지를 제외한 제공 파일 다운로드,files/11_515_재정사업자율평가/2013-07-25_24785_2012년도 소관별 재정사업 자율평가 보고서/10_목차_2012년도 재정사업자율평가보고서(정보화)(국무총리실).hwp,225792,b3803e5f051150d4304b7c8437804b12577149a061da7e34d486d111a8c6b922,downloaded,
515,재정사업자율평가,38,24785,FSL1004,2012년도 소관별 재정사업 자율평가 보고서,2013-07-25,기획재정부,https://www.openfiscaldata.go.kr/op/ko/fd/UOPKOFDA02?pageIndex=1&pageSize=8&ofdBrdId=FSL1004&ofdBrdiSeq=24785&ofdBrdiDtsClsCd=515,목차,2012년도 재정사업자율평가보고서(정보화)(국방부),2012년 재정사업자율평가보고서(정보화)-국방부.hwp,FI000000002478521900,44,원문 없음: 표지를 제외한 제공 파일 다운로드,files/11_515_재정사업자율평가/2013-07-25_24785_2012년도 소관별 재정사업 자율평가 보고서/11_목차_2012년도 재정사업자율평가보고서(정보화)(국방부).hwp,72192,8f28cbfe969073afc8b5aa941558aee3f643299ea483d2937bd663cb8aacc990,downloaded,
515,재정사업자율평가,38,24785,FSL1004,2012년도 소관별 재정사업 자율평가 보고서,2013-07-25,기획재정부,https://www.openfiscaldata.go.kr/op/ko/fd/UOPKOFDA02?pageIndex=1&pageSize=8&ofdBrdId=FSL1004&ofdBrdiSeq=24785&ofdBrdiDtsClsCd=515,목차,2012년도 재정사업자율평가보고서(정보화)(국세청),2012년 재정사업자율평가보고서(정보화)-국세청.hwp,FI000000002478521900,45,원문 없음: 표지를 제외한 제공 파일 다운로드,files/11_515_재정사업자율평가/2013-07-25_24785_2012년도 소관별 재정사업 자율평가 보고서/12_목차_2012년도 재정사업자율평가보고서(정보화)(국세청).hwp,45056,449a82a04a2c82e82f951779139c2f70860b352208c50e22848accdc5cf64b93,downloaded,
515,재정사업자율평가,38,24785,FSL1004,2012년도 소관별 재정사업 자율평가 보고서,2013-07-25,기획재정부,https://www.openfiscaldata.go.kr/op/ko/fd/UOPKOFDA02?pageIndex=1&pageSize=8&ofdBrdId=FSL1004&ofdBrdiSeq=24785&ofdBrdiDtsClsCd=515,목차,2012년도 재정사업자율평가보고서(정보화)(국토해양부),2012년 재정사업자율평가보고서(정보화)-국토해양부.hwp,FI000000002478521900,46,원문 없음: 표지를 제외한 제공 파일 다운로드,files/11_515_재정사업자율평가/2013-07-25_24785_2012년도 소관별 재정사업 자율평가 보고서/13_목차_2012년도 재정사업자율평가보고서(정보화)(국토해양부).hwp,689664,d6b28f96745647d73c6fad10fdef5423daa767bee076028b1e92fc665161ea5f,downloaded,
515,재정사업자율평가,38,24785,FSL1004,2012년도 소관별 재정사업 자율평가 보고서,2013-07-25,기획재정부,https://www.openfiscaldata.go.kr/op/ko/fd/UOPKOFDA02?pageIndex=1&pageSize=8&ofdBrdId=FSL1004&ofdBrdiSeq=24785&ofdBrdiDtsClsCd=515,목차,2012년도 재정사업자율평가보고서(정보화)(금융위원회),2012년 재정사업자율평가보고서(정보화)-금융위원회.hwp,FI000000002478521900,47,원문 없음: 표지를 제외한 제공 파일 다운로드,files/11_515_재정사업자율평가/2013-07-25_24785_2012년도 소관별 재정사업 자율평가 보고서/14_목차_2012년도 재정사업자율평가보고서(정보화)(금융위원회).hwp,514560,10ecf5b7969261a2dee448d368e42f58088b1f40c8a595195e4df983caa9223e,downloaded,
515,재정사업자율평가,38,24785,FSL1004,2012년도 소관별 재정사업 자율평가 보고서,2013-07-25,기획재정부,https://www.openfiscaldata.go.kr/op/ko/fd/UOPKOFDA02?pageIndex=1&pageSize=8&ofdBrdId=FSL1004&ofdBrdiSeq=24785&ofdBrdiDtsClsCd=515,목차,2012년도 재정사업자율평가보고서(정보화)(기획재정부),2012년 재정사업자율평가보고서(정보화)-기획재정부.hwp,FI000000002478521900,48,원문 없음: 표지를 제외한 제공 파일 다운로드,files/11_515_재정사업자율평가/2013-07-25_24785_2012년도 소관별 재정사업 자율평가 보고서/15_목차_2012년도 재정사업자율평가보고서(정보화)(기획재정부).hwp,78336,982948b3d6d4d27263a177e8afaf76add71937fe55fc415861cf05d4beeb42c4,downloaded,
515,재정사업자율평가,38,24785,FSL1004,2012년도 소관별 재정사업 자율평가 보고서,2013-07-25,기획재정부,https://www.openfiscaldata.go.kr/op/ko/fd/UOPKOFDA02?pageIndex=1&pageSize=8&ofdBrdId=FSL1004&ofdBrdiSeq=24785&ofdBrdiDtsClsCd=515,목차,2012년도 재정사업자율평가보고서(정보화)(농림수산식품부),2012년 재정사업자율평가보고서(정보화)-농림수산식품부.hwp,FI000000002478521900,49,원문 없음: 표지를 제외한 제공 파일 다운로드,files/11_515_재정사업자율평가/2013-07-25_24785_2012년도 소관별 재정사업 자율평가 보고서/16_목차_2012년도 재정사업자율평가보고서(정보화)(농림수산식품부).hwp,171520,a8f2ff22baee7758c2b9f571158dc4c2e1089d6fb50b1b7b1139cb5faee15a45,downloaded,
515,재정사업자율평가,38,24785,FSL1004,2012년도 소관별 재정사업 자율평가 보고서,2013-07-25,기획재정부,https://www.openfiscaldata.go.kr/op/ko/fd/UOPKOFDA02?pageIndex=1&pageSize=8&ofdBrdId=FSL1004&ofdBrdiSeq=24785&ofdBrdiDtsClsCd=515,목차,2012년도 재정사업자율평가보고서(정보화)(문화재청),2012년 재정사업자율평가보고서(정보화)-문화재청.hwp,FI000000002478521900,50,원문 없음: 표지를 제외한 제공 파일 다운로드,files/11_515_재정사업자율평가/2013-07-25_24785_2012년도 소관별 재정사업 자율평가 보고서/17_목차_2012년도 재정사업자율평가보고서(정보화)(문화재청).hwp,161280,177c6bafd48242d4bb883db7182464c9899b4f39f7095be096f528582fd38509,downloaded,
515,재정사업자율평가,38,24785,FSL1004,2012년도 소관별 재정사업 자율평가 보고서,2013-07-25,기획재정부,https://www.openfiscaldata.go.kr/op/ko/fd/UOPKOFDA02?pageIndex=1&pageSize=8&ofdBrdId=FSL1004&ofdBrdiSeq=24785&ofdBrdiDtsClsCd=515,목차,2012년도 재정사업자율평가보고서(정보화)(문화체육관광부),2012년 재정사업자율평가보고서(정보화)-문화체육관광부.hwp,FI000000002478521900,51,원문 없음: 표지를 제외한 제공 파일 다운로드,files/11_515_재정사업자율평가/2013-07-25_24785_2012년도 소관별 재정사업 자율평가 보고서/18_목차_2012년도 재정사업자율평가보고서(정보화)(문화체육관광부).hwp,327680,86c09643141cd214b80833557cf9edfe19c3fcf2ce80e1a2da6dc14e449184dd,downloaded,
515,재정사업자율평가,38,24785,FSL1004,2012년도 소관별 재정사업 자율평가 보고서,2013-07-25,기획재정부,https://www.openfiscaldata.go.kr/op/ko/fd/UOPKOFDA02?pageIndex=1&pageSize=8&ofdBrdId=FSL1004&ofdBrdiSeq=24785&ofdBrdiDtsClsCd=515,목차,2012년도 재정사업자율평가보고서(정보화)(방송통신위원회),2012년 재정사업자율평가보고서(정보화)-방송통신위원회.hwp,FI000000002478521900,52,원문 없음: 표지를 제외한 제공 파일 다운로드,files/11_515_재정사업자율평가/2013-07-25_24785_2012년도 소관별 재정사업 자율평가 보고서/19_목차_2012년도 재정사업자율평가보고서(정보화)(방송통신위원회).hwp,197632,c59b9280771e030646cf8c0aa8561d18b791848f7e2139f29fad1154bc335f39,downloaded,
515,재정사업자율평가,38,24785,FSL1004,2012년도 소관별 재정사업 자율평가 보고서,2013-07-25,기획재정부,https://www.openfiscaldata.go.kr/op/ko/fd/UOPKOFDA02?pageIndex=1&pageSize=8&ofdBrdId=FSL1004&ofdBrdiSeq=24785&ofdBrdiDtsClsCd=515,목차,2012년도 재정사업자율평가보고서(정보화)(보건복지부),2012년 재정사업자율평가보고서(정보화)-보건복지부.hwp,FI000000002478521900,53,원문 없음: 표지를 제외한 제공 파일 다운로드,files/11_515_재정사업자율평가/2013-07-25_24785_2012년도 소관별 재정사업 자율평가 보고서/20_목차_2012년도 재정사업자율평가보고서(정보화)(보건복지부).hwp,276480,f3e44df3ea3655b2a271969631ebaaeb4c482ea81f78dee5cbb80d5662f6191f,downloaded,
515,재정사업자율평가,38,24785,FSL1004,2012년도 소관별 재정사업 자율평가 보고서,2013-07-25,기획재정부,https://www.openfiscaldata.go.kr/op/ko/fd/UOPKOFDA02?pageIndex=1&pageSize=8&ofdBrdId=FSL1004&ofdBrdiSeq=24785&ofdBrdiDtsClsCd=515,목차,2012년도 재정사업자율평가보고서(정보화)(산림청),2012년 재정사업자율평가보고서(정보화)-산림청.hwp,FI000000002478521900,54,원문 없음: 표지를 제외한 제공 파일 다운로드,files/11_515_재정사업자율평가/2013-07-25_24785_2012년도 소관별 재정사업 자율평가 보고서/21_목차_2012년도 재정사업자율평가보고서(정보화)(산림청).hwp,663040,8466d2c90ad2876923ae7df4f76428f3a66cfee8cf308a78d1ae9336d7b18f2e,downloaded,
515,재정사업자율평가,38,24785,FSL1004,2012년도 소관별 재정사업 자율평가 보고서,2013-07-25,기획재정부,https://www.openfiscaldata.go.kr/op/ko/fd/UOPKOFDA02?pageIndex=1&pageSize=8&ofdBrdId=FSL1004&ofdBrdiSeq=24785&ofdBrdiDtsClsCd=515,목차,2012년도 재정사업자율평가보고서(정보화)(식품의약품안전청),2012년 재정사업자율평가보고서(정보화)-식품의약품안전청.hwp,FI000000002478521900,55,원문 없음: 표지를 제외한 제공 파일 다운로드,files/11_515_재정사업자율평가/2013-07-25_24785_2012년도 소관별 재정사업 자율평가 보고서/22_목차_2012년도 재정사업자율평가보고서(정보화)(식품의약품안전청).hwp,127488,2c8bd8526994dfe31fe2f7080d84e34d87fca0bd11ab087d42ae84228a9de00d,downloaded,
515,재정사업자율평가,38,24785,FSL1004,2012년도 소관별 재정사업 자율평가 보고서,2013-07-25,기획재정부,https://www.openfiscaldata.go.kr/op/ko/fd/UOPKOFDA02?pageIndex=1&pageSize=8&ofdBrdId=FSL1004&ofdBrdiSeq=24785&ofdBrdiDtsClsCd=515,목차,2012년도 재정사업자율평가보고서(정보화)(여성가족부),2012년 재정사업자율평가보고서(정보화)-여성가족부.hwp,FI000000002478521900,56,원문 없음: 표지를 제외한 제공 파일 다운로드,files/11_515_재정사업자율평가/2013-07-25_24785_2012년도 소관별 재정사업 자율평가 보고서/23_목차_2012년도 재정사업자율평가보고서(정보화)(여성가족부).hwp,80384,9312cb39b40789375559845dd9dc4398ea1bad29ea30f5aa49f53ee8da3bbe29,downloaded,
515,재정사업자율평가,38,24785,FSL1004,2012년도 소관별 재정사업 자율평가 보고서,2013-07-25,기획재정부,https://www.openfiscaldata.go.kr/op/ko/fd/UOPKOFDA02?pageIndex=1&pageSize=8&ofdBrdId=FSL1004&ofdBrdiSeq=24785&ofdBrdiDtsClsCd=515,목차,2012년도 재정사업자율평가보고서(정보화)(외교통상부),2012년 재정사업자율평가보고서(정보화)-외교통상부.hwp,FI000000002478521900,57,원문 없음: 표지를 제외한 제공 파일 다운로드,files/11_515_재정사업자율평가/2013-07-25_24785_2012년도 소관별 재정사업 자율평가 보고서/24_목차_2012년도 재정사업자율평가보고서(정보화)(외교통상부).hwp,194560,9a6f824b5e381ccf0f3253e4806dd7855d78350e0c8283a1fde5eadec642441f,downloaded,
515,재정사업자율평가,38,24785,FSL1004,2012년도 소관별 재정사업 자율평가 보고서,2013-07-25,기획재정부,https://www.openfiscaldata.go.kr/op/ko/fd/UOPKOFDA02?pageIndex=1&pageSize=8&ofdBrdId=FSL1004&ofdBrdiSeq=24785&ofdBrdiDtsClsCd=515,목차,2012년도 재정사업자율평가보고서(정보화)(중소기업청),2012년 재정사업자율평가보고서(정보화)-중소기업청.hwp,FI000000002478521900,58,원문 없음: 표지를 제외한 제공 파일 다운로드,files/11_515_재정사업자율평가/2013-07-25_24785_2012년도 소관별 재정사업 자율평가 보고서/25_목차_2012년도 재정사업자율평가보고서(정보화)(중소기업청).hwp,110080,f452e2bfca77e624d87987d5b60027ef20b09165a9aa5858053f05b0b9bf9370,downloaded,
515,재정사업자율평가,38,24785,FSL1004,2012년도 소관별 재정사업 자율평가 보고서,2013-07-25,기획재정부,https://www.openfiscaldata.go.kr/op/ko/fd/UOPKOFDA02?pageIndex=1&pageSize=8&ofdBrdId=FSL1004&ofdBrdiSeq=24785&ofdBrdiDtsClsCd=515,목차,2012년도 재정사업자율평가보고서(정보화)(지식경제부),2012년 재정사업자율평가보고서(정보화)-지식경제부.hwp,FI000000002478521900,59,원문 없음: 표지를 제외한 제공 파일 다운로드,files/11_515_재정사업자율평가/2013-07-25_24785_2012년도 소관별 재정사업 자율평가 보고서/26_목차_2012년도 재정사업자율평가보고서(정보화)(지식경제부).hwp,391168,6e3ad6318605bef03d21e214ba66115d1c28da2a939a39212ec01ed078e34b99,downloaded,
515,재정사업자율평가,38,24785,FSL1004,2012년도 소관별 재정사업 자율평가 보고서,2013-07-25,기획재정부,https://www.openfiscaldata.go.kr/op/ko/fd/UOPKOFDA02?pageIndex=1&pageSize=8&ofdBrdId=FSL1004&ofdBrdiSeq=24785&ofdBrdiDtsClsCd=515,목차,2012년도 재정사업자율평가보고서(정보화)(통일부),2012년 재정사업자율평가보고서(정보화)-통일부.hwp,FI000000002478521900,60,원문 없음: 표지를 제외한 제공 파일 다운로드,files/11_515_재정사업자율평가/2013-07-25_24785_2012년도 소관별 재정사업 자율평가 보고서/27_목차_2012년도 재정사업자율평가보고서(정보화)(통일부).hwp,76288,fc59f1598321897b99a76a62aeaee974b677db7a94a4c59f05c05590dc2bdd35,downloaded,
515,재정사업자율평가,38,24785,FSL1004,2012년도 소관별 재정사업 자율평가 보고서,2013-07-25,기획재정부,https://www.openfiscaldata.go.kr/op/ko/fd/UOPKOFDA02?pageIndex=1&pageSize=8&ofdBrdId=FSL1004&ofdBrdiSeq=24785&ofdBrdiDtsClsCd=515,목차,2012년도 재정사업자율평가보고서(정보화)(특허청),2012년 재정사업자율평가보고서(정보화)-특허청.hwp,FI000000002478521900,61,원문 없음: 표지를 제외한 제공 파일 다운로드,files/11_515_재정사업자율평가/2013-07-25_24785_2012년도 소관별 재정사업 자율평가 보고서/28_목차_2012년도 재정사업자율평가보고서(정보화)(특허청).hwp,226816,9ef6e4248b7354ff6e0c4822ae81304f878ab50e755bed5f8b9ff0e522dd688e,downloaded,
515,재정사업자율평가,38,24785,FSL1004,2012년도 소관별 재정사업 자율평가 보고서,2013-07-25,기획재정부,https://www.openfiscaldata.go.kr/op/ko/fd/UOPKOFDA02?pageIndex=1&pageSize=8&ofdBrdId=FSL1004&ofdBrdiSeq=24785&ofdBrdiDtsClsCd=515,목차,2012년도 재정사업자율평가보고서(정보화)(해양경찰청),2012년 재정사업자율평가보고서(정보화)-해양경찰청.hwp,FI000000002478521900,62,원문 없음: 표지를 제외한 제공 파일 다운로드,files/11_515_재정사업자율평가/2013-07-25_24785_2012년도 소관별 재정사업 자율평가 보고서/29_목차_2012년도 재정사업자율평가보고서(정보화)(해양경찰청).hwp,119296,448dacd2f6d385cbec8d2923c785698b5fac65b7d734a1f85d1dc4be3bd7c0ae,downloaded,
515,재정사업자율평가,38,24785,FSL1004,2012년도 소관별 재정사업 자율평가 보고서,2013-07-25,기획재정부,https://www.openfiscaldata.go.kr/op/ko/fd/UOPKOFDA02?pageIndex=1&pageSize=8&ofdBrdId=FSL1004&ofdBrdiSeq=24785&ofdBrdiDtsClsCd=515,목차,2012년도 재정사업자율평가보고서(정보화)(행정안전부),2012년 재정사업자율평가보고서(정보화)-행정안전부.hwp,FI000000002478521900,63,원문 없음: 표지를 제외한 제공 파일 다운로드,files/11_515_재정사업자율평가/2013-07-25_24785_2012년도 소관별 재정사업 자율평가 보고서/30_목차_2012년도 재정사업자율평가보고서(정보화)(행정안전부).hwp,383488,c15b9d47530a0788b683b7bc11b2ef6f0939fd0c565cce96f85c8b90ce4c093c,downloaded,
515,재정사업자율평가,38,24785,FSL1004,2012년도 소관별 재정사업 자율평가 보고서,2013-07-25,기획재정부,https://www.openfiscaldata.go.kr/op/ko/fd/UOPKOFDA02?pageIndex=1&pageSize=8&ofdBrdId=FSL1004&ofdBrdiSeq=24785&ofdBrdiDtsClsCd=515,목차,2012년도 재정사업자율평가보고서(정보화)(행정중심복합도시건설청),2012년 재정사업자율평가보고서(정보화)-행정중심복합도시건설청.hwp,FI000000002478521900,64,원문 없음: 표지를 제외한 제공 파일 다운로드,files/11_515_재정사업자율평가/2013-07-25_24785_2012년도 소관별 재정사업 자율평가 보고서/31_목차_2012년도 재정사업자율평가보고서(정보화)(행정중심복합도시건설청).hwp,41984,1efd328c9689bcfe3627e1d800652c640000b8e0f0b744e056441c998d93eb3d,downloaded,
515,재정사업자율평가,38,24785,FSL1004,2012년도 소관별 재정사업 자율평가 보고서,2013-07-25,기획재정부,https://www.openfiscaldata.go.kr/op/ko/fd/UOPKOFDA02?pageIndex=1&pageSize=8&ofdBrdId=FSL1004&ofdBrdiSeq=24785&ofdBrdiDtsClsCd=515,목차,2012년도 재정사업자율평가보고서(일반재정),2012년도 재정사업자율평가보고서(일반재정).zip,FI000000002478521900,65,원문 없음: 표지를 제외한 제공 파일 다운로드,files/11_515_재정사업자율평가/2013-07-25_24785_2012년도 소관별 재정사업 자율평가 보고서/32_목차_2012년도 재정사업자율평가보고서(일반재정).zip,33838494,65cb70ac557e866d51a14c2464c24cc04cdb7d95246d7de316bcbd8dfeea3c90,downloaded,
515,재정사업자율평가,38,24785,FSL1004,2012년도 소관별 재정사업 자율평가 보고서,2013-07-25,기획재정부,https://www.openfiscaldata.go.kr/op/ko/fd/UOPKOFDA02?pageIndex=1&pageSize=8&ofdBrdId=FSL1004&ofdBrdiSeq=24785&ofdBrdiDtsClsCd=515,목차,2012년도 재정사업자율평가보고서(일반재정)(해양경찰청),2012년 재정사업자율평가보고서(일반재정)-해양경찰청.hwp,FI000000002478521900,34,원문 없음: 표지를 제외한 제공 파일 다운로드,files/11_515_재정사업자율평가/2013-07-25_24785_2012년도 소관별 재정사업 자율평가 보고서/33_목차_2012년도 재정사업자율평가보고서(일반재정)(해양경찰청).hwp,120320,f3d1bcbda42cccf70de68f7cc616b179efdd4cad397e272ce58ca7f56fc98f7c,downloaded,
515,재정사업자율평가,38,24785,FSL1004,2012년도 소관별 재정사업 자율평가 보고서,2013-07-25,기획재정부,https://www.openfiscaldata.go.kr/op/ko/fd/UOPKOFDA02?pageIndex=1&pageSize=8&ofdBrdId=FSL1004&ofdBrdiSeq=24785&ofdBrdiDtsClsCd=515,목차,2012년도 재정사업자율평가보고서(일반재정)(특허청),2012년 재정사업자율평가보고서(일반재정)-특허청.hwp,FI000000002478521900,33,원문 없음: 표지를 제외한 제공 파일 다운로드,files/11_515_재정사업자율평가/2013-07-25_24785_2012년도 소관별 재정사업 자율평가 보고서/34_목차_2012년도 재정사업자율평가보고서(일반재정)(특허청).hwp,1099776,93208fac96e496e6d4b9c37de89bcbdee8f341be40d56dc2d47836f17214b1aa,downloaded,
515,재정사업자율평가,38,24785,FSL1004,2012년도 소관별 재정사업 자율평가 보고서,2013-07-25,기획재정부,https://www.openfiscaldata.go.kr/op/ko/fd/UOPKOFDA02?pageIndex=1&pageSize=8&ofdBrdId=FSL1004&ofdBrdiSeq=24785&ofdBrdiDtsClsCd=515,목차,2012년도 재정사업자율평가보고서(일반재정)(고용노동부),2012년 재정사업자율평가보고서(일반재정)-고용노동부.hwp,FI000000002478521900,2,원문 없음: 표지를 제외한 제공 파일 다운로드,files/11_515_재정사업자율평가/2013-07-25_24785_2012년도 소관별 재정사업 자율평가 보고서/35_목차_2012년도 재정사업자율평가보고서(일반재정)(고용노동부).hwp,2049024,a35af683d6455c7a59d481d29c98a9d093db84d1978e0e8bdb1a8050a2e45767,downloaded,
515,재정사업자율평가,38,24785,FSL1004,2012년도 소관별 재정사업 자율평가 보고서,2013-07-25,기획재정부,https://www.openfiscaldata.go.kr/op/ko/fd/UOPKOFDA02?pageIndex=1&pageSize=8&ofdBrdId=FSL1004&ofdBrdiSeq=24785&ofdBrdiDtsClsCd=515,목차,2012년도 재정사업자율평가보고서(일반재정)(공정거래위원회),2012년 재정사업자율평가보고서(일반재정)-공정거래위원회.hwp,FI000000002478521900,3,원문 없음: 표지를 제외한 제공 파일 다운로드,files/11_515_재정사업자율평가/2013-07-25_24785_2012년도 소관별 재정사업 자율평가 보고서/36_목차_2012년도 재정사업자율평가보고서(일반재정)(공정거래위원회).hwp,122880,6db1db19439399ad60ce36613bb99d0f832b8ff9bc70a1b777356700be342864,downloaded,
515,재정사업자율평가,38,24785,FSL1004,2012년도 소관별 재정사업 자율평가 보고서,2013-07-25,기획재정부,https://www.openfiscaldata.go.kr/op/ko/fd/UOPKOFDA02?pageIndex=1&pageSize=8&ofdBrdId=FSL1004&ofdBrdiSeq=24785&ofdBrdiDtsClsCd=515,목차,2012년도 재정사업자율평가보고서(일반재정)(관세청),2012년 재정사업자율평가보고서(일반재정)-관세청.hwp,FI000000002478521900,4,원문 없음: 표지를 제외한 제공 파일 다운로드,files/11_515_재정사업자율평가/2013-07-25_24785_2012년도 소관별 재정사업 자율평가 보고서/37_목차_2012년도 재정사업자율평가보고서(일반재정)(관세청).hwp,485376,b866948c6a27bbc1453ae9bb3f5e7dc8eb77c812dae66be2d78c586ce815cab6,downloaded,
515,재정사업자율평가,38,24785,FSL1004,2012년도 소관별 재정사업 자율평가 보고서,2013-07-25,기획재정부,https://www.openfiscaldata.go.kr/op/ko/fd/UOPKOFDA02?pageIndex=1&pageSize=8&ofdBrdId=FSL1004&ofdBrdiSeq=24785&ofdBrdiDtsClsCd=515,목차,2012년도 재정사업자율평가보고서(일반재정)(교육과학기술부),2012년 재정사업자율평가보고서(일반재정)-교육과학기술부.hwp,FI000000002478521900,5,원문 없음: 표지를 제외한 제공 파일 다운로드,files/11_515_재정사업자율평가/2013-07-25_24785_2012년도 소관별 재정사업 자율평가 보고서/38_목차_2012년도 재정사업자율평가보고서(일반재정)(교육과학기술부).hwp,1635840,449786fdef8fc218b8168525d1489a329ec17b418973a06c03c7f49addf8306f,downloaded,
515,재정사업자율평가,38,24785,FSL1004,2012년도 소관별 재정사업 자율평가 보고서,2013-07-25,기획재정부,https://www.openfiscaldata.go.kr/op/ko/fd/UOPKOFDA02?pageIndex=1&pageSize=8&ofdBrdId=FSL1004&ofdBrdiSeq=24785&ofdBrdiDtsClsCd=515,목차,2012년도 재정사업자율평가보고서(일반재정)(국가보훈처),2012년 재정사업자율평가보고서(일반재정)-국가보훈처.hwp,FI000000002478521900,6,원문 없음: 표지를 제외한 제공 파일 다운로드,files/11_515_재정사업자율평가/2013-07-25_24785_2012년도 소관별 재정사업 자율평가 보고서/39_목차_2012년도 재정사업자율평가보고서(일반재정)(국가보훈처).hwp,399872,60a91e52963e869dfb1b6df4f6f1138a1d3042ec9316f68eccf66b854c86c2c9,downloaded,
515,재정사업자율평가,38,24785,FSL1004,2012년도 소관별 재정사업 자율평가 보고서,2013-07-25,기획재정부,https://www.openfiscaldata.go.kr/op/ko/fd/UOPKOFDA02?pageIndex=1&pageSize=8&ofdBrdId=FSL1004&ofdBrdiSeq=24785&ofdBrdiDtsClsCd=515,목차,2012년도 재정사업자율평가보고서(일반재정)(국민권익위원회),2012년 재정사업자율평가보고서(일반재정)-국민권익위원회.hwp,FI000000002478521900,7,원문 없음: 표지를 제외한 제공 파일 다운로드,files/11_515_재정사업자율평가/2013-07-25_24785_2012년도 소관별 재정사업 자율평가 보고서/40_목차_2012년도 재정사업자율평가보고서(일반재정)(국민권익위원회).hwp,150528,7c5a1a94fbcc118d4a4116924b014aaf0b342df9962f5ef57fd0e9a0e5d9b4f8,downloaded,
515,재정사업자율평가,38,24785,FSL1004,2012년도 소관별 재정사업 자율평가 보고서,2013-07-25,기획재정부,https://www.openfiscaldata.go.kr/op/ko/fd/UOPKOFDA02?pageIndex=1&pageSize=8&ofdBrdId=FSL1004&ofdBrdiSeq=24785&ofdBrdiDtsClsCd=515,목차,2012년도 재정사업자율평가보고서(일반재정)(국방부),2012년 재정사업자율평가보고서(일반재정)-국방부.hwp,FI000000002478521900,8,원문 없음: 표지를 제외한 제공 파일 다운로드,files/11_515_재정사업자율평가/2013-07-25_24785_2012년도 소관별 재정사업 자율평가 보고서/41_목차_2012년도 재정사업자율평가보고서(일반재정)(국방부).hwp,1061888,3ca03842c3a395d22f7615c5e939605623747fc6690ebd49ca08052ef889c1bf,downloaded,
515,재정사업자율평가,38,24785,FSL1004,2012년도 소관별 재정사업 자율평가 보고서,2013-07-25,기획재정부,https://www.openfiscaldata.go.kr/op/ko/fd/UOPKOFDA02?pageIndex=1&pageSize=8&ofdBrdId=FSL1004&ofdBrdiSeq=24785&ofdBrdiDtsClsCd=515,목차,2012년도 재정사업자율평가보고서(일반재정)(국세청),2012년 재정사업자율평가보고서(일반재정)-국세청.hwp,FI000000002478521900,9,원문 없음: 표지를 제외한 제공 파일 다운로드,files/11_515_재정사업자율평가/2013-07-25_24785_2012년도 소관별 재정사업 자율평가 보고서/42_목차_2012년도 재정사업자율평가보고서(일반재정)(국세청).hwp,60416,022695ac72dcb444bc49a15544e85a6157420fb3d9a76302e9372640cc17491e,downloaded,
515,재정사업자율평가,38,24785,FSL1004,2012년도 소관별 재정사업 자율평가 보고서,2013-07-25,기획재정부,https://www.openfiscaldata.go.kr/op/ko/fd/UOPKOFDA02?pageIndex=1&pageSize=8&ofdBrdId=FSL1004&ofdBrdiSeq=24785&ofdBrdiDtsClsCd=515,목차,2012년도 재정사업자율평가보고서(일반재정)(국토해양부),2012년 재정사업자율평가보고서(일반재정)-국토해양부.hwp,FI000000002478521900,10,원문 없음: 표지를 제외한 제공 파일 다운로드,files/11_515_재정사업자율평가/2013-07-25_24785_2012년도 소관별 재정사업 자율평가 보고서/43_목차_2012년도 재정사업자율평가보고서(일반재정)(국토해양부).hwp,2707968,3222541324d5dbb54b261bf2c7904f376f503ae5fe51342efb276545113e9756,downloaded,
515,재정사업자율평가,38,24785,FSL1004,2012년도 소관별 재정사업 자율평가 보고서,2013-07-25,기획재정부,https://www.openfiscaldata.go.kr/op/ko/fd/UOPKOFDA02?pageIndex=1&pageSize=8&ofdBrdId=FSL1004&ofdBrdiSeq=24785&ofdBrdiDtsClsCd=515,목차,2012년도 재정사업자율평가보고서(일반재정)(금융위원회),2012년 재정사업자율평가보고서(일반재정)-금융위원회.hwp,FI000000002478521900,11,원문 없음: 표지를 제외한 제공 파일 다운로드,files/11_515_재정사업자율평가/2013-07-25_24785_2012년도 소관별 재정사업 자율평가 보고서/44_목차_2012년도 재정사업자율평가보고서(일반재정)(금융위원회).hwp,112640,020862ab85c70644a186f42b1140a36fe69a96aeac49e7f896be7a2c21fb5563,downloaded,
515,재정사업자율평가,38,24785,FSL1004,2012년도 소관별 재정사업 자율평가 보고서,2013-07-25,기획재정부,https://www.openfiscaldata.go.kr/op/ko/fd/UOPKOFDA02?pageIndex=1&pageSize=8&ofdBrdId=FSL1004&ofdBrdiSeq=24785&ofdBrdiDtsClsCd=515,목차,2012년도 재정사업자율평가보고서(일반재정)(기상청),2012년 재정사업자율평가보고서(일반재정)-기상청.hwp,FI000000002478521900,12,원문 없음: 표지를 제외한 제공 파일 다운로드,files/11_515_재정사업자율평가/2013-07-25_24785_2012년도 소관별 재정사업 자율평가 보고서/45_목차_2012년도 재정사업자율평가보고서(일반재정)(기상청).hwp,451072,a80362cb59458f6246c8b2e3a1e502daf4d28dbdb0b9ed3f3f8081f8f40483cd,downloaded,
515,재정사업자율평가,38,24785,FSL1004,2012년도 소관별 재정사업 자율평가 보고서,2013-07-25,기획재정부,https://www.openfiscaldata.go.kr/op/ko/fd/UOPKOFDA02?pageIndex=1&pageSize=8&ofdBrdId=FSL1004&ofdBrdiSeq=24785&ofdBrdiDtsClsCd=515,목차,2012년도 재정사업자율평가보고서(일반재정)(기획재정부),2012년 재정사업자율평가보고서(일반재정)-기획재정부.hwp,FI000000002478521900,13,원문 없음: 표지를 제외한 제공 파일 다운로드,files/11_515_재정사업자율평가/2013-07-25_24785_2012년도 소관별 재정사업 자율평가 보고서/46_목차_2012년도 재정사업자율평가보고서(일반재정)(기획재정부).hwp,283648,cf674b5683fd0dc6a3e75ce5414b362421404c892e321fa96997ff52a9ddbead,downloaded,
515,재정사업자율평가,38,24785,FSL1004,2012년도 소관별 재정사업 자율평가 보고서,2013-07-25,기획재정부,https://www.openfiscaldata.go.kr/op/ko/fd/UOPKOFDA02?pageIndex=1&pageSize=8&ofdBrdId=FSL1004&ofdBrdiSeq=24785&ofdBrdiDtsClsCd=515,목차,2012년도 재정사업자율평가보고서(일반재정)(농림수산식품부),2012년 재정사업자율평가보고서(일반재정)-농림수산식품부.hwp,FI000000002478521900,14,원문 없음: 표지를 제외한 제공 파일 다운로드,files/11_515_재정사업자율평가/2013-07-25_24785_2012년도 소관별 재정사업 자율평가 보고서/47_목차_2012년도 재정사업자율평가보고서(일반재정)(농림수산식품부).hwp,2323968,96927accf089e2d037a6995c30a5c58fc0c7079560d7c2882a1a971473bd146d,downloaded,
515,재정사업자율평가,38,24785,FSL1004,2012년도 소관별 재정사업 자율평가 보고서,2013-07-25,기획재정부,https://www.openfiscaldata.go.kr/op/ko/fd/UOPKOFDA02?pageIndex=1&pageSize=8&ofdBrdId=FSL1004&ofdBrdiSeq=24785&ofdBrdiDtsClsCd=515,목차,2012년도 재정사업자율평가보고서(일반재정)(농촌진흥청),2012년 재정사업자율평가보고서(일반재정)-농촌진흥청.hwp,FI000000002478521900,15,원문 없음: 표지를 제외한 제공 파일 다운로드,files/11_515_재정사업자율평가/2013-07-25_24785_2012년도 소관별 재정사업 자율평가 보고서/48_목차_2012년도 재정사업자율평가보고서(일반재정)(농촌진흥청).hwp,594432,e43dc96bd1a74319418282be3aceb3c75ac204965cc346ad96b7bec5acf6ecd9,downloaded,
515,재정사업자율평가,38,24785,FSL1004,2012년도 소관별 재정사업 자율평가 보고서,2013-07-25,기획재정부,https://www.openfiscaldata.go.kr/op/ko/fd/UOPKOFDA02?pageIndex=1&pageSize=8&ofdBrdId=FSL1004&ofdBrdiSeq=24785&ofdBrdiDtsClsCd=515,목차,2012년도 재정사업자율평가보고서(일반재정)(문화재청),2012년 재정사업자율평가보고서(일반재정)-문화재청.hwp,FI000000002478521900,16,원문 없음: 표지를 제외한 제공 파일 다운로드,files/11_515_재정사업자율평가/2013-07-25_24785_2012년도 소관별 재정사업 자율평가 보고서/49_목차_2012년도 재정사업자율평가보고서(일반재정)(문화재청).hwp,1093632,753e26e45b3c3c4abbeda5c786653424c4fbb46b232707b8ca02700a1f626b06,downloaded,
515,재정사업자율평가,38,24785,FSL1004,2012년도 소관별 재정사업 자율평가 보고서,2013-07-25,기획재정부,https://www.openfiscaldata.go.kr/op/ko/fd/UOPKOFDA02?pageIndex=1&pageSize=8&ofdBrdId=FSL1004&ofdBrdiSeq=24785&ofdBrdiDtsClsCd=515,목차,2012년도 재정사업자율평가보고서(일반재정)(문화체육관광부),2012년 재정사업자율평가보고서(일반재정)-문화체육관광부.hwp,FI000000002478521900,17,원문 없음: 표지를 제외한 제공 파일 다운로드,files/11_515_재정사업자율평가/2013-07-25_24785_2012년도 소관별 재정사업 자율평가 보고서/50_목차_2012년도 재정사업자율평가보고서(일반재정)(문화체육관광부).hwp,1738240,92caf3b332c63d06676c5e429af0dca84c927a84b3b77afebede760bf13231d1,downloaded,
515,재정사업자율평가,38,24785,FSL1004,2012년도 소관별 재정사업 자율평가 보고서,2013-07-25,기획재정부,https://www.openfiscaldata.go.kr/op/ko/fd/UOPKOFDA02?pageIndex=1&pageSize=8&ofdBrdId=FSL1004&ofdBrdiSeq=24785&ofdBrdiDtsClsCd=515,목차,2012년도 재정사업자율평가보고서(일반재정)(방송통신위원회),2012년 재정사업자율평가보고서(일반재정)-방송통신위원회.hwp,FI000000002478521900,18,원문 없음: 표지를 제외한 제공 파일 다운로드,files/11_515_재정사업자율평가/2013-07-25_24785_2012년도 소관별 재정사업 자율평가 보고서/51_목차_2012년도 재정사업자율평가보고서(일반재정)(방송통신위원회).hwp,528384,b59f64a089108d70991e44ddecb0f8794a91e134f9b9a5273b6a0eadd06672f9,downloaded,
515,재정사업자율평가,38,24785,FSL1004,2012년도 소관별 재정사업 자율평가 보고서,2013-07-25,기획재정부,https://www.openfiscaldata.go.kr/op/ko/fd/UOPKOFDA02?pageIndex=1&pageSize=8&ofdBrdId=FSL1004&ofdBrdiSeq=24785&ofdBrdiDtsClsCd=515,목차,2012년도 재정사업자율평가보고서(일반재정)(법무부),2012년 재정사업자율평가보고서(일반재정)-법무부.hwp,FI000000002478521900,19,원문 없음: 표지를 제외한 제공 파일 다운로드,files/11_515_재정사업자율평가/2013-07-25_24785_2012년도 소관별 재정사업 자율평가 보고서/52_목차_2012년도 재정사업자율평가보고서(일반재정)(법무부).hwp,624640,df3d2febe0eef3627d460a371e3564f88833a471b6eb290624e655ebbf26344e,downloaded,
515,재정사업자율평가,38,24785,FSL1004,2012년도 소관별 재정사업 자율평가 보고서,2013-07-25,기획재정부,https://www.openfiscaldata.go.kr/op/ko/fd/UOPKOFDA02?pageIndex=1&pageSize=8&ofdBrdId=FSL1004&ofdBrdiSeq=24785&ofdBrdiDtsClsCd=515,목차,2012년도 재정사업자율평가보고서(일반재정)(법제처),2012년 재정사업자율평가보고서(일반재정)-법제처.hwp,FI000000002478521900,20,원문 없음: 표지를 제외한 제공 파일 다운로드,files/11_515_재정사업자율평가/2013-07-25_24785_2012년도 소관별 재정사업 자율평가 보고서/53_목차_2012년도 재정사업자율평가보고서(일반재정)(법제처).hwp,253952,d603cddd96e0180fe09f210a6acff663dff0739cf1c21b0e49de8be443cb0342,downloaded,
515,재정사업자율평가,38,24785,FSL1004,2012년도 소관별 재정사업 자율평가 보고서,2013-07-25,기획재정부,https://www.openfiscaldata.go.kr/op/ko/fd/UOPKOFDA02?pageIndex=1&pageSize=8&ofdBrdId=FSL1004&ofdBrdiSeq=24785&ofdBrdiDtsClsCd=515,목차,2012년도 재정사업자율평가보고서(일반재정)(병무청),2012년 재정사업자율평가보고서(일반재정)-병무청.hwp,FI000000002478521900,21,원문 없음: 표지를 제외한 제공 파일 다운로드,files/11_515_재정사업자율평가/2013-07-25_24785_2012년도 소관별 재정사업 자율평가 보고서/54_목차_2012년도 재정사업자율평가보고서(일반재정)(병무청).hwp,67072,b6b17bc753386c07279d7daa9b087ad6bd490c9da978e9feb3379ba9c1ba5776,downloaded,
515,재정사업자율평가,38,24785,FSL1004,2012년도 소관별 재정사업 자율평가 보고서,2013-07-25,기획재정부,https://www.openfiscaldata.go.kr/op/ko/fd/UOPKOFDA02?pageIndex=1&pageSize=8&ofdBrdId=FSL1004&ofdBrdiSeq=24785&ofdBrdiDtsClsCd=515,목차,2012년도 재정사업자율평가보고서(일반재정)(보건복지부),2012년 재정사업자율평가보고서(일반재정)-보건복지부.hwp,FI000000002478521900,22,원문 없음: 표지를 제외한 제공 파일 다운로드,files/11_515_재정사업자율평가/2013-07-25_24785_2012년도 소관별 재정사업 자율평가 보고서/55_목차_2012년도 재정사업자율평가보고서(일반재정)(보건복지부).hwp,5550592,409ee9377135d74d104c22896935a2a217f9c66c7161caa0fad31c41a023219a,downloaded,
515,재정사업자율평가,38,24785,FSL1004,2012년도 소관별 재정사업 자율평가 보고서,2013-07-25,기획재정부,https://www.openfiscaldata.go.kr/op/ko/fd/UOPKOFDA02?pageIndex=1&pageSize=8&ofdBrdId=FSL1004&ofdBrdiSeq=24785&ofdBrdiDtsClsCd=515,목차,2012년도 재정사업자율평가보고서(일반재정)(산림청),2012년 재정사업자율평가보고서(일반재정)-산림청.hwp,FI000000002478521900,23,원문 없음: 표지를 제외한 제공 파일 다운로드,files/11_515_재정사업자율평가/2013-07-25_24785_2012년도 소관별 재정사업 자율평가 보고서/56_목차_2012년도 재정사업자율평가보고서(일반재정)(산림청).hwp,386048,91f69cb26231e7d52f9ae893921f8578b19725125b10089080b64e06aa2d9e55,downloaded,
515,재정사업자율평가,38,24785,FSL1004,2012년도 소관별 재정사업 자율평가 보고서,2013-07-25,기획재정부,https://www.openfiscaldata.go.kr/op/ko/fd/UOPKOFDA02?pageIndex=1&pageSize=8&ofdBrdId=FSL1004&ofdBrdiSeq=24785&ofdBrdiDtsClsCd=515,목차,2012년도 재정사업자율평가보고서(일반재정)(소방방재청),2012년 재정사업자율평가보고서(일반재정)-소방방재청.hwp,FI000000002478521900,24,원문 없음: 표지를 제외한 제공 파일 다운로드,files/11_515_재정사업자율평가/2013-07-25_24785_2012년도 소관별 재정사업 자율평가 보고서/57_목차_2012년도 재정사업자율평가보고서(일반재정)(소방방재청).hwp,97280,f92aae792419a0919e37a2339a10b4edec92d7546f9c24de5ec1ba7c8f349b97,downloaded,
515,재정사업자율평가,38,24785,FSL1004,2012년도 소관별 재정사업 자율평가 보고서,2013-07-25,기획재정부,https://www.openfiscaldata.go.kr/op/ko/fd/UOPKOFDA02?pageIndex=1&pageSize=8&ofdBrdId=FSL1004&ofdBrdiSeq=24785&ofdBrdiDtsClsCd=515,목차,2012년도 재정사업자율평가보고서(일반재정)(식품의약품안전청),2012년 재정사업자율평가보고서(일반재정)-식품의약품안전청.hwp,FI000000002478521900,25,원문 없음: 표지를 제외한 제공 파일 다운로드,files/11_515_재정사업자율평가/2013-07-25_24785_2012년도 소관별 재정사업 자율평가 보고서/58_목차_2012년도 재정사업자율평가보고서(일반재정)(식품의약품안전청).hwp,649728,9d21a7964a94cfa563ef2bf3fbd91e92ab767b25369bd6f896b82431c282a201,downloaded,
515,재정사업자율평가,38,24785,FSL1004,2012년도 소관별 재정사업 자율평가 보고서,2013-07-25,기획재정부,https://www.openfiscaldata.go.kr/op/ko/fd/UOPKOFDA02?pageIndex=1&pageSize=8&ofdBrdId=FSL1004&ofdBrdiSeq=24785&ofdBrdiDtsClsCd=515,목차,2012년도 재정사업자율평가보고서(일반재정)(여성가족부),2012년 재정사업자율평가보고서(일반재정)-여성가족부.hwp,FI000000002478521900,26,원문 없음: 표지를 제외한 제공 파일 다운로드,files/11_515_재정사업자율평가/2013-07-25_24785_2012년도 소관별 재정사업 자율평가 보고서/59_목차_2012년도 재정사업자율평가보고서(일반재정)(여성가족부).hwp,2413568,5bbab65a67526395965b40430554036adc3994a9b22bfd15cbb7ccdbc1b5189b,downloaded,
515,재정사업자율평가,38,24785,FSL1004,2012년도 소관별 재정사업 자율평가 보고서,2013-07-25,기획재정부,https://www.openfiscaldata.go.kr/op/ko/fd/UOPKOFDA02?pageIndex=1&pageSize=8&ofdBrdId=FSL1004&ofdBrdiSeq=24785&ofdBrdiDtsClsCd=515,목차,2012년도 재정사업자율평가보고서(일반재정)(외교통상부),2012년 재정사업자율평가보고서(일반재정)-외교통상부.hwp,FI000000002478521900,27,원문 없음: 표지를 제외한 제공 파일 다운로드,files/11_515_재정사업자율평가/2013-07-25_24785_2012년도 소관별 재정사업 자율평가 보고서/60_목차_2012년도 재정사업자율평가보고서(일반재정)(외교통상부).hwp,2015744,f0f078e1a14eb9fdafe991ff5d5d75ee8610e84efc0455ab215cf41bfc60a309,downloaded,
515,재정사업자율평가,38,24785,FSL1004,2012년도 소관별 재정사업 자율평가 보고서,2013-07-25,기획재정부,https://www.openfiscaldata.go.kr/op/ko/fd/UOPKOFDA02?pageIndex=1&pageSize=8&ofdBrdId=FSL1004&ofdBrdiSeq=24785&ofdBrdiDtsClsCd=515,목차,2012년도 재정사업자율평가보고서(일반재정)(조달청),2012년 재정사업자율평가보고서(일반재정)-조달청.hwp,FI000000002478521900,28,원문 없음: 표지를 제외한 제공 파일 다운로드,files/11_515_재정사업자율평가/2013-07-25_24785_2012년도 소관별 재정사업 자율평가 보고서/61_목차_2012년도 재정사업자율평가보고서(일반재정)(조달청).hwp,1462272,76fa1e85b33b0a3f1e824ee7994650d85d052295c8a6972f8bd4cbe32f8e6c7c,downloaded,
515,재정사업자율평가,38,24785,FSL1004,2012년도 소관별 재정사업 자율평가 보고서,2013-07-25,기획재정부,https://www.openfiscaldata.go.kr/op/ko/fd/UOPKOFDA02?pageIndex=1&pageSize=8&ofdBrdId=FSL1004&ofdBrdiSeq=24785&ofdBrdiDtsClsCd=515,목차,2012년도 재정사업자율평가보고서(일반재정)(중소기업청),2012년 재정사업자율평가보고서(일반재정)-중소기업청.hwp,FI000000002478521900,29,원문 없음: 표지를 제외한 제공 파일 다운로드,files/11_515_재정사업자율평가/2013-07-25_24785_2012년도 소관별 재정사업 자율평가 보고서/62_목차_2012년도 재정사업자율평가보고서(일반재정)(중소기업청).hwp,719360,bdc4cd255465b4922906cadfde8aaff03c7c0c402f0b22e7692b78a4011650a9,downloaded,
515,재정사업자율평가,38,24785,FSL1004,2012년도 소관별 재정사업 자율평가 보고서,2013-07-25,기획재정부,https://www.openfiscaldata.go.kr/op/ko/fd/UOPKOFDA02?pageIndex=1&pageSize=8&ofdBrdId=FSL1004&ofdBrdiSeq=24785&ofdBrdiDtsClsCd=515,목차,2012년도 재정사업자율평가보고서(일반재정)(지식경제부),2012년 재정사업자율평가보고서(일반재정)-지식경제부.hwp,FI000000002478521900,30,원문 없음: 표지를 제외한 제공 파일 다운로드,files/11_515_재정사업자율평가/2013-07-25_24785_2012년도 소관별 재정사업 자율평가 보고서/63_목차_2012년도 재정사업자율평가보고서(일반재정)(지식경제부).hwp,3068928,d38bd61c5c55ef0bb27781344feb35cdb6be75ba4d51213044f054b8fe44cfb3,downloaded,
515,재정사업자율평가,38,24785,FSL1004,2012년도 소관별 재정사업 자율평가 보고서,2013-07-25,기획재정부,https://www.openfiscaldata.go.kr/op/ko/fd/UOPKOFDA02?pageIndex=1&pageSize=8&ofdBrdId=FSL1004&ofdBrdiSeq=24785&ofdBrdiDtsClsCd=515,목차,2012년도 재정사업자율평가보고서(일반재정)(통계청),2012년 재정사업자율평가보고서(일반재정)-통계청.hwp,FI000000002478521900,31,원문 없음: 표지를 제외한 제공 파일 다운로드,files/11_515_재정사업자율평가/2013-07-25_24785_2012년도 소관별 재정사업 자율평가 보고서/64_목차_2012년도 재정사업자율평가보고서(일반재정)(통계청).hwp,288256,c20f7394c21249c4d18a26558fbc69d00bf0d669abb9bc631bc0bbb591eb9b39,downloaded,
515,재정사업자율평가,38,24785,FSL1004,2012년도 소관별 재정사업 자율평가 보고서,2013-07-25,기획재정부,https://www.openfiscaldata.go.kr/op/ko/fd/UOPKOFDA02?pageIndex=1&pageSize=8&ofdBrdId=FSL1004&ofdBrdiSeq=24785&ofdBrdiDtsClsCd=515,목차,2012년도 재정사업자율평가보고서(일반재정)(통일부),2012년 재정사업자율평가보고서(일반재정)-통일부.hwp,FI000000002478521900,32,원문 없음: 표지를 제외한 제공 파일 다운로드,files/11_515_재정사업자율평가/2013-07-25_24785_2012년도 소관별 재정사업 자율평가 보고서/65_목차_2012년도 재정사업자율평가보고서(일반재정)(통일부).hwp,208896,37c804dfb9623e923a3e2dd6e525d8b52180c71512c6aaabd5a67c24336c23a9,downloaded,
515,재정사업자율평가,38,24785,FSL1004,2012년도 소관별 재정사업 자율평가 보고서,2013-07-25,기획재정부,https://www.openfiscaldata.go.kr/op/ko/fd/UOPKOFDA02?pageIndex=1&pageSize=8&ofdBrdId=FSL1004&ofdBrdiSeq=24785&ofdBrdiDtsClsCd=515,목차,2012년도 재정사업자율평가보고서(정보화),2012년도 재정사업자율평가보고서(정보화).zip,FI000000002478521900,66,원문 없음: 표지를 제외한 제공 파일 다운로드,files/11_515_재정사업자율평가/2013-07-25_24785_2012년도 소관별 재정사업 자율평가 보고서/66_목차_2012년도 재정사업자율평가보고서(정보화).zip,5702178,55b9ef9482367bb3e59d005834b577b01b17dace3faedf6f08e67db63cc9d316,downloaded,
515,재정사업자율평가,38,24784,FSL1004,2011년도 소관별 재정사업 자율평가 보고서,2011-09-28,기획재정부,https://www.openfiscaldata.go.kr/op/ko/fd/UOPKOFDA02?pageIndex=1&pageSize=8&ofdBrdId=FSL1004&ofdBrdiSeq=24784&ofdBrdiDtsClsCd=515,목차,2011년도 재정사업자율평가보고서(일반재정)(경찰청),2011년 재정사업자율평가보고서(일반재정)-경찰청.hwp,FI000000002478421840,1,원문 없음: 표지를 제외한 제공 파일 다운로드,files/11_515_재정사업자율평가/2011-09-28_24784_2011년도 소관별 재정사업 자율평가 보고서/01_목차_2011년도 재정사업자율평가보고서(일반재정)(경찰청).hwp,1555456,7173d8e3013d1c65c6f1f5710b410930b8336698933f8531bb46391862d3f1a5,downloaded,
515,재정사업자율평가,38,24784,FSL1004,2011년도 소관별 재정사업 자율평가 보고서,2011-09-28,기획재정부,https://www.openfiscaldata.go.kr/op/ko/fd/UOPKOFDA02?pageIndex=1&pageSize=8&ofdBrdId=FSL1004&ofdBrdiSeq=24784&ofdBrdiDtsClsCd=515,목차,2011년도 재정사업자율평가보고서(일반재정)(특허청),2011년 재정사업자율평가보고서(일반재정)-특허청.hwp,FI000000002478421840,33,원문 없음: 표지를 제외한 제공 파일 다운로드,files/11_515_재정사업자율평가/2011-09-28_24784_2011년도 소관별 재정사업 자율평가 보고서/02_목차_2011년도 재정사업자율평가보고서(일반재정)(특허청).hwp,712704,f13da946e22c722e6b628ef03373718a517557344756f57e858f589dfc5ff920,downloaded,
515,재정사업자율평가,38,24784,FSL1004,2011년도 소관별 재정사업 자율평가 보고서,2011-09-28,기획재정부,https://www.openfiscaldata.go.kr/op/ko/fd/UOPKOFDA02?pageIndex=1&pageSize=8&ofdBrdId=FSL1004&ofdBrdiSeq=24784&ofdBrdiDtsClsCd=515,목차,2011년도 재정사업자율평가보고서(일반재정)(해양경찰청),2011년 재정사업자율평가보고서(일반재정)-해양경찰청.hwp,FI000000002478421840,34,원문 없음: 표지를 제외한 제공 파일 다운로드,files/11_515_재정사업자율평가/2011-09-28_24784_2011년도 소관별 재정사업 자율평가 보고서/03_목차_2011년도 재정사업자율평가보고서(일반재정)(해양경찰청).hwp,1901568,52d96d3a4fc5f303f61c43da14ef7ffe335f519f0bb7a91d63d8aaca9009ca56,downloaded,
515,재정사업자율평가,38,24784,FSL1004,2011년도 소관별 재정사업 자율평가 보고서,2011-09-28,기획재정부,https://www.openfiscaldata.go.kr/op/ko/fd/UOPKOFDA02?pageIndex=1&pageSize=8&ofdBrdId=FSL1004&ofdBrdiSeq=24784&ofdBrdiDtsClsCd=515,목차,2011년도 재정사업자율평가보고서(일반재정)(행정안전부),2011년 재정사업자율평가보고서(일반재정)-행정안전부.hwp,FI000000002478421840,35,원문 없음: 표지를 제외한 제공 파일 다운로드,files/11_515_재정사업자율평가/2011-09-28_24784_2011년도 소관별 재정사업 자율평가 보고서/04_목차_2011년도 재정사업자율평가보고서(일반재정)(행정안전부).hwp,733184,df99bc1309611160d29756cb1cc676b765d7a4710218766dff6a6c2e8966720c,downloaded,
515,재정사업자율평가,38,24784,FSL1004,2011년도 소관별 재정사업 자율평가 보고서,2011-09-28,기획재정부,https://www.openfiscaldata.go.kr/op/ko/fd/UOPKOFDA02?pageIndex=1&pageSize=8&ofdBrdId=FSL1004&ofdBrdiSeq=24784&ofdBrdiDtsClsCd=515,목차,2011년도 재정사업자율평가보고서(일반재정)(행정중심복합도시건설청),2011년 재정사업자율평가보고서(일반재정)-행정중심복합도시건설청.hwp,FI000000002478421840,36,원문 없음: 표지를 제외한 제공 파일 다운로드,files/11_515_재정사업자율평가/2011-09-28_24784_2011년도 소관별 재정사업 자율평가 보고서/05_목차_2011년도 재정사업자율평가보고서(일반재정)(행정중심복합도시건설청).hwp,197632,ea04991527b67be6b07cf4ced22706adb87aa60d58ffe3aa694c44c4e977a143,downloaded,
515,재정사업자율평가,38,24784,FSL1004,2011년도 소관별 재정사업 자율평가 보고서,2011-09-28,기획재정부,https://www.openfiscaldata.go.kr/op/ko/fd/UOPKOFDA02?pageIndex=1&pageSize=8&ofdBrdId=FSL1004&ofdBrdiSeq=24784&ofdBrdiDtsClsCd=515,목차,2011년도 재정사업자율평가보고서(일반재정)(환경부),2011년 재정사업자율평가보고서(일반재정)-환경부.hwp,FI000000002478421840,37,원문 없음: 표지를 제외한 제공 파일 다운로드,files/11_515_재정사업자율평가/2011-09-28_24784_2011년도 소관별 재정사업 자율평가 보고서/06_목차_2011년도 재정사업자율평가보고서(일반재정)(환경부).hwp,4596736,b17d7ee05e76c8b5e56c4b14704b4e148406ea800f0223fb45d9f771a1b04ddd,downloaded,
515,재정사업자율평가,38,24784,FSL1004,2011년도 소관별 재정사업 자율평가 보고서,2011-09-28,기획재정부,https://www.openfiscaldata.go.kr/op/ko/fd/UOPKOFDA02?pageIndex=1&pageSize=8&ofdBrdId=FSL1004&ofdBrdiSeq=24784&ofdBrdiDtsClsCd=515,목차,2011년도 재정사업자율평가보고서(정보화)(경찰청),2011년 재정사업자율평가보고서(정보화)-경찰청_정보화,FI000000002478421840,38,원문 없음: 표지를 제외한 제공 파일 다운로드,files/11_515_재정사업자율평가/2011-09-28_24784_2011년도 소관별 재정사업 자율평가 보고서/07_목차_2011년도 재정사업자율평가보고서(정보화)(경찰청).bin.hwp,83968,f2d85d5fa1e25d98563a09a8a8d81fb4317f76d6ec6831c55904fb15c30e0a7a,downloaded,
515,재정사업자율평가,38,24784,FSL1004,2011년도 소관별 재정사업 자율평가 보고서,2011-09-28,기획재정부,https://www.openfiscaldata.go.kr/op/ko/fd/UOPKOFDA02?pageIndex=1&pageSize=8&ofdBrdId=FSL1004&ofdBrdiSeq=24784&ofdBrdiDtsClsCd=515,목차,2011년도 재정사업자율평가보고서(정보화)(고용노동부),2011년 재정사업자율평가보고서(정보화)-고용부_정보화,FI000000002478421840,39,원문 없음: 표지를 제외한 제공 파일 다운로드,files/11_515_재정사업자율평가/2011-09-28_24784_2011년도 소관별 재정사업 자율평가 보고서/08_목차_2011년도 재정사업자율평가보고서(정보화)(고용노동부).bin.hwp,1277952,d7abe2f372d65648a88d8fd68e3e90871d50ab050d03dca3640762a8fae7e285,downloaded,
515,재정사업자율평가,38,24784,FSL1004,2011년도 소관별 재정사업 자율평가 보고서,2011-09-28,기획재정부,https://www.openfiscaldata.go.kr/op/ko/fd/UOPKOFDA02?pageIndex=1&pageSize=8&ofdBrdId=FSL1004&ofdBrdiSeq=24784&ofdBrdiDtsClsCd=515,목차,2011년도 재정사업자율평가보고서(정보화)(교육과학기술부),2011년 재정사업자율평가보고서(정보화)-교과부_정보화,FI000000002478421840,40,원문 없음: 표지를 제외한 제공 파일 다운로드,files/11_515_재정사업자율평가/2011-09-28_24784_2011년도 소관별 재정사업 자율평가 보고서/09_목차_2011년도 재정사업자율평가보고서(정보화)(교육과학기술부).bin.hwp,1668608,1edf23ae19d679a6298b73fe38783d8f43a7ef5461ffe30e6ff71ff334af197e,downloaded,
515,재정사업자율평가,38,24784,FSL1004,2011년도 소관별 재정사업 자율평가 보고서,2011-09-28,기획재정부,https://www.openfiscaldata.go.kr/op/ko/fd/UOPKOFDA02?pageIndex=1&pageSize=8&ofdBrdId=FSL1004&ofdBrdiSeq=24784&ofdBrdiDtsClsCd=515,목차,2011년도 재정사업자율평가보고서(정보화)(국세청),2011년 재정사업자율평가보고서(정보화)-국세청_정보화,FI000000002478421840,41,원문 없음: 표지를 제외한 제공 파일 다운로드,files/11_515_재정사업자율평가/2011-09-28_24784_2011년도 소관별 재정사업 자율평가 보고서/10_목차_2011년도 재정사업자율평가보고서(정보화)(국세청).bin.hwp,2731520,a25296d45b55d48c4d1a48ae0d22b160dcd01f12080b19d4ccb874fb874a1bcb,downloaded,
515,재정사업자율평가,38,24784,FSL1004,2011년도 소관별 재정사업 자율평가 보고서,2011-09-28,기획재정부,https://www.openfiscaldata.go.kr/op/ko/fd/UOPKOFDA02?pageIndex=1&pageSize=8&ofdBrdId=FSL1004&ofdBrdiSeq=24784&ofdBrdiDtsClsCd=515,목차,2011년도 재정사업자율평가보고서(정보화)(국토해양부),2011년 재정사업자율평가보고서(정보화)-국토부_정보화,FI000000002478421840,42,원문 없음: 표지를 제외한 제공 파일 다운로드,files/11_515_재정사업자율평가/2011-09-28_24784_2011년도 소관별 재정사업 자율평가 보고서/11_목차_2011년도 재정사업자율평가보고서(정보화)(국토해양부).bin.hwp,11789824,c824a21b208cf656760a234216e77a64b03bbc83592cd8467ef6fa1c361fbd33,downloaded,
515,재정사업자율평가,38,24784,FSL1004,2011년도 소관별 재정사업 자율평가 보고서,2011-09-28,기획재정부,https://www.openfiscaldata.go.kr/op/ko/fd/UOPKOFDA02?pageIndex=1&pageSize=8&ofdBrdId=FSL1004&ofdBrdiSeq=24784&ofdBrdiDtsClsCd=515,목차,2011년도 재정사업자율평가보고서(정보화)(국민권익위원회),2011년 재정사업자율평가보고서(정보화)-권익위_정보화,FI000000002478421840,43,원문 없음: 표지를 제외한 제공 파일 다운로드,files/11_515_재정사업자율평가/2011-09-28_24784_2011년도 소관별 재정사업 자율평가 보고서/12_목차_2011년도 재정사업자율평가보고서(정보화)(국민권익위원회).bin.hwp,167424,66e83e602c80e72c4ec8d4842f0e70d3c040f6aefc7b8f301ace5c6646a9b9a7,downloaded,
515,재정사업자율평가,38,24784,FSL1004,2011년도 소관별 재정사업 자율평가 보고서,2011-09-28,기획재정부,https://www.openfiscaldata.go.kr/op/ko/fd/UOPKOFDA02?pageIndex=1&pageSize=8&ofdBrdId=FSL1004&ofdBrdiSeq=24784&ofdBrdiDtsClsCd=515,목차,2011년도 재정사업자율평가보고서(정보화)(금융위원회),2011년 재정사업자율평가보고서(정보화)-금융위_정보화,FI000000002478421840,44,원문 없음: 표지를 제외한 제공 파일 다운로드,files/11_515_재정사업자율평가/2011-09-28_24784_2011년도 소관별 재정사업 자율평가 보고서/13_목차_2011년도 재정사업자율평가보고서(정보화)(금융위원회).bin.hwp,494080,49e2c69cc3d233f5e6c5805b4506e3fcb233d8573cbcf118c1b3948007e19eec,downloaded,
515,재정사업자율평가,38,24784,FSL1004,2011년도 소관별 재정사업 자율평가 보고서,2011-09-28,기획재정부,https://www.openfiscaldata.go.kr/op/ko/fd/UOPKOFDA02?pageIndex=1&pageSize=8&ofdBrdId=FSL1004&ofdBrdiSeq=24784&ofdBrdiDtsClsCd=515,목차,2011년도 재정사업자율평가보고서(정보화)(기상청),2011년 재정사업자율평가보고서(정보화)-기상청_정보화,FI000000002478421840,45,원문 없음: 표지를 제외한 제공 파일 다운로드,files/11_515_재정사업자율평가/2011-09-28_24784_2011년도 소관별 재정사업 자율평가 보고서/14_목차_2011년도 재정사업자율평가보고서(정보화)(기상청).bin.hwp,20969984,ddf72b5f5a9ea79d24a3a19efa95611c0910d03b1779b440ac2ae70b19dd6a34,downloaded,
515,재정사업자율평가,38,24784,FSL1004,2011년도 소관별 재정사업 자율평가 보고서,2011-09-28,기획재정부,https://www.openfiscaldata.go.kr/op/ko/fd/UOPKOFDA02?pageIndex=1&pageSize=8&ofdBrdId=FSL1004&ofdBrdiSeq=24784&ofdBrdiDtsClsCd=515,목차,2011년도 재정사업자율평가보고서(정보화)(기획재정부),2011년 재정사업자율평가보고서(정보화)-기재부_정보화,FI000000002478421840,46,원문 없음: 표지를 제외한 제공 파일 다운로드,files/11_515_재정사업자율평가/2011-09-28_24784_2011년도 소관별 재정사업 자율평가 보고서/15_목차_2011년도 재정사업자율평가보고서(정보화)(기획재정부).bin.hwp,777728,2442eb1675ec93194c7359e1ec1bd0f42239f3f309ce00b2345bbc93cfec0953,downloaded,
515,재정사업자율평가,38,24784,FSL1004,2011년도 소관별 재정사업 자율평가 보고서,2011-09-28,기획재정부,https://www.openfiscaldata.go.kr/op/ko/fd/UOPKOFDA02?pageIndex=1&pageSize=8&ofdBrdId=FSL1004&ofdBrdiSeq=24784&ofdBrdiDtsClsCd=515,목차,2011년도 재정사업자율평가보고서(정보화)(농림수산식품부),2011년 재정사업자율평가보고서(정보화)-농림부_정보화,FI000000002478421840,47,원문 없음: 표지를 제외한 제공 파일 다운로드,files/11_515_재정사업자율평가/2011-09-28_24784_2011년도 소관별 재정사업 자율평가 보고서/16_목차_2011년도 재정사업자율평가보고서(정보화)(농림수산식품부).bin.hwp,805376,eabe3e0a81ce3f02f04f1216d142410dfde6ee3d95f6d559d9f859cec4d3e208,downloaded,
515,재정사업자율평가,38,24784,FSL1004,2011년도 소관별 재정사업 자율평가 보고서,2011-09-28,기획재정부,https://www.openfiscaldata.go.kr/op/ko/fd/UOPKOFDA02?pageIndex=1&pageSize=8&ofdBrdId=FSL1004&ofdBrdiSeq=24784&ofdBrdiDtsClsCd=515,목차,2011년도 재정사업자율평가보고서(정보화)(농촌진흥청),2011년 재정사업자율평가보고서(정보화)-농진청_정보화,FI000000002478421840,48,원문 없음: 표지를 제외한 제공 파일 다운로드,files/11_515_재정사업자율평가/2011-09-28_24784_2011년도 소관별 재정사업 자율평가 보고서/17_목차_2011년도 재정사업자율평가보고서(정보화)(농촌진흥청).bin.hwp,11962880,e9be2cf729bb4d99722ae9ff1366f6b4d4f1a825db30b006c7aa065e57308e5a,downloaded,
515,재정사업자율평가,38,24784,FSL1004,2011년도 소관별 재정사업 자율평가 보고서,2011-09-28,기획재정부,https://www.openfiscaldata.go.kr/op/ko/fd/UOPKOFDA02?pageIndex=1&pageSize=8&ofdBrdId=FSL1004&ofdBrdiSeq=24784&ofdBrdiDtsClsCd=515,목차,2011년도 재정사업자율평가보고서(정보화)(문화체육관광부),2011년 재정사업자율평가보고서(정보화)-문화부_정보화,FI000000002478421840,49,원문 없음: 표지를 제외한 제공 파일 다운로드,files/11_515_재정사업자율평가/2011-09-28_24784_2011년도 소관별 재정사업 자율평가 보고서/18_목차_2011년도 재정사업자율평가보고서(정보화)(문화체육관광부).bin.hwp,497152,32192e24aff45262cb9079f2d08205a06ff2a6ab95c5fb447fdf363860e5c77d,downloaded,
515,재정사업자율평가,38,24784,FSL1004,2011년도 소관별 재정사업 자율평가 보고서,2011-09-28,기획재정부,https://www.openfiscaldata.go.kr/op/ko/fd/UOPKOFDA02?pageIndex=1&pageSize=8&ofdBrdId=FSL1004&ofdBrdiSeq=24784&ofdBrdiDtsClsCd=515,목차,2011년도 재정사업자율평가보고서(정보화)(소방방재청),2011년 재정사업자율평가보고서(정보화)-방재청_정보화,FI000000002478421840,50,원문 없음: 표지를 제외한 제공 파일 다운로드,files/11_515_재정사업자율평가/2011-09-28_24784_2011년도 소관별 재정사업 자율평가 보고서/19_목차_2011년도 재정사업자율평가보고서(정보화)(소방방재청).bin.hwp,4499968,e47d1baf32aa9842b48fb1462adaf9930a2c9dec7b6a9c5362422bafa440e47a,downloaded,
515,재정사업자율평가,38,24784,FSL1004,2011년도 소관별 재정사업 자율평가 보고서,2011-09-28,기획재정부,https://www.openfiscaldata.go.kr/op/ko/fd/UOPKOFDA02?pageIndex=1&pageSize=8&ofdBrdId=FSL1004&ofdBrdiSeq=24784&ofdBrdiDtsClsCd=515,목차,2011년도 재정사업자율평가보고서(정보화)(방송통신위원회),2011년 재정사업자율평가보고서(정보화)-방통위_정보화,FI000000002478421840,51,원문 없음: 표지를 제외한 제공 파일 다운로드,files/11_515_재정사업자율평가/2011-09-28_24784_2011년도 소관별 재정사업 자율평가 보고서/20_목차_2011년도 재정사업자율평가보고서(정보화)(방송통신위원회).bin.hwp,4754944,5abf9efe79391d7ba340572ac5e8a3d2b19665a5b5219c3c5db919a6b0dd237c,downloaded,
515,재정사업자율평가,38,24784,FSL1004,2011년도 소관별 재정사업 자율평가 보고서,2011-09-28,기획재정부,https://www.openfiscaldata.go.kr/op/ko/fd/UOPKOFDA02?pageIndex=1&pageSize=8&ofdBrdId=FSL1004&ofdBrdiSeq=24784&ofdBrdiDtsClsCd=515,목차,2011년도 재정사업자율평가보고서(정보화)(법무부),2011년 재정사업자율평가보고서(정보화)-법무부_정보화,FI000000002478421840,52,원문 없음: 표지를 제외한 제공 파일 다운로드,files/11_515_재정사업자율평가/2011-09-28_24784_2011년도 소관별 재정사업 자율평가 보고서/21_목차_2011년도 재정사업자율평가보고서(정보화)(법무부).bin.hwp,759808,fc5bea67919e88478303d01830498851d05b668a6bdb044a6dc1bbd7ee6cbaa9,downloaded,
515,재정사업자율평가,38,24784,FSL1004,2011년도 소관별 재정사업 자율평가 보고서,2011-09-28,기획재정부,https://www.openfiscaldata.go.kr/op/ko/fd/UOPKOFDA02?pageIndex=1&pageSize=8&ofdBrdId=FSL1004&ofdBrdiSeq=24784&ofdBrdiDtsClsCd=515,목차,2011년도 재정사업자율평가보고서(정보화)(병무청),2011년 재정사업자율평가보고서(정보화)-병무청_정보화,FI000000002478421840,53,원문 없음: 표지를 제외한 제공 파일 다운로드,files/11_515_재정사업자율평가/2011-09-28_24784_2011년도 소관별 재정사업 자율평가 보고서/22_목차_2011년도 재정사업자율평가보고서(정보화)(병무청).bin.hwp,1196544,3c1482f4803353e45972999e80a5aeacde98b706bbd69c5d2e1b939325082844,downloaded,
515,재정사업자율평가,38,24784,FSL1004,2011년도 소관별 재정사업 자율평가 보고서,2011-09-28,기획재정부,https://www.openfiscaldata.go.kr/op/ko/fd/UOPKOFDA02?pageIndex=1&pageSize=8&ofdBrdId=FSL1004&ofdBrdiSeq=24784&ofdBrdiDtsClsCd=515,목차,2011년도 재정사업자율평가보고서(정보화)(보건복지),2011년 재정사업자율평가보고서(정보화)-복지부_정보화,FI000000002478421840,54,원문 없음: 표지를 제외한 제공 파일 다운로드,files/11_515_재정사업자율평가/2011-09-28_24784_2011년도 소관별 재정사업 자율평가 보고서/23_목차_2011년도 재정사업자율평가보고서(정보화)(보건복지).bin.hwp,650240,9e12cc7251f29532c5420f3e8a2ad7cbab51d6c9efc77c5918b16b11a8d9ff99,downloaded,
515,재정사업자율평가,38,24784,FSL1004,2011년도 소관별 재정사업 자율평가 보고서,2011-09-28,기획재정부,https://www.openfiscaldata.go.kr/op/ko/fd/UOPKOFDA02?pageIndex=1&pageSize=8&ofdBrdId=FSL1004&ofdBrdiSeq=24784&ofdBrdiDtsClsCd=515,목차,2011년도 재정사업자율평가보고서(정보화)(지식경제부),2011년 재정사업자율평가보고서(정보화)-지경부_정보화,FI000000002478421840,55,원문 없음: 표지를 제외한 제공 파일 다운로드,files/11_515_재정사업자율평가/2011-09-28_24784_2011년도 소관별 재정사업 자율평가 보고서/24_목차_2011년도 재정사업자율평가보고서(정보화)(지식경제부).bin.hwp,10380800,0047488a8adf7dae79ffec373062348b1aab5d0cca42be8d63686208574beee5,downloaded,
515,재정사업자율평가,38,24784,FSL1004,2011년도 소관별 재정사업 자율평가 보고서,2011-09-28,기획재정부,https://www.openfiscaldata.go.kr/op/ko/fd/UOPKOFDA02?pageIndex=1&pageSize=8&ofdBrdId=FSL1004&ofdBrdiSeq=24784&ofdBrdiDtsClsCd=515,목차,2011년도 재정사업자율평가보고서(정보화)(총리실),2011년 재정사업자율평가보고서(정보화)-총리실_정보화,FI000000002478421840,56,원문 없음: 표지를 제외한 제공 파일 다운로드,files/11_515_재정사업자율평가/2011-09-28_24784_2011년도 소관별 재정사업 자율평가 보고서/25_목차_2011년도 재정사업자율평가보고서(정보화)(총리실).bin.hwp,259072,176176da34322bcd5b1312cde70b8277c6d9b3d3c4d5fb3d35b97149718c039b,downloaded,
515,재정사업자율평가,38,24784,FSL1004,2011년도 소관별 재정사업 자율평가 보고서,2011-09-28,기획재정부,https://www.openfiscaldata.go.kr/op/ko/fd/UOPKOFDA02?pageIndex=1&pageSize=8&ofdBrdId=FSL1004&ofdBrdiSeq=24784&ofdBrdiDtsClsCd=515,목차,2011년도 재정사업자율평가보고서(정보화)(통계청),2011년 재정사업자율평가보고서(정보화)-통계청_정보화,FI000000002478421840,57,원문 없음: 표지를 제외한 제공 파일 다운로드,files/11_515_재정사업자율평가/2011-09-28_24784_2011년도 소관별 재정사업 자율평가 보고서/26_목차_2011년도 재정사업자율평가보고서(정보화)(통계청).bin.hwp,426496,9fdafb5a5e61f7bdcee8f93f8dacc0457e9a0f4bb5259fe6f928d28dc62e88cd,downloaded,
515,재정사업자율평가,38,24784,FSL1004,2011년도 소관별 재정사업 자율평가 보고서,2011-09-28,기획재정부,https://www.openfiscaldata.go.kr/op/ko/fd/UOPKOFDA02?pageIndex=1&pageSize=8&ofdBrdId=FSL1004&ofdBrdiSeq=24784&ofdBrdiDtsClsCd=515,목차,2011년도 재정사업자율평가보고서(정보화)(통일부),2011년 재정사업자율평가보고서(정보화)-통일부_정보화,FI000000002478421840,58,원문 없음: 표지를 제외한 제공 파일 다운로드,files/11_515_재정사업자율평가/2011-09-28_24784_2011년도 소관별 재정사업 자율평가 보고서/27_목차_2011년도 재정사업자율평가보고서(정보화)(통일부).bin.hwp,89088,b0827294097737da1747076cfec690aea7444854352a9959c3db6edb8b494fa5,downloaded,
515,재정사업자율평가,38,24784,FSL1004,2011년도 소관별 재정사업 자율평가 보고서,2011-09-28,기획재정부,https://www.openfiscaldata.go.kr/op/ko/fd/UOPKOFDA02?pageIndex=1&pageSize=8&ofdBrdId=FSL1004&ofdBrdiSeq=24784&ofdBrdiDtsClsCd=515,목차,2011년도 재정사업자율평가보고서(정보화)(행정안전부),2011년 재정사업자율평가보고서(정보화)-행안부_정보화,FI000000002478421840,59,원문 없음: 표지를 제외한 제공 파일 다운로드,files/11_515_재정사업자율평가/2011-09-28_24784_2011년도 소관별 재정사업 자율평가 보고서/28_목차_2011년도 재정사업자율평가보고서(정보화)(행정안전부).bin.hwp,949760,384cd2f78d473bbf2c192697b0f3c778d386dda5bb28e9df8d643b1325eb6a56,downloaded,
515,재정사업자율평가,38,24784,FSL1004,2011년도 소관별 재정사업 자율평가 보고서,2011-09-28,기획재정부,https://www.openfiscaldata.go.kr/op/ko/fd/UOPKOFDA02?pageIndex=1&pageSize=8&ofdBrdId=FSL1004&ofdBrdiSeq=24784&ofdBrdiDtsClsCd=515,목차,2011년도 재정사업자율평가보고서(정보화)(환경부),2011년 재정사업자율평가보고서(정보화)-환경부_정보화,FI000000002478421840,60,원문 없음: 표지를 제외한 제공 파일 다운로드,files/11_515_재정사업자율평가/2011-09-28_24784_2011년도 소관별 재정사업 자율평가 보고서/29_목차_2011년도 재정사업자율평가보고서(정보화)(환경부).bin.hwp,359936,5f54c7cbfc02448655b2153b140a34116b581a980d47dc83ed931f961d85a90d,downloaded,
515,재정사업자율평가,38,24784,FSL1004,2011년도 소관별 재정사업 자율평가 보고서,2011-09-28,기획재정부,https://www.openfiscaldata.go.kr/op/ko/fd/UOPKOFDA02?pageIndex=1&pageSize=8&ofdBrdId=FSL1004&ofdBrdiSeq=24784&ofdBrdiDtsClsCd=515,목차,2011년도 재정사업자율평가보고서(일반재정),2011년도 재정사업자율평가보고서(일반재정).zip,FI000000002478421840,61,원문 없음: 표지를 제외한 제공 파일 다운로드,files/11_515_재정사업자율평가/2011-09-28_24784_2011년도 소관별 재정사업 자율평가 보고서/30_목차_2011년도 재정사업자율평가보고서(일반재정).zip,166583950,440d538be92587c49054a1c9d23ec1a3f22d9b3c33ff989ce93d6c3f84bc74c2,downloaded,
515,재정사업자율평가,38,24784,FSL1004,2011년도 소관별 재정사업 자율평가 보고서,2011-09-28,기획재정부,https://www.openfiscaldata.go.kr/op/ko/fd/UOPKOFDA02?pageIndex=1&pageSize=8&ofdBrdId=FSL1004&ofdBrdiSeq=24784&ofdBrdiDtsClsCd=515,목차,2011년도 재정사업자율평가보고서(일반재정)(통일부),2011년 재정사업자율평가보고서(일반재정)-통일부.hwp,FI000000002478421840,32,원문 없음: 표지를 제외한 제공 파일 다운로드,files/11_515_재정사업자율평가/2011-09-28_24784_2011년도 소관별 재정사업 자율평가 보고서/31_목차_2011년도 재정사업자율평가보고서(일반재정)(통일부).hwp,679936,6b7a90bb8f9e8b272d4498950206e8bd3736cebf8f2c72b72a647dcc7ff6cd58,downloaded,
515,재정사업자율평가,38,24784,FSL1004,2011년도 소관별 재정사업 자율평가 보고서,2011-09-28,기획재정부,https://www.openfiscaldata.go.kr/op/ko/fd/UOPKOFDA02?pageIndex=1&pageSize=8&ofdBrdId=FSL1004&ofdBrdiSeq=24784&ofdBrdiDtsClsCd=515,목차,2011년도 재정사업자율평가보고서(일반재정)(통계청),2011년 재정사업자율평가보고서(일반재정)-통계청.hwp,FI000000002478421840,31,원문 없음: 표지를 제외한 제공 파일 다운로드,files/11_515_재정사업자율평가/2011-09-28_24784_2011년도 소관별 재정사업 자율평가 보고서/32_목차_2011년도 재정사업자율평가보고서(일반재정)(통계청).hwp,1113600,452899e569847a5095670735e2ced52897c56570aacb80cae2910d1da59be7d4,downloaded,
515,재정사업자율평가,38,24784,FSL1004,2011년도 소관별 재정사업 자율평가 보고서,2011-09-28,기획재정부,https://www.openfiscaldata.go.kr/op/ko/fd/UOPKOFDA02?pageIndex=1&pageSize=8&ofdBrdId=FSL1004&ofdBrdiSeq=24784&ofdBrdiDtsClsCd=515,목차,2011년도 재정사업자율평가보고서(일반재정)(고용노동부),2011년 재정사업자율평가보고서(일반재정)-고용노동부.hwp,FI000000002478421840,2,원문 없음: 표지를 제외한 제공 파일 다운로드,files/11_515_재정사업자율평가/2011-09-28_24784_2011년도 소관별 재정사업 자율평가 보고서/33_목차_2011년도 재정사업자율평가보고서(일반재정)(고용노동부).hwp,1713152,7981a1c93afe2943ed36f43c66bf17b6d41c783345e6aca29eed2d86bd0862ee,downloaded,
515,재정사업자율평가,38,24784,FSL1004,2011년도 소관별 재정사업 자율평가 보고서,2011-09-28,기획재정부,https://www.openfiscaldata.go.kr/op/ko/fd/UOPKOFDA02?pageIndex=1&pageSize=8&ofdBrdId=FSL1004&ofdBrdiSeq=24784&ofdBrdiDtsClsCd=515,목차,2011년도 재정사업자율평가보고서(일반재정)(공정거래위원회),2011년 재정사업자율평가보고서(일반재정)-공정거래위원회.hwp,FI000000002478421840,3,원문 없음: 표지를 제외한 제공 파일 다운로드,files/11_515_재정사업자율평가/2011-09-28_24784_2011년도 소관별 재정사업 자율평가 보고서/34_목차_2011년도 재정사업자율평가보고서(일반재정)(공정거래위원회).hwp,355328,ac66c33f8ca6d04ff19e44f3b76e736f0045892eb172359a3384c1570f2426b4,downloaded,
515,재정사업자율평가,38,24784,FSL1004,2011년도 소관별 재정사업 자율평가 보고서,2011-09-28,기획재정부,https://www.openfiscaldata.go.kr/op/ko/fd/UOPKOFDA02?pageIndex=1&pageSize=8&ofdBrdId=FSL1004&ofdBrdiSeq=24784&ofdBrdiDtsClsCd=515,목차,2011년도 재정사업자율평가보고서(일반재정)(관세청),2011년 재정사업자율평가보고서(일반재정)-관세청.hwp,FI000000002478421840,4,원문 없음: 표지를 제외한 제공 파일 다운로드,files/11_515_재정사업자율평가/2011-09-28_24784_2011년도 소관별 재정사업 자율평가 보고서/35_목차_2011년도 재정사업자율평가보고서(일반재정)(관세청).hwp,558592,f6f15ccaebb7d918bffb7088f0654205b209babd13807e5c3f9fd6d8387ab219,downloaded,
515,재정사업자율평가,38,24784,FSL1004,2011년도 소관별 재정사업 자율평가 보고서,2011-09-28,기획재정부,https://www.openfiscaldata.go.kr/op/ko/fd/UOPKOFDA02?pageIndex=1&pageSize=8&ofdBrdId=FSL1004&ofdBrdiSeq=24784&ofdBrdiDtsClsCd=515,목차,2011년도 재정사업자율평가보고서(일반재정)(교육과학기술부),2011년 재정사업자율평가보고서(일반재정)-교육과학기술부.hwp,FI000000002478421840,5,원문 없음: 표지를 제외한 제공 파일 다운로드,files/11_515_재정사업자율평가/2011-09-28_24784_2011년도 소관별 재정사업 자율평가 보고서/36_목차_2011년도 재정사업자율평가보고서(일반재정)(교육과학기술부).hwp,4954112,ceac134a93a9606ebfc575082e6c883ced0686fdaf81110e6b458e6d1b853b2f,downloaded,
515,재정사업자율평가,38,24784,FSL1004,2011년도 소관별 재정사업 자율평가 보고서,2011-09-28,기획재정부,https://www.openfiscaldata.go.kr/op/ko/fd/UOPKOFDA02?pageIndex=1&pageSize=8&ofdBrdId=FSL1004&ofdBrdiSeq=24784&ofdBrdiDtsClsCd=515,목차,2011년도 재정사업자율평가보고서(일반재정)(국가보훈처),2011년 재정사업자율평가보고서(일반재정)-국가보훈처.hwp,FI000000002478421840,6,원문 없음: 표지를 제외한 제공 파일 다운로드,files/11_515_재정사업자율평가/2011-09-28_24784_2011년도 소관별 재정사업 자율평가 보고서/37_목차_2011년도 재정사업자율평가보고서(일반재정)(국가보훈처).hwp,433152,8ce4aeea03903dfb9b23a27b922e01a2c7f8f4c409cff032ee6baf2b2f619afd,downloaded,
515,재정사업자율평가,38,24784,FSL1004,2011년도 소관별 재정사업 자율평가 보고서,2011-09-28,기획재정부,https://www.openfiscaldata.go.kr/op/ko/fd/UOPKOFDA02?pageIndex=1&pageSize=8&ofdBrdId=FSL1004&ofdBrdiSeq=24784&ofdBrdiDtsClsCd=515,목차,2011년도 재정사업자율평가보고서(일반재정)(국민권익위원회),2011년 재정사업자율평가보고서(일반재정)-국민권익위원회.hwp,FI000000002478421840,7,원문 없음: 표지를 제외한 제공 파일 다운로드,files/11_515_재정사업자율평가/2011-09-28_24784_2011년도 소관별 재정사업 자율평가 보고서/38_목차_2011년도 재정사업자율평가보고서(일반재정)(국민권익위원회).hwp,337920,bbe636f0a6936ae95ca8123c08d0b6488e4233d05b63241aa1870d849dc0f173,downloaded,
515,재정사업자율평가,38,24784,FSL1004,2011년도 소관별 재정사업 자율평가 보고서,2011-09-28,기획재정부,https://www.openfiscaldata.go.kr/op/ko/fd/UOPKOFDA02?pageIndex=1&pageSize=8&ofdBrdId=FSL1004&ofdBrdiSeq=24784&ofdBrdiDtsClsCd=515,목차,2011년도 재정사업자율평가보고서(일반재정)(국세청),2011년 재정사업자율평가보고서(일반재정)-국세청.hwp,FI000000002478421840,8,원문 없음: 표지를 제외한 제공 파일 다운로드,files/11_515_재정사업자율평가/2011-09-28_24784_2011년도 소관별 재정사업 자율평가 보고서/39_목차_2011년도 재정사업자율평가보고서(일반재정)(국세청).hwp,1188352,dc04d1f6296bba19a155b4a3738ca16aa94be01aee8a8b4d64cf791df87af0a0,downloaded,
515,재정사업자율평가,38,24784,FSL1004,2011년도 소관별 재정사업 자율평가 보고서,2011-09-28,기획재정부,https://www.openfiscaldata.go.kr/op/ko/fd/UOPKOFDA02?pageIndex=1&pageSize=8&ofdBrdId=FSL1004&ofdBrdiSeq=24784&ofdBrdiDtsClsCd=515,목차,2011년도 재정사업자율평가보고서(일반재정)(국토해양부),2011년 재정사업자율평가보고서(일반재정)-국토해양부.hwp,FI000000002478421840,9,원문 없음: 표지를 제외한 제공 파일 다운로드,files/11_515_재정사업자율평가/2011-09-28_24784_2011년도 소관별 재정사업 자율평가 보고서/40_목차_2011년도 재정사업자율평가보고서(일반재정)(국토해양부).hwp,23518208,f1a10cbc2f0b148dbabe47c7f0524d392d1dfac17470a3e0bfb44e10e07f0e95,downloaded,
515,재정사업자율평가,38,24784,FSL1004,2011년도 소관별 재정사업 자율평가 보고서,2011-09-28,기획재정부,https://www.openfiscaldata.go.kr/op/ko/fd/UOPKOFDA02?pageIndex=1&pageSize=8&ofdBrdId=FSL1004&ofdBrdiSeq=24784&ofdBrdiDtsClsCd=515,목차,2011년도 재정사업자율평가보고서(일반재정)(금융위원회),2011년 재정사업자율평가보고서(일반재정)-금융위원회.hwp,FI000000002478421840,10,원문 없음: 표지를 제외한 제공 파일 다운로드,files/11_515_재정사업자율평가/2011-09-28_24784_2011년도 소관별 재정사업 자율평가 보고서/41_목차_2011년도 재정사업자율평가보고서(일반재정)(금융위원회).hwp,1082880,ac0ee9acadafc173b4c3f3e6992af87a87f35f74563bb519a1a45d27250b21d2,downloaded,
515,재정사업자율평가,38,24784,FSL1004,2011년도 소관별 재정사업 자율평가 보고서,2011-09-28,기획재정부,https://www.openfiscaldata.go.kr/op/ko/fd/UOPKOFDA02?pageIndex=1&pageSize=8&ofdBrdId=FSL1004&ofdBrdiSeq=24784&ofdBrdiDtsClsCd=515,목차,2011년도 재정사업자율평가보고서(일반재정)(기상청),2011년 재정사업자율평가보고서(일반재정)-기상청.hwp,FI000000002478421840,11,원문 없음: 표지를 제외한 제공 파일 다운로드,files/11_515_재정사업자율평가/2011-09-28_24784_2011년도 소관별 재정사업 자율평가 보고서/42_목차_2011년도 재정사업자율평가보고서(일반재정)(기상청).hwp,2109952,e9d38abfb450f67c74e0f891c210c858b71920b8e27d0e3b3b225bc21e01999f,downloaded,
515,재정사업자율평가,38,24784,FSL1004,2011년도 소관별 재정사업 자율평가 보고서,2011-09-28,기획재정부,https://www.openfiscaldata.go.kr/op/ko/fd/UOPKOFDA02?pageIndex=1&pageSize=8&ofdBrdId=FSL1004&ofdBrdiSeq=24784&ofdBrdiDtsClsCd=515,목차,2011년도 재정사업자율평가보고서(일반재정)(기획재정부),2011년 재정사업자율평가보고서(일반재정)-기획재정부.hwp,FI000000002478421840,12,원문 없음: 표지를 제외한 제공 파일 다운로드,files/11_515_재정사업자율평가/2011-09-28_24784_2011년도 소관별 재정사업 자율평가 보고서/43_목차_2011년도 재정사업자율평가보고서(일반재정)(기획재정부).hwp,128000,f3914d80f700b775f53b5665a1f5edba5b5715d2be0de4c6abea6a2b3d1a8d54,downloaded,
515,재정사업자율평가,38,24784,FSL1004,2011년도 소관별 재정사업 자율평가 보고서,2011-09-28,기획재정부,https://www.openfiscaldata.go.kr/op/ko/fd/UOPKOFDA02?pageIndex=1&pageSize=8&ofdBrdId=FSL1004&ofdBrdiSeq=24784&ofdBrdiDtsClsCd=515,목차,2011년도 재정사업자율평가보고서(일반재정)(농림수산식품부),2011년 재정사업자율평가보고서(일반재정)-농림수산식품부.hwp,FI000000002478421840,13,원문 없음: 표지를 제외한 제공 파일 다운로드,files/11_515_재정사업자율평가/2011-09-28_24784_2011년도 소관별 재정사업 자율평가 보고서/44_목차_2011년도 재정사업자율평가보고서(일반재정)(농림수산식품부).hwp,8472064,66be743ddb61b71ee7ff0107b7b534cfda6639edd870a093f58cafcf97f0431f,downloaded,
515,재정사업자율평가,38,24784,FSL1004,2011년도 소관별 재정사업 자율평가 보고서,2011-09-28,기획재정부,https://www.openfiscaldata.go.kr/op/ko/fd/UOPKOFDA02?pageIndex=1&pageSize=8&ofdBrdId=FSL1004&ofdBrdiSeq=24784&ofdBrdiDtsClsCd=515,목차,2011년도 재정사업자율평가보고서(일반재정)(농촌진흥청),2011년 재정사업자율평가보고서(일반재정)-농촌진흥청.hwp,FI000000002478421840,14,원문 없음: 표지를 제외한 제공 파일 다운로드,files/11_515_재정사업자율평가/2011-09-28_24784_2011년도 소관별 재정사업 자율평가 보고서/45_목차_2011년도 재정사업자율평가보고서(일반재정)(농촌진흥청).hwp,9084928,2f368e8201ad3f39d5d866b45b02a923aff578c79ae075358e365edb59028311,downloaded,
515,재정사업자율평가,38,24784,FSL1004,2011년도 소관별 재정사업 자율평가 보고서,2011-09-28,기획재정부,https://www.openfiscaldata.go.kr/op/ko/fd/UOPKOFDA02?pageIndex=1&pageSize=8&ofdBrdId=FSL1004&ofdBrdiSeq=24784&ofdBrdiDtsClsCd=515,목차,2011년도 재정사업자율평가보고서(일반재정)(문화재청),2011년 재정사업자율평가보고서(일반재정)-문화재청.hwp,FI000000002478421840,15,원문 없음: 표지를 제외한 제공 파일 다운로드,files/11_515_재정사업자율평가/2011-09-28_24784_2011년도 소관별 재정사업 자율평가 보고서/46_목차_2011년도 재정사업자율평가보고서(일반재정)(문화재청).hwp,466432,dae9c5377b0595b62b8e46f9f36e7092155e91b2db7dd4ad5ed74b35f18a3dd3,downloaded,
515,재정사업자율평가,38,24784,FSL1004,2011년도 소관별 재정사업 자율평가 보고서,2011-09-28,기획재정부,https://www.openfiscaldata.go.kr/op/ko/fd/UOPKOFDA02?pageIndex=1&pageSize=8&ofdBrdId=FSL1004&ofdBrdiSeq=24784&ofdBrdiDtsClsCd=515,목차,2011년도 재정사업자율평가보고서(일반재정)(문화체육관광부),2011년 재정사업자율평가보고서(일반재정)-문화체육관광부.hwp,FI000000002478421840,16,원문 없음: 표지를 제외한 제공 파일 다운로드,files/11_515_재정사업자율평가/2011-09-28_24784_2011년도 소관별 재정사업 자율평가 보고서/47_목차_2011년도 재정사업자율평가보고서(일반재정)(문화체육관광부).hwp,1641472,7112fde57a3f9f43bbc607b76282725feedfaf436a5be633b704fd20cd8f0625,downloaded,
515,재정사업자율평가,38,24784,FSL1004,2011년도 소관별 재정사업 자율평가 보고서,2011-09-28,기획재정부,https://www.openfiscaldata.go.kr/op/ko/fd/UOPKOFDA02?pageIndex=1&pageSize=8&ofdBrdId=FSL1004&ofdBrdiSeq=24784&ofdBrdiDtsClsCd=515,목차,2011년도 재정사업자율평가보고서(일반재정)(방송통신위원회),2011년 재정사업자율평가보고서(일반재정)-방송통심위원회.hwp,FI000000002478421840,17,원문 없음: 표지를 제외한 제공 파일 다운로드,files/11_515_재정사업자율평가/2011-09-28_24784_2011년도 소관별 재정사업 자율평가 보고서/48_목차_2011년도 재정사업자율평가보고서(일반재정)(방송통신위원회).hwp,242176,92411616b6c00feef83df2e56a5f71213254a3bb860cb71a8012ad884abffd05,downloaded,
515,재정사업자율평가,38,24784,FSL1004,2011년도 소관별 재정사업 자율평가 보고서,2011-09-28,기획재정부,https://www.openfiscaldata.go.kr/op/ko/fd/UOPKOFDA02?pageIndex=1&pageSize=8&ofdBrdId=FSL1004&ofdBrdiSeq=24784&ofdBrdiDtsClsCd=515,목차,2011년도 재정사업자율평가보고서(일반재정)(법무부),2011년 재정사업자율평가보고서(일반재정)-법무부.hwp,FI000000002478421840,18,원문 없음: 표지를 제외한 제공 파일 다운로드,files/11_515_재정사업자율평가/2011-09-28_24784_2011년도 소관별 재정사업 자율평가 보고서/49_목차_2011년도 재정사업자율평가보고서(일반재정)(법무부).hwp,1145856,63e1d63ae5ea1df8c122dc747202ec7e1e1b92dc018e720113a2c0c75a38d713,downloaded,
515,재정사업자율평가,38,24784,FSL1004,2011년도 소관별 재정사업 자율평가 보고서,2011-09-28,기획재정부,https://www.openfiscaldata.go.kr/op/ko/fd/UOPKOFDA02?pageIndex=1&pageSize=8&ofdBrdId=FSL1004&ofdBrdiSeq=24784&ofdBrdiDtsClsCd=515,목차,2011년도 재정사업자율평가보고서(일반재정)(법제처),2011년 재정사업자율평가보고서(일반재정)-법제처.hwp,FI000000002478421840,19,원문 없음: 표지를 제외한 제공 파일 다운로드,files/11_515_재정사업자율평가/2011-09-28_24784_2011년도 소관별 재정사업 자율평가 보고서/50_목차_2011년도 재정사업자율평가보고서(일반재정)(법제처).hwp,146432,44a4f890a7369c9e76dfc3517dc74a3ea31fa88c17f5ba491112393699db2ce6,downloaded,
515,재정사업자율평가,38,24784,FSL1004,2011년도 소관별 재정사업 자율평가 보고서,2011-09-28,기획재정부,https://www.openfiscaldata.go.kr/op/ko/fd/UOPKOFDA02?pageIndex=1&pageSize=8&ofdBrdId=FSL1004&ofdBrdiSeq=24784&ofdBrdiDtsClsCd=515,목차,2011년도 재정사업자율평가보고서(일반재정)(병무청),2011년 재정사업자율평가보고서(일반재정)-병무청.hwp,FI000000002478421840,20,원문 없음: 표지를 제외한 제공 파일 다운로드,files/11_515_재정사업자율평가/2011-09-28_24784_2011년도 소관별 재정사업 자율평가 보고서/51_목차_2011년도 재정사업자율평가보고서(일반재정)(병무청).hwp,100352,7f132405e5de600a47b43e021e6654735bb1bbf20d67dab1f19b1ed125b29fb4,downloaded,
515,재정사업자율평가,38,24784,FSL1004,2011년도 소관별 재정사업 자율평가 보고서,2011-09-28,기획재정부,https://www.openfiscaldata.go.kr/op/ko/fd/UOPKOFDA02?pageIndex=1&pageSize=8&ofdBrdId=FSL1004&ofdBrdiSeq=24784&ofdBrdiDtsClsCd=515,목차,2011년도 재정사업자율평가보고서(일반재정)(보건복지부),2011년 재정사업자율평가보고서(일반재정)-보건복지부.hwp,FI000000002478421840,21,원문 없음: 표지를 제외한 제공 파일 다운로드,files/11_515_재정사업자율평가/2011-09-28_24784_2011년도 소관별 재정사업 자율평가 보고서/52_목차_2011년도 재정사업자율평가보고서(일반재정)(보건복지부).hwp,6555648,681b27a307e4d6e7d612a2907f11cd8f5358e43f93d0bcb44122fbc92487fad4,downloaded,
515,재정사업자율평가,38,24784,FSL1004,2011년도 소관별 재정사업 자율평가 보고서,2011-09-28,기획재정부,https://www.openfiscaldata.go.kr/op/ko/fd/UOPKOFDA02?pageIndex=1&pageSize=8&ofdBrdId=FSL1004&ofdBrdiSeq=24784&ofdBrdiDtsClsCd=515,목차,2011년도 재정사업자율평가보고서(일반재정)(산림청),2011년 재정사업자율평가보고서(일반재정)-산림청.hwp,FI000000002478421840,22,원문 없음: 표지를 제외한 제공 파일 다운로드,files/11_515_재정사업자율평가/2011-09-28_24784_2011년도 소관별 재정사업 자율평가 보고서/53_목차_2011년도 재정사업자율평가보고서(일반재정)(산림청).hwp,12453376,6c5f438b812e6f8e97eefdc4c173608f4bf0cc9e3427faf4562dbcd8b31d2d98,downloaded,
515,재정사업자율평가,38,24784,FSL1004,2011년도 소관별 재정사업 자율평가 보고서,2011-09-28,기획재정부,https://www.openfiscaldata.go.kr/op/ko/fd/UOPKOFDA02?pageIndex=1&pageSize=8&ofdBrdId=FSL1004&ofdBrdiSeq=24784&ofdBrdiDtsClsCd=515,목차,2011년도 재정사업자율평가보고서(일반재정)(소방방재청),2011년 재정사업자율평가보고서(일반재정)-소방방재청.hwp,FI000000002478421840,23,원문 없음: 표지를 제외한 제공 파일 다운로드,files/11_515_재정사업자율평가/2011-09-28_24784_2011년도 소관별 재정사업 자율평가 보고서/54_목차_2011년도 재정사업자율평가보고서(일반재정)(소방방재청).hwp,32864256,4b6768f068aba86fe3ac30e71106069b7a604310db79b41ac912f54def7bad19,downloaded,
515,재정사업자율평가,38,24784,FSL1004,2011년도 소관별 재정사업 자율평가 보고서,2011-09-28,기획재정부,https://www.openfiscaldata.go.kr/op/ko/fd/UOPKOFDA02?pageIndex=1&pageSize=8&ofdBrdId=FSL1004&ofdBrdiSeq=24784&ofdBrdiDtsClsCd=515,목차,2011년도 재정사업자율평가보고서(일반재정)(식품의약청안전청),2011년 재정사업자율평가보고서(일반재정)-식품의약청안전청.hwp,FI000000002478421840,24,원문 없음: 표지를 제외한 제공 파일 다운로드,files/11_515_재정사업자율평가/2011-09-28_24784_2011년도 소관별 재정사업 자율평가 보고서/55_목차_2011년도 재정사업자율평가보고서(일반재정)(식품의약청안전청).hwp,2433536,72b2e511cc55ee8d0617b207f91006c9ef54d57daea2ee23b566559f615b7903,downloaded,
515,재정사업자율평가,38,24784,FSL1004,2011년도 소관별 재정사업 자율평가 보고서,2011-09-28,기획재정부,https://www.openfiscaldata.go.kr/op/ko/fd/UOPKOFDA02?pageIndex=1&pageSize=8&ofdBrdId=FSL1004&ofdBrdiSeq=24784&ofdBrdiDtsClsCd=515,목차,2011년도 재정사업자율평가보고서(일반재정)(여성가족부),2011년 재정사업자율평가보고서(일반재정)-여성가족부.hwp,FI000000002478421840,25,원문 없음: 표지를 제외한 제공 파일 다운로드,files/11_515_재정사업자율평가/2011-09-28_24784_2011년도 소관별 재정사업 자율평가 보고서/56_목차_2011년도 재정사업자율평가보고서(일반재정)(여성가족부).hwp,1140736,c4830e5ae630ebbcad59a5e2663447f25576f0a654e8892e6003d4c857c37f01,downloaded,
515,재정사업자율평가,38,24784,FSL1004,2011년도 소관별 재정사업 자율평가 보고서,2011-09-28,기획재정부,https://www.openfiscaldata.go.kr/op/ko/fd/UOPKOFDA02?pageIndex=1&pageSize=8&ofdBrdId=FSL1004&ofdBrdiSeq=24784&ofdBrdiDtsClsCd=515,목차,2011년도 재정사업자율평가보고서(일반재정)(외교통상부),2011년 재정사업자율평가보고서(일반재정)-외교통상부.hwp,FI000000002478421840,26,원문 없음: 표지를 제외한 제공 파일 다운로드,files/11_515_재정사업자율평가/2011-09-28_24784_2011년도 소관별 재정사업 자율평가 보고서/57_목차_2011년도 재정사업자율평가보고서(일반재정)(외교통상부).hwp,5958144,4929b2e439a348ec0b6cc25454ebdac3d204aaa3fdc8fb680360b67072be5ff9,downloaded,
515,재정사업자율평가,38,24784,FSL1004,2011년도 소관별 재정사업 자율평가 보고서,2011-09-28,기획재정부,https://www.openfiscaldata.go.kr/op/ko/fd/UOPKOFDA02?pageIndex=1&pageSize=8&ofdBrdId=FSL1004&ofdBrdiSeq=24784&ofdBrdiDtsClsCd=515,목차,2011년도 재정사업자율평가보고서(일반재정)(원자력안전위원회),2011년 재정사업자율평가보고서(일반재정)-원자력안전위원회.hwp,FI000000002478421840,27,원문 없음: 표지를 제외한 제공 파일 다운로드,files/11_515_재정사업자율평가/2011-09-28_24784_2011년도 소관별 재정사업 자율평가 보고서/58_목차_2011년도 재정사업자율평가보고서(일반재정)(원자력안전위원회).hwp,167936,88358cbbc29e6eeaae5c4f54abb9081a1e71f92b042616dbbaafb60d5fbc3c98,downloaded,
515,재정사업자율평가,38,24784,FSL1004,2011년도 소관별 재정사업 자율평가 보고서,2011-09-28,기획재정부,https://www.openfiscaldata.go.kr/op/ko/fd/UOPKOFDA02?pageIndex=1&pageSize=8&ofdBrdId=FSL1004&ofdBrdiSeq=24784&ofdBrdiDtsClsCd=515,목차,2011년도 재정사업자율평가보고서(일반재정)(조달청),2011년 재정사업자율평가보고서(일반재정)-조달청.hwp,FI000000002478421840,28,원문 없음: 표지를 제외한 제공 파일 다운로드,files/11_515_재정사업자율평가/2011-09-28_24784_2011년도 소관별 재정사업 자율평가 보고서/59_목차_2011년도 재정사업자율평가보고서(일반재정)(조달청).hwp,299008,85d0721ef0a5c6b8af2d5cea98de7bf4b69c9af7b5cc5ce51f2c59f25f5b05d0,downloaded,
515,재정사업자율평가,38,24784,FSL1004,2011년도 소관별 재정사업 자율평가 보고서,2011-09-28,기획재정부,https://www.openfiscaldata.go.kr/op/ko/fd/UOPKOFDA02?pageIndex=1&pageSize=8&ofdBrdId=FSL1004&ofdBrdiSeq=24784&ofdBrdiDtsClsCd=515,목차,2011년도 재정사업자율평가보고서(일반재정)(중소기업청),2011년 재정사업자율평가보고서(일반재정)-중소기업청.hwp,FI000000002478421840,29,원문 없음: 표지를 제외한 제공 파일 다운로드,files/11_515_재정사업자율평가/2011-09-28_24784_2011년도 소관별 재정사업 자율평가 보고서/60_목차_2011년도 재정사업자율평가보고서(일반재정)(중소기업청).hwp,25664512,e43a1a41221e77c75193019d34d6d64e3c37cef35754248b7af85bd27e97ea25,downloaded,
515,재정사업자율평가,38,24784,FSL1004,2011년도 소관별 재정사업 자율평가 보고서,2011-09-28,기획재정부,https://www.openfiscaldata.go.kr/op/ko/fd/UOPKOFDA02?pageIndex=1&pageSize=8&ofdBrdId=FSL1004&ofdBrdiSeq=24784&ofdBrdiDtsClsCd=515,목차,2011년도 재정사업자율평가보고서(일반재정)(지식경제부),2011년 재정사업자율평가보고서(일반재정)-지식경제부.hwp,FI000000002478421840,30,원문 없음: 표지를 제외한 제공 파일 다운로드,files/11_515_재정사업자율평가/2011-09-28_24784_2011년도 소관별 재정사업 자율평가 보고서/61_목차_2011년도 재정사업자율평가보고서(일반재정)(지식경제부).hwp,14560256,1383e7f506ba241d648ec357a6403d4c0a800f0e6b9a5a0d87b490d5f31f6382,downloaded,
515,재정사업자율평가,38,24784,FSL1004,2011년도 소관별 재정사업 자율평가 보고서,2011-09-28,기획재정부,https://www.openfiscaldata.go.kr/op/ko/fd/UOPKOFDA02?pageIndex=1&pageSize=8&ofdBrdId=FSL1004&ofdBrdiSeq=24784&ofdBrdiDtsClsCd=515,목차,2011년도 재정사업자율평가보고서(정보화),2011년도 재정사업자율평가보고서(정보화).zip,FI000000002478421840,62,원문 없음: 표지를 제외한 제공 파일 다운로드,files/11_515_재정사업자율평가/2011-09-28_24784_2011년도 소관별 재정사업 자율평가 보고서/62_목차_2011년도 재정사업자율평가보고서(정보화).zip,74452349,e73d1bd089b25744a6b43bb458c4b9564a08b51de7a6639664096f4330ec286e,downloaded,
515,재정사업자율평가,38,24783,FSL1004,2010년도 소관별 재정사업 자율평가 보고서,2011-09-08,기획재정부,https://www.openfiscaldata.go.kr/op/ko/fd/UOPKOFDA02?pageIndex=1&pageSize=8&ofdBrdId=FSL1004&ofdBrdiSeq=24783&ofdBrdiDtsClsCd=515,목차,2010년도 재정사업자율평가보고서(일반재정)(경찰청),2010년 재정사업자율평가보고서(일반재정)-경찰청(최종).hwp,FI000000002478321779,1,원문 없음: 표지를 제외한 제공 파일 다운로드,files/11_515_재정사업자율평가/2011-09-08_24783_2010년도 소관별 재정사업 자율평가 보고서/01_목차_2010년도 재정사업자율평가보고서(일반재정)(경찰청).hwp,1821696,9f7c14b28757a7eec3db491180279042f93fd3dd460da3b468f812e79ca52210,downloaded,
515,재정사업자율평가,38,24783,FSL1004,2010년도 소관별 재정사업 자율평가 보고서,2011-09-08,기획재정부,https://www.openfiscaldata.go.kr/op/ko/fd/UOPKOFDA02?pageIndex=1&pageSize=8&ofdBrdId=FSL1004&ofdBrdiSeq=24783&ofdBrdiDtsClsCd=515,목차,2010년도 재정사업자율평가보고서(일반재정)(환경부),2010년 재정사업자율평가보고서(일반재정)-환경부(최종).hwp,FI000000002478321779,34,원문 없음: 표지를 제외한 제공 파일 다운로드,files/11_515_재정사업자율평가/2011-09-08_24783_2010년도 소관별 재정사업 자율평가 보고서/02_목차_2010년도 재정사업자율평가보고서(일반재정)(환경부).hwp,1686016,7b1315416e4e0a5b0b768ce352ca534404f3116fd898aeacf3a52c57b3c81ddf,downloaded,
515,재정사업자율평가,38,24783,FSL1004,2010년도 소관별 재정사업 자율평가 보고서,2011-09-08,기획재정부,https://www.openfiscaldata.go.kr/op/ko/fd/UOPKOFDA02?pageIndex=1&pageSize=8&ofdBrdId=FSL1004&ofdBrdiSeq=24783&ofdBrdiDtsClsCd=515,목차,2010년도 재정사업자율평가보고서(정보화)(경찰청),2010년도재정사업자율평가보고서(정보화)_경찰청,FI000000002478321779,35,원문 없음: 표지를 제외한 제공 파일 다운로드,files/11_515_재정사업자율평가/2011-09-08_24783_2010년도 소관별 재정사업 자율평가 보고서/03_목차_2010년도 재정사업자율평가보고서(정보화)(경찰청).bin.hwp,787968,0f9790bc99de0abc0696e56383e36d3a5458c87cff5327ed5955bb0367336d59,downloaded,
515,재정사업자율평가,38,24783,FSL1004,2010년도 소관별 재정사업 자율평가 보고서,2011-09-08,기획재정부,https://www.openfiscaldata.go.kr/op/ko/fd/UOPKOFDA02?pageIndex=1&pageSize=8&ofdBrdId=FSL1004&ofdBrdiSeq=24783&ofdBrdiDtsClsCd=515,목차,2010년도 재정사업자율평가보고서(정보화)(고용노동부),2010년도재정사업자율평가보고서(정보화)_고용노동부.hwp,FI000000002478321779,36,원문 없음: 표지를 제외한 제공 파일 다운로드,files/11_515_재정사업자율평가/2011-09-08_24783_2010년도 소관별 재정사업 자율평가 보고서/04_목차_2010년도 재정사업자율평가보고서(정보화)(고용노동부).hwp,418816,17c967716b2b2c778e20b3803f9177190d043003e2cb575cab047a90d6ca16cd,downloaded,
515,재정사업자율평가,38,24783,FSL1004,2010년도 소관별 재정사업 자율평가 보고서,2011-09-08,기획재정부,https://www.openfiscaldata.go.kr/op/ko/fd/UOPKOFDA02?pageIndex=1&pageSize=8&ofdBrdId=FSL1004&ofdBrdiSeq=24783&ofdBrdiDtsClsCd=515,목차,2010년도 재정사업자율평가보고서(정보화)(관세청),2010년도재정사업자율평가보고서(정보화)_관세청,FI000000002478321779,37,원문 없음: 표지를 제외한 제공 파일 다운로드,files/11_515_재정사업자율평가/2011-09-08_24783_2010년도 소관별 재정사업 자율평가 보고서/05_목차_2010년도 재정사업자율평가보고서(정보화)(관세청).bin.hwp,669184,ccc41cf6cc0942d3d08e53c9e85b8f8bce4bc7a56cdb3342880821a5c57b6ade,downloaded,
515,재정사업자율평가,38,24783,FSL1004,2010년도 소관별 재정사업 자율평가 보고서,2011-09-08,기획재정부,https://www.openfiscaldata.go.kr/op/ko/fd/UOPKOFDA02?pageIndex=1&pageSize=8&ofdBrdId=FSL1004&ofdBrdiSeq=24783&ofdBrdiDtsClsCd=515,목차,2010년도 재정사업자율평가보고서(정보화)(교육과학기술부),2010년도재정사업자율평가보고서(정보화)_교육과학기술부.hwp,FI000000002478321779,38,원문 없음: 표지를 제외한 제공 파일 다운로드,files/11_515_재정사업자율평가/2011-09-08_24783_2010년도 소관별 재정사업 자율평가 보고서/06_목차_2010년도 재정사업자율평가보고서(정보화)(교육과학기술부).hwp,609280,b5ba494bb0be021b450f6f599b956afe2d88185be22acec43c7d514ed059df30,downloaded,
515,재정사업자율평가,38,24783,FSL1004,2010년도 소관별 재정사업 자율평가 보고서,2011-09-08,기획재정부,https://www.openfiscaldata.go.kr/op/ko/fd/UOPKOFDA02?pageIndex=1&pageSize=8&ofdBrdId=FSL1004&ofdBrdiSeq=24783&ofdBrdiDtsClsCd=515,목차,2010년도 재정사업자율평가보고서(정보화)(국가인권위원회),2010년도재정사업자율평가보고서(정보화)_국가인권위원회.hwp,FI000000002478321779,39,원문 없음: 표지를 제외한 제공 파일 다운로드,files/11_515_재정사업자율평가/2011-09-08_24783_2010년도 소관별 재정사업 자율평가 보고서/07_목차_2010년도 재정사업자율평가보고서(정보화)(국가인권위원회).hwp,103424,2a02737e700ed9b720009bc6d98de168d2b7745c571a1441e76fb068937b0ad6,downloaded,
515,재정사업자율평가,38,24783,FSL1004,2010년도 소관별 재정사업 자율평가 보고서,2011-09-08,기획재정부,https://www.openfiscaldata.go.kr/op/ko/fd/UOPKOFDA02?pageIndex=1&pageSize=8&ofdBrdId=FSL1004&ofdBrdiSeq=24783&ofdBrdiDtsClsCd=515,목차,2010년도 재정사업자율평가보고서(정보화)(국무총리실),2010년도재정사업자율평가보고서(정보화)_국무총리실.hwp,FI000000002478321779,40,원문 없음: 표지를 제외한 제공 파일 다운로드,files/11_515_재정사업자율평가/2011-09-08_24783_2010년도 소관별 재정사업 자율평가 보고서/08_목차_2010년도 재정사업자율평가보고서(정보화)(국무총리실).hwp,530944,beb23eed546abeccbd5354679412a64f3a06f0b40e825abe3711370b9f358ea8,downloaded,
515,재정사업자율평가,38,24783,FSL1004,2010년도 소관별 재정사업 자율평가 보고서,2011-09-08,기획재정부,https://www.openfiscaldata.go.kr/op/ko/fd/UOPKOFDA02?pageIndex=1&pageSize=8&ofdBrdId=FSL1004&ofdBrdiSeq=24783&ofdBrdiDtsClsCd=515,목차,2010년도 재정사업자율평가보고서(정보화)(국민권익위원회),2010년도재정사업자율평가보고서(정보화)_국민권익위원회.hwp,FI000000002478321779,41,원문 없음: 표지를 제외한 제공 파일 다운로드,files/11_515_재정사업자율평가/2011-09-08_24783_2010년도 소관별 재정사업 자율평가 보고서/09_목차_2010년도 재정사업자율평가보고서(정보화)(국민권익위원회).hwp,940032,11be3d4964405c6b307de229b94cc5de84af72e51eeb235f23fef616c1aeadd4,downloaded,
515,재정사업자율평가,38,24783,FSL1004,2010년도 소관별 재정사업 자율평가 보고서,2011-09-08,기획재정부,https://www.openfiscaldata.go.kr/op/ko/fd/UOPKOFDA02?pageIndex=1&pageSize=8&ofdBrdId=FSL1004&ofdBrdiSeq=24783&ofdBrdiDtsClsCd=515,목차,2010년도 재정사업자율평가보고서(정보화)(국세청),2010년도재정사업자율평가보고서(정보화)_국세청,FI000000002478321779,42,원문 없음: 표지를 제외한 제공 파일 다운로드,files/11_515_재정사업자율평가/2011-09-08_24783_2010년도 소관별 재정사업 자율평가 보고서/10_목차_2010년도 재정사업자율평가보고서(정보화)(국세청).bin.hwp,181248,2f328291070c7e5b56dd3120a0b471b9bfa82a902978336e0c7de8b79ebd8f25,downloaded,
515,재정사업자율평가,38,24783,FSL1004,2010년도 소관별 재정사업 자율평가 보고서,2011-09-08,기획재정부,https://www.openfiscaldata.go.kr/op/ko/fd/UOPKOFDA02?pageIndex=1&pageSize=8&ofdBrdId=FSL1004&ofdBrdiSeq=24783&ofdBrdiDtsClsCd=515,목차,2010년도 재정사업자율평가보고서(정보화)(국토해양부),2010년도재정사업자율평가보고서(정보화)_국토해양부.hwp,FI000000002478321779,43,원문 없음: 표지를 제외한 제공 파일 다운로드,files/11_515_재정사업자율평가/2011-09-08_24783_2010년도 소관별 재정사업 자율평가 보고서/11_목차_2010년도 재정사업자율평가보고서(정보화)(국토해양부).hwp,14285312,f4b9e35744b58160fdf1485bb88947d57aa931ce6423ec942f701fc9371b45e0,downloaded,
515,재정사업자율평가,38,24783,FSL1004,2010년도 소관별 재정사업 자율평가 보고서,2011-09-08,기획재정부,https://www.openfiscaldata.go.kr/op/ko/fd/UOPKOFDA02?pageIndex=1&pageSize=8&ofdBrdId=FSL1004&ofdBrdiSeq=24783&ofdBrdiDtsClsCd=515,목차,2010년도 재정사업자율평가보고서(정보화)(기상청),2010년도재정사업자율평가보고서(정보화)_기상청,FI000000002478321779,44,원문 없음: 표지를 제외한 제공 파일 다운로드,files/11_515_재정사업자율평가/2011-09-08_24783_2010년도 소관별 재정사업 자율평가 보고서/12_목차_2010년도 재정사업자율평가보고서(정보화)(기상청).bin.hwp,11371008,fd1ad6b536ed1181e4f8e41d6560ab3eb68be48a5d4b8d0ae18904ba63121c86,downloaded,
515,재정사업자율평가,38,24783,FSL1004,2010년도 소관별 재정사업 자율평가 보고서,2011-09-08,기획재정부,https://www.openfiscaldata.go.kr/op/ko/fd/UOPKOFDA02?pageIndex=1&pageSize=8&ofdBrdId=FSL1004&ofdBrdiSeq=24783&ofdBrdiDtsClsCd=515,목차,2010년도 재정사업자율평가보고서(정보화)(농림수산식품부),2010년도재정사업자율평가보고서(정보화)_농림수산식품부.hwp,FI000000002478321779,45,원문 없음: 표지를 제외한 제공 파일 다운로드,files/11_515_재정사업자율평가/2011-09-08_24783_2010년도 소관별 재정사업 자율평가 보고서/13_목차_2010년도 재정사업자율평가보고서(정보화)(농림수산식품부).hwp,3940864,ae8a8cbadb51812deaaf36e6ff5810dc928baa852828d52a1c32f99b3085949d,downloaded,
515,재정사업자율평가,38,24783,FSL1004,2010년도 소관별 재정사업 자율평가 보고서,2011-09-08,기획재정부,https://www.openfiscaldata.go.kr/op/ko/fd/UOPKOFDA02?pageIndex=1&pageSize=8&ofdBrdId=FSL1004&ofdBrdiSeq=24783&ofdBrdiDtsClsCd=515,목차,2010년도 재정사업자율평가보고서(정보화)(농촌진흥청),2010년도재정사업자율평가보고서(정보화)_농촌진흥청.hwp,FI000000002478321779,46,원문 없음: 표지를 제외한 제공 파일 다운로드,files/11_515_재정사업자율평가/2011-09-08_24783_2010년도 소관별 재정사업 자율평가 보고서/14_목차_2010년도 재정사업자율평가보고서(정보화)(농촌진흥청).hwp,14351872,e9292ba8d4d57f9f6cb5b823be964af495cb7b55f981eec3bf32c674d60dcc6a,downloaded,
515,재정사업자율평가,38,24783,FSL1004,2010년도 소관별 재정사업 자율평가 보고서,2011-09-08,기획재정부,https://www.openfiscaldata.go.kr/op/ko/fd/UOPKOFDA02?pageIndex=1&pageSize=8&ofdBrdId=FSL1004&ofdBrdiSeq=24783&ofdBrdiDtsClsCd=515,목차,2010년도 재정사업자율평가보고서(정보화)(문화체육관광부),2010년도재정사업자율평가보고서(정보화)_문화체육관광부.hwp,FI000000002478321779,47,원문 없음: 표지를 제외한 제공 파일 다운로드,files/11_515_재정사업자율평가/2011-09-08_24783_2010년도 소관별 재정사업 자율평가 보고서/15_목차_2010년도 재정사업자율평가보고서(정보화)(문화체육관광부).hwp,3211776,3cb06dd9c1a6eed816bef4d71fb2334daed9d1ad50e73b65dc37d7fc78cd654e,downloaded,
515,재정사업자율평가,38,24783,FSL1004,2010년도 소관별 재정사업 자율평가 보고서,2011-09-08,기획재정부,https://www.openfiscaldata.go.kr/op/ko/fd/UOPKOFDA02?pageIndex=1&pageSize=8&ofdBrdId=FSL1004&ofdBrdiSeq=24783&ofdBrdiDtsClsCd=515,목차,2010년도 재정사업자율평가보고서(정보화)(방송통신위원회),2010년도재정사업자율평가보고서(정보화)_방송통신위원회.hwp,FI000000002478321779,48,원문 없음: 표지를 제외한 제공 파일 다운로드,files/11_515_재정사업자율평가/2011-09-08_24783_2010년도 소관별 재정사업 자율평가 보고서/16_목차_2010년도 재정사업자율평가보고서(정보화)(방송통신위원회).hwp,176640,9d905d4c483597cbc9d1e3559fa80acefc1287c6c1d48f2b18c6c838ad9e636f,downloaded,
515,재정사업자율평가,38,24783,FSL1004,2010년도 소관별 재정사업 자율평가 보고서,2011-09-08,기획재정부,https://www.openfiscaldata.go.kr/op/ko/fd/UOPKOFDA02?pageIndex=1&pageSize=8&ofdBrdId=FSL1004&ofdBrdiSeq=24783&ofdBrdiDtsClsCd=515,목차,2010년도 재정사업자율평가보고서(정보화)(법무부),2010년도재정사업자율평가보고서(정보화)_법무부,FI000000002478321779,49,원문 없음: 표지를 제외한 제공 파일 다운로드,files/11_515_재정사업자율평가/2011-09-08_24783_2010년도 소관별 재정사업 자율평가 보고서/17_목차_2010년도 재정사업자율평가보고서(정보화)(법무부).bin.hwp,310272,92defb6cb8f7263c1f9e711a18bffeb3798e9633f8ffd070a6f23f217bf19b84,downloaded,
515,재정사업자율평가,38,24783,FSL1004,2010년도 소관별 재정사업 자율평가 보고서,2011-09-08,기획재정부,https://www.openfiscaldata.go.kr/op/ko/fd/UOPKOFDA02?pageIndex=1&pageSize=8&ofdBrdId=FSL1004&ofdBrdiSeq=24783&ofdBrdiDtsClsCd=515,목차,2010년도 재정사업자율평가보고서(정보화)(법제처),2010년도재정사업자율평가보고서(정보화)_법제처,FI000000002478321779,50,원문 없음: 표지를 제외한 제공 파일 다운로드,files/11_515_재정사업자율평가/2011-09-08_24783_2010년도 소관별 재정사업 자율평가 보고서/18_목차_2010년도 재정사업자율평가보고서(정보화)(법제처).bin.hwp,3013120,4b42dd7457037d65dc7370aaeb4cabc949ae5d2a089c248aa04392d9f5cd52ea,downloaded,
515,재정사업자율평가,38,24783,FSL1004,2010년도 소관별 재정사업 자율평가 보고서,2011-09-08,기획재정부,https://www.openfiscaldata.go.kr/op/ko/fd/UOPKOFDA02?pageIndex=1&pageSize=8&ofdBrdId=FSL1004&ofdBrdiSeq=24783&ofdBrdiDtsClsCd=515,목차,2010년도 재정사업자율평가보고서(정보화)(보건복지부),2010년도재정사업자율평가보고서(정보화)_보건복지부.hwp,FI000000002478321779,51,원문 없음: 표지를 제외한 제공 파일 다운로드,files/11_515_재정사업자율평가/2011-09-08_24783_2010년도 소관별 재정사업 자율평가 보고서/19_목차_2010년도 재정사업자율평가보고서(정보화)(보건복지부).hwp,3131392,99c4df5feb1d6898265f6c4b8f1a2c0cf965fe372e07722c745afca81c94a93c,downloaded,
515,재정사업자율평가,38,24783,FSL1004,2010년도 소관별 재정사업 자율평가 보고서,2011-09-08,기획재정부,https://www.openfiscaldata.go.kr/op/ko/fd/UOPKOFDA02?pageIndex=1&pageSize=8&ofdBrdId=FSL1004&ofdBrdiSeq=24783&ofdBrdiDtsClsCd=515,목차,2010년도 재정사업자율평가보고서(정보화)(소방방재청),2010년도재정사업자율평가보고서(정보화)_소방방재청.hwp,FI000000002478321779,52,원문 없음: 표지를 제외한 제공 파일 다운로드,files/11_515_재정사업자율평가/2011-09-08_24783_2010년도 소관별 재정사업 자율평가 보고서/20_목차_2010년도 재정사업자율평가보고서(정보화)(소방방재청).hwp,3943424,5478322f044b877c1db7a6b8bc32c17b73676040c838047374f5807e1a87f433,downloaded,
515,재정사업자율평가,38,24783,FSL1004,2010년도 소관별 재정사업 자율평가 보고서,2011-09-08,기획재정부,https://www.openfiscaldata.go.kr/op/ko/fd/UOPKOFDA02?pageIndex=1&pageSize=8&ofdBrdId=FSL1004&ofdBrdiSeq=24783&ofdBrdiDtsClsCd=515,목차,2010년도 재정사업자율평가보고서(정보화)(조달청),2010년도재정사업자율평가보고서(정보화)_조달청,FI000000002478321779,53,원문 없음: 표지를 제외한 제공 파일 다운로드,files/11_515_재정사업자율평가/2011-09-08_24783_2010년도 소관별 재정사업 자율평가 보고서/21_목차_2010년도 재정사업자율평가보고서(정보화)(조달청).bin.hwp,1173504,bf07e8eed8d4eae97fd7933b818c02bb6eb7e59c83765edb21e31da0c9f8a59a,downloaded,
515,재정사업자율평가,38,24783,FSL1004,2010년도 소관별 재정사업 자율평가 보고서,2011-09-08,기획재정부,https://www.openfiscaldata.go.kr/op/ko/fd/UOPKOFDA02?pageIndex=1&pageSize=8&ofdBrdId=FSL1004&ofdBrdiSeq=24783&ofdBrdiDtsClsCd=515,목차,2010년도 재정사업자율평가보고서(정보화)(중소기업청),2010년도재정사업자율평가보고서(정보화)_중소기업청.hwp,FI000000002478321779,54,원문 없음: 표지를 제외한 제공 파일 다운로드,files/11_515_재정사업자율평가/2011-09-08_24783_2010년도 소관별 재정사업 자율평가 보고서/22_목차_2010년도 재정사업자율평가보고서(정보화)(중소기업청).hwp,8141824,856db63dcb863c0924aaa345cea063248f6968944cb0406a170e65831b884350,downloaded,
515,재정사업자율평가,38,24783,FSL1004,2010년도 소관별 재정사업 자율평가 보고서,2011-09-08,기획재정부,https://www.openfiscaldata.go.kr/op/ko/fd/UOPKOFDA02?pageIndex=1&pageSize=8&ofdBrdId=FSL1004&ofdBrdiSeq=24783&ofdBrdiDtsClsCd=515,목차,2010년도 재정사업자율평가보고서(정보화)(지식경제부),2010년도재정사업자율평가보고서(정보화)_지식경제부.hwp,FI000000002478321779,55,원문 없음: 표지를 제외한 제공 파일 다운로드,files/11_515_재정사업자율평가/2011-09-08_24783_2010년도 소관별 재정사업 자율평가 보고서/23_목차_2010년도 재정사업자율평가보고서(정보화)(지식경제부).hwp,3839488,d292c64c4c5483826477df1f5b943f34cc38c7c90cec27c878f89745135ebaeb,downloaded,
515,재정사업자율평가,38,24783,FSL1004,2010년도 소관별 재정사업 자율평가 보고서,2011-09-08,기획재정부,https://www.openfiscaldata.go.kr/op/ko/fd/UOPKOFDA02?pageIndex=1&pageSize=8&ofdBrdId=FSL1004&ofdBrdiSeq=24783&ofdBrdiDtsClsCd=515,목차,2010년도 재정사업자율평가보고서(정보화)(통계청),2010년도재정사업자율평가보고서(정보화)_통계청,FI000000002478321779,56,원문 없음: 표지를 제외한 제공 파일 다운로드,files/11_515_재정사업자율평가/2011-09-08_24783_2010년도 소관별 재정사업 자율평가 보고서/24_목차_2010년도 재정사업자율평가보고서(정보화)(통계청).bin.hwp,2524160,654755ffcb1805bf973ecb3d14e10e555b25b2868d018b57959f060e56b0a4e6,downloaded,
515,재정사업자율평가,38,24783,FSL1004,2010년도 소관별 재정사업 자율평가 보고서,2011-09-08,기획재정부,https://www.openfiscaldata.go.kr/op/ko/fd/UOPKOFDA02?pageIndex=1&pageSize=8&ofdBrdId=FSL1004&ofdBrdiSeq=24783&ofdBrdiDtsClsCd=515,목차,2010년도 재정사업자율평가보고서(정보화)(통일부),2010년도재정사업자율평가보고서(정보화)_통일부,FI000000002478321779,57,원문 없음: 표지를 제외한 제공 파일 다운로드,files/11_515_재정사업자율평가/2011-09-08_24783_2010년도 소관별 재정사업 자율평가 보고서/25_목차_2010년도 재정사업자율평가보고서(정보화)(통일부).bin.hwp,573440,2a2b504c606f19b00436b021eb6dd3bf8b682a7a1658e8cbfe28debeeb6dec26,downloaded,
515,재정사업자율평가,38,24783,FSL1004,2010년도 소관별 재정사업 자율평가 보고서,2011-09-08,기획재정부,https://www.openfiscaldata.go.kr/op/ko/fd/UOPKOFDA02?pageIndex=1&pageSize=8&ofdBrdId=FSL1004&ofdBrdiSeq=24783&ofdBrdiDtsClsCd=515,목차,2010년도 재정사업자율평가보고서(정보화)(특허청),2010년도재정사업자율평가보고서(정보화)_특허청,FI000000002478321779,58,원문 없음: 표지를 제외한 제공 파일 다운로드,files/11_515_재정사업자율평가/2011-09-08_24783_2010년도 소관별 재정사업 자율평가 보고서/26_목차_2010년도 재정사업자율평가보고서(정보화)(특허청).bin.hwp,1985024,1676afb3d30480ef973fed993ea9b4afd87fab92491b6b2254f2398519c83886,downloaded,
515,재정사업자율평가,38,24783,FSL1004,2010년도 소관별 재정사업 자율평가 보고서,2011-09-08,기획재정부,https://www.openfiscaldata.go.kr/op/ko/fd/UOPKOFDA02?pageIndex=1&pageSize=8&ofdBrdId=FSL1004&ofdBrdiSeq=24783&ofdBrdiDtsClsCd=515,목차,2010년도 재정사업자율평가보고서(정보화)(해양경찰청),2010년도재정사업자율평가보고서(정보화)_해양경찰청.hwp,FI000000002478321779,59,원문 없음: 표지를 제외한 제공 파일 다운로드,files/11_515_재정사업자율평가/2011-09-08_24783_2010년도 소관별 재정사업 자율평가 보고서/27_목차_2010년도 재정사업자율평가보고서(정보화)(해양경찰청).hwp,2697216,d32bd27c1f6b540ca7cef07a1ac828e6d271b9139c95b2bf791be0797e13ac04,downloaded,
515,재정사업자율평가,38,24783,FSL1004,2010년도 소관별 재정사업 자율평가 보고서,2011-09-08,기획재정부,https://www.openfiscaldata.go.kr/op/ko/fd/UOPKOFDA02?pageIndex=1&pageSize=8&ofdBrdId=FSL1004&ofdBrdiSeq=24783&ofdBrdiDtsClsCd=515,목차,2010년도 재정사업자율평가보고서(정보화)(행정안전부),2010년도재정사업자율평가보고서(정보화)_행정안전부.hwp,FI000000002478321779,60,원문 없음: 표지를 제외한 제공 파일 다운로드,files/11_515_재정사업자율평가/2011-09-08_24783_2010년도 소관별 재정사업 자율평가 보고서/28_목차_2010년도 재정사업자율평가보고서(정보화)(행정안전부).hwp,7361024,7badb7a791cbb9f1f4c64333e918306c27529f418fe1af9a92412acd70a07d19,downloaded,
515,재정사업자율평가,38,24783,FSL1004,2010년도 소관별 재정사업 자율평가 보고서,2011-09-08,기획재정부,https://www.openfiscaldata.go.kr/op/ko/fd/UOPKOFDA02?pageIndex=1&pageSize=8&ofdBrdId=FSL1004&ofdBrdiSeq=24783&ofdBrdiDtsClsCd=515,목차,2010년도 재정사업자율평가보고서(정보화)(환경부),2010년도재정사업자율평가보고서(정보화)_환경부,FI000000002478321779,61,원문 없음: 표지를 제외한 제공 파일 다운로드,files/11_515_재정사업자율평가/2011-09-08_24783_2010년도 소관별 재정사업 자율평가 보고서/29_목차_2010년도 재정사업자율평가보고서(정보화)(환경부).bin.hwp,1972224,918a810ea959bff98224701af11eaad3afd322320b779ea4a81bd65d280903fb,downloaded,
515,재정사업자율평가,38,24783,FSL1004,2010년도 소관별 재정사업 자율평가 보고서,2011-09-08,기획재정부,https://www.openfiscaldata.go.kr/op/ko/fd/UOPKOFDA02?pageIndex=1&pageSize=8&ofdBrdId=FSL1004&ofdBrdiSeq=24783&ofdBrdiDtsClsCd=515,목차,2010년도 재정사업자율평가보고서(일반재정),2010년도 재정사업자율평가보고서(일반재정).zip,FI000000002478321779,62,원문 없음: 표지를 제외한 제공 파일 다운로드,files/11_515_재정사업자율평가/2011-09-08_24783_2010년도 소관별 재정사업 자율평가 보고서/30_목차_2010년도 재정사업자율평가보고서(일반재정).zip,89262933,240780d939136120c88fa8b8b54aa5c3b3713e16a9f1c05c5a9bb17af4e1b775,downloaded,
515,재정사업자율평가,38,24783,FSL1004,2010년도 소관별 재정사업 자율평가 보고서,2011-09-08,기획재정부,https://www.openfiscaldata.go.kr/op/ko/fd/UOPKOFDA02?pageIndex=1&pageSize=8&ofdBrdId=FSL1004&ofdBrdiSeq=24783&ofdBrdiDtsClsCd=515,목차,2010년도 재정사업자율평가보고서(일반재정)(행안부),2010년 재정사업자율평가보고서(일반재정)-행안부(최종).hwp,FI000000002478321779,33,원문 없음: 표지를 제외한 제공 파일 다운로드,files/11_515_재정사업자율평가/2011-09-08_24783_2010년도 소관별 재정사업 자율평가 보고서/31_목차_2010년도 재정사업자율평가보고서(일반재정)(행안부).hwp,753152,5f5f5dac82d6151c36bf389b296ee6aaf168a00c3700977af3bc5032be6e461c,downloaded,
515,재정사업자율평가,38,24783,FSL1004,2010년도 소관별 재정사업 자율평가 보고서,2011-09-08,기획재정부,https://www.openfiscaldata.go.kr/op/ko/fd/UOPKOFDA02?pageIndex=1&pageSize=8&ofdBrdId=FSL1004&ofdBrdiSeq=24783&ofdBrdiDtsClsCd=515,목차,2010년도 재정사업자율평가보고서(일반재정)(해경청),2010년 재정사업자율평가보고서(일반재정)-해경청(최종).hwp,FI000000002478321779,32,원문 없음: 표지를 제외한 제공 파일 다운로드,files/11_515_재정사업자율평가/2011-09-08_24783_2010년도 소관별 재정사업 자율평가 보고서/32_목차_2010년도 재정사업자율평가보고서(일반재정)(해경청).hwp,2189824,796cdb41178417210bc4f66552785459d085b33379f825449954a5e30000af5a,downloaded,
515,재정사업자율평가,38,24783,FSL1004,2010년도 소관별 재정사업 자율평가 보고서,2011-09-08,기획재정부,https://www.openfiscaldata.go.kr/op/ko/fd/UOPKOFDA02?pageIndex=1&pageSize=8&ofdBrdId=FSL1004&ofdBrdiSeq=24783&ofdBrdiDtsClsCd=515,목차,2010년도 재정사업자율평가보고서(일반재정)(특허청),2010년 재정사업자율평가보고서(일반재정)-특허청(최종).hwp,FI000000002478321779,31,원문 없음: 표지를 제외한 제공 파일 다운로드,files/11_515_재정사업자율평가/2011-09-08_24783_2010년도 소관별 재정사업 자율평가 보고서/33_목차_2010년도 재정사업자율평가보고서(일반재정)(특허청).hwp,1936896,102798a4f49857a1726551223b8dd9b488ef66d36551a7756130fa689fdb1a87,downloaded,
515,재정사업자율평가,38,24783,FSL1004,2010년도 소관별 재정사업 자율평가 보고서,2011-09-08,기획재정부,https://www.openfiscaldata.go.kr/op/ko/fd/UOPKOFDA02?pageIndex=1&pageSize=8&ofdBrdId=FSL1004&ofdBrdiSeq=24783&ofdBrdiDtsClsCd=515,목차,2010년도 재정사업자율평가보고서(일반재정)(고용부),2010년 재정사업자율평가보고서(일반재정)-고용부(최종).hwp,FI000000002478321779,2,원문 없음: 표지를 제외한 제공 파일 다운로드,files/11_515_재정사업자율평가/2011-09-08_24783_2010년도 소관별 재정사업 자율평가 보고서/34_목차_2010년도 재정사업자율평가보고서(일반재정)(고용부).hwp,1095168,6c07357fca157f365c71ea8de39f94d63b2e43d4e837d2e5d3b52edee378157b,downloaded,
515,재정사업자율평가,38,24783,FSL1004,2010년도 소관별 재정사업 자율평가 보고서,2011-09-08,기획재정부,https://www.openfiscaldata.go.kr/op/ko/fd/UOPKOFDA02?pageIndex=1&pageSize=8&ofdBrdId=FSL1004&ofdBrdiSeq=24783&ofdBrdiDtsClsCd=515,목차,2010년도 재정사업자율평가보고서(일반재정)(공정위),2010년 재정사업자율평가보고서(일반재정)-공정위(최종).hwp,FI000000002478321779,3,원문 없음: 표지를 제외한 제공 파일 다운로드,files/11_515_재정사업자율평가/2011-09-08_24783_2010년도 소관별 재정사업 자율평가 보고서/35_목차_2010년도 재정사업자율평가보고서(일반재정)(공정위).hwp,324608,c0eda447e7bfe35bed718c16dd75524d8dd98744427815c249d57e4e4463f181,downloaded,
515,재정사업자율평가,38,24783,FSL1004,2010년도 소관별 재정사업 자율평가 보고서,2011-09-08,기획재정부,https://www.openfiscaldata.go.kr/op/ko/fd/UOPKOFDA02?pageIndex=1&pageSize=8&ofdBrdId=FSL1004&ofdBrdiSeq=24783&ofdBrdiDtsClsCd=515,목차,2010년도 재정사업자율평가보고서(일반재정)(관세청),2010년 재정사업자율평가보고서(일반재정)-관세청(최종).hwp,FI000000002478321779,4,원문 없음: 표지를 제외한 제공 파일 다운로드,files/11_515_재정사업자율평가/2011-09-08_24783_2010년도 소관별 재정사업 자율평가 보고서/36_목차_2010년도 재정사업자율평가보고서(일반재정)(관세청).hwp,428032,8227a94cae744a1ce188f57f13bfc505460f65594384492c9e2cda1af5da6b5f,downloaded,
515,재정사업자율평가,38,24783,FSL1004,2010년도 소관별 재정사업 자율평가 보고서,2011-09-08,기획재정부,https://www.openfiscaldata.go.kr/op/ko/fd/UOPKOFDA02?pageIndex=1&pageSize=8&ofdBrdId=FSL1004&ofdBrdiSeq=24783&ofdBrdiDtsClsCd=515,목차,2010년도 재정사업자율평가보고서(일반재정)(교과부),2010년 재정사업자율평가보고서(일반재정)-교과부(최종).hwp,FI000000002478321779,5,원문 없음: 표지를 제외한 제공 파일 다운로드,files/11_515_재정사업자율평가/2011-09-08_24783_2010년도 소관별 재정사업 자율평가 보고서/37_목차_2010년도 재정사업자율평가보고서(일반재정)(교과부).hwp,2965504,045359d235402db71df6acd8a1769846d50a0a18053f41c86baf9f0fc3e4254a,downloaded,
515,재정사업자율평가,38,24783,FSL1004,2010년도 소관별 재정사업 자율평가 보고서,2011-09-08,기획재정부,https://www.openfiscaldata.go.kr/op/ko/fd/UOPKOFDA02?pageIndex=1&pageSize=8&ofdBrdId=FSL1004&ofdBrdiSeq=24783&ofdBrdiDtsClsCd=515,목차,2010년도 재정사업자율평가보고서(일반재정)(국세청),2010년 재정사업자율평가보고서(일반재정)-국세청(최종).hwp,FI000000002478321779,6,원문 없음: 표지를 제외한 제공 파일 다운로드,files/11_515_재정사업자율평가/2011-09-08_24783_2010년도 소관별 재정사업 자율평가 보고서/38_목차_2010년도 재정사업자율평가보고서(일반재정)(국세청).hwp,283136,15917d62f7104ef60c418ca36df1c62fb684493c1e151c12c853d100a93a502b,downloaded,
515,재정사업자율평가,38,24783,FSL1004,2010년도 소관별 재정사업 자율평가 보고서,2011-09-08,기획재정부,https://www.openfiscaldata.go.kr/op/ko/fd/UOPKOFDA02?pageIndex=1&pageSize=8&ofdBrdId=FSL1004&ofdBrdiSeq=24783&ofdBrdiDtsClsCd=515,목차,2010년도 재정사업자율평가보고서(일반재정)(국토부),2010년 재정사업자율평가보고서(일반재정)-국토부(최종).hwp,FI000000002478321779,7,원문 없음: 표지를 제외한 제공 파일 다운로드,files/11_515_재정사업자율평가/2011-09-08_24783_2010년도 소관별 재정사업 자율평가 보고서/39_목차_2010년도 재정사업자율평가보고서(일반재정)(국토부).hwp,3455488,f76a5b15dda7d9d0b1f69961edf35418cda27261011cf81820fd87ea006c9b2a,downloaded,
515,재정사업자율평가,38,24783,FSL1004,2010년도 소관별 재정사업 자율평가 보고서,2011-09-08,기획재정부,https://www.openfiscaldata.go.kr/op/ko/fd/UOPKOFDA02?pageIndex=1&pageSize=8&ofdBrdId=FSL1004&ofdBrdiSeq=24783&ofdBrdiDtsClsCd=515,목차,2010년도 재정사업자율평가보고서(일반재정)(권익위),2010년 재정사업자율평가보고서(일반재정)-권익위(최종).hwp,FI000000002478321779,8,원문 없음: 표지를 제외한 제공 파일 다운로드,files/11_515_재정사업자율평가/2011-09-08_24783_2010년도 소관별 재정사업 자율평가 보고서/40_목차_2010년도 재정사업자율평가보고서(일반재정)(권익위).hwp,1053184,6173cc06c36aa8d0b138bdebc6711ab11cf4664eed545bcd911c25698b96029b,downloaded,
515,재정사업자율평가,38,24783,FSL1004,2010년도 소관별 재정사업 자율평가 보고서,2011-09-08,기획재정부,https://www.openfiscaldata.go.kr/op/ko/fd/UOPKOFDA02?pageIndex=1&pageSize=8&ofdBrdId=FSL1004&ofdBrdiSeq=24783&ofdBrdiDtsClsCd=515,목차,2010년도 재정사업자율평가보고서(일반재정)(기상청),2010년 재정사업자율평가보고서(일반재정)-기상청(최종).hwp,FI000000002478321779,9,원문 없음: 표지를 제외한 제공 파일 다운로드,files/11_515_재정사업자율평가/2011-09-08_24783_2010년도 소관별 재정사업 자율평가 보고서/41_목차_2010년도 재정사업자율평가보고서(일반재정)(기상청).hwp,1196544,ca1e322c8bdb3abc3dd30a45264768a38527eace791d36fc6f573602bcec62c9,downloaded,
515,재정사업자율평가,38,24783,FSL1004,2010년도 소관별 재정사업 자율평가 보고서,2011-09-08,기획재정부,https://www.openfiscaldata.go.kr/op/ko/fd/UOPKOFDA02?pageIndex=1&pageSize=8&ofdBrdId=FSL1004&ofdBrdiSeq=24783&ofdBrdiDtsClsCd=515,목차,2010년도 재정사업자율평가보고서(일반재정)(기재부),2010년 재정사업자율평가보고서(일반재정)-기재부(최종).hwp,FI000000002478321779,10,원문 없음: 표지를 제외한 제공 파일 다운로드,files/11_515_재정사업자율평가/2011-09-08_24783_2010년도 소관별 재정사업 자율평가 보고서/42_목차_2010년도 재정사업자율평가보고서(일반재정)(기재부).hwp,234496,0ad01529077fa008c8d08c102fce692e9b5322b1974bee6f59ee56fd24456a1b,downloaded,
515,재정사업자율평가,38,24783,FSL1004,2010년도 소관별 재정사업 자율평가 보고서,2011-09-08,기획재정부,https://www.openfiscaldata.go.kr/op/ko/fd/UOPKOFDA02?pageIndex=1&pageSize=8&ofdBrdId=FSL1004&ofdBrdiSeq=24783&ofdBrdiDtsClsCd=515,목차,2010년도 재정사업자율평가보고서(일반재정)(농식품부),2010년 재정사업자율평가보고서(일반재정)-농식품부(최종).hwp,FI000000002478321779,11,원문 없음: 표지를 제외한 제공 파일 다운로드,files/11_515_재정사업자율평가/2011-09-08_24783_2010년도 소관별 재정사업 자율평가 보고서/43_목차_2010년도 재정사업자율평가보고서(일반재정)(농식품부).hwp,4221440,1d1caaca1be6ae3fc2116d8f7a179a82e5e5190e56d9d5a6647aa551f0cdd507,downloaded,
515,재정사업자율평가,38,24783,FSL1004,2010년도 소관별 재정사업 자율평가 보고서,2011-09-08,기획재정부,https://www.openfiscaldata.go.kr/op/ko/fd/UOPKOFDA02?pageIndex=1&pageSize=8&ofdBrdId=FSL1004&ofdBrdiSeq=24783&ofdBrdiDtsClsCd=515,목차,2010년도 재정사업자율평가보고서(일반재정)(농진청),2010년 재정사업자율평가보고서(일반재정)-농진청(최종).hwp,FI000000002478321779,12,원문 없음: 표지를 제외한 제공 파일 다운로드,files/11_515_재정사업자율평가/2011-09-08_24783_2010년도 소관별 재정사업 자율평가 보고서/44_목차_2010년도 재정사업자율평가보고서(일반재정)(농진청).hwp,3320320,f48bd40d962ebdb5af8a3fc6a79c163f92dd2510eda7853eed3c6a680289db6e,downloaded,
515,재정사업자율평가,38,24783,FSL1004,2010년도 소관별 재정사업 자율평가 보고서,2011-09-08,기획재정부,https://www.openfiscaldata.go.kr/op/ko/fd/UOPKOFDA02?pageIndex=1&pageSize=8&ofdBrdId=FSL1004&ofdBrdiSeq=24783&ofdBrdiDtsClsCd=515,목차,2010년도 재정사업자율평가보고서(일반재정)(문화부),2010년 재정사업자율평가보고서(일반재정)-문화부(최종).hwp,FI000000002478321779,13,원문 없음: 표지를 제외한 제공 파일 다운로드,files/11_515_재정사업자율평가/2011-09-08_24783_2010년도 소관별 재정사업 자율평가 보고서/45_목차_2010년도 재정사업자율평가보고서(일반재정)(문화부).hwp,3058688,faf43edfce29b3de514c786d3400e22d293d792ae7238bfb5526c3beaca7457c,downloaded,
515,재정사업자율평가,38,24783,FSL1004,2010년도 소관별 재정사업 자율평가 보고서,2011-09-08,기획재정부,https://www.openfiscaldata.go.kr/op/ko/fd/UOPKOFDA02?pageIndex=1&pageSize=8&ofdBrdId=FSL1004&ofdBrdiSeq=24783&ofdBrdiDtsClsCd=515,목차,2010년도 재정사업자율평가보고서(일반재정)(문화재청),2010년 재정사업자율평가보고서(일반재정)-문화재청(최종).hwp,FI000000002478321779,14,원문 없음: 표지를 제외한 제공 파일 다운로드,files/11_515_재정사업자율평가/2011-09-08_24783_2010년도 소관별 재정사업 자율평가 보고서/46_목차_2010년도 재정사업자율평가보고서(일반재정)(문화재청).hwp,449536,29affeb2a7dda696f83934b3360e412e6cc00028ce4aa27e6a683d5ccdcad22a,downloaded,
515,재정사업자율평가,38,24783,FSL1004,2010년도 소관별 재정사업 자율평가 보고서,2011-09-08,기획재정부,https://www.openfiscaldata.go.kr/op/ko/fd/UOPKOFDA02?pageIndex=1&pageSize=8&ofdBrdId=FSL1004&ofdBrdiSeq=24783&ofdBrdiDtsClsCd=515,목차,2010년도 재정사업자율평가보고서(일반재정)(방재청),2010년 재정사업자율평가보고서(일반재정)-방재청(최종).hwp,FI000000002478321779,15,원문 없음: 표지를 제외한 제공 파일 다운로드,files/11_515_재정사업자율평가/2011-09-08_24783_2010년도 소관별 재정사업 자율평가 보고서/47_목차_2010년도 재정사업자율평가보고서(일반재정)(방재청).hwp,568832,dd33fcf3b11bb2ebe0790d8e65e2b86cb969efbade0fba1b64637ff8e7d2576c,downloaded,
515,재정사업자율평가,38,24783,FSL1004,2010년도 소관별 재정사업 자율평가 보고서,2011-09-08,기획재정부,https://www.openfiscaldata.go.kr/op/ko/fd/UOPKOFDA02?pageIndex=1&pageSize=8&ofdBrdId=FSL1004&ofdBrdiSeq=24783&ofdBrdiDtsClsCd=515,목차,2010년도 재정사업자율평가보고서(일반재정)(방통위),2010년 재정사업자율평가보고서(일반재정)-방통위(최종).hwp,FI000000002478321779,16,원문 없음: 표지를 제외한 제공 파일 다운로드,files/11_515_재정사업자율평가/2011-09-08_24783_2010년도 소관별 재정사업 자율평가 보고서/48_목차_2010년도 재정사업자율평가보고서(일반재정)(방통위).hwp,732672,b00bc9d76337c238ebf8f02b3d5b79a124e24211889442913688fd9035043df2,downloaded,
515,재정사업자율평가,38,24783,FSL1004,2010년도 소관별 재정사업 자율평가 보고서,2011-09-08,기획재정부,https://www.openfiscaldata.go.kr/op/ko/fd/UOPKOFDA02?pageIndex=1&pageSize=8&ofdBrdId=FSL1004&ofdBrdiSeq=24783&ofdBrdiDtsClsCd=515,목차,2010년도 재정사업자율평가보고서(일반재정)(법무부),2010년 재정사업자율평가보고서(일반재정)-법무부(최종).hwp,FI000000002478321779,17,원문 없음: 표지를 제외한 제공 파일 다운로드,files/11_515_재정사업자율평가/2011-09-08_24783_2010년도 소관별 재정사업 자율평가 보고서/49_목차_2010년도 재정사업자율평가보고서(일반재정)(법무부).hwp,15197184,1e89be9a8ec82fcef755c19412f4eefa8cd8bd8a9ad0a95ac79d795d190c381c,downloaded,
515,재정사업자율평가,38,24783,FSL1004,2010년도 소관별 재정사업 자율평가 보고서,2011-09-08,기획재정부,https://www.openfiscaldata.go.kr/op/ko/fd/UOPKOFDA02?pageIndex=1&pageSize=8&ofdBrdId=FSL1004&ofdBrdiSeq=24783&ofdBrdiDtsClsCd=515,목차,2010년도 재정사업자율평가보고서(일반재정)(법제처),2010년 재정사업자율평가보고서(일반재정)-법제처(최종).hwp,FI000000002478321779,18,원문 없음: 표지를 제외한 제공 파일 다운로드,files/11_515_재정사업자율평가/2011-09-08_24783_2010년도 소관별 재정사업 자율평가 보고서/50_목차_2010년도 재정사업자율평가보고서(일반재정)(법제처).hwp,101888,4bb7ee9d068ff78e428328f7bf02f5b742f7663bf7c11abada96a5c1742d1a8f,downloaded,
515,재정사업자율평가,38,24783,FSL1004,2010년도 소관별 재정사업 자율평가 보고서,2011-09-08,기획재정부,https://www.openfiscaldata.go.kr/op/ko/fd/UOPKOFDA02?pageIndex=1&pageSize=8&ofdBrdId=FSL1004&ofdBrdiSeq=24783&ofdBrdiDtsClsCd=515,목차,2010년도 재정사업자율평가보고서(일반재정)(병무청),2010년 재정사업자율평가보고서(일반재정)-병무청(최종).hwp,FI000000002478321779,19,원문 없음: 표지를 제외한 제공 파일 다운로드,files/11_515_재정사업자율평가/2011-09-08_24783_2010년도 소관별 재정사업 자율평가 보고서/51_목차_2010년도 재정사업자율평가보고서(일반재정)(병무청).hwp,180224,90600ff5cfb3b05862c4529a51d1ad033562577c097b8a305ed7b9f3cae920d3,downloaded,
515,재정사업자율평가,38,24783,FSL1004,2010년도 소관별 재정사업 자율평가 보고서,2011-09-08,기획재정부,https://www.openfiscaldata.go.kr/op/ko/fd/UOPKOFDA02?pageIndex=1&pageSize=8&ofdBrdId=FSL1004&ofdBrdiSeq=24783&ofdBrdiDtsClsCd=515,목차,2010년도 재정사업자율평가보고서(일반재정)(보훈처),2010년 재정사업자율평가보고서(일반재정)-보훈처(최종).hwp,FI000000002478321779,20,원문 없음: 표지를 제외한 제공 파일 다운로드,files/11_515_재정사업자율평가/2011-09-08_24783_2010년도 소관별 재정사업 자율평가 보고서/52_목차_2010년도 재정사업자율평가보고서(일반재정)(보훈처).hwp,631808,a29e531e7c2a01826e1d08e6ab0f6b5ab39a625661f3986dc7766469563a76e5,downloaded,
515,재정사업자율평가,38,24783,FSL1004,2010년도 소관별 재정사업 자율평가 보고서,2011-09-08,기획재정부,https://www.openfiscaldata.go.kr/op/ko/fd/UOPKOFDA02?pageIndex=1&pageSize=8&ofdBrdId=FSL1004&ofdBrdiSeq=24783&ofdBrdiDtsClsCd=515,목차,2010년도 재정사업자율평가보고서(일반재정)(복지부),2010년 재정사업자율평가보고서(일반재정)-복지부(최종).hwp,FI000000002478321779,21,원문 없음: 표지를 제외한 제공 파일 다운로드,files/11_515_재정사업자율평가/2011-09-08_24783_2010년도 소관별 재정사업 자율평가 보고서/53_목차_2010년도 재정사업자율평가보고서(일반재정)(복지부).hwp,7706624,e298755f49efddbf59a043c5db82b8400fcc157a733777abc517ed97dae46d00,downloaded,
515,재정사업자율평가,38,24783,FSL1004,2010년도 소관별 재정사업 자율평가 보고서,2011-09-08,기획재정부,https://www.openfiscaldata.go.kr/op/ko/fd/UOPKOFDA02?pageIndex=1&pageSize=8&ofdBrdId=FSL1004&ofdBrdiSeq=24783&ofdBrdiDtsClsCd=515,목차,2010년도 재정사업자율평가보고서(일반재정)(산림청),2010년 재정사업자율평가보고서(일반재정)-산림청(최종).hwp,FI000000002478321779,22,원문 없음: 표지를 제외한 제공 파일 다운로드,files/11_515_재정사업자율평가/2011-09-08_24783_2010년도 소관별 재정사업 자율평가 보고서/54_목차_2010년도 재정사업자율평가보고서(일반재정)(산림청).hwp,12786176,95b8fbbb735c3faa152019446055913de944a910a399d0c815567127f4f5efef,downloaded,
515,재정사업자율평가,38,24783,FSL1004,2010년도 소관별 재정사업 자율평가 보고서,2011-09-08,기획재정부,https://www.openfiscaldata.go.kr/op/ko/fd/UOPKOFDA02?pageIndex=1&pageSize=8&ofdBrdId=FSL1004&ofdBrdiSeq=24783&ofdBrdiDtsClsCd=515,목차,2010년도 재정사업자율평가보고서(일반재정)(식약청),2010년 재정사업자율평가보고서(일반재정)-식약청(최종).hwp,FI000000002478321779,23,원문 없음: 표지를 제외한 제공 파일 다운로드,files/11_515_재정사업자율평가/2011-09-08_24783_2010년도 소관별 재정사업 자율평가 보고서/55_목차_2010년도 재정사업자율평가보고서(일반재정)(식약청).hwp,1114112,55be82c6e7b871e4bcfaead7af3360e556f30c1da55aa12ae4940643e1b53725,downloaded,
515,재정사업자율평가,38,24783,FSL1004,2010년도 소관별 재정사업 자율평가 보고서,2011-09-08,기획재정부,https://www.openfiscaldata.go.kr/op/ko/fd/UOPKOFDA02?pageIndex=1&pageSize=8&ofdBrdId=FSL1004&ofdBrdiSeq=24783&ofdBrdiDtsClsCd=515,목차,2010년도 재정사업자율평가보고서(일반재정)(여성부),2010년 재정사업자율평가보고서(일반재정)-여성부(최종).hwp,FI000000002478321779,24,원문 없음: 표지를 제외한 제공 파일 다운로드,files/11_515_재정사업자율평가/2011-09-08_24783_2010년도 소관별 재정사업 자율평가 보고서/56_목차_2010년도 재정사업자율평가보고서(일반재정)(여성부).hwp,1534464,de5f2ef36b0de876cd965ee9d30f23adca71dacc5f0255c9a2fd1780124d5626,downloaded,
515,재정사업자율평가,38,24783,FSL1004,2010년도 소관별 재정사업 자율평가 보고서,2011-09-08,기획재정부,https://www.openfiscaldata.go.kr/op/ko/fd/UOPKOFDA02?pageIndex=1&pageSize=8&ofdBrdId=FSL1004&ofdBrdiSeq=24783&ofdBrdiDtsClsCd=515,목차,2010년도 재정사업자율평가보고서(일반재정)(외교부),2010년 재정사업자율평가보고서(일반재정)-외교부(최종).hwp,FI000000002478321779,25,원문 없음: 표지를 제외한 제공 파일 다운로드,files/11_515_재정사업자율평가/2011-09-08_24783_2010년도 소관별 재정사업 자율평가 보고서/57_목차_2010년도 재정사업자율평가보고서(일반재정)(외교부).hwp,1678336,71b6959955553ccec2a7240b1534013759c96551bcedc50a62a43e95a57aa239,downloaded,
515,재정사업자율평가,38,24783,FSL1004,2010년도 소관별 재정사업 자율평가 보고서,2011-09-08,기획재정부,https://www.openfiscaldata.go.kr/op/ko/fd/UOPKOFDA02?pageIndex=1&pageSize=8&ofdBrdId=FSL1004&ofdBrdiSeq=24783&ofdBrdiDtsClsCd=515,목차,2010년도 재정사업자율평가보고서(일반재정)(인권위),2010년 재정사업자율평가보고서(일반재정)-인권위(최종).hwp,FI000000002478321779,26,원문 없음: 표지를 제외한 제공 파일 다운로드,files/11_515_재정사업자율평가/2011-09-08_24783_2010년도 소관별 재정사업 자율평가 보고서/58_목차_2010년도 재정사업자율평가보고서(일반재정)(인권위).hwp,207872,be9bd37fad88ef9f1c41523d85553e95de091905027f78cdd7d0d1fd40958638,downloaded,
515,재정사업자율평가,38,24783,FSL1004,2010년도 소관별 재정사업 자율평가 보고서,2011-09-08,기획재정부,https://www.openfiscaldata.go.kr/op/ko/fd/UOPKOFDA02?pageIndex=1&pageSize=8&ofdBrdId=FSL1004&ofdBrdiSeq=24783&ofdBrdiDtsClsCd=515,목차,2010년도 재정사업자율평가보고서(일반재정)(중기청),2010년 재정사업자율평가보고서(일반재정)-중기청(최종).hwp,FI000000002478321779,27,원문 없음: 표지를 제외한 제공 파일 다운로드,files/11_515_재정사업자율평가/2011-09-08_24783_2010년도 소관별 재정사업 자율평가 보고서/59_목차_2010년도 재정사업자율평가보고서(일반재정)(중기청).hwp,1052672,e81b686dd0c00686e9e5b16f2fd02905b1fe684838470d4ddbefe4122d564995,downloaded,
515,재정사업자율평가,38,24783,FSL1004,2010년도 소관별 재정사업 자율평가 보고서,2011-09-08,기획재정부,https://www.openfiscaldata.go.kr/op/ko/fd/UOPKOFDA02?pageIndex=1&pageSize=8&ofdBrdId=FSL1004&ofdBrdiSeq=24783&ofdBrdiDtsClsCd=515,목차,2010년도 재정사업자율평가보고서(일반재정)(지경부),2010년 재정사업자율평가보고서(일반재정)-지경부(최종).hwp,FI000000002478321779,28,원문 없음: 표지를 제외한 제공 파일 다운로드,files/11_515_재정사업자율평가/2011-09-08_24783_2010년도 소관별 재정사업 자율평가 보고서/60_목차_2010년도 재정사업자율평가보고서(일반재정)(지경부).hwp,18042368,09987b5b5e446b225033c87bf61a9e306ec843d7b0c8779141342d932b84cf19,downloaded,
515,재정사업자율평가,38,24783,FSL1004,2010년도 소관별 재정사업 자율평가 보고서,2011-09-08,기획재정부,https://www.openfiscaldata.go.kr/op/ko/fd/UOPKOFDA02?pageIndex=1&pageSize=8&ofdBrdId=FSL1004&ofdBrdiSeq=24783&ofdBrdiDtsClsCd=515,목차,2010년도 재정사업자율평가보고서(일반재정)(통계청),2010년 재정사업자율평가보고서(일반재정)-통계청(최종).hwp,FI000000002478321779,29,원문 없음: 표지를 제외한 제공 파일 다운로드,files/11_515_재정사업자율평가/2011-09-08_24783_2010년도 소관별 재정사업 자율평가 보고서/61_목차_2010년도 재정사업자율평가보고서(일반재정)(통계청).hwp,218624,9e15cf2c59ab83a67efc59c80d2fb567935d4f5e7fb694e4e2aae21e9658bd38,downloaded,
515,재정사업자율평가,38,24783,FSL1004,2010년도 소관별 재정사업 자율평가 보고서,2011-09-08,기획재정부,https://www.openfiscaldata.go.kr/op/ko/fd/UOPKOFDA02?pageIndex=1&pageSize=8&ofdBrdId=FSL1004&ofdBrdiSeq=24783&ofdBrdiDtsClsCd=515,목차,2010년도 재정사업자율평가보고서(일반재정)(통일부),2010년 재정사업자율평가보고서(일반재정)-통일부(최종).hwp,FI000000002478321779,30,원문 없음: 표지를 제외한 제공 파일 다운로드,files/11_515_재정사업자율평가/2011-09-08_24783_2010년도 소관별 재정사업 자율평가 보고서/62_목차_2010년도 재정사업자율평가보고서(일반재정)(통일부).hwp,274432,42a668f377339a3eba4cc1fc185525de92d82ef58c40dd1e584d13f2a090622e,downloaded,
515,재정사업자율평가,38,24783,FSL1004,2010년도 소관별 재정사업 자율평가 보고서,2011-09-08,기획재정부,https://www.openfiscaldata.go.kr/op/ko/fd/UOPKOFDA02?pageIndex=1&pageSize=8&ofdBrdId=FSL1004&ofdBrdiSeq=24783&ofdBrdiDtsClsCd=515,목차,2010년도 재정사업자율평가보고서(정보화),2010년도 재정사업자율평가보고서(정보화).zip,FI000000002478321779,63,원문 없음: 표지를 제외한 제공 파일 다운로드,files/11_515_재정사업자율평가/2011-09-08_24783_2010년도 소관별 재정사업 자율평가 보고서/63_목차_2010년도 재정사업자율평가보고서(정보화).zip,89435037,7365c6a6b924217762a07fbd51e0efc9883f38ce74d725eb767fe3ac0b3ce788,downloaded,
515,재정사업자율평가,38,24782,FSL1004,2009년도 소관별 재정사업 자율평가 보고서,2010-09-24,기획재정부,https://www.openfiscaldata.go.kr/op/ko/fd/UOPKOFDA02?pageIndex=1&pageSize=8&ofdBrdId=FSL1004&ofdBrdiSeq=24782&ofdBrdiDtsClsCd=515,목차,2009년도 재정사업자율평가보고서(일반재정)(경찰청),2009년 재정사업자율평가보고서(일반재정)-경찰청.hwp,FI000000002478221749,1,원문 없음: 표지를 제외한 제공 파일 다운로드,files/11_515_재정사업자율평가/2010-09-24_24782_2009년도 소관별 재정사업 자율평가 보고서/01_목차_2009년도 재정사업자율평가보고서(일반재정)(경찰청).hwp,2503680,935dd04fd58b3650fbd1b5857d134a1563ee6a94a6012e28a2d6230b4952b58e,downloaded,
515,재정사업자율평가,38,24782,FSL1004,2009년도 소관별 재정사업 자율평가 보고서,2010-09-24,기획재정부,https://www.openfiscaldata.go.kr/op/ko/fd/UOPKOFDA02?pageIndex=1&pageSize=8&ofdBrdId=FSL1004&ofdBrdiSeq=24782&ofdBrdiDtsClsCd=515,목차,2009년도 재정사업자율평가보고서(일반재정)(환경부),2009년 재정사업자율평가보고서(일반재정)-환경부.hwp,FI000000002478221749,30,원문 없음: 표지를 제외한 제공 파일 다운로드,files/11_515_재정사업자율평가/2010-09-24_24782_2009년도 소관별 재정사업 자율평가 보고서/02_목차_2009년도 재정사업자율평가보고서(일반재정)(환경부).hwp,3406848,55b6c44860ee6d2d4bcc473ad7e4bf9990a9c81bdd2f7d6192ba81c9627e7ac6,downloaded,
515,재정사업자율평가,38,24782,FSL1004,2009년도 소관별 재정사업 자율평가 보고서,2010-09-24,기획재정부,https://www.openfiscaldata.go.kr/op/ko/fd/UOPKOFDA02?pageIndex=1&pageSize=8&ofdBrdId=FSL1004&ofdBrdiSeq=24782&ofdBrdiDtsClsCd=515,목차,2009년도 재정사업자율평가보고서(일반재정)(행정안전부),2009년 재정사업자율평가보고서(일반재정)-행정안전부.hwp,FI000000002478221749,29,원문 없음: 표지를 제외한 제공 파일 다운로드,files/11_515_재정사업자율평가/2010-09-24_24782_2009년도 소관별 재정사업 자율평가 보고서/03_목차_2009년도 재정사업자율평가보고서(일반재정)(행정안전부).hwp,2690048,1d4f51c972c43c8c60550d69c4a4d999492c74eca9769f32bda73323f445cb38,downloaded,
515,재정사업자율평가,38,24782,FSL1004,2009년도 소관별 재정사업 자율평가 보고서,2010-09-24,기획재정부,https://www.openfiscaldata.go.kr/op/ko/fd/UOPKOFDA02?pageIndex=1&pageSize=8&ofdBrdId=FSL1004&ofdBrdiSeq=24782&ofdBrdiDtsClsCd=515,목차,2009년도 재정사업자율평가보고서(일반재정)(해양경찰청),2009년 재정사업자율평가보고서(일반재정)-해양경찰청.hwp,FI000000002478221749,28,원문 없음: 표지를 제외한 제공 파일 다운로드,files/11_515_재정사업자율평가/2010-09-24_24782_2009년도 소관별 재정사업 자율평가 보고서/04_목차_2009년도 재정사업자율평가보고서(일반재정)(해양경찰청).hwp,380928,a3e40ba1b98ea720160ed2257b65f8cccb6af43e84af5128eae5cd524bb47232,downloaded,
515,재정사업자율평가,38,24782,FSL1004,2009년도 소관별 재정사업 자율평가 보고서,2010-09-24,기획재정부,https://www.openfiscaldata.go.kr/op/ko/fd/UOPKOFDA02?pageIndex=1&pageSize=8&ofdBrdId=FSL1004&ofdBrdiSeq=24782&ofdBrdiDtsClsCd=515,목차,2009년도 재정사업자율평가보고서(일반재정)(통일부),2009년 재정사업자율평가보고서(일반재정)-통일부.hwp,FI000000002478221749,27,원문 없음: 표지를 제외한 제공 파일 다운로드,files/11_515_재정사업자율평가/2010-09-24_24782_2009년도 소관별 재정사업 자율평가 보고서/05_목차_2009년도 재정사업자율평가보고서(일반재정)(통일부).hwp,379904,3a5aa0509476ae301727f1839e2681c9c50348547b4a7871c329fb82e9fcfc7f,downloaded,
515,재정사업자율평가,38,24782,FSL1004,2009년도 소관별 재정사업 자율평가 보고서,2010-09-24,기획재정부,https://www.openfiscaldata.go.kr/op/ko/fd/UOPKOFDA02?pageIndex=1&pageSize=8&ofdBrdId=FSL1004&ofdBrdiSeq=24782&ofdBrdiDtsClsCd=515,목차,2009년도 재정사업자율평가보고서(일반재정)(통계청),2009년 재정사업자율평가보고서(일반재정)-통계청.hwp,FI000000002478221749,26,원문 없음: 표지를 제외한 제공 파일 다운로드,files/11_515_재정사업자율평가/2010-09-24_24782_2009년도 소관별 재정사업 자율평가 보고서/06_목차_2009년도 재정사업자율평가보고서(일반재정)(통계청).hwp,2715648,f5db289dfd9adbe2ce48be4f86b2bde387a599985b12c41dccd486d7eb5c77a0,downloaded,
515,재정사업자율평가,38,24782,FSL1004,2009년도 소관별 재정사업 자율평가 보고서,2010-09-24,기획재정부,https://www.openfiscaldata.go.kr/op/ko/fd/UOPKOFDA02?pageIndex=1&pageSize=8&ofdBrdId=FSL1004&ofdBrdiSeq=24782&ofdBrdiDtsClsCd=515,목차,2009년도 재정사업자율평가보고서(일반재정)(지식경제부),2009년 재정사업자율평가보고서(일반재정)-지식경제부.hwp,FI000000002478221749,25,원문 없음: 표지를 제외한 제공 파일 다운로드,files/11_515_재정사업자율평가/2010-09-24_24782_2009년도 소관별 재정사업 자율평가 보고서/07_목차_2009년도 재정사업자율평가보고서(일반재정)(지식경제부).hwp,17675264,e5e882f4728d04713c13a6dc71600aa741ca9731492a4019357b87ee5e64d33d,downloaded,
515,재정사업자율평가,38,24782,FSL1004,2009년도 소관별 재정사업 자율평가 보고서,2010-09-24,기획재정부,https://www.openfiscaldata.go.kr/op/ko/fd/UOPKOFDA02?pageIndex=1&pageSize=8&ofdBrdId=FSL1004&ofdBrdiSeq=24782&ofdBrdiDtsClsCd=515,목차,2009년도 재정사업자율평가보고서(일반재정)(중소기업청),2009년 재정사업자율평가보고서(일반재정)-중소기업청.hwp,FI000000002478221749,24,원문 없음: 표지를 제외한 제공 파일 다운로드,files/11_515_재정사업자율평가/2010-09-24_24782_2009년도 소관별 재정사업 자율평가 보고서/08_목차_2009년도 재정사업자율평가보고서(일반재정)(중소기업청).hwp,2251264,daa067fd32c93a624200a621658c4a85a97fad6d19c230c894d3fd72b234e5ad,downloaded,
515,재정사업자율평가,38,24782,FSL1004,2009년도 소관별 재정사업 자율평가 보고서,2010-09-24,기획재정부,https://www.openfiscaldata.go.kr/op/ko/fd/UOPKOFDA02?pageIndex=1&pageSize=8&ofdBrdId=FSL1004&ofdBrdiSeq=24782&ofdBrdiDtsClsCd=515,목차,2009년도 재정사업자율평가보고서(일반재정)(조달청),2009년 재정사업자율평가보고서(일반재정)-조달청.hwp,FI000000002478221749,23,원문 없음: 표지를 제외한 제공 파일 다운로드,files/11_515_재정사업자율평가/2010-09-24_24782_2009년도 소관별 재정사업 자율평가 보고서/09_목차_2009년도 재정사업자율평가보고서(일반재정)(조달청).hwp,239616,72f51a2133d342c9090afca1ce21e166a39e87baf4c13ad53bbc29f2b9441e24,downloaded,
515,재정사업자율평가,38,24782,FSL1004,2009년도 소관별 재정사업 자율평가 보고서,2010-09-24,기획재정부,https://www.openfiscaldata.go.kr/op/ko/fd/UOPKOFDA02?pageIndex=1&pageSize=8&ofdBrdId=FSL1004&ofdBrdiSeq=24782&ofdBrdiDtsClsCd=515,목차,2009년도 재정사업자율평가보고서(일반재정)(외교통상부),2009년 재정사업자율평가보고서(일반재정)-외교통상부.hwp,FI000000002478221749,22,원문 없음: 표지를 제외한 제공 파일 다운로드,files/11_515_재정사업자율평가/2010-09-24_24782_2009년도 소관별 재정사업 자율평가 보고서/10_목차_2009년도 재정사업자율평가보고서(일반재정)(외교통상부).hwp,2127872,79cfc1156b87fd10b0214c62e501458c5c7380fd313e1909db3101c14d7a4ff0,downloaded,
515,재정사업자율평가,38,24782,FSL1004,2009년도 소관별 재정사업 자율평가 보고서,2010-09-24,기획재정부,https://www.openfiscaldata.go.kr/op/ko/fd/UOPKOFDA02?pageIndex=1&pageSize=8&ofdBrdId=FSL1004&ofdBrdiSeq=24782&ofdBrdiDtsClsCd=515,목차,2009년도 재정사업자율평가보고서(일반재정)(여성가족부),2009년 재정사업자율평가보고서(일반재정)-여성가족부.hwp,FI000000002478221749,21,원문 없음: 표지를 제외한 제공 파일 다운로드,files/11_515_재정사업자율평가/2010-09-24_24782_2009년도 소관별 재정사업 자율평가 보고서/11_목차_2009년도 재정사업자율평가보고서(일반재정)(여성가족부).hwp,20459520,f3aeef49b484f3e5f6ace4ee76280548fdb15853499254c3ae64930603f1a0a9,downloaded,
515,재정사업자율평가,38,24782,FSL1004,2009년도 소관별 재정사업 자율평가 보고서,2010-09-24,기획재정부,https://www.openfiscaldata.go.kr/op/ko/fd/UOPKOFDA02?pageIndex=1&pageSize=8&ofdBrdId=FSL1004&ofdBrdiSeq=24782&ofdBrdiDtsClsCd=515,목차,2009년도 재정사업자율평가보고서(일반재정)(식품의약품안전청),2009년 재정사업자율평가보고서(일반재정)-식품의약품안전청.hwp,FI000000002478221749,20,원문 없음: 표지를 제외한 제공 파일 다운로드,files/11_515_재정사업자율평가/2010-09-24_24782_2009년도 소관별 재정사업 자율평가 보고서/12_목차_2009년도 재정사업자율평가보고서(일반재정)(식품의약품안전청).hwp,1195008,84eb227e7e23a15a3e7fc6a9338d34cb6290d36c0eb0fa4108ae3184429d1cbd,downloaded,
515,재정사업자율평가,38,24782,FSL1004,2009년도 소관별 재정사업 자율평가 보고서,2010-09-24,기획재정부,https://www.openfiscaldata.go.kr/op/ko/fd/UOPKOFDA02?pageIndex=1&pageSize=8&ofdBrdId=FSL1004&ofdBrdiSeq=24782&ofdBrdiDtsClsCd=515,목차,2009년도 재정사업자율평가보고서(일반재정)(소방방재청),2009년 재정사업자율평가보고서(일반재정)-소방방재청.hwp,FI000000002478221749,19,원문 없음: 표지를 제외한 제공 파일 다운로드,files/11_515_재정사업자율평가/2010-09-24_24782_2009년도 소관별 재정사업 자율평가 보고서/13_목차_2009년도 재정사업자율평가보고서(일반재정)(소방방재청).hwp,926208,05110e059ffc5f77ec6fe1e7d55943655da195000a213ea095f4c97183dab878,downloaded,
515,재정사업자율평가,38,24782,FSL1004,2009년도 소관별 재정사업 자율평가 보고서,2010-09-24,기획재정부,https://www.openfiscaldata.go.kr/op/ko/fd/UOPKOFDA02?pageIndex=1&pageSize=8&ofdBrdId=FSL1004&ofdBrdiSeq=24782&ofdBrdiDtsClsCd=515,목차,2009년도 재정사업자율평가보고서(일반재정)(산림청),2009년 재정사업자율평가보고서(일반재정)-산림청.hwp,FI000000002478221749,18,원문 없음: 표지를 제외한 제공 파일 다운로드,files/11_515_재정사업자율평가/2010-09-24_24782_2009년도 소관별 재정사업 자율평가 보고서/14_목차_2009년도 재정사업자율평가보고서(일반재정)(산림청).hwp,2791936,05227dc5744c47676814b9562347ad7f7e85666024ecb9ebdca972e3d6803971,downloaded,
515,재정사업자율평가,38,24782,FSL1004,2009년도 소관별 재정사업 자율평가 보고서,2010-09-24,기획재정부,https://www.openfiscaldata.go.kr/op/ko/fd/UOPKOFDA02?pageIndex=1&pageSize=8&ofdBrdId=FSL1004&ofdBrdiSeq=24782&ofdBrdiDtsClsCd=515,목차,2009년도 재정사업자율평가보고서(일반재정)(보건복지부),2009년 재정사업자율평가보고서(일반재정)-보건복지부.hwp,FI000000002478221749,17,원문 없음: 표지를 제외한 제공 파일 다운로드,files/11_515_재정사업자율평가/2010-09-24_24782_2009년도 소관별 재정사업 자율평가 보고서/15_목차_2009년도 재정사업자율평가보고서(일반재정)(보건복지부).hwp,19215360,5960a6eaf165d0cf398635753f9bc5f7e7701ff75a97edc1372e94e2c4886661,downloaded,
515,재정사업자율평가,38,24782,FSL1004,2009년도 소관별 재정사업 자율평가 보고서,2010-09-24,기획재정부,https://www.openfiscaldata.go.kr/op/ko/fd/UOPKOFDA02?pageIndex=1&pageSize=8&ofdBrdId=FSL1004&ofdBrdiSeq=24782&ofdBrdiDtsClsCd=515,목차,2009년도 재정사업자율평가보고서(일반재정)(병무청),2009년 재정사업자율평가보고서(일반재정)-병무청.hwp,FI000000002478221749,16,원문 없음: 표지를 제외한 제공 파일 다운로드,files/11_515_재정사업자율평가/2010-09-24_24782_2009년도 소관별 재정사업 자율평가 보고서/16_목차_2009년도 재정사업자율평가보고서(일반재정)(병무청).hwp,124416,2984ada25a4d4bd988c4f260a3e8fdd8667a0b734aea5efd744bf7283ba0c533,downloaded,
515,재정사업자율평가,38,24782,FSL1004,2009년도 소관별 재정사업 자율평가 보고서,2010-09-24,기획재정부,https://www.openfiscaldata.go.kr/op/ko/fd/UOPKOFDA02?pageIndex=1&pageSize=8&ofdBrdId=FSL1004&ofdBrdiSeq=24782&ofdBrdiDtsClsCd=515,목차,2009년도 재정사업자율평가보고서(일반재정)(법무부),2009년 재정사업자율평가보고서(일반재정)-법무부.hwp,FI000000002478221749,15,원문 없음: 표지를 제외한 제공 파일 다운로드,files/11_515_재정사업자율평가/2010-09-24_24782_2009년도 소관별 재정사업 자율평가 보고서/17_목차_2009년도 재정사업자율평가보고서(일반재정)(법무부).hwp,1164800,3e57986e816e422e7083109b1a46dd3eb1272b733bf515baa1dfaef51baefd92,downloaded,
515,재정사업자율평가,38,24782,FSL1004,2009년도 소관별 재정사업 자율평가 보고서,2010-09-24,기획재정부,https://www.openfiscaldata.go.kr/op/ko/fd/UOPKOFDA02?pageIndex=1&pageSize=8&ofdBrdId=FSL1004&ofdBrdiSeq=24782&ofdBrdiDtsClsCd=515,목차,2009년도 재정사업자율평가보고서(일반재정)(문화체육관광부),2009년 재정사업자율평가보고서(일반재정)-문화체육관광부.hwp,FI000000002478221749,14,원문 없음: 표지를 제외한 제공 파일 다운로드,files/11_515_재정사업자율평가/2010-09-24_24782_2009년도 소관별 재정사업 자율평가 보고서/18_목차_2009년도 재정사업자율평가보고서(일반재정)(문화체육관광부).hwp,2407424,ecfd49c5e07ffdb1b7625ec3514c9adeb4cbb1271d5336fc7cbefac352cc597b,downloaded,
515,재정사업자율평가,38,24782,FSL1004,2009년도 소관별 재정사업 자율평가 보고서,2010-09-24,기획재정부,https://www.openfiscaldata.go.kr/op/ko/fd/UOPKOFDA02?pageIndex=1&pageSize=8&ofdBrdId=FSL1004&ofdBrdiSeq=24782&ofdBrdiDtsClsCd=515,목차,2009년도 재정사업자율평가보고서(일반재정)(문화재청),2009년 재정사업자율평가보고서(일반재정)-문화재청.hwp,FI000000002478221749,13,원문 없음: 표지를 제외한 제공 파일 다운로드,files/11_515_재정사업자율평가/2010-09-24_24782_2009년도 소관별 재정사업 자율평가 보고서/19_목차_2009년도 재정사업자율평가보고서(일반재정)(문화재청).hwp,3249152,911bca410dcb548621dc2b3f2d785ba1e36116c382077808218fa7ded4aa8418,downloaded,
515,재정사업자율평가,38,24782,FSL1004,2009년도 소관별 재정사업 자율평가 보고서,2010-09-24,기획재정부,https://www.openfiscaldata.go.kr/op/ko/fd/UOPKOFDA02?pageIndex=1&pageSize=8&ofdBrdId=FSL1004&ofdBrdiSeq=24782&ofdBrdiDtsClsCd=515,목차,2009년도 재정사업자율평가보고서(일반재정)(농촌진흥청),2009년 재정사업자율평가보고서(일반재정)-농촌진흥청.hwp,FI000000002478221749,12,원문 없음: 표지를 제외한 제공 파일 다운로드,files/11_515_재정사업자율평가/2010-09-24_24782_2009년도 소관별 재정사업 자율평가 보고서/20_목차_2009년도 재정사업자율평가보고서(일반재정)(농촌진흥청).hwp,540160,2dab4ae721dc5600e238e7a52c8b8692da783199b8e74261f9201a74e918524b,downloaded,
515,재정사업자율평가,38,24782,FSL1004,2009년도 소관별 재정사업 자율평가 보고서,2010-09-24,기획재정부,https://www.openfiscaldata.go.kr/op/ko/fd/UOPKOFDA02?pageIndex=1&pageSize=8&ofdBrdId=FSL1004&ofdBrdiSeq=24782&ofdBrdiDtsClsCd=515,목차,2009년도 재정사업자율평가보고서(일반재정)(농림수산식품부),2009년 재정사업자율평가보고서(일반재정)-농림수산식품부.hwp,FI000000002478221749,11,원문 없음: 표지를 제외한 제공 파일 다운로드,files/11_515_재정사업자율평가/2010-09-24_24782_2009년도 소관별 재정사업 자율평가 보고서/21_목차_2009년도 재정사업자율평가보고서(일반재정)(농림수산식품부).hwp,9216512,a2da0376afa84baf8794879cc2376bdb02a10ffc17287dd21534903915de5f03,downloaded,
515,재정사업자율평가,38,24782,FSL1004,2009년도 소관별 재정사업 자율평가 보고서,2010-09-24,기획재정부,https://www.openfiscaldata.go.kr/op/ko/fd/UOPKOFDA02?pageIndex=1&pageSize=8&ofdBrdId=FSL1004&ofdBrdiSeq=24782&ofdBrdiDtsClsCd=515,목차,2009년도 재정사업자율평가보고서(일반재정)(기획재정부),2009년 재정사업자율평가보고서(일반재정)-기획재정부.hwp,FI000000002478221749,10,원문 없음: 표지를 제외한 제공 파일 다운로드,files/11_515_재정사업자율평가/2010-09-24_24782_2009년도 소관별 재정사업 자율평가 보고서/22_목차_2009년도 재정사업자율평가보고서(일반재정)(기획재정부).hwp,117248,f565ffa0efac3a898a5820f2e706b3814e1946dc0cd949671853e8eb9cd7a94e,downloaded,
515,재정사업자율평가,38,24782,FSL1004,2009년도 소관별 재정사업 자율평가 보고서,2010-09-24,기획재정부,https://www.openfiscaldata.go.kr/op/ko/fd/UOPKOFDA02?pageIndex=1&pageSize=8&ofdBrdId=FSL1004&ofdBrdiSeq=24782&ofdBrdiDtsClsCd=515,목차,2009년도 재정사업자율평가보고서(일반재정)(기상청),2009년 재정사업자율평가보고서(일반재정)-기상청.hwp,FI000000002478221749,9,원문 없음: 표지를 제외한 제공 파일 다운로드,files/11_515_재정사업자율평가/2010-09-24_24782_2009년도 소관별 재정사업 자율평가 보고서/23_목차_2009년도 재정사업자율평가보고서(일반재정)(기상청).hwp,12514816,ba05b1312ef9af4ed66c06a6e007f4fd48f75615de09daf55b4529c27f0b5f3f,downloaded,
515,재정사업자율평가,38,24782,FSL1004,2009년도 소관별 재정사업 자율평가 보고서,2010-09-24,기획재정부,https://www.openfiscaldata.go.kr/op/ko/fd/UOPKOFDA02?pageIndex=1&pageSize=8&ofdBrdId=FSL1004&ofdBrdiSeq=24782&ofdBrdiDtsClsCd=515,목차,2009년도 재정사업자율평가보고서(일반재정)(금융위원회),2009년 재정사업자율평가보고서(일반재정)-금융위원회.hwp,FI000000002478221749,8,원문 없음: 표지를 제외한 제공 파일 다운로드,files/11_515_재정사업자율평가/2010-09-24_24782_2009년도 소관별 재정사업 자율평가 보고서/24_목차_2009년도 재정사업자율평가보고서(일반재정)(금융위원회).hwp,229376,3814d80f9292f1dec3fd937237e2db572abeb23d23a3dbb5889e5022d225a982,downloaded,
515,재정사업자율평가,38,24782,FSL1004,2009년도 소관별 재정사업 자율평가 보고서,2010-09-24,기획재정부,https://www.openfiscaldata.go.kr/op/ko/fd/UOPKOFDA02?pageIndex=1&pageSize=8&ofdBrdId=FSL1004&ofdBrdiSeq=24782&ofdBrdiDtsClsCd=515,목차,2009년도 재정사업자율평가보고서(일반재정)(국토해양부),2009년 재정사업자율평가보고서(일반재정)-국토해양부.hwp,FI000000002478221749,7,원문 없음: 표지를 제외한 제공 파일 다운로드,files/11_515_재정사업자율평가/2010-09-24_24782_2009년도 소관별 재정사업 자율평가 보고서/25_목차_2009년도 재정사업자율평가보고서(일반재정)(국토해양부).hwp,14197760,f5fe651c778db83174e6e7512da9b208db91d8a81d937a27c8cfcf336c8692b9,downloaded,
515,재정사업자율평가,38,24782,FSL1004,2009년도 소관별 재정사업 자율평가 보고서,2010-09-24,기획재정부,https://www.openfiscaldata.go.kr/op/ko/fd/UOPKOFDA02?pageIndex=1&pageSize=8&ofdBrdId=FSL1004&ofdBrdiSeq=24782&ofdBrdiDtsClsCd=515,목차,2009년도 재정사업자율평가보고서(일반재정)(국세청),2009년 재정사업자율평가보고서(일반재정)-국세청.hwp,FI000000002478221749,6,원문 없음: 표지를 제외한 제공 파일 다운로드,files/11_515_재정사업자율평가/2010-09-24_24782_2009년도 소관별 재정사업 자율평가 보고서/26_목차_2009년도 재정사업자율평가보고서(일반재정)(국세청).hwp,180736,96cf19631f14643f45e23a0f133f428f2dc3e18ba5b1c2a11078251c1e2b9b19,downloaded,
515,재정사업자율평가,38,24782,FSL1004,2009년도 소관별 재정사업 자율평가 보고서,2010-09-24,기획재정부,https://www.openfiscaldata.go.kr/op/ko/fd/UOPKOFDA02?pageIndex=1&pageSize=8&ofdBrdId=FSL1004&ofdBrdiSeq=24782&ofdBrdiDtsClsCd=515,목차,2009년도 재정사업자율평가보고서(일반재정)(국가보훈처),2009년 재정사업자율평가보고서(일반재정)-국가보훈처.hwp,FI000000002478221749,5,원문 없음: 표지를 제외한 제공 파일 다운로드,files/11_515_재정사업자율평가/2010-09-24_24782_2009년도 소관별 재정사업 자율평가 보고서/27_목차_2009년도 재정사업자율평가보고서(일반재정)(국가보훈처).hwp,1496064,fe6e284235527a71301c200b1140dbf66aa39ded347bc8af64aa1b417efae503,downloaded,
515,재정사업자율평가,38,24782,FSL1004,2009년도 소관별 재정사업 자율평가 보고서,2010-09-24,기획재정부,https://www.openfiscaldata.go.kr/op/ko/fd/UOPKOFDA02?pageIndex=1&pageSize=8&ofdBrdId=FSL1004&ofdBrdiSeq=24782&ofdBrdiDtsClsCd=515,목차,2009년도 재정사업자율평가보고서(일반재정)(교육과학기술부),2009년 재정사업자율평가보고서(일반재정)-교육과학기술부.hwp,FI000000002478221749,4,원문 없음: 표지를 제외한 제공 파일 다운로드,files/11_515_재정사업자율평가/2010-09-24_24782_2009년도 소관별 재정사업 자율평가 보고서/28_목차_2009년도 재정사업자율평가보고서(일반재정)(교육과학기술부).hwp,4591104,67852fd54fb57831581a51ca664462a08fd91138d1702b0fe88aa340f6f986cf,downloaded,
515,재정사업자율평가,38,24782,FSL1004,2009년도 소관별 재정사업 자율평가 보고서,2010-09-24,기획재정부,https://www.openfiscaldata.go.kr/op/ko/fd/UOPKOFDA02?pageIndex=1&pageSize=8&ofdBrdId=FSL1004&ofdBrdiSeq=24782&ofdBrdiDtsClsCd=515,목차,2009년도 재정사업자율평가보고서(일반재정)(관세청),2009년 재정사업자율평가보고서(일반재정)-관세청.hwp,FI000000002478221749,3,원문 없음: 표지를 제외한 제공 파일 다운로드,files/11_515_재정사업자율평가/2010-09-24_24782_2009년도 소관별 재정사업 자율평가 보고서/29_목차_2009년도 재정사업자율평가보고서(일반재정)(관세청).hwp,1218560,047d3c55b81b580112cd38fe93a73c05457754b3db0d1d8b19a0e397b9bc0b24,downloaded,
515,재정사업자율평가,38,24782,FSL1004,2009년도 소관별 재정사업 자율평가 보고서,2010-09-24,기획재정부,https://www.openfiscaldata.go.kr/op/ko/fd/UOPKOFDA02?pageIndex=1&pageSize=8&ofdBrdId=FSL1004&ofdBrdiSeq=24782&ofdBrdiDtsClsCd=515,목차,2009년도 재정사업자율평가보고서(일반재정)(고용노동부),2009년 재정사업자율평가보고서(일반재정)-고용노동부.hwp,FI000000002478221749,2,원문 없음: 표지를 제외한 제공 파일 다운로드,files/11_515_재정사업자율평가/2010-09-24_24782_2009년도 소관별 재정사업 자율평가 보고서/30_목차_2009년도 재정사업자율평가보고서(일반재정)(고용노동부).hwp,1889280,3966cc64b5235b6a26b1e4309a8f4b55719ccf099da2fe60bb795b422db78b76,downloaded,
515,재정사업자율평가,38,24782,FSL1004,2009년도 소관별 재정사업 자율평가 보고서,2010-09-24,기획재정부,https://www.openfiscaldata.go.kr/op/ko/fd/UOPKOFDA02?pageIndex=1&pageSize=8&ofdBrdId=FSL1004&ofdBrdiSeq=24782&ofdBrdiDtsClsCd=515,목차,2009년도 재정사업자율평가보고서(일반재정),2009년도 재정사업자율평가보고서(일반재정).zip,FI000000002478221749,31,원문 없음: 표지를 제외한 제공 파일 다운로드,files/11_515_재정사업자율평가/2010-09-24_24782_2009년도 소관별 재정사업 자율평가 보고서/31_목차_2009년도 재정사업자율평가보고서(일반재정).zip,123943582,c0508cd9773cea04903f27d436968fa9be631c12e1da5d08439b9a5cd800b0e6,downloaded,
515,재정사업자율평가,38,24781,FSL1004,2008년도 소관별 재정사업 자율평가 보고서,2009-08-05,기획재정부,https://www.openfiscaldata.go.kr/op/ko/fd/UOPKOFDA02?pageIndex=1&pageSize=8&ofdBrdId=FSL1004&ofdBrdiSeq=24781&ofdBrdiDtsClsCd=515,목차,2008년도 재정사업자율평가보고서(재정성과)(경찰청),2008년 재정사업자율평가보고서(재정성과)-경찰청.hwp,FI000000002478121717,1,원문 없음: 표지를 제외한 제공 파일 다운로드,files/11_515_재정사업자율평가/2009-08-05_24781_2008년도 소관별 재정사업 자율평가 보고서/01_목차_2008년도 재정사업자율평가보고서(재정성과)(경찰청).hwp,736256,7337569875a79b5ab59da18de24f3a5a235f582b1dbb2d34f2c0d0d92395c4a7,downloaded,
515,재정사업자율평가,38,24781,FSL1004,2008년도 소관별 재정사업 자율평가 보고서,2009-08-05,기획재정부,https://www.openfiscaldata.go.kr/op/ko/fd/UOPKOFDA02?pageIndex=1&pageSize=8&ofdBrdId=FSL1004&ofdBrdiSeq=24781&ofdBrdiDtsClsCd=515,목차,2008년도 재정사업자율평가보고서(재정성과)(환경부),2008년 재정사업자율평가보고서(재정성과)-환경부.hwp,FI000000002478121717,32,원문 없음: 표지를 제외한 제공 파일 다운로드,files/11_515_재정사업자율평가/2009-08-05_24781_2008년도 소관별 재정사업 자율평가 보고서/02_목차_2008년도 재정사업자율평가보고서(재정성과)(환경부).hwp,1496064,e5de92d55bb37190b9373d566908eaabc449e502cf76392b210922a69fbd8190,downloaded,
515,재정사업자율평가,38,24781,FSL1004,2008년도 소관별 재정사업 자율평가 보고서,2009-08-05,기획재정부,https://www.openfiscaldata.go.kr/op/ko/fd/UOPKOFDA02?pageIndex=1&pageSize=8&ofdBrdId=FSL1004&ofdBrdiSeq=24781&ofdBrdiDtsClsCd=515,목차,2008년도 재정사업자율평가보고서(재정성과)(행정안전부),2008년 재정사업자율평가보고서(재정성과)-행정안전부.hwp,FI000000002478121717,31,원문 없음: 표지를 제외한 제공 파일 다운로드,files/11_515_재정사업자율평가/2009-08-05_24781_2008년도 소관별 재정사업 자율평가 보고서/03_목차_2008년도 재정사업자율평가보고서(재정성과)(행정안전부).hwp,5761536,958b046790776634e0017d121c6f88e888ff024f06b04c291ae03ea500644cf1,downloaded,
515,재정사업자율평가,38,24781,FSL1004,2008년도 소관별 재정사업 자율평가 보고서,2009-08-05,기획재정부,https://www.openfiscaldata.go.kr/op/ko/fd/UOPKOFDA02?pageIndex=1&pageSize=8&ofdBrdId=FSL1004&ofdBrdiSeq=24781&ofdBrdiDtsClsCd=515,목차,2008년도 재정사업자율평가보고서(재정성과)(해양경찰청),2008년 재정사업자율평가보고서(재정성과)-해양경찰청.hwp,FI000000002478121717,30,원문 없음: 표지를 제외한 제공 파일 다운로드,files/11_515_재정사업자율평가/2009-08-05_24781_2008년도 소관별 재정사업 자율평가 보고서/04_목차_2008년도 재정사업자율평가보고서(재정성과)(해양경찰청).hwp,1049088,2b81e7e641a4b000e5092a00a183cd592354316ec9ed5d2c270d15a40e491947,downloaded,
515,재정사업자율평가,38,24781,FSL1004,2008년도 소관별 재정사업 자율평가 보고서,2009-08-05,기획재정부,https://www.openfiscaldata.go.kr/op/ko/fd/UOPKOFDA02?pageIndex=1&pageSize=8&ofdBrdId=FSL1004&ofdBrdiSeq=24781&ofdBrdiDtsClsCd=515,목차,2008년도 재정사업자율평가보고서(재정성과)(특허청),2008년 재정사업자율평가보고서(재정성과)-특허청.hwp,FI000000002478121717,29,원문 없음: 표지를 제외한 제공 파일 다운로드,files/11_515_재정사업자율평가/2009-08-05_24781_2008년도 소관별 재정사업 자율평가 보고서/05_목차_2008년도 재정사업자율평가보고서(재정성과)(특허청).hwp,2062336,35fbf2f8acbbcfe5bdc53a81359513bc6c324d5b7ae216d5d308924ffbf8176a,downloaded,
515,재정사업자율평가,38,24781,FSL1004,2008년도 소관별 재정사업 자율평가 보고서,2009-08-05,기획재정부,https://www.openfiscaldata.go.kr/op/ko/fd/UOPKOFDA02?pageIndex=1&pageSize=8&ofdBrdId=FSL1004&ofdBrdiSeq=24781&ofdBrdiDtsClsCd=515,목차,2008년도 재정사업자율평가보고서(재정성과)(통일부),2008년 재정사업자율평가보고서(재정성과)-통일부.hwp,FI000000002478121717,28,원문 없음: 표지를 제외한 제공 파일 다운로드,files/11_515_재정사업자율평가/2009-08-05_24781_2008년도 소관별 재정사업 자율평가 보고서/06_목차_2008년도 재정사업자율평가보고서(재정성과)(통일부).hwp,212480,5010a6957e482a769f56030eddf6266adb05d3f3fee0a76c6d19970cc1e759df,downloaded,
515,재정사업자율평가,38,24781,FSL1004,2008년도 소관별 재정사업 자율평가 보고서,2009-08-05,기획재정부,https://www.openfiscaldata.go.kr/op/ko/fd/UOPKOFDA02?pageIndex=1&pageSize=8&ofdBrdId=FSL1004&ofdBrdiSeq=24781&ofdBrdiDtsClsCd=515,목차,2008년도 재정사업자율평가보고서(재정성과)(통계청),2008년 재정사업자율평가보고서(재정성과)-통계청.hwp,FI000000002478121717,27,원문 없음: 표지를 제외한 제공 파일 다운로드,files/11_515_재정사업자율평가/2009-08-05_24781_2008년도 소관별 재정사업 자율평가 보고서/07_목차_2008년도 재정사업자율평가보고서(재정성과)(통계청).hwp,2807296,1c1d1510b30f840deab85e9e4f43f301f1263e0cf6654a078236c83a5d73f0d1,downloaded,
515,재정사업자율평가,38,24781,FSL1004,2008년도 소관별 재정사업 자율평가 보고서,2009-08-05,기획재정부,https://www.openfiscaldata.go.kr/op/ko/fd/UOPKOFDA02?pageIndex=1&pageSize=8&ofdBrdId=FSL1004&ofdBrdiSeq=24781&ofdBrdiDtsClsCd=515,목차,2008년도 재정사업자율평가보고서(재정성과)(지식경제부),2008년 재정사업자율평가보고서(재정성과)-지식경제부.hwp,FI000000002478121717,26,원문 없음: 표지를 제외한 제공 파일 다운로드,files/11_515_재정사업자율평가/2009-08-05_24781_2008년도 소관별 재정사업 자율평가 보고서/08_목차_2008년도 재정사업자율평가보고서(재정성과)(지식경제부).hwp,3149824,6f75799415f8fce44eb73d72e130c92eacde364390786f13ed78246ddb2dd055,downloaded,
515,재정사업자율평가,38,24781,FSL1004,2008년도 소관별 재정사업 자율평가 보고서,2009-08-05,기획재정부,https://www.openfiscaldata.go.kr/op/ko/fd/UOPKOFDA02?pageIndex=1&pageSize=8&ofdBrdId=FSL1004&ofdBrdiSeq=24781&ofdBrdiDtsClsCd=515,목차,2008년도 재정사업자율평가보고서(재정성과)(중소기업청),2008년 재정사업자율평가보고서(재정성과)-중소기업청.hwp,FI000000002478121717,25,원문 없음: 표지를 제외한 제공 파일 다운로드,files/11_515_재정사업자율평가/2009-08-05_24781_2008년도 소관별 재정사업 자율평가 보고서/09_목차_2008년도 재정사업자율평가보고서(재정성과)(중소기업청).hwp,2303488,61c59146460289968c789888c24b50b8bc67ffccede0cb4677497cc040ee3305,downloaded,
515,재정사업자율평가,38,24781,FSL1004,2008년도 소관별 재정사업 자율평가 보고서,2009-08-05,기획재정부,https://www.openfiscaldata.go.kr/op/ko/fd/UOPKOFDA02?pageIndex=1&pageSize=8&ofdBrdId=FSL1004&ofdBrdiSeq=24781&ofdBrdiDtsClsCd=515,목차,2008년도 재정사업자율평가보고서(재정성과)(조달청),2008년 재정사업자율평가보고서(재정성과)-조달청.hwp,FI000000002478121717,24,원문 없음: 표지를 제외한 제공 파일 다운로드,files/11_515_재정사업자율평가/2009-08-05_24781_2008년도 소관별 재정사업 자율평가 보고서/10_목차_2008년도 재정사업자율평가보고서(재정성과)(조달청).hwp,741376,d611fc30fc5942b1badd68f41e71a12c9842dfc7552ec806b3e3c902f74fa945,downloaded,
515,재정사업자율평가,38,24781,FSL1004,2008년도 소관별 재정사업 자율평가 보고서,2009-08-05,기획재정부,https://www.openfiscaldata.go.kr/op/ko/fd/UOPKOFDA02?pageIndex=1&pageSize=8&ofdBrdId=FSL1004&ofdBrdiSeq=24781&ofdBrdiDtsClsCd=515,목차,2008년도 재정사업자율평가보고서(재정성과)(외교통상부),2008년 재정사업자율평가보고서(재정성과)-외교통상부.hwp,FI000000002478121717,23,원문 없음: 표지를 제외한 제공 파일 다운로드,files/11_515_재정사업자율평가/2009-08-05_24781_2008년도 소관별 재정사업 자율평가 보고서/11_목차_2008년도 재정사업자율평가보고서(재정성과)(외교통상부).hwp,479232,bebbc41300daa206b0cd07e5044f67aff0c96089b63fe5b9a21d84cd1cb12494,downloaded,
515,재정사업자율평가,38,24781,FSL1004,2008년도 소관별 재정사업 자율평가 보고서,2009-08-05,기획재정부,https://www.openfiscaldata.go.kr/op/ko/fd/UOPKOFDA02?pageIndex=1&pageSize=8&ofdBrdId=FSL1004&ofdBrdiSeq=24781&ofdBrdiDtsClsCd=515,목차,2008년도 재정사업자율평가보고서(재정성과)(여성부),2008년 재정사업자율평가보고서(재정성과)-여성부.hwp,FI000000002478121717,22,원문 없음: 표지를 제외한 제공 파일 다운로드,files/11_515_재정사업자율평가/2009-08-05_24781_2008년도 소관별 재정사업 자율평가 보고서/12_목차_2008년도 재정사업자율평가보고서(재정성과)(여성부).hwp,1135616,43218191a842ee69b214d5799608d5ae1cbe12cecebde8eeb5908c0da91cf86c,downloaded,
515,재정사업자율평가,38,24781,FSL1004,2008년도 소관별 재정사업 자율평가 보고서,2009-08-05,기획재정부,https://www.openfiscaldata.go.kr/op/ko/fd/UOPKOFDA02?pageIndex=1&pageSize=8&ofdBrdId=FSL1004&ofdBrdiSeq=24781&ofdBrdiDtsClsCd=515,목차,2008년도 재정사업자율평가보고서(재정성과)(식품의약품안전청),2008년 재정사업자율평가보고서(재정성과)-식품의약품안전청.hwp,FI000000002478121717,21,원문 없음: 표지를 제외한 제공 파일 다운로드,files/11_515_재정사업자율평가/2009-08-05_24781_2008년도 소관별 재정사업 자율평가 보고서/13_목차_2008년도 재정사업자율평가보고서(재정성과)(식품의약품안전청).hwp,968704,2cf4c102ef040e489078072c73e1fa7f33c9ab4521f3f9c0d59924f75879c79f,downloaded,
515,재정사업자율평가,38,24781,FSL1004,2008년도 소관별 재정사업 자율평가 보고서,2009-08-05,기획재정부,https://www.openfiscaldata.go.kr/op/ko/fd/UOPKOFDA02?pageIndex=1&pageSize=8&ofdBrdId=FSL1004&ofdBrdiSeq=24781&ofdBrdiDtsClsCd=515,목차,2008년도 재정사업자율평가보고서(재정성과)(소방방재청),2008년 재정사업자율평가보고서(재정성과)-소방방재청.hwp,FI000000002478121717,20,원문 없음: 표지를 제외한 제공 파일 다운로드,files/11_515_재정사업자율평가/2009-08-05_24781_2008년도 소관별 재정사업 자율평가 보고서/14_목차_2008년도 재정사업자율평가보고서(재정성과)(소방방재청).hwp,215040,03d54f31d60fc343163d0ee938a6b4cf1b707b3c0876d0800a60c68c26244b4b,downloaded,
515,재정사업자율평가,38,24781,FSL1004,2008년도 소관별 재정사업 자율평가 보고서,2009-08-05,기획재정부,https://www.openfiscaldata.go.kr/op/ko/fd/UOPKOFDA02?pageIndex=1&pageSize=8&ofdBrdId=FSL1004&ofdBrdiSeq=24781&ofdBrdiDtsClsCd=515,목차,2008년도 재정사업자율평가보고서(재정성과)(산림청),2008년 재정사업자율평가보고서(재정성과)-산림청.hwp,FI000000002478121717,19,원문 없음: 표지를 제외한 제공 파일 다운로드,files/11_515_재정사업자율평가/2009-08-05_24781_2008년도 소관별 재정사업 자율평가 보고서/15_목차_2008년도 재정사업자율평가보고서(재정성과)(산림청).hwp,870400,99b76f898c2471903778f4de5fc5f0f3804dab6ea7af87630a632a864a07c830,downloaded,
515,재정사업자율평가,38,24781,FSL1004,2008년도 소관별 재정사업 자율평가 보고서,2009-08-05,기획재정부,https://www.openfiscaldata.go.kr/op/ko/fd/UOPKOFDA02?pageIndex=1&pageSize=8&ofdBrdId=FSL1004&ofdBrdiSeq=24781&ofdBrdiDtsClsCd=515,목차,2008년도 재정사업자율평가보고서(재정성과)(보건복지가족부),2008년 재정사업자율평가보고서(재정성과)-보건복지가족부.hwp,FI000000002478121717,18,원문 없음: 표지를 제외한 제공 파일 다운로드,files/11_515_재정사업자율평가/2009-08-05_24781_2008년도 소관별 재정사업 자율평가 보고서/16_목차_2008년도 재정사업자율평가보고서(재정성과)(보건복지가족부).hwp,2800640,597b7dbba93dd832415fffd0ce24379425cf3ec90c3796956c5d2da9a2138c22,downloaded,
515,재정사업자율평가,38,24781,FSL1004,2008년도 소관별 재정사업 자율평가 보고서,2009-08-05,기획재정부,https://www.openfiscaldata.go.kr/op/ko/fd/UOPKOFDA02?pageIndex=1&pageSize=8&ofdBrdId=FSL1004&ofdBrdiSeq=24781&ofdBrdiDtsClsCd=515,목차,2008년도 재정사업자율평가보고서(재정성과)(병무청),2008년 재정사업자율평가보고서(재정성과)-병무청.hwp,FI000000002478121717,17,원문 없음: 표지를 제외한 제공 파일 다운로드,files/11_515_재정사업자율평가/2009-08-05_24781_2008년도 소관별 재정사업 자율평가 보고서/17_목차_2008년도 재정사업자율평가보고서(재정성과)(병무청).hwp,227328,a84f22631226a4d593b271280c5154b17e7c0cecc952d5c645827ad9e2aa8a76,downloaded,
515,재정사업자율평가,38,24781,FSL1004,2008년도 소관별 재정사업 자율평가 보고서,2009-08-05,기획재정부,https://www.openfiscaldata.go.kr/op/ko/fd/UOPKOFDA02?pageIndex=1&pageSize=8&ofdBrdId=FSL1004&ofdBrdiSeq=24781&ofdBrdiDtsClsCd=515,목차,2008년도 재정사업자율평가보고서(재정성과)(법무부),2008년 재정사업자율평가보고서(재정성과)-법무부.hwp,FI000000002478121717,16,원문 없음: 표지를 제외한 제공 파일 다운로드,files/11_515_재정사업자율평가/2009-08-05_24781_2008년도 소관별 재정사업 자율평가 보고서/18_목차_2008년도 재정사업자율평가보고서(재정성과)(법무부).hwp,874496,8f7866012067ce8d4accd69b0912f127aed3e4717232375e4626e21e35c30b27,downloaded,
515,재정사업자율평가,38,24781,FSL1004,2008년도 소관별 재정사업 자율평가 보고서,2009-08-05,기획재정부,https://www.openfiscaldata.go.kr/op/ko/fd/UOPKOFDA02?pageIndex=1&pageSize=8&ofdBrdId=FSL1004&ofdBrdiSeq=24781&ofdBrdiDtsClsCd=515,목차,2008년도 재정사업자율평가보고서(재정성과)(방송통신위원회),2008년 재정사업자율평가보고서(재정성과)-방송통신위원회.hwp,FI000000002478121717,15,원문 없음: 표지를 제외한 제공 파일 다운로드,files/11_515_재정사업자율평가/2009-08-05_24781_2008년도 소관별 재정사업 자율평가 보고서/19_목차_2008년도 재정사업자율평가보고서(재정성과)(방송통신위원회).hwp,988672,c5f70a8c89b9a28903618c98a228a5a32517df1deeca258c8ef2b1d31b449519,downloaded,
515,재정사업자율평가,38,24781,FSL1004,2008년도 소관별 재정사업 자율평가 보고서,2009-08-05,기획재정부,https://www.openfiscaldata.go.kr/op/ko/fd/UOPKOFDA02?pageIndex=1&pageSize=8&ofdBrdId=FSL1004&ofdBrdiSeq=24781&ofdBrdiDtsClsCd=515,목차,2008년도 재정사업자율평가보고서(재정성과)(문화체육관광부),2008년 재정사업자율평가보고서(재정성과)-문화체육관광부.hwp,FI000000002478121717,14,원문 없음: 표지를 제외한 제공 파일 다운로드,files/11_515_재정사업자율평가/2009-08-05_24781_2008년도 소관별 재정사업 자율평가 보고서/20_목차_2008년도 재정사업자율평가보고서(재정성과)(문화체육관광부).hwp,2555904,caf07a3e2fa76da175b6a0e7f07bc4a813017de8b2512d26b3d1f185444585bf,downloaded,
515,재정사업자율평가,38,24781,FSL1004,2008년도 소관별 재정사업 자율평가 보고서,2009-08-05,기획재정부,https://www.openfiscaldata.go.kr/op/ko/fd/UOPKOFDA02?pageIndex=1&pageSize=8&ofdBrdId=FSL1004&ofdBrdiSeq=24781&ofdBrdiDtsClsCd=515,목차,2008년도 재정사업자율평가보고서(재정성과)(문화재청),2008년 재정사업자율평가보고서(재정성과)-문화재청.hwp,FI000000002478121717,13,원문 없음: 표지를 제외한 제공 파일 다운로드,files/11_515_재정사업자율평가/2009-08-05_24781_2008년도 소관별 재정사업 자율평가 보고서/21_목차_2008년도 재정사업자율평가보고서(재정성과)(문화재청).hwp,1183232,05e849a836b50789195c43523505688bd8e43bca192ae9c9004f3431dc7f395b,downloaded,
515,재정사업자율평가,38,24781,FSL1004,2008년도 소관별 재정사업 자율평가 보고서,2009-08-05,기획재정부,https://www.openfiscaldata.go.kr/op/ko/fd/UOPKOFDA02?pageIndex=1&pageSize=8&ofdBrdId=FSL1004&ofdBrdiSeq=24781&ofdBrdiDtsClsCd=515,목차,2008년도 재정사업자율평가보고서(재정성과)(농촌진흥청),2008년 재정사업자율평가보고서(재정성과)-농촌진흥청.hwp,FI000000002478121717,12,원문 없음: 표지를 제외한 제공 파일 다운로드,files/11_515_재정사업자율평가/2009-08-05_24781_2008년도 소관별 재정사업 자율평가 보고서/22_목차_2008년도 재정사업자율평가보고서(재정성과)(농촌진흥청).hwp,666112,262e3d9ab100cc92547ddd9cb371d7def70eeaf3e5f51e4abca497606ed668ae,downloaded,
515,재정사업자율평가,38,24781,FSL1004,2008년도 소관별 재정사업 자율평가 보고서,2009-08-05,기획재정부,https://www.openfiscaldata.go.kr/op/ko/fd/UOPKOFDA02?pageIndex=1&pageSize=8&ofdBrdId=FSL1004&ofdBrdiSeq=24781&ofdBrdiDtsClsCd=515,목차,2008년도 재정사업자율평가보고서(재정성과)(농림수산식품부),2008년 재정사업자율평가보고서(재정성과)-농림수산식품부.hwp,FI000000002478121717,11,원문 없음: 표지를 제외한 제공 파일 다운로드,files/11_515_재정사업자율평가/2009-08-05_24781_2008년도 소관별 재정사업 자율평가 보고서/23_목차_2008년도 재정사업자율평가보고서(재정성과)(농림수산식품부).hwp,2982912,2e5ad35984c67d22d956f3ecee9559133212ea4f680866b3fa4b734006858ac6,downloaded,
515,재정사업자율평가,38,24781,FSL1004,2008년도 소관별 재정사업 자율평가 보고서,2009-08-05,기획재정부,https://www.openfiscaldata.go.kr/op/ko/fd/UOPKOFDA02?pageIndex=1&pageSize=8&ofdBrdId=FSL1004&ofdBrdiSeq=24781&ofdBrdiDtsClsCd=515,목차,2008년도 재정사업자율평가보고서(재정성과)(노동부),2008년 재정사업자율평가보고서(재정성과)-노동부.hwp,FI000000002478121717,10,원문 없음: 표지를 제외한 제공 파일 다운로드,files/11_515_재정사업자율평가/2009-08-05_24781_2008년도 소관별 재정사업 자율평가 보고서/24_목차_2008년도 재정사업자율평가보고서(재정성과)(노동부).hwp,320000,f86d671b784db2db9995616817952c6bc0359bf01d7bcfda409f4fd1ae121f29,downloaded,
515,재정사업자율평가,38,24781,FSL1004,2008년도 소관별 재정사업 자율평가 보고서,2009-08-05,기획재정부,https://www.openfiscaldata.go.kr/op/ko/fd/UOPKOFDA02?pageIndex=1&pageSize=8&ofdBrdId=FSL1004&ofdBrdiSeq=24781&ofdBrdiDtsClsCd=515,목차,2008년도 재정사업자율평가보고서(재정성과)(기획재정부),2008년 재정사업자율평가보고서(재정성과)-기획재정부.hwp,FI000000002478121717,9,원문 없음: 표지를 제외한 제공 파일 다운로드,files/11_515_재정사업자율평가/2009-08-05_24781_2008년도 소관별 재정사업 자율평가 보고서/25_목차_2008년도 재정사업자율평가보고서(재정성과)(기획재정부).hwp,720896,ba2ef4f05452304db93dd3ae23a2e66d2e362e821b675129019d9bd648365b75,downloaded,
515,재정사업자율평가,38,24781,FSL1004,2008년도 소관별 재정사업 자율평가 보고서,2009-08-05,기획재정부,https://www.openfiscaldata.go.kr/op/ko/fd/UOPKOFDA02?pageIndex=1&pageSize=8&ofdBrdId=FSL1004&ofdBrdiSeq=24781&ofdBrdiDtsClsCd=515,목차,2008년도 재정사업자율평가보고서(재정성과)(기상청),2008년 재정사업자율평가보고서(재정성과)-기상청.hwp,FI000000002478121717,8,원문 없음: 표지를 제외한 제공 파일 다운로드,files/11_515_재정사업자율평가/2009-08-05_24781_2008년도 소관별 재정사업 자율평가 보고서/26_목차_2008년도 재정사업자율평가보고서(재정성과)(기상청).hwp,2369024,3f167f736d919e242af71f30470032b01a0139f2d42d21e0907fd2ca1604eb76,downloaded,
515,재정사업자율평가,38,24781,FSL1004,2008년도 소관별 재정사업 자율평가 보고서,2009-08-05,기획재정부,https://www.openfiscaldata.go.kr/op/ko/fd/UOPKOFDA02?pageIndex=1&pageSize=8&ofdBrdId=FSL1004&ofdBrdiSeq=24781&ofdBrdiDtsClsCd=515,목차,2008년도 재정사업자율평가보고서(재정성과)(금융위원회),2008년 재정사업자율평가보고서(재정성과)-금융위원회.hwp,FI000000002478121717,7,원문 없음: 표지를 제외한 제공 파일 다운로드,files/11_515_재정사업자율평가/2009-08-05_24781_2008년도 소관별 재정사업 자율평가 보고서/27_목차_2008년도 재정사업자율평가보고서(재정성과)(금융위원회).hwp,152064,41eb36bfa0b66e6ff9f9e97320fd8373d3cb6abe65c3ac5af3cad49d44d49d07,downloaded,
515,재정사업자율평가,38,24781,FSL1004,2008년도 소관별 재정사업 자율평가 보고서,2009-08-05,기획재정부,https://www.openfiscaldata.go.kr/op/ko/fd/UOPKOFDA02?pageIndex=1&pageSize=8&ofdBrdId=FSL1004&ofdBrdiSeq=24781&ofdBrdiDtsClsCd=515,목차,2008년도 재정사업자율평가보고서(재정성과)(국토부),2008년 재정사업자율평가보고서(재정성과)-국토부.hwp,FI000000002478121717,6,원문 없음: 표지를 제외한 제공 파일 다운로드,files/11_515_재정사업자율평가/2009-08-05_24781_2008년도 소관별 재정사업 자율평가 보고서/28_목차_2008년도 재정사업자율평가보고서(재정성과)(국토부).hwp,3233792,27c690c0be396235f19a7b0b5205df7d41107d82bd45c86c73cda3c5754bbb3b,downloaded,
515,재정사업자율평가,38,24781,FSL1004,2008년도 소관별 재정사업 자율평가 보고서,2009-08-05,기획재정부,https://www.openfiscaldata.go.kr/op/ko/fd/UOPKOFDA02?pageIndex=1&pageSize=8&ofdBrdId=FSL1004&ofdBrdiSeq=24781&ofdBrdiDtsClsCd=515,목차,2008년도 재정사업자율평가보고서(재정성과)(국세청),2008년 재정사업자율평가보고서(재정성과)-국세청.hwp,FI000000002478121717,5,원문 없음: 표지를 제외한 제공 파일 다운로드,files/11_515_재정사업자율평가/2009-08-05_24781_2008년도 소관별 재정사업 자율평가 보고서/29_목차_2008년도 재정사업자율평가보고서(재정성과)(국세청).hwp,274944,ac1948a653b1d192b127f285d1e258f3060807753cdf5ae66d0b4f4e384f48f0,downloaded,
515,재정사업자율평가,38,24781,FSL1004,2008년도 소관별 재정사업 자율평가 보고서,2009-08-05,기획재정부,https://www.openfiscaldata.go.kr/op/ko/fd/UOPKOFDA02?pageIndex=1&pageSize=8&ofdBrdId=FSL1004&ofdBrdiSeq=24781&ofdBrdiDtsClsCd=515,목차,2008년도 재정사업자율평가보고서(재정성과)(국가보훈처),2008년 재정사업자율평가보고서(재정성과)-국가보훈처.hwp,FI000000002478121717,4,원문 없음: 표지를 제외한 제공 파일 다운로드,files/11_515_재정사업자율평가/2009-08-05_24781_2008년도 소관별 재정사업 자율평가 보고서/30_목차_2008년도 재정사업자율평가보고서(재정성과)(국가보훈처).hwp,412160,22971d50f282d96f9fe036f9ec240219a31eaba3d8860b0caf15c17fc1a42984,downloaded,
515,재정사업자율평가,38,24781,FSL1004,2008년도 소관별 재정사업 자율평가 보고서,2009-08-05,기획재정부,https://www.openfiscaldata.go.kr/op/ko/fd/UOPKOFDA02?pageIndex=1&pageSize=8&ofdBrdId=FSL1004&ofdBrdiSeq=24781&ofdBrdiDtsClsCd=515,목차,2008년도 재정사업자율평가보고서(재정성과)(교육과학기술부),2008년 재정사업자율평가보고서(재정성과)-교육과학기술부.hwp,FI000000002478121717,3,원문 없음: 표지를 제외한 제공 파일 다운로드,files/11_515_재정사업자율평가/2009-08-05_24781_2008년도 소관별 재정사업 자율평가 보고서/31_목차_2008년도 재정사업자율평가보고서(재정성과)(교육과학기술부).hwp,4766720,bc8f4d06872ce16471c52b450f328460bb87efaea85d9fe5085522355c9b90e7,downloaded,
515,재정사업자율평가,38,24781,FSL1004,2008년도 소관별 재정사업 자율평가 보고서,2009-08-05,기획재정부,https://www.openfiscaldata.go.kr/op/ko/fd/UOPKOFDA02?pageIndex=1&pageSize=8&ofdBrdId=FSL1004&ofdBrdiSeq=24781&ofdBrdiDtsClsCd=515,목차,2008년도 재정사업자율평가보고서(재정성과)(관세청),2008년 재정사업자율평가보고서(재정성과)-관세청.hwp,FI000000002478121717,2,원문 없음: 표지를 제외한 제공 파일 다운로드,files/11_515_재정사업자율평가/2009-08-05_24781_2008년도 소관별 재정사업 자율평가 보고서/32_목차_2008년도 재정사업자율평가보고서(재정성과)(관세청).hwp,785920,4d852ea247aeb3dbebfdce631c85475c525617c35354f1ec60ab2471cff4c127,downloaded,
515,재정사업자율평가,38,24781,FSL1004,2008년도 소관별 재정사업 자율평가 보고서,2009-08-05,기획재정부,https://www.openfiscaldata.go.kr/op/ko/fd/UOPKOFDA02?pageIndex=1&pageSize=8&ofdBrdId=FSL1004&ofdBrdiSeq=24781&ofdBrdiDtsClsCd=515,목차,2008년도 재정사업자율평가보고서(재정성과),2008년도 재정사업자율평가보고서(재정성과).zip,FI000000002478121717,33,원문 없음: 표지를 제외한 제공 파일 다운로드,files/11_515_재정사업자율평가/2009-08-05_24781_2008년도 소관별 재정사업 자율평가 보고서/33_목차_2008년도 재정사업자율평가보고서(재정성과).zip,47026248,5f831414e540e5b009e36e393863e69d5843691beff68185aeab8b0f0d800da0,downloaded,
516,월간나라재정,39,51755,FSL1004,2026 월간나라재정 6월,2026-06-26,한국재정정보원,https://www.openfiscaldata.go.kr/op/ko/fd/UOPKOFDA02?pageIndex=1&pageSize=8&ofdBrdId=FSL1004&ofdBrdiSeq=51755&ofdBrdiDtsClsCd=516,원문,한국재정정보원_2026 월간나라재정 6월,한국재정정보원_2026 월간나라재정 6월.zip,F0000000000000004816,1,원문 우선(목차 파일 제외),files/12_516_월간나라재정/2026-06-26_51755_2026 월간나라재정 6월.zip,29763702,41ee1551645639d43984df0e128eeb2f8923b7265676d5aae2de54408ee8e2a8,downloaded,
516,월간나라재정,39,51748,FSL1004,2026 월간나라재정 5월,2026-06-05,한국재정정보원,https://www.openfiscaldata.go.kr/op/ko/fd/UOPKOFDA02?pageIndex=1&pageSize=8&ofdBrdId=FSL1004&ofdBrdiSeq=51748&ofdBrdiDtsClsCd=516,원문,한국재정정보원_2026 월간나라재정 5월,한국재정정보원_2026 월간나라재정 5월.pdf,F0000000000000004798,1,원문 우선(목차 파일 제외),files/12_516_월간나라재정/2026-06-05_51748_2026 월간나라재정 5월.pdf,21968846,bdd186f5593bdf0ef33722cf1281b4fb61258f268dabdc582a6b7ef11a969a17,downloaded,
516,월간나라재정,39,51742,FSL1004,2026 월간나라재정 4월,2026-04-30,한국재정정보원,https://www.openfiscaldata.go.kr/op/ko/fd/UOPKOFDA02?pageIndex=1&pageSize=8&ofdBrdId=FSL1004&ofdBrdiSeq=51742&ofdBrdiDtsClsCd=516,원문,한국재정정보원_2026 월간나라재정 4월,한국재정정보원_2026 월간나라재정 4월.pdf,F0000000000000004773,1,원문 우선(목차 파일 제외),files/12_516_월간나라재정/2026-04-30_51742_2026 월간나라재정 4월.pdf,19055690,4e4c4789b804233f916882d4fe9179f55a6ca28d637caeb6725df3d43cf3c589,downloaded,
516,월간나라재정,39,51732,FSL1004,2026 월간나라재정 3월,2026-04-02,한국재정정보원,https://www.openfiscaldata.go.kr/op/ko/fd/UOPKOFDA02?pageIndex=1&pageSize=8&ofdBrdId=FSL1004&ofdBrdiSeq=51732&ofdBrdiDtsClsCd=516,원문,한국재정정보원_2026 월간나라재정 3월,한국재정정보원_2026 월간나라재정 3월.pdf,F0000000000000004740,1,원문 우선(목차 파일 제외),files/12_516_월간나라재정/2026-04-02_51732_2026 월간나라재정 3월.pdf,23653087,35a5e48d15415788911142d9c16873e4adf378b0b605cbb373d45da950d807a9,downloaded,
516,월간나라재정,39,51728,FSL1004,2026 월간나라재정 2월,2026-03-13,한국재정정보원,https://www.openfiscaldata.go.kr/op/ko/fd/UOPKOFDA02?pageIndex=1&pageSize=8&ofdBrdId=FSL1004&ofdBrdiSeq=51728&ofdBrdiDtsClsCd=516,원문,한국재정정보원_2026 월간 나라재정 2월,한국재정정보원_2026 월간 나라재정 2월.pdf,F0000000000000004733,1,원문 우선(목차 파일 제외),files/12_516_월간나라재정/2026-03-13_51728_2026 월간나라재정 2월.pdf,16144507,1d8bdcf302d28152eb4c61aa480640b92835d2520e04dc6ab5ebcdbc4c6607cd,downloaded,
516,월간나라재정,39,51724,FSL1004,2026 월간나라재정 1월,2026-02-05,한국재정정보원,https://www.openfiscaldata.go.kr/op/ko/fd/UOPKOFDA02?pageIndex=1&pageSize=8&ofdBrdId=FSL1004&ofdBrdiSeq=51724&ofdBrdiDtsClsCd=516,원문,한국재정정보원_2026 월간 나라재정 1월,한국재정정보원_2026 월간 나라재정 1월.pdf,F0000000000000004716,1,원문 우선(목차 파일 제외),files/12_516_월간나라재정/2026-02-05_51724_2026 월간나라재정 1월.pdf,17725326,46830072796fbd5797b23a65cacc24ddddb9f1f1432e2047cd37970b1096a667,downloaded,
516,월간나라재정,39,51712,FSL1004,2025 월간나라재정 12월,2026-01-08,한국재정정보원,https://www.openfiscaldata.go.kr/op/ko/fd/UOPKOFDA02?pageIndex=1&pageSize=8&ofdBrdId=FSL1004&ofdBrdiSeq=51712&ofdBrdiDtsClsCd=516,원문,한국재정정보원_2025 월간 나라재정 12월,한국재정정보원_2025 월간 나라재정 12월.pdf,F0000000000000004702,1,원문 우선(목차 파일 제외),files/12_516_월간나라재정/2026-01-08_51712_2025 월간나라재정 12월.pdf,80013634,4e2a13eb4c988ad134f600cf3fe98ecad92bb6c3fb712012642f4c674e6bbc3f,downloaded,
516,월간나라재정,39,51706,FSL1004,2025 월간 나라재정 11월,2025-11-26,한국재정정보원,https://www.openfiscaldata.go.kr/op/ko/fd/UOPKOFDA02?pageIndex=1&pageSize=8&ofdBrdId=FSL1004&ofdBrdiSeq=51706&ofdBrdiDtsClsCd=516,원문,한국재정정보원_2025 월간 나라재정 11월,한국재정정보원_2025 월간 나라재정 11월.pdf,F0000000000000004663,1,원문 우선(목차 파일 제외),files/12_516_월간나라재정/2025-11-26_51706_2025 월간 나라재정 11월.pdf,46285644,b375101158144eac9587f8c83e3beebfb96fc4c977845238791366f2035f26e7,downloaded,
516,월간나라재정,39,51708,FSL1004,2025 월간나라재정 10월호 2부,2025-10-30,한국재정정보원,https://www.openfiscaldata.go.kr/op/ko/fd/UOPKOFDA02?pageIndex=1&pageSize=8&ofdBrdId=FSL1004&ofdBrdiSeq=51708&ofdBrdiDtsClsCd=516,원문,2025 월간 나라재정 10월-2,2025 월간 나라재정 10월-2.pdf,F0000000000000004665,1,원문 우선(목차 파일 제외),files/12_516_월간나라재정/2025-10-30_51708_2025 월간나라재정 10월호 2부.pdf,21092201,8fa5438962fb2c0c357e49e5e56eb72dfe5fead4d2eb14d7cd8dbac849c27f4a,downloaded,
516,월간나라재정,39,51707,FSL1004,2025 월간나라재정 10월호 1부,2025-10-30,한국재정정보원,https://www.openfiscaldata.go.kr/op/ko/fd/UOPKOFDA02?pageIndex=1&pageSize=8&ofdBrdId=FSL1004&ofdBrdiSeq=51707&ofdBrdiDtsClsCd=516,원문,2025 월간 나라재정 10월-1,2025 월간 나라재정 10월-1.pdf,F0000000000000004664,1,원문 우선(목차 파일 제외),files/12_516_월간나라재정/2025-10-30_51707_2025 월간나라재정 10월호 1부.pdf,15980854,fc2e7c721756539b23191b9637577806cf9f68c812435bf2e022d0aa17209da7,downloaded,
516,월간나라재정,39,51702,FSL1004,2025 월간 나라재정 9월,2025-09-25,한국재정정보원,https://www.openfiscaldata.go.kr/op/ko/fd/UOPKOFDA02?pageIndex=1&pageSize=8&ofdBrdId=FSL1004&ofdBrdiSeq=51702&ofdBrdiDtsClsCd=516,원문,2025 월간 나라재정 9월 ,2025 월간 나라재정 9월 .pdf,F0000000000000004570,1,원문 우선(목차 파일 제외),files/12_516_월간나라재정/2025-09-25_51702_2025 월간 나라재정 9월.pdf,57155170,a3a6364cf067e1e21bc9f2075f3a7ced3490e29d2fede3c637d51a3eaf996b28,downloaded,
516,월간나라재정,39,51695,FSL1004,2025 월간나라재정 8월호,2025-09-01,한국재정정보원,https://www.openfiscaldata.go.kr/op/ko/fd/UOPKOFDA02?pageIndex=1&pageSize=8&ofdBrdId=FSL1004&ofdBrdiSeq=51695&ofdBrdiDtsClsCd=516,원문,월간 나라재정_2025.08호,월간 나라재정_2025.08호.pdf,F0000000000000004547,1,원문 우선(목차 파일 제외),files/12_516_월간나라재정/2025-09-01_51695_2025 월간나라재정 8월호.pdf,45443586,d0e6f9aeca967aeb1a15deb28df7f590231b6d518a9bf6c027a2ad5336ae66ec,downloaded,
516,월간나라재정,39,51691,FSL1004,2025 월간나라재정 7월호,2025-07-25,한국재정정보원,https://www.openfiscaldata.go.kr/op/ko/fd/UOPKOFDA02?pageIndex=1&pageSize=8&ofdBrdId=FSL1004&ofdBrdiSeq=51691&ofdBrdiDtsClsCd=516,원문,한국재정정보원_2025 월간 나라재정 7월,한국재정정보원_2025 월간 나라재정 7월.pdf,F0000000000000004534,1,원문 우선(목차 파일 제외),files/12_516_월간나라재정/2025-07-25_51691_2025 월간나라재정 7월호.pdf,44882643,17d98fbf049fc4aaa6b724e3a67e63da782795c1e1cf401c0ebaa2411576b7ba,downloaded,
516,월간나라재정,39,51690,FSL1004,2025 월간나라재정 6월호,2025-06-25,한국재정정보원,https://www.openfiscaldata.go.kr/op/ko/fd/UOPKOFDA02?pageIndex=1&pageSize=8&ofdBrdId=FSL1004&ofdBrdiSeq=51690&ofdBrdiDtsClsCd=516,원문,2025 월간 나라재정 6월,2025 월간 나라재정 6월.pdf,F0000000000000004533,1,원문 우선(목차 파일 제외),files/12_516_월간나라재정/2025-06-25_51690_2025 월간나라재정 6월호.pdf,46771467,33f4c742020218fec3af114d35c735e1822c56cd94f6ab707a9c7b08d7470db6,downloaded,
516,월간나라재정,39,51681,FSL1004,2025 월간나라재정 5월호,2025-05-23,한국재정정보원,https://www.openfiscaldata.go.kr/op/ko/fd/UOPKOFDA02?pageIndex=1&pageSize=8&ofdBrdId=FSL1004&ofdBrdiSeq=51681&ofdBrdiDtsClsCd=516,원문,2025 월간 나라재정 5월,2025 월간 나라재정 5월.pdf,F0000000000000004515,1,원문 우선(목차 파일 제외),files/12_516_월간나라재정/2025-05-23_51681_2025 월간나라재정 5월호.pdf,8360579,c6994b2a11c311f985747f5c2809b3c51788bd5497f6af381e68ae8de1903877,downloaded,
516,월간나라재정,39,51671,FSL1004,2025 월간나라재정 4월호,2025-04-25,한국재정정보원,https://www.openfiscaldata.go.kr/op/ko/fd/UOPKOFDA02?pageIndex=1&pageSize=8&ofdBrdId=FSL1004&ofdBrdiSeq=51671&ofdBrdiDtsClsCd=516,원문,2025 월간 나라재정 4월,2025 월간 나라재정 4월.pdf,F0000000000000004487,1,원문 우선(목차 파일 제외),files/12_516_월간나라재정/2025-04-25_51671_2025 월간나라재정 4월호.pdf,52018551,fc4f2ee46444c753344c8735e5d7d53770287fa5bc0c5a5e50b09fb52a31cfc5,downloaded,
516,월간나라재정,39,51668,FSL1004,2025 월간나라재정 3월호,2025-03-24,한국재정정보원,https://www.openfiscaldata.go.kr/op/ko/fd/UOPKOFDA02?pageIndex=1&pageSize=8&ofdBrdId=FSL1004&ofdBrdiSeq=51668&ofdBrdiDtsClsCd=516,원문,월간 나라재정 3월,월간 나라재정 3월.pdf,F0000000000000004464,1,원문 우선(목차 파일 제외),files/12_516_월간나라재정/2025-03-24_51668_2025 월간나라재정 3월호.pdf,56346345,d75f816bf32b32b8b4fcc323bb6678043804ad004e0dd31d41e60d4cbee2d65e,downloaded,
516,월간나라재정,39,51662,FSL1004,2025 월간나라재정 2월호,2025-02-25,한국재정정보원,https://www.openfiscaldata.go.kr/op/ko/fd/UOPKOFDA02?pageIndex=1&pageSize=8&ofdBrdId=FSL1004&ofdBrdiSeq=51662&ofdBrdiDtsClsCd=516,원문,나라재정 2월호,나라재정 2월호.pdf,F0000000000000004454,1,원문 우선(목차 파일 제외),files/12_516_월간나라재정/2025-02-25_51662_2025 월간나라재정 2월호.pdf,45440598,d42c61f7bafd8fd409c3f31b19a87d5f3c461d2fb95a5cee441a34a5f8183be2,downloaded,
516,월간나라재정,39,51652,FSL1004,2025년 월간나라재정 1월호,2025-01-24,한국재정정보원,https://www.openfiscaldata.go.kr/op/ko/fd/UOPKOFDA02?pageIndex=1&pageSize=8&ofdBrdId=FSL1004&ofdBrdiSeq=51652&ofdBrdiDtsClsCd=516,원문,나라재정 1월호,나라재정 1월호.pdf,F0000000000000004389,1,원문 우선(목차 파일 제외),files/12_516_월간나라재정/2025-01-24_51652_2025년 월간나라재정 1월호.pdf,53686110,d83c016be7e28019dfb97bb250cfeba83329a74d208efa8b0ce2bf0dca2c32eb,downloaded,
516,월간나라재정,39,51651,FSL1004,2024년 월간나라재정 12월호,2024-12-24,한국재정정보원,https://www.openfiscaldata.go.kr/op/ko/fd/UOPKOFDA02?pageIndex=1&pageSize=8&ofdBrdId=FSL1004&ofdBrdiSeq=51651&ofdBrdiDtsClsCd=516,원문,나라재정 12월호,나라재정 12월호.pdf,F0000000000000004377,1,원문 우선(목차 파일 제외),files/12_516_월간나라재정/2024-12-24_51651_2024년 월간나라재정 12월호.pdf,19900573,dbe7d430c6fb3cd3581dadeecb29f82d5025b285d7c429770a0698d4364d8ed8,downloaded,
516,월간나라재정,39,51647,FSL1004,2024년 월간나라재정 11월호,2024-11-21,한국재정정보원,https://www.openfiscaldata.go.kr/op/ko/fd/UOPKOFDA02?pageIndex=1&pageSize=8&ofdBrdId=FSL1004&ofdBrdiSeq=51647&ofdBrdiDtsClsCd=516,원문,2024 나라재정 11월호,2024 나라재정 11월호.pdf,F0000000000000004352,1,원문 우선(목차 파일 제외),files/12_516_월간나라재정/2024-11-21_51647_2024년 월간나라재정 11월호.pdf,66390401,65de0a4a7aed5b5d16311c6513c35ca54c57668fc03d1cd245b2dcc04e8a81e4,downloaded,
516,월간나라재정,39,51639,FSL1004,2024년 월간나라재정 10월호,2024-10-23,한국재정정보원,https://www.openfiscaldata.go.kr/op/ko/fd/UOPKOFDA02?pageIndex=1&pageSize=8&ofdBrdId=FSL1004&ofdBrdiSeq=51639&ofdBrdiDtsClsCd=516,원문,2024 나라재정 10호,2024 나라재정 10호.pdf,F0000000000000004328,1,원문 우선(목차 파일 제외),files/12_516_월간나라재정/2024-10-23_51639_2024년 월간나라재정 10월호.pdf,33934761,20cb10c94beb665b20e3aede0c5cba9846751b69523e97407c50bd28f4192321,downloaded,
516,월간나라재정,39,51643,FSL1004,2024년 월간나라재정 9월호,2024-10-02,한국재정정보원,https://www.openfiscaldata.go.kr/op/ko/fd/UOPKOFDA02?pageIndex=1&pageSize=8&ofdBrdId=FSL1004&ofdBrdiSeq=51643&ofdBrdiDtsClsCd=516,원문,2024 나라재정 9호,2024 나라재정 9호.pdf,F0000000000000004332,13,원문 우선(목차 파일 제외),files/12_516_월간나라재정/2024-10-02_51643_2024년 월간나라재정 9월호.pdf,53386444,65572c1efacdf061c93e139f852e5d047dc2b5606e4359247d45302de13e28a7,downloaded,
516,월간나라재정,39,51635,FSL1004,2024년 월간나라재정 8월호,2024-08-22,한국재정정보원,https://www.openfiscaldata.go.kr/op/ko/fd/UOPKOFDA02?pageIndex=1&pageSize=8&ofdBrdId=FSL1004&ofdBrdiSeq=51635&ofdBrdiDtsClsCd=516,원문,2024 나라재정 8월호,2024 나라재정 8월호.pdf,F0000000000000004297,12,원문 우선(목차 파일 제외),files/12_516_월간나라재정/2024-08-22_51635_2024년 월간나라재정 8월호.pdf,27242340,b3ddbadf5349c969b30bdc2fc9deb9775818847027f2bae0d483161f13847884,downloaded,
516,월간나라재정,39,51634,FSL1004,2024년 월간나라재정 7월호,2024-07-25,한국재정정보원,https://www.openfiscaldata.go.kr/op/ko/fd/UOPKOFDA02?pageIndex=1&pageSize=8&ofdBrdId=FSL1004&ofdBrdiSeq=51634&ofdBrdiDtsClsCd=516,원문,2024 나라재정 7월호,2024 나라재정 7월호.pdf,F0000000000000004296,13,원문 우선(목차 파일 제외),files/12_516_월간나라재정/2024-07-25_51634_2024년 월간나라재정 7월호.pdf,36010779,0ed965e49dbb74c7f79ef33f4955708763c96713a1e619909c410d8033959169,downloaded,
516,월간나라재정,39,51626,FSL1004,2024년 월간나라재정 6월호,2024-06-21,한국재정정보원,https://www.openfiscaldata.go.kr/op/ko/fd/UOPKOFDA02?pageIndex=1&pageSize=8&ofdBrdId=FSL1004&ofdBrdiSeq=51626&ofdBrdiDtsClsCd=516,원문,2024 나라재정 6월호,2024 나라재정 6월호.pdf,F0000000000000004264,1,원문 우선(목차 파일 제외),files/12_516_월간나라재정/2024-06-21_51626_2024년 월간나라재정 6월호.pdf,33275106,3a5da09a451544904fc932319454242ba603dc429c619411c4a7075a5e759d2f,downloaded,
516,월간나라재정,39,51619,FSL1004,2024년 월간나라재정 5월호,2024-05-22,한국재정정보원,https://www.openfiscaldata.go.kr/op/ko/fd/UOPKOFDA02?pageIndex=1&pageSize=8&ofdBrdId=FSL1004&ofdBrdiSeq=51619&ofdBrdiDtsClsCd=516,원문,2024 나라재정 5월호,2024 나라재정 5월호.pdf,F0000000000000004243,1,원문 우선(목차 파일 제외),files/12_516_월간나라재정/2024-05-22_51619_2024년 월간나라재정 5월호.pdf,22809565,cc67a531975670ebe1fc5f667a762a08a3b3df9024e57cbab01d9c736c060d27,downloaded,
516,월간나라재정,39,51610,FSL1004,2024년 월간나라재정 4월호,2024-04-24,한국재정정보원,https://www.openfiscaldata.go.kr/op/ko/fd/UOPKOFDA02?pageIndex=1&pageSize=8&ofdBrdId=FSL1004&ofdBrdiSeq=51610&ofdBrdiDtsClsCd=516,원문,2024 나라재정 4월호,2024 나라재정 4월호.pdf,F0000000000000004228,1,원문 우선(목차 파일 제외),files/12_516_월간나라재정/2024-04-24_51610_2024년 월간나라재정 4월호.pdf,30409729,02246c68ae2805bea38cf047e70ec054589b49cdfeb13c559fa9be30e3a8a0a7,downloaded,
516,월간나라재정,39,51609,FSL1004,2024년 월간나라재정 3월호,2024-03-28,한국재정정보원,https://www.openfiscaldata.go.kr/op/ko/fd/UOPKOFDA02?pageIndex=1&pageSize=8&ofdBrdId=FSL1004&ofdBrdiSeq=51609&ofdBrdiDtsClsCd=516,원문,2024 나라재정 3월호,2024 나라재정 3월호.pdf,F0000000000000004224,1,원문 우선(목차 파일 제외),files/12_516_월간나라재정/2024-03-28_51609_2024년 월간나라재정 3월호.pdf,22945667,f5f2c6608cde5a3e838a8c246ae83a2fdbefba1a55bfda3f7eb0cefd0e002ae0,downloaded,
516,월간나라재정,39,51608,FSL1004,2024년 월간나라재정 2월호,2024-02-28,한국재정정보원,https://www.openfiscaldata.go.kr/op/ko/fd/UOPKOFDA02?pageIndex=1&pageSize=8&ofdBrdId=FSL1004&ofdBrdiSeq=51608&ofdBrdiDtsClsCd=516,원문,2024 나라재정 2월호,2024 나라재정 2월호.pdf,F0000000000000004223,1,원문 우선(목차 파일 제외),files/12_516_월간나라재정/2024-02-28_51608_2024년 월간나라재정 2월호.pdf,8683766,fedb131b1fdf42642eed875a80ea0aeb0cbdb1a818393b02e04783db0e83df58,downloaded,
516,월간나라재정,39,51598,FSL1004,2024년 월간나라재정 1월호,2024-02-06,한국재정정보원,https://www.openfiscaldata.go.kr/op/ko/fd/UOPKOFDA02?pageIndex=1&pageSize=8&ofdBrdId=FSL1004&ofdBrdiSeq=51598&ofdBrdiDtsClsCd=516,원문,2024 나라재정 1월호,2024 나라재정 1월호.pdf,F0000000000000004193,1,원문 우선(목차 파일 제외),files/12_516_월간나라재정/2024-02-06_51598_2024년 월간나라재정 1월호.pdf,49652943,5ddf0d812ffd353300f4f8d7449796523ec51211c6c8eefbec997c04c448fa4b,downloaded,
516,월간나라재정,39,51594,FSL1004,2023년 월간나라재정 12월호,2023-12-20,한국재정정보원,https://www.openfiscaldata.go.kr/op/ko/fd/UOPKOFDA02?pageIndex=1&pageSize=8&ofdBrdId=FSL1004&ofdBrdiSeq=51594&ofdBrdiDtsClsCd=516,원문,2023 나라재정 12월호,2023 나라재정 12월호.pdf,F0000000000000004180,1,원문 우선(목차 파일 제외),files/12_516_월간나라재정/2023-12-20_51594_2023년 월간나라재정 12월호.pdf,29656761,816ad28720bbe48b946e6cbeecab367aaf20d8f0a094033914149e8535598ff4,downloaded,
516,월간나라재정,39,51588,FSL1004,2023년 월간나라재정 11월호,2023-11-21,한국재정정보원,https://www.openfiscaldata.go.kr/op/ko/fd/UOPKOFDA02?pageIndex=1&pageSize=8&ofdBrdId=FSL1004&ofdBrdiSeq=51588&ofdBrdiDtsClsCd=516,원문,2023 나라재정 11월호,2023 나라재정 11월호.pdf,F0000000000000004164,1,원문 우선(목차 파일 제외),files/12_516_월간나라재정/2023-11-21_51588_2023년 월간나라재정 11월호.pdf,35047863,d4759350facddd1f2c2ebb2dd230ae18b62b8cc4e33d78ec3252db02af75f6b4,downloaded,
516,월간나라재정,39,51583,FSL1004,2023년 월간나라재정 10월호,2023-10-25,한국재정정보원,https://www.openfiscaldata.go.kr/op/ko/fd/UOPKOFDA02?pageIndex=1&pageSize=8&ofdBrdId=FSL1004&ofdBrdiSeq=51583&ofdBrdiDtsClsCd=516,원문,2023 나라재정 10월호,2023 나라재정 10월호.pdf,F0000000000000004150,1,원문 우선(목차 파일 제외),files/12_516_월간나라재정/2023-10-25_51583_2023년 월간나라재정 10월호.pdf,25904391,76a7c7a8670c2942abbf8fa123316f4a04684bb74792e1a35970aa7fee52a839,downloaded,
516,월간나라재정,39,51577,FSL1004,2023년 월간나라재정 9월호,2023-09-20,한국재정정보원,https://www.openfiscaldata.go.kr/op/ko/fd/UOPKOFDA02?pageIndex=1&pageSize=8&ofdBrdId=FSL1004&ofdBrdiSeq=51577&ofdBrdiDtsClsCd=516,원문,2023 나라재정 9월호,2023 나라재정 9월호.pdf,F0000000000000004132,1,원문 우선(목차 파일 제외),files/12_516_월간나라재정/2023-09-20_51577_2023년 월간나라재정 9월호.pdf,21557589,348e9436ab5246b83aa81b649f997e5613dd3d1d5916f01af34b40fa21dda360,downloaded,
516,월간나라재정,39,51574,FSL1004,2023년 월간나라재정 8월호,2023-08-23,한국재정정보원,https://www.openfiscaldata.go.kr/op/ko/fd/UOPKOFDA02?pageIndex=1&pageSize=8&ofdBrdId=FSL1004&ofdBrdiSeq=51574&ofdBrdiDtsClsCd=516,원문,2023 나라재정 8월호,2023 나라재정 8월호.pdf,F0000000000000004109,1,원문 우선(목차 파일 제외),files/12_516_월간나라재정/2023-08-23_51574_2023년 월간나라재정 8월호.pdf,21815603,3331c7c949f3925d570f7801e6c32bd39a161151252bbc1929156f6fcbcb89e7,downloaded,
516,월간나라재정,39,51569,FSL1004,2023년 월간나라재정 7월호,2023-07-27,한국재정정보원,https://www.openfiscaldata.go.kr/op/ko/fd/UOPKOFDA02?pageIndex=1&pageSize=8&ofdBrdId=FSL1004&ofdBrdiSeq=51569&ofdBrdiDtsClsCd=516,원문,2023 나라재정 7월호,2023 나라재정 7월호.pdf,F0000000000000004098,1,원문 우선(목차 파일 제외),files/12_516_월간나라재정/2023-07-27_51569_2023년 월간나라재정 7월호.pdf,29703559,0c7ff697d37761daba54975076a0522593fcdb6b2e585255f9fc244aa0fad431,downloaded,
516,월간나라재정,39,51565,FSL1004,2023년 월간나라재정 6월호,2023-06-26,한국재정정보원,https://www.openfiscaldata.go.kr/op/ko/fd/UOPKOFDA02?pageIndex=1&pageSize=8&ofdBrdId=FSL1004&ofdBrdiSeq=51565&ofdBrdiDtsClsCd=516,원문,2023 나라재정 6월호,2023 나라재정 6월호.pdf,F0000000000000004088,1,원문 우선(목차 파일 제외),files/12_516_월간나라재정/2023-06-26_51565_2023년 월간나라재정 6월호.pdf,20089828,bb4d89a69fe3e51d13e66bbccc1ea8c542edd1e126d55d23ccdd464d703c8dee,downloaded,
516,월간나라재정,39,51557,FSL1004,2023년 월간나라재정 5월호,2023-05-23,한국재정정보원,https://www.openfiscaldata.go.kr/op/ko/fd/UOPKOFDA02?pageIndex=1&pageSize=8&ofdBrdId=FSL1004&ofdBrdiSeq=51557&ofdBrdiDtsClsCd=516,원문,2023 나라재정 5월호,2023 나라재정 5월호.pdf,F0000000000000004045,1,원문 우선(목차 파일 제외),files/12_516_월간나라재정/2023-05-23_51557_2023년 월간나라재정 5월호.pdf,13094388,b651568e85f9a7b1c977a5a0d1dcaf5d7512dc8854eb20b027c78b2e5e46fd78,downloaded,
516,월간나라재정,39,51549,FSL1004,2023년 월간나라재정 4월호,2023-04-18,한국재정정보원,https://www.openfiscaldata.go.kr/op/ko/fd/UOPKOFDA02?pageIndex=1&pageSize=8&ofdBrdId=FSL1004&ofdBrdiSeq=51549&ofdBrdiDtsClsCd=516,원문,2023 나라재정 4월호,2023 나라재정 4월호.pdf,F0000000000000004023,1,원문 우선(목차 파일 제외),files/12_516_월간나라재정/2023-04-18_51549_2023년 월간나라재정 4월호.pdf,25394328,8b82a4fbed6f71bd45493b4117c21be1c6d6254fc820b68651311ccee48ca3e3,downloaded,
516,월간나라재정,39,51544,FSL1004,2023년 월간나라재정 3월호,2023-03-22,한국재정정보원,https://www.openfiscaldata.go.kr/op/ko/fd/UOPKOFDA02?pageIndex=1&pageSize=8&ofdBrdId=FSL1004&ofdBrdiSeq=51544&ofdBrdiDtsClsCd=516,원문,2023 나라재정 3월호,2023 나라재정 3월호.pdf,F0000000000000004000,1,원문 우선(목차 파일 제외),files/12_516_월간나라재정/2023-03-22_51544_2023년 월간나라재정 3월호.pdf,32374862,fdd900543671581eb0b825d0fc0ad914502d4b7fb965dd6bf5f6658e5c58717f,downloaded,
516,월간나라재정,39,51536,FSL1004,2023년 월간나라재정 2월호,2023-02-08,한국재정정보원,https://www.openfiscaldata.go.kr/op/ko/fd/UOPKOFDA02?pageIndex=1&pageSize=8&ofdBrdId=FSL1004&ofdBrdiSeq=51536&ofdBrdiDtsClsCd=516,원문,2023 나라재정 2월호,2023 나라재정 2월호.pdf,F0000000000000003978,17,원문 우선(목차 파일 제외),files/12_516_월간나라재정/2023-02-08_51536_2023년 월간나라재정 2월호.pdf,15335403,570c68be8d7552279b083f249ab505ecc5f218c8549b925ee9d17be9dde318b6,downloaded,
516,월간나라재정,39,51529,FSL1004,2023년 월간나라재정 1월호,2023-01-10,한국재정정보원,https://www.openfiscaldata.go.kr/op/ko/fd/UOPKOFDA02?pageIndex=1&pageSize=8&ofdBrdId=FSL1004&ofdBrdiSeq=51529&ofdBrdiDtsClsCd=516,원문,2023 나라재정 1월호,2023 나라재정 1월호.pdf,F0000000000000003968,1,원문 우선(목차 파일 제외),files/12_516_월간나라재정/2023-01-10_51529_2023년 월간나라재정 1월호.pdf,23523293,dae80091d4ae17403f6e14e395a4b87f4c1a77be0bc416db17fd21b8ce22de5b,downloaded,
516,월간나라재정,39,51525,FSL1004,2022년 월간나라재정 12월호,2022-12-05,한국재정정보원,https://www.openfiscaldata.go.kr/op/ko/fd/UOPKOFDA02?pageIndex=1&pageSize=8&ofdBrdId=FSL1004&ofdBrdiSeq=51525&ofdBrdiDtsClsCd=516,원문,2022 나라재정 12월호,2022 나라재정 12월호.pdf,F0000000000000003933,1,원문 우선(목차 파일 제외),files/12_516_월간나라재정/2022-12-05_51525_2022년 월간나라재정 12월호.pdf,33372541,249efa0d98c1345dd8c3043dff07bf45c853cd8d2a57e208dc03221f2132889d,downloaded,
516,월간나라재정,39,51518,FSL1004,2022년 월간나라재정 11월호,2022-11-02,한국재정정보원,https://www.openfiscaldata.go.kr/op/ko/fd/UOPKOFDA02?pageIndex=1&pageSize=8&ofdBrdId=FSL1004&ofdBrdiSeq=51518&ofdBrdiDtsClsCd=516,원문,2022 나라재정 11월호,2022 나라재정 11월호.pdf,F0000000000000003920,1,원문 우선(목차 파일 제외),files/12_516_월간나라재정/2022-11-02_51518_2022년 월간나라재정 11월호.pdf,30762215,0d8701d9e8467435013fcfc23adb03fcae91e3ddd34d2f228b21bc285c422de9,downloaded,
516,월간나라재정,39,51512,FSL1004,2022년 월간나라재정 10월호,2022-10-01,한국재정정보원,https://www.openfiscaldata.go.kr/op/ko/fd/UOPKOFDA02?pageIndex=1&pageSize=8&ofdBrdId=FSL1004&ofdBrdiSeq=51512&ofdBrdiDtsClsCd=516,원문,2022 나라재정 10월호,2022 나라재정 10월호.pdf,F0000000000000003905,1,원문 우선(목차 파일 제외),files/12_516_월간나라재정/2022-10-01_51512_2022년 월간나라재정 10월호.pdf,27080869,58accf1886f527e029138c08b82ade4f4ea15bf4939080ab87fb8417dd078169,downloaded,
516,월간나라재정,39,51507,FSL1004,2022년 월간나라재정 9월호,2022-09-01,한국재정정보원,https://www.openfiscaldata.go.kr/op/ko/fd/UOPKOFDA02?pageIndex=1&pageSize=8&ofdBrdId=FSL1004&ofdBrdiSeq=51507&ofdBrdiDtsClsCd=516,원문,2022 나라재정 9월호,2022 나라재정 9월호.pdf,F0000000000000003870,1,원문 우선(목차 파일 제외),files/12_516_월간나라재정/2022-09-01_51507_2022년 월간나라재정 9월호.pdf,17260898,c215666e627f615b188b48f04f872748818f1fb1c502c828cdd80f119fc1bad6,downloaded,
516,월간나라재정,39,51504,FSL1004,2022년 월간나라재정 8월호,2022-08-01,한국재정정보원,https://www.openfiscaldata.go.kr/op/ko/fd/UOPKOFDA02?pageIndex=1&pageSize=8&ofdBrdId=FSL1004&ofdBrdiSeq=51504&ofdBrdiDtsClsCd=516,원문,2022 나라재정 8월호,2022 나라재정 8월호.pdf,F0000000000000003866,1,원문 우선(목차 파일 제외),files/12_516_월간나라재정/2022-08-01_51504_2022년 월간나라재정 8월호.pdf,28131248,86ff8cc31b5feafcda13af609b06325ca82a53c5581e6296508c79c217d1c577,downloaded,
516,월간나라재정,39,51500,FSL1004,2022년 월간나라재정 7월호,2022-07-05,한국재정정보원,https://www.openfiscaldata.go.kr/op/ko/fd/UOPKOFDA02?pageIndex=1&pageSize=8&ofdBrdId=FSL1004&ofdBrdiSeq=51500&ofdBrdiDtsClsCd=516,원문,2022 나라재정 7월호,2022 나라재정 7월호.pdf,F0000000000000003824,1,원문 우선(목차 파일 제외),files/12_516_월간나라재정/2022-07-05_51500_2022년 월간나라재정 7월호.pdf,18831158,9727b588c681b326d3248008761f8b53052a1b5347437396375101f507c42aad,downloaded,
516,월간나라재정,39,51495,FSL1004,2022년 월간나라재정 6월호,2022-06-02,한국재정정보원,https://www.openfiscaldata.go.kr/op/ko/fd/UOPKOFDA02?pageIndex=1&pageSize=8&ofdBrdId=FSL1004&ofdBrdiSeq=51495&ofdBrdiDtsClsCd=516,원문,2022 나라재정 6월호,2022 나라재정 6월호.pdf,F0000000000000003811,1,원문 우선(목차 파일 제외),files/12_516_월간나라재정/2022-06-02_51495_2022년 월간나라재정 6월호.pdf,21557752,c3cb258ac718e67608825da244936455587b9e471f3afeccdf5d4084b679fb1d,downloaded,
516,월간나라재정,39,51491,FSL1004,2022년 월간나라재정 5월호,2022-05-02,한국재정정보원,https://www.openfiscaldata.go.kr/op/ko/fd/UOPKOFDA02?pageIndex=1&pageSize=8&ofdBrdId=FSL1004&ofdBrdiSeq=51491&ofdBrdiDtsClsCd=516,원문,2022 나라재정 5월호,2022 나라재정 5월호.pdf,F0000000000000003794,1,원문 우선(목차 파일 제외),files/12_516_월간나라재정/2022-05-02_51491_2022년 월간나라재정 5월호.pdf,17984609,40f8f41a9c91d9fad20e597aef72870f3d351ab7d29f9b1f36af5f7e1c27258f,downloaded,
516,월간나라재정,39,51490,FSL1004,2022년 월간나라재정 4월호,2022-04-28,한국재정정보원,https://www.openfiscaldata.go.kr/op/ko/fd/UOPKOFDA02?pageIndex=1&pageSize=8&ofdBrdId=FSL1004&ofdBrdiSeq=51490&ofdBrdiDtsClsCd=516,원문,2022 나라재정 4월호,2022 나라재정 4월호.pdf,F0000000000000003793,1,원문 우선(목차 파일 제외),files/12_516_월간나라재정/2022-04-28_51490_2022년 월간나라재정 4월호.pdf,5424071,603db1df8bc7b2daab3ad28b909d68b213dd13ef6643e2938e9e588a4985b64a,downloaded,
516,월간나라재정,39,51479,FSL1004,2022년 월간나라재정 3월호,2022-03-28,한국재정정보원,https://www.openfiscaldata.go.kr/op/ko/fd/UOPKOFDA02?pageIndex=1&pageSize=8&ofdBrdId=FSL1004&ofdBrdiSeq=51479&ofdBrdiDtsClsCd=516,원문,2022 나라재정 3월호,2022 나라재정 3월호.pdf,F0000000000000003766,1,원문 우선(목차 파일 제외),files/12_516_월간나라재정/2022-03-28_51479_2022년 월간나라재정 3월호.pdf,16758924,523208ec3cc4f6f6107d1386fa247ac1a424f02e3e3984e56cb502d3197a8463,downloaded,
516,월간나라재정,39,51474,FSL1004,2022년 월간나라재정 2월호,2022-02-25,한국재정정보원,https://www.openfiscaldata.go.kr/op/ko/fd/UOPKOFDA02?pageIndex=1&pageSize=8&ofdBrdId=FSL1004&ofdBrdiSeq=51474&ofdBrdiDtsClsCd=516,원문,2022년 나라재정 2월호,2022년 나라재정 2월호.pdf,F0000000000000003740,1,원문 우선(목차 파일 제외),files/12_516_월간나라재정/2022-02-25_51474_2022년 월간나라재정 2월호.pdf,4444914,8be661a27722f606190a85000387ff10c7609ba7d185035248dff2470ca5ccd3,downloaded,
516,월간나라재정,39,51461,FSL1004,2022년 월간나라재정 1월호,2022-01-21,한국재정정보원,https://www.openfiscaldata.go.kr/op/ko/fd/UOPKOFDA02?pageIndex=1&pageSize=8&ofdBrdId=FSL1004&ofdBrdiSeq=51461&ofdBrdiDtsClsCd=516,원문,2022년 월간나라재정 1월호,2022년 월간나라재정 1월호.pdf,F0000000000000003621,1,원문 우선(목차 파일 제외),files/12_516_월간나라재정/2022-01-21_51461_2022년 월간나라재정 1월호.pdf,16804245,4ea19ffc2d5de362aac9a9185938c457561082a4d05f3d0565b5960273537854,downloaded,
516,월간나라재정,39,51460,FSL1004,2021년 월간나라재정 12월호,2021-12-24,한국재정정보원,https://www.openfiscaldata.go.kr/op/ko/fd/UOPKOFDA02?pageIndex=1&pageSize=8&ofdBrdId=FSL1004&ofdBrdiSeq=51460&ofdBrdiDtsClsCd=516,원문,2021 나라재정 12월호,2021 나라재정 12월호.pdf,F0000000000000003620,1,원문 우선(목차 파일 제외),files/12_516_월간나라재정/2021-12-24_51460_2021년 월간나라재정 12월호.pdf,9935805,16430b0584c7de0fab6d1c1f84ff8082d6e95759eabac5778a930659ec8f25fa,downloaded,
516,월간나라재정,39,51446,FSL1004,2021년 월간나라재정 11월호,2021-11-23,한국재정정보원,https://www.openfiscaldata.go.kr/op/ko/fd/UOPKOFDA02?pageIndex=1&pageSize=8&ofdBrdId=FSL1004&ofdBrdiSeq=51446&ofdBrdiDtsClsCd=516,원문,2021나라재정 11월호,2021나라재정 11월호.pdf,FI000000005144666765,3,원문 우선(목차 파일 제외),files/12_516_월간나라재정/2021-11-23_51446_2021년 월간나라재정 11월호.pdf,28491690,7440c2a91903af6bb3aa329637850316363c6880225bfd67a628b0da730fad93,downloaded,
516,월간나라재정,39,51319,FSL1004,2021년 월간나라재정 10월호,2021-10-25,한국재정정보원,https://www.openfiscaldata.go.kr/op/ko/fd/UOPKOFDA02?pageIndex=1&pageSize=8&ofdBrdId=FSL1004&ofdBrdiSeq=51319&ofdBrdiDtsClsCd=516,원문,2021나라재정 10월호,2021나라재정 10월호.pdf,FI000000005131966510,1,원문 우선(목차 파일 제외),files/12_516_월간나라재정/2021-10-25_51319_2021년 월간나라재정 10월호.pdf,28117772,fd2fcef6a0aaa8c4cdc56eed34892599b0d1d9fd6096e4d57174e81b13ae818c,downloaded,
516,월간나라재정,39,51182,FSL1004,2021년 월간나라재정 9월호,2021-09-23,한국재정정보원,https://www.openfiscaldata.go.kr/op/ko/fd/UOPKOFDA02?pageIndex=1&pageSize=8&ofdBrdId=FSL1004&ofdBrdiSeq=51182&ofdBrdiDtsClsCd=516,원문,2021 나라재정 9월호,2021 나라재정 9월호.pdf,FI000000005118266241,1,원문 우선(목차 파일 제외),files/12_516_월간나라재정/2021-09-23_51182_2021년 월간나라재정 9월호.pdf,16794622,c8f7016ea76829489569aebf1eb739eaf06ae86b61bba57f59781bae7b0e7e05,downloaded,
516,월간나라재정,39,51062,FSL1004,2021년 월간나라재정 8월호,2021-08-23,한국재정정보원,https://www.openfiscaldata.go.kr/op/ko/fd/UOPKOFDA02?pageIndex=1&pageSize=8&ofdBrdId=FSL1004&ofdBrdiSeq=51062&ofdBrdiDtsClsCd=516,원문,2021나라재정8월호,2021나라재정8월호.pdf,FI000000005106266021,1,원문 우선(목차 파일 제외),files/12_516_월간나라재정/2021-08-23_51062_2021년 월간나라재정 8월호.pdf,20966548,9cf6ac71d70a2ea2e6e47e9dd23786c051eec6d86799f2c69549f2547affe076,downloaded,
516,월간나라재정,39,50934,FSL1004,2021년 월간나라재정 7월호,2021-07-20,한국재정정보원,https://www.openfiscaldata.go.kr/op/ko/fd/UOPKOFDA02?pageIndex=1&pageSize=8&ofdBrdId=FSL1004&ofdBrdiSeq=50934&ofdBrdiDtsClsCd=516,원문,2021 월간나라재정 7월호,2021 월간나라재정 7월호.pdf,FI000000005093465813,1,원문 우선(목차 파일 제외),files/12_516_월간나라재정/2021-07-20_50934_2021년 월간나라재정 7월호.pdf,10800387,aa8eec122951db9473c87c2e2f8dc78491a646e3f9e682870949e228214d042b,downloaded,
516,월간나라재정,39,50721,FSL1004,2021년 월간나라재정 6월호,2021-06-18,한국재정정보원,https://www.openfiscaldata.go.kr/op/ko/fd/UOPKOFDA02?pageIndex=1&pageSize=8&ofdBrdId=FSL1004&ofdBrdiSeq=50721&ofdBrdiDtsClsCd=516,원문,월간 나라재정 2021년 6월호,월간 나라재정 2021년 6월호.pdf,FI000000005072165416,1,원문 우선(목차 파일 제외),files/12_516_월간나라재정/2021-06-18_50721_2021년 월간나라재정 6월호.pdf,10844417,9c89d2309e617a4677696fc4bd42003cd40c477a6fd576c09da78d3e79ea47c8,downloaded,
516,월간나라재정,39,50595,FSL1004,2021년 월간나라재정 5월호,2021-05-18,한국재정정보원,https://www.openfiscaldata.go.kr/op/ko/fd/UOPKOFDA02?pageIndex=1&pageSize=8&ofdBrdId=FSL1004&ofdBrdiSeq=50595&ofdBrdiDtsClsCd=516,원문,2021나라재정5월호,2021나라재정5월호.pdf,FI000000005059565214,1,원문 우선(목차 파일 제외),files/12_516_월간나라재정/2021-05-18_50595_2021년 월간나라재정 5월호.pdf,19673684,5a23f5b8da9680c0dfea303d40ff99179994c4917431fa0de5765d89485eda4e,downloaded,
516,월간나라재정,39,50457,FSL1004,2021년 월간나라재정 4월호,2021-04-19,한국재정정보원,https://www.openfiscaldata.go.kr/op/ko/fd/UOPKOFDA02?pageIndex=1&pageSize=8&ofdBrdId=FSL1004&ofdBrdiSeq=50457&ofdBrdiDtsClsCd=516,원문,2021나라재정4월호,2021나라재정4월호.pdf,FI000000005045765028,1,원문 우선(목차 파일 제외),files/12_516_월간나라재정/2021-04-19_50457_2021년 월간나라재정 4월호.pdf,9296925,d954d792348558f98090c7362722bbe3d85420f3cffae0450ae495d60f64ec52,downloaded,
516,월간나라재정,39,50347,FSL1004,2021년 월간나라재정 3월호,2021-03-22,한국재정정보원,https://www.openfiscaldata.go.kr/op/ko/fd/UOPKOFDA02?pageIndex=1&pageSize=8&ofdBrdId=FSL1004&ofdBrdiSeq=50347&ofdBrdiDtsClsCd=516,원문,2021나라재정3월호,2021나라재정3월호.pdf,FI000000005034764891,1,원문 우선(목차 파일 제외),files/12_516_월간나라재정/2021-03-22_50347_2021년 월간나라재정 3월호.pdf,9215162,08c15fb5d4ab5c760e3627efeaa28811dbda35bf06764b2b5aeaa2719169bae9,downloaded,
516,월간나라재정,39,50254,FSL1004,2021년 월간나라재정 2월호,2021-02-19,한국재정정보원,https://www.openfiscaldata.go.kr/op/ko/fd/UOPKOFDA02?pageIndex=1&pageSize=8&ofdBrdId=FSL1004&ofdBrdiSeq=50254&ofdBrdiDtsClsCd=516,원문,2021나라재정2월호,2021나라재정2월호.pdf,FI000000005025464772,1,원문 우선(목차 파일 제외),files/12_516_월간나라재정/2021-02-19_50254_2021년 월간나라재정 2월호.pdf,6103655,ed675844f5e38dac3679d46300d95d9a42d52c8d1daee6a650574e55beef885b,downloaded,
516,월간나라재정,39,50166,FSL1004,2021년 월간나라재정 1월호,2021-01-29,한국재정정보원,https://www.openfiscaldata.go.kr/op/ko/fd/UOPKOFDA02?pageIndex=1&pageSize=8&ofdBrdId=FSL1004&ofdBrdiSeq=50166&ofdBrdiDtsClsCd=516,원문,2021나라재정 1월호,2021나라재정 1월호.pdf,FI000000005016664683,1,원문 우선(목차 파일 제외),files/12_516_월간나라재정/2021-01-29_50166_2021년 월간나라재정 1월호.pdf,7260681,c802ad5d6c2bdfe5bcedfb26329df641fe57ef3b14fce00922fed639540d4058,downloaded,
516,월간나라재정,39,50014,FSL1004,2020년 월간나라재정 12월호,2020-12-18,한국재정정보원,https://www.openfiscaldata.go.kr/op/ko/fd/UOPKOFDA02?pageIndex=1&pageSize=8&ofdBrdId=FSL1004&ofdBrdiSeq=50014&ofdBrdiDtsClsCd=516,원문,2020나라재정12월호,2020나라재정12월호.pdf,FI000000005001464440,1,원문 우선(목차 파일 제외),files/12_516_월간나라재정/2020-12-18_50014_2020년 월간나라재정 12월호.pdf,6590549,6b2f3bc3da91ea2b882c52dbe03ba21c5e6923454893e9d896426cae34a7e138,downloaded,
516,월간나라재정,39,49797,FSL1004,2020년 월간나라재정 11월호,2020-11-19,한국재정정보원,https://www.openfiscaldata.go.kr/op/ko/fd/UOPKOFDA02?pageIndex=1&pageSize=8&ofdBrdId=FSL1004&ofdBrdiSeq=49797&ofdBrdiDtsClsCd=516,원문,2020나라재정11월호,2020나라재정11월호.pdf,FI000000004979764255,1,원문 우선(목차 파일 제외),files/12_516_월간나라재정/2020-11-19_49797_2020년 월간나라재정 11월호.pdf,5631196,f74f12d1dfe34683eb1fc68cd589ca782312369a91d5a2085a02cb9b34b8e96e,downloaded,
516,월간나라재정,39,49702,FSL1004,2020년 월간나라재정 10월호,2020-10-27,한국재정정보원,https://www.openfiscaldata.go.kr/op/ko/fd/UOPKOFDA02?pageIndex=1&pageSize=8&ofdBrdId=FSL1004&ofdBrdiSeq=49702&ofdBrdiDtsClsCd=516,원문,2020나라재정10월호,2020나라재정10월호.pdf,FI000000004970264100,1,원문 우선(목차 파일 제외),files/12_516_월간나라재정/2020-10-27_49702_2020년 월간나라재정 10월호.pdf,9744095,863236063abfc19298639636e47310983893d7f236c71fdbd834ea4d3a4aa136,downloaded,
516,월간나라재정,39,49573,FSL1004,2020년 월간나라재정 9월호,2020-09-21,한국재정정보원,https://www.openfiscaldata.go.kr/op/ko/fd/UOPKOFDA02?pageIndex=1&pageSize=8&ofdBrdId=FSL1004&ofdBrdiSeq=49573&ofdBrdiDtsClsCd=516,원문,2020나라재정9월호,2020나라재정9월호.pdf,FI000000004957363945,1,원문 우선(목차 파일 제외),files/12_516_월간나라재정/2020-09-21_49573_2020년 월간나라재정 9월호.pdf,15474932,ffcc604637accbd2e7e09891cc302d0ac47b18c0ec29ee71d3e1bad3da553d04,downloaded,
516,월간나라재정,39,49408,FSL1004,2020년 월간나라재정 8월호,2020-08-18,한국재정정보원,https://www.openfiscaldata.go.kr/op/ko/fd/UOPKOFDA02?pageIndex=1&pageSize=8&ofdBrdId=FSL1004&ofdBrdiSeq=49408&ofdBrdiDtsClsCd=516,원문,2020나라재정8월호,2020나라재정8월호.pdf,FI000000004940863769,1,원문 우선(목차 파일 제외),files/12_516_월간나라재정/2020-08-18_49408_2020년 월간나라재정 8월호.pdf,11143242,194bbba1e6964e8bfa26399894aad829ac1e7ad644b40cb3bff9962f4d5fb19d,downloaded,
516,월간나라재정,39,49299,FSL1004,2020년 월간나라재정 7월호,2020-07-20,한국재정정보원,https://www.openfiscaldata.go.kr/op/ko/fd/UOPKOFDA02?pageIndex=1&pageSize=8&ofdBrdId=FSL1004&ofdBrdiSeq=49299&ofdBrdiDtsClsCd=516,,,,,0,원문 없음: 표지를 제외한 제공 파일 다운로드,,0,,no_downloadable_file,첨부 파일 없음
516,월간나라재정,39,49126,FSL1004,2020년 월간나라재정 6월호,2020-06-18,한국재정정보원,https://www.openfiscaldata.go.kr/op/ko/fd/UOPKOFDA02?pageIndex=1&pageSize=8&ofdBrdId=FSL1004&ofdBrdiSeq=49126&ofdBrdiDtsClsCd=516,원문,2020나라재정6월호,2020나라재정6월호.pdf,FI000000004912663482,1,원문 우선(목차 파일 제외),files/12_516_월간나라재정/2020-06-18_49126_2020년 월간나라재정 6월호.pdf,9732065,cb3474f3f777c5b46d95c467adedf9438f01e0a3c179f31d9e4002bb9cd90609,downloaded,
516,월간나라재정,39,48931,FSL1004,2020년 월간나라재정 5월호,2020-05-18,한국재정정보원,https://www.openfiscaldata.go.kr/op/ko/fd/UOPKOFDA02?pageIndex=1&pageSize=8&ofdBrdId=FSL1004&ofdBrdiSeq=48931&ofdBrdiDtsClsCd=516,원문,2020나라재정5월호,2020나라재정5월호.pdf,FI000000004893163309,1,원문 우선(목차 파일 제외),files/12_516_월간나라재정/2020-05-18_48931_2020년 월간나라재정 5월호.pdf,6810607,ddc6b025e81037e7694ad023f07af5e6c71ca7b85e65b3646db08d9f55b451ca,downloaded,
516,월간나라재정,39,48750,FSL1004,2020년 월간나라재정 4월호,2020-04-14,한국재정정보원,https://www.openfiscaldata.go.kr/op/ko/fd/UOPKOFDA02?pageIndex=1&pageSize=8&ofdBrdId=FSL1004&ofdBrdiSeq=48750&ofdBrdiDtsClsCd=516,원문,2020나라재정4월호,2020나라재정4월호.pdf,FI000000004875063083,1,원문 우선(목차 파일 제외),files/12_516_월간나라재정/2020-04-14_48750_2020년 월간나라재정 4월호.pdf,20705574,e27a6c4f987b177451bd9cf2e6ab5d26aa612c9b5d0e3785ebdd5ea9a2e0dd6e,downloaded,
516,월간나라재정,39,48551,FSL1004,2020년 월간나라재정 3월호,2020-03-13,한국재정정보원,https://www.openfiscaldata.go.kr/op/ko/fd/UOPKOFDA02?pageIndex=1&pageSize=8&ofdBrdId=FSL1004&ofdBrdiSeq=48551&ofdBrdiDtsClsCd=516,원문,2020나라재정3월호,2020나라재정3월호.pdf,FI000000004855162916,1,원문 우선(목차 파일 제외),files/12_516_월간나라재정/2020-03-13_48551_2020년 월간나라재정 3월호.pdf,9933809,8249efd0eac598af8ca3d07e891da0d6e7982df037636d39c1eb592f93ad242c,downloaded,
516,월간나라재정,39,48411,FSL1004,2020년 월간나라재정 2월호,2020-02-20,한국재정정보원,https://www.openfiscaldata.go.kr/op/ko/fd/UOPKOFDA02?pageIndex=1&pageSize=8&ofdBrdId=FSL1004&ofdBrdiSeq=48411&ofdBrdiDtsClsCd=516,원문,2020나라재정2월호,2020나라재정2월호.pdf,FI000000004841162810,1,원문 우선(목차 파일 제외),files/12_516_월간나라재정/2020-02-20_48411_2020년 월간나라재정 2월호.pdf,10902022,23ff3ceb63b6627feef7e786972026dcaffa5c53ba2e3141b99a4ec2af85a457,downloaded,
516,월간나라재정,39,48339,FSL1004,2020년 월간나라재정 1월호,2020-02-04,한국재정정보원,https://www.openfiscaldata.go.kr/op/ko/fd/UOPKOFDA02?pageIndex=1&pageSize=8&ofdBrdId=FSL1004&ofdBrdiSeq=48339&ofdBrdiDtsClsCd=516,원문,2020나라재정1월호,2020나라재정1월호.pdf,FI000000004833962700,1,원문 우선(목차 파일 제외),files/12_516_월간나라재정/2020-02-04_48339_2020년 월간나라재정 1월호.pdf,9823117,305ac305890b6bac91fbc01f0396fb9c287a7b32576d1d16e9470f8e3b4c3606,downloaded,
516,월간나라재정,39,48112,FSL1004,2019년 월간나라재정 12월호,2019-12-20,한국재정정보원,https://www.openfiscaldata.go.kr/op/ko/fd/UOPKOFDA02?pageIndex=1&pageSize=8&ofdBrdId=FSL1004&ofdBrdiSeq=48112&ofdBrdiDtsClsCd=516,원문,2019나라재정12월호,2019나라재정12월호.pdf,FI000000004811262411,1,원문 우선(목차 파일 제외),files/12_516_월간나라재정/2019-12-20_48112_2019년 월간나라재정 12월호.pdf,9302216,f50717aa2e548827c5c01cb90994833eff2a2cc14e5747ed32c87b122d2fabba,downloaded,
516,월간나라재정,39,48035,FSL1004,2019년 월간나라재정 11월호,2019-11-21,한국재정정보원,https://www.openfiscaldata.go.kr/op/ko/fd/UOPKOFDA02?pageIndex=1&pageSize=8&ofdBrdId=FSL1004&ofdBrdiSeq=48035&ofdBrdiDtsClsCd=516,원문,2019나라재정11월호,2019나라재정11월호.pdf,FI000000004803562314,1,원문 우선(목차 파일 제외),files/12_516_월간나라재정/2019-11-21_48035_2019년 월간나라재정 11월호.pdf,8545550,e808a625c284101d68ccfe4fecf27c3d18f417db0311077a8341964593d72765,downloaded,
516,월간나라재정,39,47936,FSL1004,2019년 월간나라재정 10월호,2019-10-24,한국재정정보원,https://www.openfiscaldata.go.kr/op/ko/fd/UOPKOFDA02?pageIndex=1&pageSize=8&ofdBrdId=FSL1004&ofdBrdiSeq=47936&ofdBrdiDtsClsCd=516,원문,2019년 월간나라재정 10월호,2019년 월간나라재정 10월호.pdf,FI000000004793662185,14,원문 우선(목차 파일 제외),files/12_516_월간나라재정/2019-10-24_47936_2019년 월간나라재정 10월호.pdf,21125858,b934b4c728e27d31bcc49450e85121361b726ede926a6be2a11f96a8d7f594e9,downloaded,
516,월간나라재정,39,47842,FSL1004,2019년 월간나라재정 9월호,2019-09-25,한국재정정보원,https://www.openfiscaldata.go.kr/op/ko/fd/UOPKOFDA02?pageIndex=1&pageSize=8&ofdBrdId=FSL1004&ofdBrdiSeq=47842&ofdBrdiDtsClsCd=516,원문,2019년 월간나라재정 9월호,2019년 월간나라재정 9월호.pdf,FI000000004784262055,2,원문 우선(목차 파일 제외),files/12_516_월간나라재정/2019-09-25_47842_2019년 월간나라재정 9월호.pdf,11399622,f5e5a6bd45c7dc0bc2058fce2e01c4269a1e5d5d0430e6f53fa42d13797357e0,downloaded,
516,월간나라재정,39,47701,FSL1004,2019년 월간나라재정 8월호,2019-08-22,한국재정정보원,https://www.openfiscaldata.go.kr/op/ko/fd/UOPKOFDA02?pageIndex=1&pageSize=8&ofdBrdId=FSL1004&ofdBrdiSeq=47701&ofdBrdiDtsClsCd=516,원문,2019년 월간나라재정 8월호,2019년 월간나라재정 8월호.pdf,FI000000004770161883,1,원문 우선(목차 파일 제외),files/12_516_월간나라재정/2019-08-22_47701_2019년 월간나라재정 8월호.pdf,8337149,380a5c3ea0c03c44e92c04eba34dfd5bad1e2dac5390dc48c0020e62749d693f,downloaded,
516,월간나라재정,39,47583,FSL1004,2019년 월간나라재정 7월호,2019-07-22,한국재정정보원,https://www.openfiscaldata.go.kr/op/ko/fd/UOPKOFDA02?pageIndex=1&pageSize=8&ofdBrdId=FSL1004&ofdBrdiSeq=47583&ofdBrdiDtsClsCd=516,원문,2019년 월간나라재정 7월호,2019년 월간나라재정 7월호.pdf,FI000000004758361761,1,원문 우선(목차 파일 제외),files/12_516_월간나라재정/2019-07-22_47583_2019년 월간나라재정 7월호.pdf,8344862,1d723ed6142cb9697e279ac210992f19009c5332e909cef122d50115d3b13534,downloaded,
516,월간나라재정,39,47480,FSL1004,2019년 월간나라재정 6월호,2019-06-19,한국재정정보원,https://www.openfiscaldata.go.kr/op/ko/fd/UOPKOFDA02?pageIndex=1&pageSize=8&ofdBrdId=FSL1004&ofdBrdiSeq=47480&ofdBrdiDtsClsCd=516,원문,2019년 월간나라재정 6월호,2019년 월간나라재정 6월호.pdf,FI000000004748061619,1,원문 우선(목차 파일 제외),files/12_516_월간나라재정/2019-06-19_47480_2019년 월간나라재정 6월호.pdf,12164993,b22f45aac25433305d2492a83863196da76114e39aff95606dfed092bd5a47fc,downloaded,
516,월간나라재정,39,47431,FSL1004,2019년 월간나라재정 5월호,2019-05-23,한국재정정보원,https://www.openfiscaldata.go.kr/op/ko/fd/UOPKOFDA02?pageIndex=1&pageSize=8&ofdBrdId=FSL1004&ofdBrdiSeq=47431&ofdBrdiDtsClsCd=516,원문,2019나라재정5월호,2019나라재정5월호.pdf,FI000000004743161550,1,원문 우선(목차 파일 제외),files/12_516_월간나라재정/2019-05-23_47431_2019년 월간나라재정 5월호.pdf,8684842,47a886cda0943cee74a7bd2c44f0b7b3048f6945d5d87f6f20bbbdb1ff118369,downloaded,
516,월간나라재정,39,47308,FSL1004,2019년 월간나라재정 4월호,2019-04-29,한국재정정보원,https://www.openfiscaldata.go.kr/op/ko/fd/UOPKOFDA02?pageIndex=1&pageSize=8&ofdBrdId=FSL1004&ofdBrdiSeq=47308&ofdBrdiDtsClsCd=516,원문,2019나라재정4월호,2019나라재정4월호.pdf,FI000000004730861356,1,원문 우선(목차 파일 제외),files/12_516_월간나라재정/2019-04-29_47308_2019년 월간나라재정 4월호.pdf,10017673,30ea2e33709d896de9d48107b525beb53e1a2df95c9cf0ac5a04b4c75fae293a,downloaded,
516,월간나라재정,39,47198,FSL1004,2019년 월간나라재정 3월호,2019-03-29,한국재정정보원,https://www.openfiscaldata.go.kr/op/ko/fd/UOPKOFDA02?pageIndex=1&pageSize=8&ofdBrdId=FSL1004&ofdBrdiSeq=47198&ofdBrdiDtsClsCd=516,원문,나라재정 3월호,나라재정 3월호.pdf,FI000000004719861217,1,원문 우선(목차 파일 제외),files/12_516_월간나라재정/2019-03-29_47198_2019년 월간나라재정 3월호.pdf,8616803,0c54fece8d39ea0b90b1009ca92fb41fb2dfc2e90a75786a7f0b329ec5e3e013,downloaded,
516,월간나라재정,39,47094,FSL1004,2019년 월간나라재정 2월호,2019-02-28,한국재정정보원,https://www.openfiscaldata.go.kr/op/ko/fd/UOPKOFDA02?pageIndex=1&pageSize=8&ofdBrdId=FSL1004&ofdBrdiSeq=47094&ofdBrdiDtsClsCd=516,원문,나라재정 2월호,나라재정 2월호.pdf,FI000000004709461089,15,원문 우선(목차 파일 제외),files/12_516_월간나라재정/2019-02-28_47094_2019년 월간나라재정 2월호.pdf,8579174,764e7feaf3c32f0c22d15e8caf82cba8ec276517d81508fd8e53525b65620534,downloaded,
516,월간나라재정,39,47025,FSL1004,2019년 월간나라재정 1월호,2019-01-30,한국재정정보원,https://www.openfiscaldata.go.kr/op/ko/fd/UOPKOFDA02?pageIndex=1&pageSize=8&ofdBrdId=FSL1004&ofdBrdiSeq=47025&ofdBrdiDtsClsCd=516,원문,나라재정 1월호,나라재정 1월호.pdf,FI000000004702560985,1,원문 우선(목차 파일 제외),files/12_516_월간나라재정/2019-01-30_47025_2019년 월간나라재정 1월호.pdf,12262405,fe3e487d6cf1255bf632bff22748d9504da77bfe800e25cb43c17a1f22cc1152,downloaded,
516,월간나라재정,39,46892,FSL1004,2018년 월간나라재정 12월호,2018-12-19,한국재정정보원,https://www.openfiscaldata.go.kr/op/ko/fd/UOPKOFDA02?pageIndex=1&pageSize=8&ofdBrdId=FSL1004&ofdBrdiSeq=46892&ofdBrdiDtsClsCd=516,원문,나라재정 12월호,나라재정 12월호.pdf,FI000000004689260809,2,원문 우선(목차 파일 제외),files/12_516_월간나라재정/2018-12-19_46892_2018년 월간나라재정 12월호.pdf,8838207,237233246390399b2c66025634bb0c27053431b0e472a3016ad09c0fb1197756,downloaded,
516,월간나라재정,39,46813,FSL1004,2018년 월간나라재정 11월호,2018-11-26,한국재정정보원,https://www.openfiscaldata.go.kr/op/ko/fd/UOPKOFDA02?pageIndex=1&pageSize=8&ofdBrdId=FSL1004&ofdBrdiSeq=46813&ofdBrdiDtsClsCd=516,원문,나라재정 11월호,나라재정 11월호.pdf,FI000000004681360719,2,원문 우선(목차 파일 제외),files/12_516_월간나라재정/2018-11-26_46813_2018년 월간나라재정 11월호.pdf,4628714,66d521970024cfd4098f979ac571b48b603a3e6fd97ec8c338b2855ef9e84ae2,downloaded,
516,월간나라재정,39,46695,FSL1004,2018년 월간나라재정 10월호,2018-10-23,한국재정정보원,https://www.openfiscaldata.go.kr/op/ko/fd/UOPKOFDA02?pageIndex=1&pageSize=8&ofdBrdId=FSL1004&ofdBrdiSeq=46695&ofdBrdiDtsClsCd=516,원문,월간나라재정10월호,월간나라재정10월호.pdf,FI000000004669560582,1,원문 우선(목차 파일 제외),files/12_516_월간나라재정/2018-10-23_46695_2018년 월간나라재정 10월호.pdf,28151918,922fe66365c858436990286f4d7bec914b1340db4bf79265d6e50336487be218,downloaded,
516,월간나라재정,39,46593,FSL1004,2018년 월간나라재정 9월호,2018-09-19,한국재정정보원,https://www.openfiscaldata.go.kr/op/ko/fd/UOPKOFDA02?pageIndex=1&pageSize=8&ofdBrdId=FSL1004&ofdBrdiSeq=46593&ofdBrdiDtsClsCd=516,원문,월간나라재정 9월호,월간나라재정 9월호.pdf,FI000000004659360454,1,원문 우선(목차 파일 제외),files/12_516_월간나라재정/2018-09-19_46593_2018년 월간나라재정 9월호.pdf,21404099,b029dd123bbfdf2ce266824fb2f717d54cf2cf55150b3ef99a644299b34b6696,downloaded,
516,월간나라재정,39,46469,FSL1004,2018년 월간나라재정 8월호,2018-08-23,한국재정정보원,https://www.openfiscaldata.go.kr/op/ko/fd/UOPKOFDA02?pageIndex=1&pageSize=8&ofdBrdId=FSL1004&ofdBrdiSeq=46469&ofdBrdiDtsClsCd=516,원문,월간나라재정 8월호,월간나라재정 8월호.pdf,FI000000004646960314,1,원문 우선(목차 파일 제외),files/12_516_월간나라재정/2018-08-23_46469_2018년 월간나라재정 8월호.pdf,22157683,326e634da78453193215b6ea83a682eeed04a4c3ac41dde4e19f8dab437b4b7c,downloaded,
516,월간나라재정,39,46378,FSL1004,2018년 월간나라재정 7월호,2018-07-23,한국재정정보원,https://www.openfiscaldata.go.kr/op/ko/fd/UOPKOFDA02?pageIndex=1&pageSize=8&ofdBrdId=FSL1004&ofdBrdiSeq=46378&ofdBrdiDtsClsCd=516,원문,월간나라재정 7월호,월간나라재정 7월호.pdf,FI000000004637860202,1,원문 우선(목차 파일 제외),files/12_516_월간나라재정/2018-07-23_46378_2018년 월간나라재정 7월호.pdf,34367460,923519910f73fcbb48e024cce674ba6d57c3548d222d59c14cf237a2c0ea8e60,downloaded,
516,월간나라재정,39,46261,FSL1004,2018년 월간나라재정 6월호,2018-06-25,한국재정정보원,https://www.openfiscaldata.go.kr/op/ko/fd/UOPKOFDA02?pageIndex=1&pageSize=8&ofdBrdId=FSL1004&ofdBrdiSeq=46261&ofdBrdiDtsClsCd=516,원문,월간나라재정 6월호,월간나라재정 6월호.pdf,FI000000004626160060,2,원문 우선(목차 파일 제외),files/12_516_월간나라재정/2018-06-25_46261_2018년 월간나라재정 6월호.pdf,21536476,39f84d48bee4927be5db9b0513f887e1b79d6cdc1e9c1e6d616eff743a8954b1,downloaded,
516,월간나라재정,39,46155,FSL1004,2018년 월간나라재정 5월호,2018-05-24,한국재정정보원,https://www.openfiscaldata.go.kr/op/ko/fd/UOPKOFDA02?pageIndex=1&pageSize=8&ofdBrdId=FSL1004&ofdBrdiSeq=46155&ofdBrdiDtsClsCd=516,원문,월간나라재정 5월호,월간나라재정 5월호.pdf,FI000000004615559829,1,원문 우선(목차 파일 제외),files/12_516_월간나라재정/2018-05-24_46155_2018년 월간나라재정 5월호.pdf,20857322,272de0c228fdbf4428709a055aaac2b583d958d36cf0c6af5b32af8adfa075d0,downloaded,
516,월간나라재정,39,46030,FSL1004,2018년 월간나라재정 4월호,2018-04-26,한국재정정보원,https://www.openfiscaldata.go.kr/op/ko/fd/UOPKOFDA02?pageIndex=1&pageSize=8&ofdBrdId=FSL1004&ofdBrdiSeq=46030&ofdBrdiDtsClsCd=516,원문,월간나라재정 4월호,월간나라재정 4월호.pdf,FI000000004603059697,1,원문 우선(목차 파일 제외),files/12_516_월간나라재정/2018-04-26_46030_2018년 월간나라재정 4월호.pdf,18413529,97f051e01e4535df29288fa017aedafdaf8822d870ad38a54630961b6af5f40d,downloaded,
516,월간나라재정,39,45825,FSL1004,2018년 월간나라재정 3월호,2018-03-23,한국재정정보원,https://www.openfiscaldata.go.kr/op/ko/fd/UOPKOFDA02?pageIndex=1&pageSize=8&ofdBrdId=FSL1004&ofdBrdiSeq=45825&ofdBrdiDtsClsCd=516,원문,월간나라재정 3월호,월간나라재정 3월호.pdf,FI000000004582559549,2,원문 우선(목차 파일 제외),files/12_516_월간나라재정/2018-03-23_45825_2018년 월간나라재정 3월호.pdf,18723945,98f6e7d9d1dacc0c898ce32e513eaf49ea77d2b010cc9c8290cb786b1e37f079,downloaded,
516,월간나라재정,39,45753,FSL1004,2018년 월간나라재정 2월호,2018-02-28,한국재정정보원,https://www.openfiscaldata.go.kr/op/ko/fd/UOPKOFDA02?pageIndex=1&pageSize=8&ofdBrdId=FSL1004&ofdBrdiSeq=45753&ofdBrdiDtsClsCd=516,원문,월간나라재정 2월호,월간나라재정 2월호.pdf,FI000000004575359457,2,원문 우선(목차 파일 제외),files/12_516_월간나라재정/2018-02-28_45753_2018년 월간나라재정 2월호.pdf,19546638,7710cb54884ec882f28191b3307f95714cdc99fb9a490413bc5e32d3d4301493,downloaded,
516,월간나라재정,39,45524,FSL1004,2018년 월간나라재정 1월호,2018-01-30,한국재정정보원,https://www.openfiscaldata.go.kr/op/ko/fd/UOPKOFDA02?pageIndex=1&pageSize=8&ofdBrdId=FSL1004&ofdBrdiSeq=45524&ofdBrdiDtsClsCd=516,원문,월간 나라재정 1월호,월간 나라재정 1월호.pdf,FI000000004552459313,1,원문 우선(목차 파일 제외),files/12_516_월간나라재정/2018-01-30_45524_2018년 월간나라재정 1월호.pdf,5030634,c0f689238431545abe23269efd22e42af349631aceaa0f9b1f1680d20b58990b,downloaded,
516,월간나라재정,39,45413,FSL1004,2017년 월간나라재정 12월호,2017-12-21,한국재정정보원,https://www.openfiscaldata.go.kr/op/ko/fd/UOPKOFDA02?pageIndex=1&pageSize=8&ofdBrdId=FSL1004&ofdBrdiSeq=45413&ofdBrdiDtsClsCd=516,원문,월간 나라재정 12월호,월간 나라재정 12월호.pdf,FI000000004541359088,10,원문 우선(목차 파일 제외),files/12_516_월간나라재정/2017-12-21_45413_2017년 월간나라재정 12월호.pdf,3759565,941f7d0298856aea0243fa1ad75ea385ec1ecbb30b36582a748e439bef01730f,downloaded,
516,월간나라재정,39,44794,FSL1004,2017년도 월간나라재정,2017-08-28,한국재정정보원,https://www.openfiscaldata.go.kr/op/ko/fd/UOPKOFDA02?pageIndex=1&pageSize=8&ofdBrdId=FSL1004&ofdBrdiSeq=44794&ofdBrdiDtsClsCd=516,목차,월간나라재정(17년1월),월간 나라재정 2017년 1월호.pdf,FI000000004479458376,1,원문 없음: 표지를 제외한 제공 파일 다운로드,files/12_516_월간나라재정/2017-08-28_44794_2017년도 월간나라재정/01_목차_월간나라재정(17년1월).pdf,5887188,1f5677d79bee26bbc01a7809dae1da42a89201ac0c7ebef88523e65e91d4349f,downloaded,
516,월간나라재정,39,44794,FSL1004,2017년도 월간나라재정,2017-08-28,한국재정정보원,https://www.openfiscaldata.go.kr/op/ko/fd/UOPKOFDA02?pageIndex=1&pageSize=8&ofdBrdId=FSL1004&ofdBrdiSeq=44794&ofdBrdiDtsClsCd=516,목차,월간나라재정(17년2월),월간 나라재정 2017년 2월호.pdf,FI000000004479458376,2,원문 없음: 표지를 제외한 제공 파일 다운로드,files/12_516_월간나라재정/2017-08-28_44794_2017년도 월간나라재정/02_목차_월간나라재정(17년2월).pdf,8232522,c4b9daaa1f00baa7b648fb1e716c1f16b7869b0d279a6d739e72f2973411f402,downloaded,
516,월간나라재정,39,44794,FSL1004,2017년도 월간나라재정,2017-08-28,한국재정정보원,https://www.openfiscaldata.go.kr/op/ko/fd/UOPKOFDA02?pageIndex=1&pageSize=8&ofdBrdId=FSL1004&ofdBrdiSeq=44794&ofdBrdiDtsClsCd=516,목차,월간나라재정(17년3월),월간 나라재정 2017년 3월호.pdf,FI000000004479458376,3,원문 없음: 표지를 제외한 제공 파일 다운로드,files/12_516_월간나라재정/2017-08-28_44794_2017년도 월간나라재정/03_목차_월간나라재정(17년3월).pdf,11011398,fed7e91b0c009527e86c825579d54042d71f0bf60f756891e5e1c72001872ed4,downloaded,
516,월간나라재정,39,44794,FSL1004,2017년도 월간나라재정,2017-08-28,한국재정정보원,https://www.openfiscaldata.go.kr/op/ko/fd/UOPKOFDA02?pageIndex=1&pageSize=8&ofdBrdId=FSL1004&ofdBrdiSeq=44794&ofdBrdiDtsClsCd=516,목차,월간나라재정(17년4월),월간 나라재정 2017년 4월호.pdf,FI000000004479458376,4,원문 없음: 표지를 제외한 제공 파일 다운로드,files/12_516_월간나라재정/2017-08-28_44794_2017년도 월간나라재정/04_목차_월간나라재정(17년4월).pdf,3176739,4dc84d0f7e396e67544218508a0900799c034d0b27dd1e9eec2789117d2d2023,downloaded,
516,월간나라재정,39,44794,FSL1004,2017년도 월간나라재정,2017-08-28,한국재정정보원,https://www.openfiscaldata.go.kr/op/ko/fd/UOPKOFDA02?pageIndex=1&pageSize=8&ofdBrdId=FSL1004&ofdBrdiSeq=44794&ofdBrdiDtsClsCd=516,목차,월간나라재정(17년5월),월간 나라재정 2017년 5월호.pdf,FI000000004479458376,5,원문 없음: 표지를 제외한 제공 파일 다운로드,files/12_516_월간나라재정/2017-08-28_44794_2017년도 월간나라재정/05_목차_월간나라재정(17년5월).pdf,3511024,7334c1b1f9e391115b750a34d7272d4242ab138b26fd7ab29e4e59fb150daf6c,downloaded,
516,월간나라재정,39,44794,FSL1004,2017년도 월간나라재정,2017-08-28,한국재정정보원,https://www.openfiscaldata.go.kr/op/ko/fd/UOPKOFDA02?pageIndex=1&pageSize=8&ofdBrdId=FSL1004&ofdBrdiSeq=44794&ofdBrdiDtsClsCd=516,목차,월간나라재정(17년6월),월간 나라재정 2017년 6월호.pdf,FI000000004479458376,6,원문 없음: 표지를 제외한 제공 파일 다운로드,files/12_516_월간나라재정/2017-08-28_44794_2017년도 월간나라재정/06_목차_월간나라재정(17년6월).pdf,3638885,384222a24761e853d99918383389a4d674eed761ac9eccac3b13e23b7cb79ea1,downloaded,
516,월간나라재정,39,44794,FSL1004,2017년도 월간나라재정,2017-08-28,한국재정정보원,https://www.openfiscaldata.go.kr/op/ko/fd/UOPKOFDA02?pageIndex=1&pageSize=8&ofdBrdId=FSL1004&ofdBrdiSeq=44794&ofdBrdiDtsClsCd=516,목차,월간나라재정(17년7월),월간 나라재정 2017년 7월호.pdf,FI000000004479458376,7,원문 없음: 표지를 제외한 제공 파일 다운로드,files/12_516_월간나라재정/2017-08-28_44794_2017년도 월간나라재정/07_목차_월간나라재정(17년7월).pdf,4155651,1f6ebbf1cef847d6beb2cba6f4506b65c60fbc03cedd3ccea769acee74806aef,downloaded,
516,월간나라재정,39,44794,FSL1004,2017년도 월간나라재정,2017-08-28,한국재정정보원,https://www.openfiscaldata.go.kr/op/ko/fd/UOPKOFDA02?pageIndex=1&pageSize=8&ofdBrdId=FSL1004&ofdBrdiSeq=44794&ofdBrdiDtsClsCd=516,목차,월간나라재정(17년8월),월간 나라재정 2017년 8월호.pdf,FI000000004479458376,8,원문 없음: 표지를 제외한 제공 파일 다운로드,files/12_516_월간나라재정/2017-08-28_44794_2017년도 월간나라재정/08_목차_월간나라재정(17년8월).pdf,3973641,ce046753383aab62623383e88f1401e33f33142f373da02a28b7c214d5805ebc,downloaded,
516,월간나라재정,39,44794,FSL1004,2017년도 월간나라재정,2017-08-28,한국재정정보원,https://www.openfiscaldata.go.kr/op/ko/fd/UOPKOFDA02?pageIndex=1&pageSize=8&ofdBrdId=FSL1004&ofdBrdiSeq=44794&ofdBrdiDtsClsCd=516,목차,월간나라재정(17년9월),월간 나라재정 2017년 9월호.pdf,FI000000004479458376,9,원문 없음: 표지를 제외한 제공 파일 다운로드,files/12_516_월간나라재정/2017-08-28_44794_2017년도 월간나라재정/09_목차_월간나라재정(17년9월).pdf,4277375,e4beefcc16d3ec88fcf8b4738de7ff9c80cb9047c98eb4b074782d18d3f6302d,downloaded,
516,월간나라재정,39,44794,FSL1004,2017년도 월간나라재정,2017-08-28,한국재정정보원,https://www.openfiscaldata.go.kr/op/ko/fd/UOPKOFDA02?pageIndex=1&pageSize=8&ofdBrdId=FSL1004&ofdBrdiSeq=44794&ofdBrdiDtsClsCd=516,목차,월간나라재정(17년10월),월간 나라재정 2017년 10월호.pdf,FI000000004479458376,10,원문 없음: 표지를 제외한 제공 파일 다운로드,files/12_516_월간나라재정/2017-08-28_44794_2017년도 월간나라재정/10_목차_월간나라재정(17년10월).pdf,8396892,523b1ef9f4957200202babd6a86809c3f0c592c98763364a781442134a28e55e,downloaded,
516,월간나라재정,39,44794,FSL1004,2017년도 월간나라재정,2017-08-28,한국재정정보원,https://www.openfiscaldata.go.kr/op/ko/fd/UOPKOFDA02?pageIndex=1&pageSize=8&ofdBrdId=FSL1004&ofdBrdiSeq=44794&ofdBrdiDtsClsCd=516,목차,월간나라재정(17년11월),월간 나라재정 2017년 11월호.pdf,FI000000004479458376,11,원문 없음: 표지를 제외한 제공 파일 다운로드,files/12_516_월간나라재정/2017-08-28_44794_2017년도 월간나라재정/11_목차_월간나라재정(17년11월).pdf,3410199,eaa0e575ee3863a7bfc22c6fb4df329b4d9766c624cd0dea0f0acc79254b17e1,downloaded,
516,월간나라재정,39,44794,FSL1004,2017년도 월간나라재정,2017-08-28,한국재정정보원,https://www.openfiscaldata.go.kr/op/ko/fd/UOPKOFDA02?pageIndex=1&pageSize=8&ofdBrdId=FSL1004&ofdBrdiSeq=44794&ofdBrdiDtsClsCd=516,목차,월간나라재정(17년12월),월간 나라재정 2017년 12월호.pdf,FI000000004479458376,12,원문 없음: 표지를 제외한 제공 파일 다운로드,files/12_516_월간나라재정/2017-08-28_44794_2017년도 월간나라재정/12_목차_월간나라재정(17년12월).pdf,3759565,941f7d0298856aea0243fa1ad75ea385ec1ecbb30b36582a748e439bef01730f,downloaded,
517,예산안분석,40,51737,FSL1004,2026 예산안분석,2025-10-31,국회예산정책처,https://www.openfiscaldata.go.kr/op/ko/fd/UOPKOFDA02?pageIndex=1&pageSize=8&ofdBrdId=FSL1004&ofdBrdiSeq=51737&ofdBrdiDtsClsCd=517,목차,2026년도 예산안 재정총량 분석,2026년도 예산안 재정총량 분석.pdf,F0000000000000004748,2,원문 없음: 표지를 제외한 제공 파일 다운로드,files/13_517_예산안분석/2025-10-31_51737_2026 예산안분석/01_목차_2026년도 예산안 재정총량 분석.pdf,3457898,bc7ab5870c5bb43529aa0f9ef5c9126192ac8d612ab80740672ab05ea532e727,downloaded,
517,예산안분석,40,51737,FSL1004,2026 예산안분석,2025-10-31,국회예산정책처,https://www.openfiscaldata.go.kr/op/ko/fd/UOPKOFDA02?pageIndex=1&pageSize=8&ofdBrdId=FSL1004&ofdBrdiSeq=51737&ofdBrdiDtsClsCd=517,목차,2026년도 예산안 분야별 재원 배분 분석,2026년도 예산안 분야별 재원 배분 분석.pdf,F0000000000000004748,1,원문 없음: 표지를 제외한 제공 파일 다운로드,files/13_517_예산안분석/2025-10-31_51737_2026 예산안분석/02_목차_2026년도 예산안 분야별 재원 배분 분석.pdf,5975312,cb1afe27661507b78cebf60ebee531f03e1d9b780a6837ff5b35b94c10d51a9c,downloaded,
517,예산안분석,40,51737,FSL1004,2026 예산안분석,2025-10-31,국회예산정책처,https://www.openfiscaldata.go.kr/op/ko/fd/UOPKOFDA02?pageIndex=1&pageSize=8&ofdBrdId=FSL1004&ofdBrdiSeq=51737&ofdBrdiDtsClsCd=517,목차,2026년도 예산안 총괄분석 I,2026년도 예산안 총괄분석 I.pdf,F0000000000000004748,3,원문 없음: 표지를 제외한 제공 파일 다운로드,files/13_517_예산안분석/2025-10-31_51737_2026 예산안분석/03_목차_2026년도 예산안 총괄분석 I.pdf,5984938,1448ecd268bc18f276797b35d7a3ffbc04cc6831f5acedfcf25be2eef5c08aa9,downloaded,
517,예산안분석,40,51737,FSL1004,2026 예산안분석,2025-10-31,국회예산정책처,https://www.openfiscaldata.go.kr/op/ko/fd/UOPKOFDA02?pageIndex=1&pageSize=8&ofdBrdId=FSL1004&ofdBrdiSeq=51737&ofdBrdiDtsClsCd=517,목차,2026년도 예산안 총괄 분석 II,2026년도 예산안 총괄 분석 II.pdf,F0000000000000004748,4,원문 없음: 표지를 제외한 제공 파일 다운로드,files/13_517_예산안분석/2025-10-31_51737_2026 예산안분석/04_목차_2026년도 예산안 총괄 분석 II.pdf,5584461,ebcaa409299541a5dbfcf8e8567dd4658a7edb9dacfcfda41592ef02b5c43c28,downloaded,
517,예산안분석,40,51737,FSL1004,2026 예산안분석,2025-10-31,국회예산정책처,https://www.openfiscaldata.go.kr/op/ko/fd/UOPKOFDA02?pageIndex=1&pageSize=8&ofdBrdId=FSL1004&ofdBrdiSeq=51737&ofdBrdiDtsClsCd=517,목차,2026년도 예산안 총괄 분석 Ⅲ,2026년도 예산안 총괄 분석 Ⅲ.pdf,F0000000000000004748,5,원문 없음: 표지를 제외한 제공 파일 다운로드,files/13_517_예산안분석/2025-10-31_51737_2026 예산안분석/05_목차_2026년도 예산안 총괄 분석 Ⅲ.pdf,6101376,faca7f70fa7d0a4d45c7e62e50ed5641407428059c57ed319790d7b6dbf86916,downloaded,
517,예산안분석,40,51737,FSL1004,2026 예산안분석,2025-10-31,국회예산정책처,https://www.openfiscaldata.go.kr/op/ko/fd/UOPKOFDA02?pageIndex=1&pageSize=8&ofdBrdId=FSL1004&ofdBrdiSeq=51737&ofdBrdiDtsClsCd=517,목차,2026년도 예산안 총괄 분석 Ⅳ,2026년도 예산안 총괄 분석 Ⅳ.pdf,F0000000000000004748,6,원문 없음: 표지를 제외한 제공 파일 다운로드,files/13_517_예산안분석/2025-10-31_51737_2026 예산안분석/06_목차_2026년도 예산안 총괄 분석 Ⅳ.pdf,5630781,cdfbc31f4b51a7ba755de1ce2dcbd0cc50841a1edca04d3dac31470fd8974b0d,downloaded,
517,예산안분석,40,51737,FSL1004,2026 예산안분석,2025-10-31,국회예산정책처,https://www.openfiscaldata.go.kr/op/ko/fd/UOPKOFDA02?pageIndex=1&pageSize=8&ofdBrdId=FSL1004&ofdBrdiSeq=51737&ofdBrdiDtsClsCd=517,목차,2026년도 예산안 위원회별 분석[국회운영위원회·법제사법위원회],2026년도 예산안 위원회별 분석[국회운영위원회·법제사법위원회].pdf,F0000000000000004748,7,원문 없음: 표지를 제외한 제공 파일 다운로드,files/13_517_예산안분석/2025-10-31_51737_2026 예산안분석/07_목차_2026년도 예산안 위원회별 분석[국회운영위원회·법제사법위원회].pdf,4479243,f472ff4befd4c22a2bfa4796077937e3b9a3160a9d4e2aa9fe2dd822f1d1553a,downloaded,
517,예산안분석,40,51737,FSL1004,2026 예산안분석,2025-10-31,국회예산정책처,https://www.openfiscaldata.go.kr/op/ko/fd/UOPKOFDA02?pageIndex=1&pageSize=8&ofdBrdId=FSL1004&ofdBrdiSeq=51737&ofdBrdiDtsClsCd=517,목차,2026년도 예산안 위원회별 분석[보건복지위원회·성평등가족위원회],2026년도 예산안 위원회별 분석[보건복지위원회·성평등가족위원회].pdf,F0000000000000004748,8,원문 없음: 표지를 제외한 제공 파일 다운로드,files/13_517_예산안분석/2025-10-31_51737_2026 예산안분석/08_목차_2026년도 예산안 위원회별 분석[보건복지위원회·성평등가족위원회].pdf,5081597,361cefd75392a29eddb766ddf9e823bc6154ab8b5348487da0c0b2581c467620,downloaded,
517,예산안분석,40,51737,FSL1004,2026 예산안분석,2025-10-31,국회예산정책처,https://www.openfiscaldata.go.kr/op/ko/fd/UOPKOFDA02?pageIndex=1&pageSize=8&ofdBrdId=FSL1004&ofdBrdiSeq=51737&ofdBrdiDtsClsCd=517,목차,2026년도 예산안 위원회별 분석[산업통상자원중소벤처기업위원회],2026년도 예산안 위원회별 분석[산업통상자원중소벤처기업위원회].pdf,F0000000000000004748,9,원문 없음: 표지를 제외한 제공 파일 다운로드,files/13_517_예산안분석/2025-10-31_51737_2026 예산안분석/09_목차_2026년도 예산안 위원회별 분석[산업통상자원중소벤처기업위원회].pdf,5171957,71d422aaa9bf50f0d1bf01a99b84d4f7effaf08f0a9bca0c676c1844f3ea8c4c,downloaded,
517,예산안분석,40,51737,FSL1004,2026 예산안분석,2025-10-31,국회예산정책처,https://www.openfiscaldata.go.kr/op/ko/fd/UOPKOFDA02?pageIndex=1&pageSize=8&ofdBrdId=FSL1004&ofdBrdiSeq=51737&ofdBrdiDtsClsCd=517,목차,2026년도 예산안 위원회별 분석[농림축산식품해양수산위원회],2026년도 예산안 위원회별 분석[농림축산식품해양수산위원회].pdf,F0000000000000004748,10,원문 없음: 표지를 제외한 제공 파일 다운로드,files/13_517_예산안분석/2025-10-31_51737_2026 예산안분석/10_목차_2026년도 예산안 위원회별 분석[농림축산식품해양수산위원회].pdf,7607496,10dd494f750455f22e018c1b05b85658930356edc6a03306cf3526af51c7c9e3,downloaded,
517,예산안분석,40,51737,FSL1004,2026 예산안분석,2025-10-31,국회예산정책처,https://www.openfiscaldata.go.kr/op/ko/fd/UOPKOFDA02?pageIndex=1&pageSize=8&ofdBrdId=FSL1004&ofdBrdiSeq=51737&ofdBrdiDtsClsCd=517,목차,2026년도 예산안 위원회별 분석[행정안전위원회],2026년도 예산안 위원회별 분석[행정안전위원회].pdf,F0000000000000004748,11,원문 없음: 표지를 제외한 제공 파일 다운로드,files/13_517_예산안분석/2025-10-31_51737_2026 예산안분석/11_목차_2026년도 예산안 위원회별 분석[행정안전위원회].pdf,4473016,83efbaf5c3a676f325f5e83ca9541512277b6660e4f05a7162873c92ea1d7285,downloaded,
517,예산안분석,40,51737,FSL1004,2026 예산안분석,2025-10-31,국회예산정책처,https://www.openfiscaldata.go.kr/op/ko/fd/UOPKOFDA02?pageIndex=1&pageSize=8&ofdBrdId=FSL1004&ofdBrdiSeq=51737&ofdBrdiDtsClsCd=517,목차,2026년도 예산안 위원회별 분석[외교통일위원회·국방위원회],2026년도 예산안 위원회별 분석[외교통일위원회·국방위원회].pdf,F0000000000000004748,12,원문 없음: 표지를 제외한 제공 파일 다운로드,files/13_517_예산안분석/2025-10-31_51737_2026 예산안분석/12_목차_2026년도 예산안 위원회별 분석[외교통일위원회·국방위원회].pdf,4670404,ae938ededc3ecfd53ef25a67acc42d049f08d41992537dbba6ffad37248e7c7c,downloaded,
517,예산안분석,40,51737,FSL1004,2026 예산안분석,2025-10-31,국회예산정책처,https://www.openfiscaldata.go.kr/op/ko/fd/UOPKOFDA02?pageIndex=1&pageSize=8&ofdBrdId=FSL1004&ofdBrdiSeq=51737&ofdBrdiDtsClsCd=517,목차,2026년도 예산안 위원회별 분석[과학기술정보방송통신위원회],2026년도 예산안 위원회별 분석[과학기술정보방송통신위원회].pdf,F0000000000000004748,13,원문 없음: 표지를 제외한 제공 파일 다운로드,files/13_517_예산안분석/2025-10-31_51737_2026 예산안분석/13_목차_2026년도 예산안 위원회별 분석[과학기술정보방송통신위원회].pdf,5575748,8ebe09eed0c8117d98a6bc82af59024821d2ba6ae85c357d49c3d7b8d8012bc3,downloaded,
517,예산안분석,40,51737,FSL1004,2026 예산안분석,2025-10-31,국회예산정책처,https://www.openfiscaldata.go.kr/op/ko/fd/UOPKOFDA02?pageIndex=1&pageSize=8&ofdBrdId=FSL1004&ofdBrdiSeq=51737&ofdBrdiDtsClsCd=517,목차,2026년도 예산안 위원회별 분석[교육위원회·문화체육관광위원회],2026년도 예산안 위원회별 분석[교육위원회·문화체육관광위원회].pdf,F0000000000000004748,14,원문 없음: 표지를 제외한 제공 파일 다운로드,files/13_517_예산안분석/2025-10-31_51737_2026 예산안분석/14_목차_2026년도 예산안 위원회별 분석[교육위원회·문화체육관광위원회].pdf,4659577,65bb819e1aaf1b5dcaecb599f6cc70df3c1d92cb54813f5eab93eff098330ec5,downloaded,
517,예산안분석,40,51737,FSL1004,2026 예산안분석,2025-10-31,국회예산정책처,https://www.openfiscaldata.go.kr/op/ko/fd/UOPKOFDA02?pageIndex=1&pageSize=8&ofdBrdId=FSL1004&ofdBrdiSeq=51737&ofdBrdiDtsClsCd=517,목차,2026년도 예산안 위원회별 분석[기획재정위원회],2026년도 예산안 위원회별 분석[기획재정위원회].pdf,F0000000000000004748,15,원문 없음: 표지를 제외한 제공 파일 다운로드,files/13_517_예산안분석/2025-10-31_51737_2026 예산안분석/15_목차_2026년도 예산안 위원회별 분석[기획재정위원회].pdf,5214360,642d4492fd12154958c96c7286b6df5a1bbde695e0c959b7111755dc1ab1e1c4,downloaded,
517,예산안분석,40,51737,FSL1004,2026 예산안분석,2025-10-31,국회예산정책처,https://www.openfiscaldata.go.kr/op/ko/fd/UOPKOFDA02?pageIndex=1&pageSize=8&ofdBrdId=FSL1004&ofdBrdiSeq=51737&ofdBrdiDtsClsCd=517,목차,2026년도 예산안 위원회별 분석[정무위원회],2026년도 예산안 위원회별 분석[정무위원회].pdf,F0000000000000004748,16,원문 없음: 표지를 제외한 제공 파일 다운로드,files/13_517_예산안분석/2025-10-31_51737_2026 예산안분석/16_목차_2026년도 예산안 위원회별 분석[정무위원회].pdf,2345647,ce7b601d14e9a3af1006dfb424130ef2bed25faf72565931600e0ce32921f25e,downloaded,
517,예산안분석,40,51737,FSL1004,2026 예산안분석,2025-10-31,국회예산정책처,https://www.openfiscaldata.go.kr/op/ko/fd/UOPKOFDA02?pageIndex=1&pageSize=8&ofdBrdId=FSL1004&ofdBrdiSeq=51737&ofdBrdiDtsClsCd=517,목차,2026년도 예산안 위원회별 분석[국토교통위원회],2026년도 예산안 위원회별 분석[국토교통위원회].pdf,F0000000000000004748,17,원문 없음: 표지를 제외한 제공 파일 다운로드,files/13_517_예산안분석/2025-10-31_51737_2026 예산안분석/17_목차_2026년도 예산안 위원회별 분석[국토교통위원회].pdf,10477300,dad695205b0aa1005f3a4e950ee5c60b7f7a56f335f7632f93d53dd180f4e039,downloaded,
517,예산안분석,40,51737,FSL1004,2026 예산안분석,2025-10-31,국회예산정책처,https://www.openfiscaldata.go.kr/op/ko/fd/UOPKOFDA02?pageIndex=1&pageSize=8&ofdBrdId=FSL1004&ofdBrdiSeq=51737&ofdBrdiDtsClsCd=517,목차,2026년도 예산안 위원회별 분석[기후에너지환경노동위원회],2026년도 예산안 위원회별 분석[기후에너지환경노동위원회].pdf,F0000000000000004748,18,원문 없음: 표지를 제외한 제공 파일 다운로드,files/13_517_예산안분석/2025-10-31_51737_2026 예산안분석/18_목차_2026년도 예산안 위원회별 분석[기후에너지환경노동위원회].pdf,7911255,d24d886b2de32fdd3fd756c1cb33c1f6862c66db77ac3e5d14a304277fe656f3,downloaded,
517,예산안분석,40,51737,FSL1004,2026 예산안분석,2025-10-31,국회예산정책처,https://www.openfiscaldata.go.kr/op/ko/fd/UOPKOFDA02?pageIndex=1&pageSize=8&ofdBrdId=FSL1004&ofdBrdiSeq=51737&ofdBrdiDtsClsCd=517,목차,2026년도 성인지 예산서 분석,2026년도 성인지 예산서 분석.pdf,F0000000000000004748,19,원문 없음: 표지를 제외한 제공 파일 다운로드,files/13_517_예산안분석/2025-10-31_51737_2026 예산안분석/19_목차_2026년도 성인지 예산서 분석.pdf,2710331,f50695f7f3cffc5e628daa6ef297949b6a1a16b298f9d70f20a69b4bb3a41f45,downloaded,
517,예산안분석,40,51737,FSL1004,2026 예산안분석,2025-10-31,국회예산정책처,https://www.openfiscaldata.go.kr/op/ko/fd/UOPKOFDA02?pageIndex=1&pageSize=8&ofdBrdId=FSL1004&ofdBrdiSeq=51737&ofdBrdiDtsClsCd=517,목차,2026년도 온실가스감축인지 예산서 분석,2026년도 온실가스감축인지 예산서 분석.pdf,F0000000000000004748,20,원문 없음: 표지를 제외한 제공 파일 다운로드,files/13_517_예산안분석/2025-10-31_51737_2026 예산안분석/20_목차_2026년도 온실가스감축인지 예산서 분석.pdf,3229721,f14cc4ca5e2144b9fd7c3ad45e05b654135b2a5227e9cf3241c1477d15aabc32,downloaded,
517,예산안분석,40,51696,FSL1004,2025 예산안분석,2024-10-28,국회예산정책처,https://www.openfiscaldata.go.kr/op/ko/fd/UOPKOFDA02?pageIndex=1&pageSize=8&ofdBrdId=FSL1004&ofdBrdiSeq=51696&ofdBrdiDtsClsCd=517,목차,2025년도_예산안_재정총량_분석_,2025년도_예산안_재정총량_분석_.pdf,F0000000000000004549,1,원문 없음: 표지를 제외한 제공 파일 다운로드,files/13_517_예산안분석/2024-10-28_51696_2025 예산안분석/01_목차_2025년도_예산안_재정총량_분석.pdf,5083536,7f745b172f4aeedac462ded3c89c4f5f9eb76869ea2631a94feccf44772df361,downloaded,
517,예산안분석,40,51696,FSL1004,2025 예산안분석,2024-10-28,국회예산정책처,https://www.openfiscaldata.go.kr/op/ko/fd/UOPKOFDA02?pageIndex=1&pageSize=8&ofdBrdId=FSL1004&ofdBrdiSeq=51696&ofdBrdiDtsClsCd=517,목차,2025년도_예산안_12대_분야별_재원_배분_분석,2025년도_예산안_12대_분야별_재원_배분_분석.pdf,F0000000000000004549,2,원문 없음: 표지를 제외한 제공 파일 다운로드,files/13_517_예산안분석/2024-10-28_51696_2025 예산안분석/02_목차_2025년도_예산안_12대_분야별_재원_배분_분석.pdf,7972321,746bf30531d22898e286eafda1f0338f23898792758b89aa58cedfafaf7e5574,downloaded,
517,예산안분석,40,51696,FSL1004,2025 예산안분석,2024-10-28,국회예산정책처,https://www.openfiscaldata.go.kr/op/ko/fd/UOPKOFDA02?pageIndex=1&pageSize=8&ofdBrdId=FSL1004&ofdBrdiSeq=51696&ofdBrdiDtsClsCd=517,목차,2025년도_예산안_총괄_분석Ⅰ,2025년도_예산안_총괄_분석Ⅰ.pdf,F0000000000000004549,3,원문 없음: 표지를 제외한 제공 파일 다운로드,files/13_517_예산안분석/2024-10-28_51696_2025 예산안분석/03_목차_2025년도_예산안_총괄_분석Ⅰ.pdf,7732727,7e7466fd0ff638c3e60b96d867570479e3f3e96c447e38e8af51bbb61fd46505,downloaded,
517,예산안분석,40,51696,FSL1004,2025 예산안분석,2024-10-28,국회예산정책처,https://www.openfiscaldata.go.kr/op/ko/fd/UOPKOFDA02?pageIndex=1&pageSize=8&ofdBrdId=FSL1004&ofdBrdiSeq=51696&ofdBrdiDtsClsCd=517,목차,2025년도_예산안_총괄_분석Ⅱ,2025년도_예산안_총괄_분석Ⅱ.pdf,F0000000000000004549,4,원문 없음: 표지를 제외한 제공 파일 다운로드,files/13_517_예산안분석/2024-10-28_51696_2025 예산안분석/04_목차_2025년도_예산안_총괄_분석Ⅱ.pdf,7408215,f131bad54ca287618a312c2733611433adad3bac41effb1e2cb963eceb5697e1,downloaded,
517,예산안분석,40,51696,FSL1004,2025 예산안분석,2024-10-28,국회예산정책처,https://www.openfiscaldata.go.kr/op/ko/fd/UOPKOFDA02?pageIndex=1&pageSize=8&ofdBrdId=FSL1004&ofdBrdiSeq=51696&ofdBrdiDtsClsCd=517,목차,2025년도_예산안_총괄_분석Ⅲ,2025년도_예산안_총괄_분석Ⅲ.pdf,F0000000000000004549,5,원문 없음: 표지를 제외한 제공 파일 다운로드,files/13_517_예산안분석/2024-10-28_51696_2025 예산안분석/05_목차_2025년도_예산안_총괄_분석Ⅲ.pdf,10023112,eb71578684aab7008b7eba2433cf05fd57400aa2a77514511983088e46fb0a42,downloaded,
517,예산안분석,40,51696,FSL1004,2025 예산안분석,2024-10-28,국회예산정책처,https://www.openfiscaldata.go.kr/op/ko/fd/UOPKOFDA02?pageIndex=1&pageSize=8&ofdBrdId=FSL1004&ofdBrdiSeq=51696&ofdBrdiDtsClsCd=517,목차,2025년도_예산안_위원회별_분석[국회운영위원회·법제사법위원회],2025년도_예산안_위원회별_분석[국회운영위원회·법제사법위원회].pdf,F0000000000000004549,6,원문 없음: 표지를 제외한 제공 파일 다운로드,files/13_517_예산안분석/2024-10-28_51696_2025 예산안분석/06_목차_2025년도_예산안_위원회별_분석[국회운영위원회·법제사법위원회].pdf,5094740,026427a79b9c3dcbf959bb477a2f27aaa437bc52d9dbad4a15d5ddcc9f285061,downloaded,
517,예산안분석,40,51696,FSL1004,2025 예산안분석,2024-10-28,국회예산정책처,https://www.openfiscaldata.go.kr/op/ko/fd/UOPKOFDA02?pageIndex=1&pageSize=8&ofdBrdId=FSL1004&ofdBrdiSeq=51696&ofdBrdiDtsClsCd=517,목차,2025년도_예산안_위원회별_분석[정무위원회],2025년도_예산안_위원회별_분석[정무위원회].pdf,F0000000000000004549,7,원문 없음: 표지를 제외한 제공 파일 다운로드,files/13_517_예산안분석/2024-10-28_51696_2025 예산안분석/07_목차_2025년도_예산안_위원회별_분석[정무위원회].pdf,3443752,fa1fc72cf7975625dbfa81c4ae3d10dee67e2f3cc9a8d904ffdb5f3bba9c297c,downloaded,
517,예산안분석,40,51696,FSL1004,2025 예산안분석,2024-10-28,국회예산정책처,https://www.openfiscaldata.go.kr/op/ko/fd/UOPKOFDA02?pageIndex=1&pageSize=8&ofdBrdId=FSL1004&ofdBrdiSeq=51696&ofdBrdiDtsClsCd=517,목차,2025년도_예산안_위원회별_분석[기획재정위원회],2025년도_예산안_위원회별_분석[기획재정위원회].pdf,F0000000000000004549,8,원문 없음: 표지를 제외한 제공 파일 다운로드,files/13_517_예산안분석/2024-10-28_51696_2025 예산안분석/08_목차_2025년도_예산안_위원회별_분석[기획재정위원회].pdf,8238896,c965de22a6b49ab42fb04b52f568a43baf666a8a3fde4ddd38442ce366399a8f,downloaded,
517,예산안분석,40,51696,FSL1004,2025 예산안분석,2024-10-28,국회예산정책처,https://www.openfiscaldata.go.kr/op/ko/fd/UOPKOFDA02?pageIndex=1&pageSize=8&ofdBrdId=FSL1004&ofdBrdiSeq=51696&ofdBrdiDtsClsCd=517,목차,2025년도_예산안_위원회별_분석[교육위원회·문화체육관광위원회],2025년도_예산안_위원회별_분석[교육위원회·문화체육관광위원회].pdf,F0000000000000004549,9,원문 없음: 표지를 제외한 제공 파일 다운로드,files/13_517_예산안분석/2024-10-28_51696_2025 예산안분석/09_목차_2025년도_예산안_위원회별_분석[교육위원회·문화체육관광위원회].pdf,5233470,7bcf0d3ca78f7051e8e1d94729cd122334776b7bcc6dd83860fbe925caca45d0,downloaded,
517,예산안분석,40,51696,FSL1004,2025 예산안분석,2024-10-28,국회예산정책처,https://www.openfiscaldata.go.kr/op/ko/fd/UOPKOFDA02?pageIndex=1&pageSize=8&ofdBrdId=FSL1004&ofdBrdiSeq=51696&ofdBrdiDtsClsCd=517,목차,2025년도_예산안_위원회별_분석[과학기술정보방송통신위원회],2025년도_예산안_위원회별_분석[과학기술정보방송통신위원회].pdf,F0000000000000004549,10,원문 없음: 표지를 제외한 제공 파일 다운로드,files/13_517_예산안분석/2024-10-28_51696_2025 예산안분석/10_목차_2025년도_예산안_위원회별_분석[과학기술정보방송통신위원회].pdf,5378209,8f4ff1e6c2e186d973c3c7179640619ee710b8070e30e95bd256b12ee13a9477,downloaded,
517,예산안분석,40,51696,FSL1004,2025 예산안분석,2024-10-28,국회예산정책처,https://www.openfiscaldata.go.kr/op/ko/fd/UOPKOFDA02?pageIndex=1&pageSize=8&ofdBrdId=FSL1004&ofdBrdiSeq=51696&ofdBrdiDtsClsCd=517,목차,2025년도_예산안_위원회별_분석[외교통일위원회·국방위원회],2025년도_예산안_위원회별_분석[외교통일위원회·국방위원회].pdf,F0000000000000004549,11,원문 없음: 표지를 제외한 제공 파일 다운로드,files/13_517_예산안분석/2024-10-28_51696_2025 예산안분석/11_목차_2025년도_예산안_위원회별_분석[외교통일위원회·국방위원회].pdf,6552226,d9715d769d7eb6cca1ab26842ce46cba616c917ed8f4115c34bf4f2015b0c6f6,downloaded,
517,예산안분석,40,51696,FSL1004,2025 예산안분석,2024-10-28,국회예산정책처,https://www.openfiscaldata.go.kr/op/ko/fd/UOPKOFDA02?pageIndex=1&pageSize=8&ofdBrdId=FSL1004&ofdBrdiSeq=51696&ofdBrdiDtsClsCd=517,목차,2025년도_예산안_위원회별_분석[행정안전위원회],2025년도_예산안_위원회별_분석[행정안전위원회].pdf,F0000000000000004549,12,원문 없음: 표지를 제외한 제공 파일 다운로드,files/13_517_예산안분석/2024-10-28_51696_2025 예산안분석/12_목차_2025년도_예산안_위원회별_분석[행정안전위원회].pdf,5603142,8ad6f4aecfa059a70722b6ea17fdfe780d08c98b1e694aa3c350db99c1662321,downloaded,
517,예산안분석,40,51696,FSL1004,2025 예산안분석,2024-10-28,국회예산정책처,https://www.openfiscaldata.go.kr/op/ko/fd/UOPKOFDA02?pageIndex=1&pageSize=8&ofdBrdId=FSL1004&ofdBrdiSeq=51696&ofdBrdiDtsClsCd=517,목차,2025년도_예산안_위원회별_분석[농림축산식품해양수산위원회],2025년도_예산안_위원회별_분석[농림축산식품해양수산위원회].pdf,F0000000000000004549,13,원문 없음: 표지를 제외한 제공 파일 다운로드,files/13_517_예산안분석/2024-10-28_51696_2025 예산안분석/13_목차_2025년도_예산안_위원회별_분석[농림축산식품해양수산위원회].pdf,6443915,cf57047119204e211ac8d1cd324b2937b55a4fca7eabef77581d4582d0be020e,downloaded,
517,예산안분석,40,51696,FSL1004,2025 예산안분석,2024-10-28,국회예산정책처,https://www.openfiscaldata.go.kr/op/ko/fd/UOPKOFDA02?pageIndex=1&pageSize=8&ofdBrdId=FSL1004&ofdBrdiSeq=51696&ofdBrdiDtsClsCd=517,목차,2025년도_예산안_위원회별_분석[산업통산자원중소벤처기업위원회],2025년도_예산안_위원회별_분석[산업통산자원중소벤처기업위원회].pdf,F0000000000000004549,14,원문 없음: 표지를 제외한 제공 파일 다운로드,files/13_517_예산안분석/2024-10-28_51696_2025 예산안분석/14_목차_2025년도_예산안_위원회별_분석[산업통산자원중소벤처기업위원회].pdf,8224694,907d79045dad4dcd2e2a343d9fcc89a7eccbd277a40278e3521aec1d75352f21,downloaded,
517,예산안분석,40,51696,FSL1004,2025 예산안분석,2024-10-28,국회예산정책처,https://www.openfiscaldata.go.kr/op/ko/fd/UOPKOFDA02?pageIndex=1&pageSize=8&ofdBrdId=FSL1004&ofdBrdiSeq=51696&ofdBrdiDtsClsCd=517,목차,2025년도_예산안_위원회별_분석[보건복지위원회·여성가족위원회],2025년도_예산안_위원회별_분석[보건복지위원회·여성가족위원회].pdf,F0000000000000004549,15,원문 없음: 표지를 제외한 제공 파일 다운로드,files/13_517_예산안분석/2024-10-28_51696_2025 예산안분석/15_목차_2025년도_예산안_위원회별_분석[보건복지위원회·여성가족위원회].pdf,6913788,19df29fbd454fd769138fa7661ceec2d7797f19c501b30d6911ba7ae977ebb07,downloaded,
517,예산안분석,40,51696,FSL1004,2025 예산안분석,2024-10-28,국회예산정책처,https://www.openfiscaldata.go.kr/op/ko/fd/UOPKOFDA02?pageIndex=1&pageSize=8&ofdBrdId=FSL1004&ofdBrdiSeq=51696&ofdBrdiDtsClsCd=517,목차,2025년도_예산안_위원회별_분석[환경노동위원회],2025년도_예산안_위원회별_분석[환경노동위원회].pdf,F0000000000000004549,16,원문 없음: 표지를 제외한 제공 파일 다운로드,files/13_517_예산안분석/2024-10-28_51696_2025 예산안분석/16_목차_2025년도_예산안_위원회별_분석[환경노동위원회].pdf,8030001,86611c389eb34ca61a2579299f1c7e4c4e8bc610d8a491e8bf57c1ccd0bab71d,downloaded,
517,예산안분석,40,51696,FSL1004,2025 예산안분석,2024-10-28,국회예산정책처,https://www.openfiscaldata.go.kr/op/ko/fd/UOPKOFDA02?pageIndex=1&pageSize=8&ofdBrdId=FSL1004&ofdBrdiSeq=51696&ofdBrdiDtsClsCd=517,목차,2025년도_예산안_위원회별_분석[국토교통위원회],2025년도_예산안_위원회별_분석[국토교통위원회].pdf,F0000000000000004549,17,원문 없음: 표지를 제외한 제공 파일 다운로드,files/13_517_예산안분석/2024-10-28_51696_2025 예산안분석/17_목차_2025년도_예산안_위원회별_분석[국토교통위원회].pdf,9077708,b812274dc57ea7d5bf3ae7c6d940c5186eecdc724744355f6c1251165fb06f65,downloaded,
517,예산안분석,40,51696,FSL1004,2025 예산안분석,2024-10-28,국회예산정책처,https://www.openfiscaldata.go.kr/op/ko/fd/UOPKOFDA02?pageIndex=1&pageSize=8&ofdBrdId=FSL1004&ofdBrdiSeq=51696&ofdBrdiDtsClsCd=517,목차,2025년도_성인지_예산서_분석,2025년도_성인지_예산서_분석.pdf,F0000000000000004549,18,원문 없음: 표지를 제외한 제공 파일 다운로드,files/13_517_예산안분석/2024-10-28_51696_2025 예산안분석/18_목차_2025년도_성인지_예산서_분석.pdf,5919548,17dbe2e7cc6c6abb85218c1c4bb21368b6534d39b477642cfa6deb210e632716,downloaded,
517,예산안분석,40,51696,FSL1004,2025 예산안분석,2024-10-28,국회예산정책처,https://www.openfiscaldata.go.kr/op/ko/fd/UOPKOFDA02?pageIndex=1&pageSize=8&ofdBrdId=FSL1004&ofdBrdiSeq=51696&ofdBrdiDtsClsCd=517,목차,2025년도_온실가스감축인지_예산서_분석,2025년도_온실가스감축인지_예산서_분석.pdf,F0000000000000004549,19,원문 없음: 표지를 제외한 제공 파일 다운로드,files/13_517_예산안분석/2024-10-28_51696_2025 예산안분석/19_목차_2025년도_온실가스감축인지_예산서_분석.pdf,5295516,a8dd31de699723bd8230c45b757668a522eb21dbe46bae04de847365961b7d1a,downloaded,
517,예산안분석,40,51585,FSL1004,2024 예산안분석,2023-10-31,국회예산정책처,https://www.openfiscaldata.go.kr/op/ko/fd/UOPKOFDA02?pageIndex=1&pageSize=8&ofdBrdId=FSL1004&ofdBrdiSeq=51585&ofdBrdiDtsClsCd=517,원문,2024 예산안분석,2024 예산안분석.zip,F0000000000000004157,1,원문 우선(목차 파일 제외),files/13_517_예산안분석/2023-10-31_51585_2024 예산안분석.zip,92880862,f29d66f4741f143dbfdbf4d029b858eab3045e916dfe5eb2df1e4e37092067d9,downloaded,
517,예산안분석,40,51517,FSL1004,2023 예산안분석,2022-10-31,국회예산정책처,https://www.openfiscaldata.go.kr/op/ko/fd/UOPKOFDA02?pageIndex=1&pageSize=8&ofdBrdId=FSL1004&ofdBrdiSeq=51517&ofdBrdiDtsClsCd=517,원문,2023 예산안분석,2023 예산안분석.zip,F0000000000000003919,1,원문 우선(목차 파일 제외),files/13_517_예산안분석/2022-10-31_51517_2023 예산안분석.zip,84887503,c76e0a9fea38dc37de17d5e1a8f0317ea481e54961ec46cf5f5342a11ad112af,downloaded,
517,예산안분석,40,51312,FSL1004,2022 예산안분석,2021-10-27,국회예산정책처,https://www.openfiscaldata.go.kr/op/ko/fd/UOPKOFDA02?pageIndex=1&pageSize=8&ofdBrdId=FSL1004&ofdBrdiSeq=51312&ofdBrdiDtsClsCd=517,원문,2022년 예산안분석,2022년 예산안분석.zip,FI000000005131266486,1,원문 우선(목차 파일 제외),files/13_517_예산안분석/2021-10-27_51312_2022 예산안분석.zip,167700560,c7ff82958dd2c89f130de2e48a83d36a4012ddef58ed03326e448717f4208d93,downloaded,
517,예산안분석,40,51311,FSL1004,2021 예산안분석 2회 추경,2021-07-13,국회예산정책처,https://www.openfiscaldata.go.kr/op/ko/fd/UOPKOFDA02?pageIndex=1&pageSize=8&ofdBrdId=FSL1004&ofdBrdiSeq=51311&ofdBrdiDtsClsCd=517,원문,2021년도_제2회_추가경정예산안_분석,2021년도_제2회_추가경정예산안_분석.pdf,FI000000005131166484,1,원문 우선(목차 파일 제외),files/13_517_예산안분석/2021-07-13_51311_2021 예산안분석 2회 추경.pdf,5453747,2f5dce43321750cd3d94808778da8ae1d854aef62a5512c9d786caca56fa1c47,downloaded,
517,예산안분석,40,50384,FSL1004,2021 예산안분석 1회 추경,2021-03-08,국회예산정책처,https://www.openfiscaldata.go.kr/op/ko/fd/UOPKOFDA02?pageIndex=1&pageSize=8&ofdBrdId=FSL1004&ofdBrdiSeq=50384&ofdBrdiDtsClsCd=517,원문,2021년도 제1회 추가경정예산안 분석,2021년도 제1회 추가경정예산안 분석.pdf,FI000000005038464940,1,원문 우선(목차 파일 제외),files/13_517_예산안분석/2021-03-08_50384_2021 예산안분석 1회 추경.pdf,4540223,146e94345393dab34df839704d846daabec093d7f04c45b5720cffa5619bf704,downloaded,
517,예산안분석,40,50390,FSL1004,2021 예산안분석,2020-11-05,국회예산정책처,https://www.openfiscaldata.go.kr/op/ko/fd/UOPKOFDA02?pageIndex=1&pageSize=8&ofdBrdId=FSL1004&ofdBrdiSeq=50390&ofdBrdiDtsClsCd=517,원문,2021년 예산안분석,2021년 예산안분석.zip,FI000000005039064952,2,원문 우선(목차 파일 제외),files/13_517_예산안분석/2020-11-05_50390_2021 예산안분석.zip,95419346,927c16e8b673a561ab9e82886d346ea8f0a0400973089ca7f9e870ee05900f0f,downloaded,
517,예산안분석,40,51310,FSL1004,2020 예산안분석 4회 추경,2020-09-16,국회예산정책처,https://www.openfiscaldata.go.kr/op/ko/fd/UOPKOFDA02?pageIndex=1&pageSize=8&ofdBrdId=FSL1004&ofdBrdiSeq=51310&ofdBrdiDtsClsCd=517,원문,2020년도_제4회_추가경정예산안_분석,2020년도_제4회_추가경정예산안_분석.pdf,FI000000005131066482,1,원문 우선(목차 파일 제외),files/13_517_예산안분석/2020-09-16_51310_2020 예산안분석 4회 추경.pdf,2038104,3f4cd49aec1cdab11a76ced9e7405b4e91c75acd65ca3c3bf8e94f3fa9c5ce4f,downloaded,
517,예산안분석,40,51309,FSL1004,2020 예산안분석 3회 추경,2020-06-26,국회예산정책처,https://www.openfiscaldata.go.kr/op/ko/fd/UOPKOFDA02?pageIndex=1&pageSize=8&ofdBrdId=FSL1004&ofdBrdiSeq=51309&ofdBrdiDtsClsCd=517,원문,2020년도_제3회_추가경정예산안_분석,2020년도_제3회_추가경정예산안_분석.pdf,FI000000005130966479,1,원문 우선(목차 파일 제외),files/13_517_예산안분석/2020-06-26_51309_2020 예산안분석 3회 추경.pdf,2529053,90a3ee23968066251cf6e40bf1c0684e01702f00fdbbd56918832ac103700e44,downloaded,
517,예산안분석,40,51308,FSL1004,2020 예산안분석 2회 추경,2020-04-24,국회예산정책처,https://www.openfiscaldata.go.kr/op/ko/fd/UOPKOFDA02?pageIndex=1&pageSize=8&ofdBrdId=FSL1004&ofdBrdiSeq=51308&ofdBrdiDtsClsCd=517,원문,2020년도_제2회_추가경정예산안_분석,2020년도_제2회_추가경정예산안_분석.pdf,FI000000005130866477,1,원문 우선(목차 파일 제외),files/13_517_예산안분석/2020-04-24_51308_2020 예산안분석 2회 추경.pdf,2473627,bc2555a20761131029e53c3f0fcc2b5b03a94756edd5c6ce8ba67b05093c52fd,downloaded,
517,예산안분석,40,48567,FSL1004,2020 예산안분석 1회 추경,2020-03-11,국회예산정책처,https://www.openfiscaldata.go.kr/op/ko/fd/UOPKOFDA02?pageIndex=1&pageSize=8&ofdBrdId=FSL1004&ofdBrdiSeq=48567&ofdBrdiDtsClsCd=517,원문,2020년도_제1회_추가경정예산안_분석,2020년도_제1회_추가경정예산안_분석.pdf,FI000000004856762949,5,원문 우선(목차 파일 제외),files/13_517_예산안분석/2020-03-11_48567_2020 예산안분석 1회 추경/01_원문_2020년도_제1회_추가경정예산안_분석.pdf,2782227,f7f7ecc169c23aba5565ace40af02c60defa954f5914ea287dae1eda29a5bc79,downloaded,
517,예산안분석,40,48567,FSL1004,2020 예산안분석 1회 추경,2020-03-11,국회예산정책처,https://www.openfiscaldata.go.kr/op/ko/fd/UOPKOFDA02?pageIndex=1&pageSize=8&ofdBrdId=FSL1004&ofdBrdiSeq=48567&ofdBrdiDtsClsCd=517,원문,2020년도_제1회_추가경정예산안_분석,2020년도_제1회_추가경정예산안_분석.pdf,FI000000004856762949,1,원문 우선(목차 파일 제외),files/13_517_예산안분석/2020-03-11_48567_2020 예산안분석 1회 추경/02_원문_2020년도_제1회_추가경정예산안_분석.pdf,2782227,f7f7ecc169c23aba5565ace40af02c60defa954f5914ea287dae1eda29a5bc79,downloaded,
517,예산안분석,40,48292,FSL1004,2020 예산안분석,2019-10-24,국회예산정책처,https://www.openfiscaldata.go.kr/op/ko/fd/UOPKOFDA02?pageIndex=1&pageSize=8&ofdBrdId=FSL1004&ofdBrdiSeq=48292&ofdBrdiDtsClsCd=517,원문,2020년 예산안분석,2020년 예산안분석.zip,FI000000004829262639,1,원문 우선(목차 파일 제외),files/13_517_예산안분석/2019-10-24_48292_2020 예산안분석.zip,58593629,9f786bbcb6ca11222b7b57eb610923e8ce8f5a419ccadeda09ba0af7e13cae1a,downloaded,
517,예산안분석,40,48291,FSL1004,2019 예산안분석 추경,2019-06-24,국회예산정책처,https://www.openfiscaldata.go.kr/op/ko/fd/UOPKOFDA02?pageIndex=1&pageSize=8&ofdBrdId=FSL1004&ofdBrdiSeq=48291&ofdBrdiDtsClsCd=517,원문,2019년도_제1회_추가경정예산안분석,2019년도_제1회_추가경정예산안분석.pdf,FI000000004829162636,1,원문 우선(목차 파일 제외),files/13_517_예산안분석/2019-06-24_48291_2019 예산안분석 추경.pdf,5174661,7359a67c515648eb74daf209739a469d9b5df87bf0e8856448293f74ee92463c,downloaded,
517,예산안분석,40,48290,FSL1004,2019 예산안분석,2018-10-31,국회예산정책처,https://www.openfiscaldata.go.kr/op/ko/fd/UOPKOFDA02?pageIndex=1&pageSize=8&ofdBrdId=FSL1004&ofdBrdiSeq=48290&ofdBrdiDtsClsCd=517,원문,2019년 예산안 분석,2019년 예산안 분석.zip,FI000000004829062612,22,원문 우선(목차 파일 제외),files/13_517_예산안분석/2018-10-31_48290_2019 예산안분석.zip,59955831,0fc11278ebc7f354e9877e4890f89c14dabe6794ac410f08767babf8a335e26d,downloaded,
517,예산안분석,40,48288,FSL1004,2018 예산안분석 추경,2018-05-15,국회예산정책처,https://www.openfiscaldata.go.kr/op/ko/fd/UOPKOFDA02?pageIndex=1&pageSize=8&ofdBrdId=FSL1004&ofdBrdiSeq=48288&ofdBrdiDtsClsCd=517,원문,2018년도_제1회_추가경정예산안_분석,2018년도_제1회_추가경정예산안_분석.pdf,FI000000004828862608,1,원문 우선(목차 파일 제외),files/13_517_예산안분석/2018-05-15_48288_2018 예산안분석 추경.pdf,3605311,a8ecb57e2fd8c0d79767eb57f6fc3bfaa3246508ad3b7e13046b4596652c06ea,downloaded,
517,예산안분석,40,45455,FSL1004,2018 예산안분석,2017-11-01,국회예산정책처,https://www.openfiscaldata.go.kr/op/ko/fd/UOPKOFDA02?pageIndex=1&pageSize=8&ofdBrdId=FSL1004&ofdBrdiSeq=45455&ofdBrdiDtsClsCd=517,원문,2018 예산안분석,2018 예산안분석.zip,FI000000004545559188,23,원문 우선(목차 파일 제외),files/13_517_예산안분석/2017-11-01_45455_2018 예산안분석.zip,55245238,b2bb0da6b52083e02f582a9d8902fe717033fdc5358a0ff8ab5b7cb3613ba056,downloaded,
517,예산안분석,40,45454,FSL1004,2017 예산안분석 추경,2017-06-19,국회예산정책처,https://www.openfiscaldata.go.kr/op/ko/fd/UOPKOFDA02?pageIndex=1&pageSize=8&ofdBrdId=FSL1004&ofdBrdiSeq=45454&ofdBrdiDtsClsCd=517,목차,예산안분석_2017_제1회_추가경정예산안_분석,예산안분석_2017_제1회_추가경정예산안_분석.pdf,FI000000004545459187,1,원문 없음: 표지를 제외한 제공 파일 다운로드,files/13_517_예산안분석/2017-06-19_45454_2017 예산안분석 추경.pdf,3669529,7c413fef3fed20dee466fc6b2d57af817dceb1b2315957b72044a4c61ca35cd3,downloaded,
517,예산안분석,40,45453,FSL1004,2017 예산안분석,2016-10-24,국회예산정책처,https://www.openfiscaldata.go.kr/op/ko/fd/UOPKOFDA02?pageIndex=1&pageSize=8&ofdBrdId=FSL1004&ofdBrdiSeq=45453&ofdBrdiDtsClsCd=517,원문,2017 예산안분석,2017 예산안분석.zip,FI000000004545359168,19,원문 우선(목차 파일 제외),files/13_517_예산안분석/2016-10-24_45453_2017 예산안분석.zip,30281738,1c7eb85ef1e6070761abc3017246403400e49fce545a2e61fc1e7946056dd839,downloaded,
517,예산안분석,40,45452,FSL1004,2016 예산안분석 추경,2016-07-29,국회예산정책처,https://www.openfiscaldata.go.kr/op/ko/fd/UOPKOFDA02?pageIndex=1&pageSize=8&ofdBrdId=FSL1004&ofdBrdiSeq=45452&ofdBrdiDtsClsCd=517,목차,예산안분석_2016_제1회_추가경정예산안_분석,예산안분석_2016_제1회_추가경정예산안_분석.pdf,FI000000004545259167,1,원문 없음: 표지를 제외한 제공 파일 다운로드,files/13_517_예산안분석/2016-07-29_45452_2016 예산안분석 추경.pdf,5514864,4134040d280901ccd47bd55e6b6c4acaa6ec1a837983be04628a46e6077c5421,downloaded,
517,예산안분석,40,45451,FSL1004,2016 예산안분석,2015-10-19,국회예산정책처,https://www.openfiscaldata.go.kr/op/ko/fd/UOPKOFDA02?pageIndex=1&pageSize=8&ofdBrdId=FSL1004&ofdBrdiSeq=45451&ofdBrdiDtsClsCd=517,원문,2016년 예산안분석,2016년 예산안분석.zip,FI000000004545159148,18,원문 우선(목차 파일 제외),files/13_517_예산안분석/2015-10-19_45451_2016 예산안분석.zip,24972274,7c982a2b5694fd1bf75893b2d0cf489ac9bb9b75e94335904c0a63152307045e,downloaded,
519,알기쉬운 나라살림,41,51749,FSL1004,2025 국민과 함께 보는 알기 쉬운 나라 살림,2026-05-31,재정정보원,https://www.openfiscaldata.go.kr/op/ko/fd/UOPKOFDA02?pageIndex=1&pageSize=8&ofdBrdId=FSL1004&ofdBrdiSeq=51749&ofdBrdiDtsClsCd=519,원문,2025 국민과 함께 보는 알기 쉬운 나라 살림,2025 국민과 함께 보는 알기 쉬운 나라 살림.pdf,F0000000000000004805,1,원문 우선(목차 파일 제외),files/14_519_알기쉬운 나라살림/2026-05-31_51749_2025 국민과 함께 보는 알기 쉬운 나라 살림.pdf,624364,58aefdec6a93c27c1d7e27b3ada011ff7baeaf1c3acb94f232f3a896907cae6d,downloaded,
518,기타자료,42,51751,FSL1004,2026년 기금존치평가보고서,2026-05-30,기획재정부,https://www.openfiscaldata.go.kr/op/ko/fd/UOPKOFDA02?pageIndex=1&pageSize=8&ofdBrdId=FSL1004&ofdBrdiSeq=51751&ofdBrdiDtsClsCd=518,원문,2026년 기금존치평가보고서,2026년 기금존치평가보고서.pdf,F0000000000000004811,1,원문 우선(목차 파일 제외),files/15_518_기타자료/2026-05-30_51751_2026년 기금존치평가보고서.pdf,950766,6bb0545579f9b78c6e33cbe215d10c58b684939728fdccff81217214da9d7f35,downloaded,
518,기타자료,42,51738,FSL1004,2024년도 민간투자사업 운영현황 및 추진실적 등에 관한 보고서,2025-07-10,기획재정부,https://www.openfiscaldata.go.kr/op/ko/fd/UOPKOFDA02?pageIndex=1&pageSize=8&ofdBrdId=FSL1004&ofdBrdiSeq=51738&ofdBrdiDtsClsCd=518,원문,2024년도 민간투자사업 운영현황 및 추진실적 등에 관한 보고서,2024년도 민간투자사업 운영현황 및 추진실적 등에 관한 보고서.pdf,F0000000000000004749,1,원문 우선(목차 파일 제외),files/15_518_기타자료/2025-07-10_51738_2024년도 민간투자사업 운영현황 및 추진실적 등에 관한 보고서.pdf,1744747,19638a66cd524e639ebf1a9423135eea73839d320d49877603725494c940d195,downloaded,
518,기타자료,42,51620,FSL1004,2023년도 민간투자사업 운영현황 및 추진실적 등에 관한 보고서,2024-05-31,기획재정부,https://www.openfiscaldata.go.kr/op/ko/fd/UOPKOFDA02?pageIndex=1&pageSize=8&ofdBrdId=FSL1004&ofdBrdiSeq=51620&ofdBrdiDtsClsCd=518,원문,2023년도 민간투자사업 운영현황 및 추진실적 등에 관한 보고서,2023년도 민간투자사업 운영현황 및 추진실적 등에 관한 보고서.pdf,F0000000000000004249,1,원문 우선(목차 파일 제외),files/15_518_기타자료/2024-05-31_51620_2023년도 민간투자사업 운영현황 및 추진실적 등에 관한 보고서.pdf,939280,b4f87effd74fa6c3cca2142a7043801eeb5c7f8bdf70266c9a63554a94cecf5c,downloaded,
518,기타자료,42,51578,FSL1004,2022년도 민간투자사업 운영현황 및 추진실적 등에 관한 보고서,2023-09-06,기획재정부,https://www.openfiscaldata.go.kr/op/ko/fd/UOPKOFDA02?pageIndex=1&pageSize=8&ofdBrdId=FSL1004&ofdBrdiSeq=51578&ofdBrdiDtsClsCd=518,원문,2022년도 민간투자사업 운영현황 및 추진실적 등에 관한 보고서,2022년도 민간투자사업 운영현황 및 추진실적 등에 관한 보고서.pdf,F0000000000000004137,1,원문 우선(목차 파일 제외),files/15_518_기타자료/2023-09-06_51578_2022년도 민간투자사업 운영현황 및 추진실적 등에 관한 보고서.pdf,857144,01ef35b7e8a3470de9df6ab1fdbc3142e9dede2a1708f649109e3e95660f886f,downloaded,
518,기타자료,42,51520,FSL1004,2021년도 민간투자사업 운영현황 및 추진실적 등에 관한 보고서,2022-06-07,기획재정부,https://www.openfiscaldata.go.kr/op/ko/fd/UOPKOFDA02?pageIndex=1&pageSize=8&ofdBrdId=FSL1004&ofdBrdiSeq=51520&ofdBrdiDtsClsCd=518,목차,2021년도 민간투자사업 운영현황 및 추진실적 등에 관한 보고서,2021년도 민간투자사업 운영현황 및 추진실적 등에 관한 보고서.pdf,F0000000000000003925,1,원문 없음: 표지를 제외한 제공 파일 다운로드,files/15_518_기타자료/2022-06-07_51520_2021년도 민간투자사업 운영현황 및 추진실적 등에 관한 보고서.pdf,1684096,e1f338e158840ed2cd7a7e1489c4469427c5de653b0e915bb32fca2c539369c7,downloaded,
518,기타자료,42,50633,FSL1004,2020년도 민간투자사업 운영현황 및 추진실적 등에 관한 보고서,2021-05-31,기획재정부,https://www.openfiscaldata.go.kr/op/ko/fd/UOPKOFDA02?pageIndex=1&pageSize=8&ofdBrdId=FSL1004&ofdBrdiSeq=50633&ofdBrdiDtsClsCd=518,목차,2020년도 민간투자사업 운영현황 및 추진실적 등에 관한 보고서,2020년도 민간투자사업 운영현황 및 추진실적 등에 관한 보고서.pdf,FI000000005063365276,1,원문 없음: 표지를 제외한 제공 파일 다운로드,files/15_518_기타자료/2021-05-31_50633_2020년도 민간투자사업 운영현황 및 추진실적 등에 관한 보고서.pdf,810269,72f5cf4df43e6acdf37e7ff7359f5822fa2af868afc381f9731a97bf9a8f8d7f,downloaded,
518,기타자료,42,50640,FSL1004,2019년도 민간투자사업 운영현황 및 추진실적 등에 관한 보고서,2020-06-03,기획재정부,https://www.openfiscaldata.go.kr/op/ko/fd/UOPKOFDA02?pageIndex=1&pageSize=8&ofdBrdId=FSL1004&ofdBrdiSeq=50640&ofdBrdiDtsClsCd=518,목차,2019년도 민간투자사업 운영현황 및 추진실적 등에 관한 보고서,2019년도 민간투자사업 운영현황 및 추진실적 등에 관한 보고서.pdf,FI000000005064065282,1,원문 없음: 표지를 제외한 제공 파일 다운로드,files/15_518_기타자료/2020-06-03_50640_2019년도 민간투자사업 운영현황 및 추진실적 등에 관한 보고서.pdf,805938,10be8e7049a8587cc47f8ec98cd66e76419d68b077565e53b37aa2d0fc14c084,downloaded,
518,기타자료,42,48287,FSL1004,2019년도 민간투자사업 사업정보 카드,2019-12-31,기획재정부,https://www.openfiscaldata.go.kr/op/ko/fd/UOPKOFDA02?pageIndex=1&pageSize=8&ofdBrdId=FSL1004&ofdBrdiSeq=48287&ofdBrdiDtsClsCd=518,목차,민간투자사업 사업정보 카드 제1권_중앙부처(최종),민간투자사업 사업정보 카드 제1권_중앙부처(최종).pdf,FI000000004828762605,1,원문 없음: 표지를 제외한 제공 파일 다운로드,files/15_518_기타자료/2019-12-31_48287_2019년도 민간투자사업 사업정보 카드/01_목차_민간투자사업 사업정보 카드 제1권_중앙부처(최종).pdf,52165690,a83fd971030646f14f16415b26e9f930b8c67c61e46a773763a3f7c5d9eb9631,downloaded,
518,기타자료,42,48287,FSL1004,2019년도 민간투자사업 사업정보 카드,2019-12-31,기획재정부,https://www.openfiscaldata.go.kr/op/ko/fd/UOPKOFDA02?pageIndex=1&pageSize=8&ofdBrdId=FSL1004&ofdBrdiSeq=48287&ofdBrdiDtsClsCd=518,목차,민간투자사업 사업정보 카드 제2권_지자체(최종),민간투자사업 사업정보 카드 제2권_지자체(최종).pdf,FI000000004828762605,2,원문 없음: 표지를 제외한 제공 파일 다운로드,files/15_518_기타자료/2019-12-31_48287_2019년도 민간투자사업 사업정보 카드/02_목차_민간투자사업 사업정보 카드 제2권_지자체(최종).pdf,158891466,26522f9d363e99eaa87a8efbae9eb2aad3de3f3b6584466ee5212214bd7f8297,downloaded,
518,기타자료,42,48287,FSL1004,2019년도 민간투자사업 사업정보 카드,2019-12-31,기획재정부,https://www.openfiscaldata.go.kr/op/ko/fd/UOPKOFDA02?pageIndex=1&pageSize=8&ofdBrdId=FSL1004&ofdBrdiSeq=48287&ofdBrdiDtsClsCd=518,목차,민간투자사업 사업정보 카드 제3권_교육(최종),민간투자사업 사업정보 카드 제3권_교육(최종).pdf,FI000000004828762605,3,원문 없음: 표지를 제외한 제공 파일 다운로드,files/15_518_기타자료/2019-12-31_48287_2019년도 민간투자사업 사업정보 카드/03_목차_민간투자사업 사업정보 카드 제3권_교육(최종).pdf,56708443,4bf10f0e67f41d0f2751ca3b73523f0b978001533e382310d92478ea60d65e5c,downloaded,
518,기타자료,42,47865,FSL1004,2019년도 복권판매사업 및 복권기금지원사업,2019-08-31,기획재정부,https://www.openfiscaldata.go.kr/op/ko/fd/UOPKOFDA02?pageIndex=1&pageSize=8&ofdBrdId=FSL1004&ofdBrdiSeq=47865&ofdBrdiDtsClsCd=518,목차,2019년도 상반기 복권 및 복권기금 관련 정보 공개,2019년도 상반기 복권 및 복권기금 관련 정보 공개.hwp,FI000000004786562099,1,원문 없음: 표지를 제외한 제공 파일 다운로드,files/15_518_기타자료/2019-08-31_47865_2019년도 복권판매사업 및 복권기금지원사업.hwp,34304,c91abbb9ca9ea60382fef34debc6f0fe6755626a5de1a5ee8a82a943c89b705e,downloaded,
518,기타자료,42,50639,FSL1004,2018년도 민간투자사업 운영현황 및 추진실적 등에 관한 보고서,2019-06-03,기획재정부,https://www.openfiscaldata.go.kr/op/ko/fd/UOPKOFDA02?pageIndex=1&pageSize=8&ofdBrdId=FSL1004&ofdBrdiSeq=50639&ofdBrdiDtsClsCd=518,목차,2018년도 민간투자사업 운영현황 및 추진실적 등에 관한 보고서,2018년도 민간투자사업 운영현황 및 추진실적 등에 관한 보고서.pdf,FI000000005063965281,1,원문 없음: 표지를 제외한 제공 파일 다운로드,files/15_518_기타자료/2019-06-03_50639_2018년도 민간투자사업 운영현황 및 추진실적 등에 관한 보고서.pdf,1110659,9de843fdd7d48462ccf92b1ca56beeb333c434456292abefc6bf92bfa3894175,downloaded,
518,기타자료,42,47869,FSL1004,2019년도 정부출자기관 정부배당 현황,2019-05-21,기획재정부,https://www.openfiscaldata.go.kr/op/ko/fd/UOPKOFDA02?pageIndex=1&pageSize=8&ofdBrdId=FSL1004&ofdBrdiSeq=47869&ofdBrdiDtsClsCd=518,목차,2019년 정부 출자주식 배당금 수납,2019년 정부 출자주식 배당금 수납.hwp,FI000000004786962103,1,원문 없음: 표지를 제외한 제공 파일 다운로드,files/15_518_기타자료/2019-05-21_47869_2019년도 정부출자기관 정부배당 현황.hwp,173056,83aac4625dccabe6b176d8577c0991c9a7662db5cba3270dbd92292747395bb9,downloaded,
518,기타자료,42,47864,FSL1004,2018년도 복권판매사업 및 복권기금지원사업,2019-02-28,기획재정부,https://www.openfiscaldata.go.kr/op/ko/fd/UOPKOFDA02?pageIndex=1&pageSize=8&ofdBrdId=FSL1004&ofdBrdiSeq=47864&ofdBrdiDtsClsCd=518,목차,2018년도 상반기 복권 및 복권기금 관련 정보 공개,2018년도 상반기 복권 및 복권기금 관련 정보 공개.hwp,FI000000004786462097,1,원문 없음: 표지를 제외한 제공 파일 다운로드,files/15_518_기타자료/2019-02-28_47864_2018년도 복권판매사업 및 복권기금지원사업/01_목차_2018년도 상반기 복권 및 복권기금 관련 정보 공개.hwp,35328,b197c5c2d6088c14d8e44550918a812dac31c6a2c90c34d6580d31a6de846404,downloaded,
518,기타자료,42,47864,FSL1004,2018년도 복권판매사업 및 복권기금지원사업,2019-02-28,기획재정부,https://www.openfiscaldata.go.kr/op/ko/fd/UOPKOFDA02?pageIndex=1&pageSize=8&ofdBrdId=FSL1004&ofdBrdiSeq=47864&ofdBrdiDtsClsCd=518,목차,2018년도 복권 및 복권기금 관련 정보 공개,2018년도 복권 및 복권기금 관련 정보 공개.hwp,FI000000004786462097,2,원문 없음: 표지를 제외한 제공 파일 다운로드,files/15_518_기타자료/2019-02-28_47864_2018년도 복권판매사업 및 복권기금지원사업/02_목차_2018년도 복권 및 복권기금 관련 정보 공개.hwp,34304,cfa4c360dbbb44c331363d17ec168a2496c375dd4b1bf7fc42b9b148e66b4303,downloaded,
518,기타자료,42,50638,FSL1004,2017년도 민간투자사업 운영현황 및 추진실적 등에 관한 보고서,2018-05-31,기획재정부,https://www.openfiscaldata.go.kr/op/ko/fd/UOPKOFDA02?pageIndex=1&pageSize=8&ofdBrdId=FSL1004&ofdBrdiSeq=50638&ofdBrdiDtsClsCd=518,목차,2017년도 민간투자사업 운영현황 및 추진실적 등에 관한 보고서,2017년도 민간투자사업 운영현황 및 추진실적 등에 관한 보고서.pdf,FI000000005063865280,1,원문 없음: 표지를 제외한 제공 파일 다운로드,files/15_518_기타자료/2018-05-31_50638_2017년도 민간투자사업 운영현황 및 추진실적 등에 관한 보고서.pdf,2563691,56168c92008b15f5458f9cc2c1db3cbc617cd11a05c8e6900738b4f04484e884,downloaded,
518,기타자료,42,47868,FSL1004,2018년도 정부출자기관 정부배당 현황,2018-05-18,기획재정부,https://www.openfiscaldata.go.kr/op/ko/fd/UOPKOFDA02?pageIndex=1&pageSize=8&ofdBrdId=FSL1004&ofdBrdiSeq=47868&ofdBrdiDtsClsCd=518,목차,2018년 정부 출자주식 배당금 수납,2018년 정부 출자주식 배당금 수납.hwp,FI000000004786862102,1,원문 없음: 표지를 제외한 제공 파일 다운로드,files/15_518_기타자료/2018-05-18_47868_2018년도 정부출자기관 정부배당 현황.hwp,120832,052fd840a6e688b4b81a39b1ab70553251f5ac845fc97cd2a50f6cd85917d00f,downloaded,
518,기타자료,42,47863,FSL1004,2017년도 복권판매사업 및 복권기금지원사업,2018-02-28,기획재정부,https://www.openfiscaldata.go.kr/op/ko/fd/UOPKOFDA02?pageIndex=1&pageSize=8&ofdBrdId=FSL1004&ofdBrdiSeq=47863&ofdBrdiDtsClsCd=518,목차,2017년도 상반기 복권 및 복권기금 관련 정보공개,2017년도 상반기 복권 및 복권기금 관련 정보공개.hwp,FI000000004786362095,1,원문 없음: 표지를 제외한 제공 파일 다운로드,files/15_518_기타자료/2018-02-28_47863_2017년도 복권판매사업 및 복권기금지원사업/01_목차_2017년도 상반기 복권 및 복권기금 관련 정보공개.hwp,35328,22c492dbb3ef7290029ece1a3c87866f2091b70b5743a1d77c9000ca04455bb7,downloaded,
518,기타자료,42,47863,FSL1004,2017년도 복권판매사업 및 복권기금지원사업,2018-02-28,기획재정부,https://www.openfiscaldata.go.kr/op/ko/fd/UOPKOFDA02?pageIndex=1&pageSize=8&ofdBrdId=FSL1004&ofdBrdiSeq=47863&ofdBrdiDtsClsCd=518,목차,2017년도 복권 및 복권기금 관련 정보 공개,2017년도 복권 및 복권기금 관련 정보 공개.hwp,FI000000004786362095,2,원문 없음: 표지를 제외한 제공 파일 다운로드,files/15_518_기타자료/2018-02-28_47863_2017년도 복권판매사업 및 복권기금지원사업/02_목차_2017년도 복권 및 복권기금 관련 정보 공개.hwp,34816,72966bd224087131ffda5fa060153729b468fb74006cbed94b221d2620ec48c2,downloaded,
518,기타자료,42,50637,FSL1004,2016년도 민간투자사업 운영현황 및 추진실적 등에 관한 보고서,2017-05-31,기획재정부,https://www.openfiscaldata.go.kr/op/ko/fd/UOPKOFDA02?pageIndex=1&pageSize=8&ofdBrdId=FSL1004&ofdBrdiSeq=50637&ofdBrdiDtsClsCd=518,목차,2016년도 민간투자사업 운영현황 및 추진실적 등에 관한 보고서,2016년도 민간투자사업 운영현황 및 추진실적 등에 관한 보고서.pdf,FI000000005063765279,1,원문 없음: 표지를 제외한 제공 파일 다운로드,files/15_518_기타자료/2017-05-31_50637_2016년도 민간투자사업 운영현황 및 추진실적 등에 관한 보고서.pdf,3419671,c2f851c899f524af516ac4dec98bcf5aa16038d4ef1e66b90901fd2a4b9f944d,downloaded,
518,기타자료,42,47867,FSL1004,2017년도 정부출자기관 정부배당 현황,2017-05-19,기획재정부,https://www.openfiscaldata.go.kr/op/ko/fd/UOPKOFDA02?pageIndex=1&pageSize=8&ofdBrdId=FSL1004&ofdBrdiSeq=47867&ofdBrdiDtsClsCd=518,목차,2017년 정부 출자주식 배당금 수납,2017년 정부 출자주식 배당금 수납.hwp,FI000000004786762101,1,원문 없음: 표지를 제외한 제공 파일 다운로드,files/15_518_기타자료/2017-05-19_47867_2017년도 정부출자기관 정부배당 현황.hwp,148480,27ddf5700425508e4366a95d6deca542fa38ae2ee9054c1ee166748c34533a7c,downloaded,
518,기타자료,42,47862,FSL1004,2016년도 복권판매사업 및 복권기금지원사업,2017-02-28,기획재정부,https://www.openfiscaldata.go.kr/op/ko/fd/UOPKOFDA02?pageIndex=1&pageSize=8&ofdBrdId=FSL1004&ofdBrdiSeq=47862&ofdBrdiDtsClsCd=518,목차,2016년도 상반기 복권 및 복권기금 관련 정보 공개,2016년도 상반기 복권 및 복권기금 관련 정보 공개.hwp,FI000000004786262093,1,원문 없음: 표지를 제외한 제공 파일 다운로드,files/15_518_기타자료/2017-02-28_47862_2016년도 복권판매사업 및 복권기금지원사업/01_목차_2016년도 상반기 복권 및 복권기금 관련 정보 공개.hwp,36864,791678c5354b113056670d1d992365275394bf36c6959cd69dec20061369981f,downloaded,
518,기타자료,42,47862,FSL1004,2016년도 복권판매사업 및 복권기금지원사업,2017-02-28,기획재정부,https://www.openfiscaldata.go.kr/op/ko/fd/UOPKOFDA02?pageIndex=1&pageSize=8&ofdBrdId=FSL1004&ofdBrdiSeq=47862&ofdBrdiDtsClsCd=518,목차,2016년도 복권 및 복권기금 관련 정보 공개,2016년도 복권 및 복권기금 관련 정보 공개.hwp,FI000000004786262093,2,원문 없음: 표지를 제외한 제공 파일 다운로드,files/15_518_기타자료/2017-02-28_47862_2016년도 복권판매사업 및 복권기금지원사업/02_목차_2016년도 복권 및 복권기금 관련 정보 공개.hwp,37376,e5b53255c47ce1ef47d19812c33c6e5c6cda530e1786690760ee679aae7ed026,downloaded,
518,기타자료,42,50636,FSL1004,2015년도 민간투자사업 운영현황 및 추진실적 등에 관한 보고서,2016-06-01,기획재정부,https://www.openfiscaldata.go.kr/op/ko/fd/UOPKOFDA02?pageIndex=1&pageSize=8&ofdBrdId=FSL1004&ofdBrdiSeq=50636&ofdBrdiDtsClsCd=518,목차,2015년도 민간투자사업 운영현황 및 추진실적 등에 관한 보고서,2015년도 민간투자사업 운영현황 및 추진실적 등에 관한 보고서.pdf,FI000000005063665278,1,원문 없음: 표지를 제외한 제공 파일 다운로드,files/15_518_기타자료/2016-06-01_50636_2015년도 민간투자사업 운영현황 및 추진실적 등에 관한 보고서.pdf,1224622,65a5f17d99e15ce1784aaee7b9791921007a40ac7872b9db31ac669f59ba8835,downloaded,
518,기타자료,42,47866,FSL1004,2016년도 정부출자기관 정부배당 현황,2016-05-12,기획재정부,https://www.openfiscaldata.go.kr/op/ko/fd/UOPKOFDA02?pageIndex=1&pageSize=8&ofdBrdId=FSL1004&ofdBrdiSeq=47866&ofdBrdiDtsClsCd=518,목차,2016년 정부 출자주식 배당금 수납,2016년 정부 출자주식 배당금 수납.hwp,FI000000004786662100,1,원문 없음: 표지를 제외한 제공 파일 다운로드,files/15_518_기타자료/2016-05-12_47866_2016년도 정부출자기관 정부배당 현황.hwp,229376,71f70f7dee6ce6f3a24039b9ff69f4386a51014c2f8446ba0240d0ac7e269dfd,downloaded,
518,기타자료,42,42703,FSL1004,2015년도 복권판매사업 및 복권기금지원사업,2015-12-22,기획재정부,https://www.openfiscaldata.go.kr/op/ko/fd/UOPKOFDA02?pageIndex=1&pageSize=8&ofdBrdId=FSL1004&ofdBrdiSeq=42703&ofdBrdiDtsClsCd=518,목차,2015년도 상반기 복권 및 복권기금 관련 정보공개,150831 복권 및 복권기금 관련 정보 공개.hwp,FI000000004270354632,1,원문 없음: 표지를 제외한 제공 파일 다운로드,files/15_518_기타자료/2015-12-22_42703_2015년도 복권판매사업 및 복권기금지원사업/01_목차_2015년도 상반기 복권 및 복권기금 관련 정보공개.hwp,29696,f6688975693f1c15a93efa470a510c65b9182ca14ae027d428da67c83787f5ce,downloaded,
518,기타자료,42,42703,FSL1004,2015년도 복권판매사업 및 복권기금지원사업,2015-12-22,기획재정부,https://www.openfiscaldata.go.kr/op/ko/fd/UOPKOFDA02?pageIndex=1&pageSize=8&ofdBrdId=FSL1004&ofdBrdiSeq=42703&ofdBrdiDtsClsCd=518,목차,2015년도 복권 및 복권기금 관련 정보,2015년%20연간정보공개%20자료.hwp,FI000000004270354632,2,원문 없음: 표지를 제외한 제공 파일 다운로드,files/15_518_기타자료/2015-12-22_42703_2015년도 복권판매사업 및 복권기금지원사업/02_목차_2015년도 복권 및 복권기금 관련 정보.hwp,37376,85946e1d6aef4a50b0944dd870ed249205e1898e61ec12a18cbf11bdb690a8a0,downloaded,
518,기타자료,42,42229,FSL1004,2015년도 정부출자기관 정부배당 현황,2015-09-03,기획재정부,https://www.openfiscaldata.go.kr/op/ko/fd/UOPKOFDA02?pageIndex=1&pageSize=8&ofdBrdId=FSL1004&ofdBrdiSeq=42229&ofdBrdiDtsClsCd=518,목차,"2015년 정부배당 8,794억원 결정",2015정부배당.hwp,FI000000004222954017,1,원문 없음: 표지를 제외한 제공 파일 다운로드,files/15_518_기타자료/2015-09-03_42229_2015년도 정부출자기관 정부배당 현황.hwp,189952,22da85f10fed6a0e6d6b01d88da6c0b8703942e61333e87a449d2f8e87407b2b,downloaded,
518,기타자료,42,50635,FSL1004,2014년도 민간투자사업 운영현황 및 추진실적 등에 관한 보고서,2015-05-07,기획재정부,https://www.openfiscaldata.go.kr/op/ko/fd/UOPKOFDA02?pageIndex=1&pageSize=8&ofdBrdId=FSL1004&ofdBrdiSeq=50635&ofdBrdiDtsClsCd=518,목차,2014년도 민간투자사업 운영현황 및 추진실적 등에 관한 보고서,2014년도 민간투자사업 운영현황 및 추진실적 등에 관한 보고서.pdf,FI000000005063565277,1,원문 없음: 표지를 제외한 제공 파일 다운로드,files/15_518_기타자료/2015-05-07_50635_2014년도 민간투자사업 운영현황 및 추진실적 등에 관한 보고서.pdf,1225723,c8ff268390d31606b4ee88c29e26daf32eea00c937cc7d98f58a3af7d925940c,downloaded,
518,기타자료,42,24805,FSL1004,2014년도 정부출자기관 정부배당 현황,2015-02-02,기획재정부,https://www.openfiscaldata.go.kr/op/ko/fd/UOPKOFDA02?pageIndex=1&pageSize=8&ofdBrdId=FSL1004&ofdBrdiSeq=24805&ofdBrdiDtsClsCd=518,목차,2014년도 일반회계 정부배당수입 납입 완료,2014년도 일반회계 정부배당수입 납입 완료.hwp,FI000000002480522047,1,원문 없음: 표지를 제외한 제공 파일 다운로드,files/15_518_기타자료/2015-02-02_24805_2014년도 정부출자기관 정부배당 현황.hwp,168960,5b3f664847838b3a7bc7251738b72cb0553600e28b72d387ce8821135417efba,downloaded,
518,기타자료,42,24756,FSL1004,2014년도 복권판매사업 및 복권기금지원사업,2015-02-02,기획재정부,https://www.openfiscaldata.go.kr/op/ko/fd/UOPKOFDA02?pageIndex=1&pageSize=8&ofdBrdId=FSL1004&ofdBrdiSeq=24756&ofdBrdiDtsClsCd=518,목차,2014년도 상반기 복권판매사업 및 복권기금 지원사업 내역,2014년도 상반기 복권판매사업 및 복권기금 지원사업 내역.hwp,FI000000002475621663,1,원문 없음: 표지를 제외한 제공 파일 다운로드,files/15_518_기타자료/2015-02-02_24756_2014년도 복권판매사업 및 복권기금지원사업/01_목차_2014년도 상반기 복권판매사업 및 복권기금 지원사업 내역.hwp,36352,83774812eb077d570f2ee1ddcf11897ef8aad6136e183de65249ab695aef6983,downloaded,
518,기타자료,42,24756,FSL1004,2014년도 복권판매사업 및 복권기금지원사업,2015-02-02,기획재정부,https://www.openfiscaldata.go.kr/op/ko/fd/UOPKOFDA02?pageIndex=1&pageSize=8&ofdBrdId=FSL1004&ofdBrdiSeq=24756&ofdBrdiDtsClsCd=518,목차,2014년도 복권판매사업 및 복권기금지원사업내역,2014년 연간정보공개 자료.hwp,FI000000002475621663,2,원문 없음: 표지를 제외한 제공 파일 다운로드,files/15_518_기타자료/2015-02-02_24756_2014년도 복권판매사업 및 복권기금지원사업/02_목차_2014년도 복권판매사업 및 복권기금지원사업내역.hwp,65536,b55e30ccb9c5280244406038c1a3a18d2801da8e4355d4cb6818c9294caed866,downloaded,
518,기타자료,42,24804,FSL1004,2013년도 정부출자기관 정부배당 현황,2015-01-30,기획재정부,https://www.openfiscaldata.go.kr/op/ko/fd/UOPKOFDA02?pageIndex=1&pageSize=8&ofdBrdId=FSL1004&ofdBrdiSeq=24804&ofdBrdiDtsClsCd=518,목차,2013년도 일반회계 정부배당 실시결과,2013년도 일반회계 정부배당 실시결과.hwp,FI000000002480422046,1,원문 없음: 표지를 제외한 제공 파일 다운로드,files/15_518_기타자료/2015-01-30_24804_2013년도 정부출자기관 정부배당 현황.hwp,163328,88ad95588654cd0e77d4fe10e7383d977bf0008ed5da7f0f25f22d6fde7640cc,downloaded,
518,기타자료,42,24755,FSL1004,2013년도 복권판매사업 및 복권기금지원사업,2015-01-30,기획재정부,https://www.openfiscaldata.go.kr/op/ko/fd/UOPKOFDA02?pageIndex=1&pageSize=8&ofdBrdId=FSL1004&ofdBrdiSeq=24755&ofdBrdiDtsClsCd=518,목차,2013년도 상반기 복권판매사업 및 복권기금 지원사업 내역,2013년도 상반기 복권판매사업 및 복권기금 지원사업 내역.hwp,FI000000002475521661,1,원문 없음: 표지를 제외한 제공 파일 다운로드,files/15_518_기타자료/2015-01-30_24755_2013년도 복권판매사업 및 복권기금지원사업/01_목차_2013년도 상반기 복권판매사업 및 복권기금 지원사업 내역.hwp,64512,819e303cc011390f8817318d6581b79453e0c6be595414b8eb015705911d1df0,downloaded,
518,기타자료,42,24755,FSL1004,2013년도 복권판매사업 및 복권기금지원사업,2015-01-30,기획재정부,https://www.openfiscaldata.go.kr/op/ko/fd/UOPKOFDA02?pageIndex=1&pageSize=8&ofdBrdId=FSL1004&ofdBrdiSeq=24755&ofdBrdiDtsClsCd=518,목차,2013년도 복권판매사업 및 복권기금 지원사업 내역,2013년도 복권판매사업 및 복권기금 지원사업 내역.hwp,FI000000002475521661,2,원문 없음: 표지를 제외한 제공 파일 다운로드,files/15_518_기타자료/2015-01-30_24755_2013년도 복권판매사업 및 복권기금지원사업/02_목차_2013년도 복권판매사업 및 복권기금 지원사업 내역.hwp,34304,f21d01fa360671b215b3ea7b6299e4a1fe1c96aeb560d40d1a3ff37ce72959fa,downloaded,
518,기타자료,42,24762,FSL1004,2013년도 민간투자사업 운영현황 및 추진실적 등에 관한 보고서,2015-01-30,기획재정부,https://www.openfiscaldata.go.kr/op/ko/fd/UOPKOFDA02?pageIndex=1&pageSize=8&ofdBrdId=FSL1004&ofdBrdiSeq=24762&ofdBrdiDtsClsCd=518,목차,2013년도 민간투자사업 운영현황 및 추진실적 등에 관한 보고서,2013년 민간투자사업 운영현황 및 추진실적 등에 관한 보고서.hwp,FI000000002476221669,1,원문 없음: 표지를 제외한 제공 파일 다운로드,files/15_518_기타자료/2015-01-30_24762_2013년도 민간투자사업 운영현황 및 추진실적 등에 관한 보고서.hwp,592896,b56daa8c371dc4bf31d38686cfe0976c4514f1f5a1ebb8e785d66a07bd6b4602,downloaded,
518,기타자료,42,24754,FSL1004,2012년도 복권판매사업 및 복권기금지원사업,2015-01-29,기획재정부,https://www.openfiscaldata.go.kr/op/ko/fd/UOPKOFDA02?pageIndex=1&pageSize=8&ofdBrdId=FSL1004&ofdBrdiSeq=24754&ofdBrdiDtsClsCd=518,목차,2012년도 상반기 복권판매사업 및 복권기금 지원사업 내역,2012년도 상반기 복권판매사업 내역 및 복권기금 지원사업 내역.hwp,FI000000002475421659,1,원문 없음: 표지를 제외한 제공 파일 다운로드,files/15_518_기타자료/2015-01-29_24754_2012년도 복권판매사업 및 복권기금지원사업/01_목차_2012년도 상반기 복권판매사업 및 복권기금 지원사업 내역.hwp,31744,da4d84b340ace16a6915b0e64ddf85d254108d4084444b122349283cf671804b,downloaded,
518,기타자료,42,24754,FSL1004,2012년도 복권판매사업 및 복권기금지원사업,2015-01-29,기획재정부,https://www.openfiscaldata.go.kr/op/ko/fd/UOPKOFDA02?pageIndex=1&pageSize=8&ofdBrdId=FSL1004&ofdBrdiSeq=24754&ofdBrdiDtsClsCd=518,목차,2012년도 복권판매사업 및 복권기금 지원사업 내역,2012년도 복권판매사업 및 복권기금 지원사업 내역.hwp,FI000000002475421659,2,원문 없음: 표지를 제외한 제공 파일 다운로드,files/15_518_기타자료/2015-01-29_24754_2012년도 복권판매사업 및 복권기금지원사업/02_목차_2012년도 복권판매사업 및 복권기금 지원사업 내역.hwp,31744,e3057d8a072f7d93012297730525a4f6a4b57d38552a332ba27b4a2ff5ba8164,downloaded,
518,기타자료,42,24761,FSL1004,2012년도 민간투자사업 운영현황 및 추진실적 등에 관한 보고서,2015-01-29,기획재정부,https://www.openfiscaldata.go.kr/op/ko/fd/UOPKOFDA02?pageIndex=1&pageSize=8&ofdBrdId=FSL1004&ofdBrdiSeq=24761&ofdBrdiDtsClsCd=518,목차,2012년도 민간투자사업 운영현황 및 추진실적 등에 관한 보고서,2012년 민간투자사업 운영현황 및 추진실적 등에 관한 보고서.pdf,FI000000002476121668,1,원문 없음: 표지를 제외한 제공 파일 다운로드,files/15_518_기타자료/2015-01-29_24761_2012년도 민간투자사업 운영현황 및 추진실적 등에 관한 보고서.pdf,834293,ef150de16c8351cc7d7e43d3e4e1cec6fc5021d57fe66389f80957e09517bf14,downloaded,
518,기타자료,42,24803,FSL1004,2012년도 정부출자기관 정부배당 현황,2015-01-29,기획재정부,https://www.openfiscaldata.go.kr/op/ko/fd/UOPKOFDA02?pageIndex=1&pageSize=8&ofdBrdId=FSL1004&ofdBrdiSeq=24803&ofdBrdiDtsClsCd=518,목차,2012년도 정부출자기관 일반회계 배당실적,2012년도 정부출자기관 일반회계 배당실적.hwp,FI000000002480322045,1,원문 없음: 표지를 제외한 제공 파일 다운로드,files/15_518_기타자료/2015-01-29_24803_2012년도 정부출자기관 정부배당 현황.hwp,209920,26c6e55395fd8ec9c5ea9b34702059e85dc1cb7c7ac5c463e0509317f984e15d,downloaded,
518,기타자료,42,24760,FSL1004,2011년도 민간투자사업 운영현황 및 추진실적 등에 관한 보고서,2015-01-27,기획재정부,https://www.openfiscaldata.go.kr/op/ko/fd/UOPKOFDA02?pageIndex=1&pageSize=8&ofdBrdId=FSL1004&ofdBrdiSeq=24760&ofdBrdiDtsClsCd=518,목차,2011년도 민간투자사업 운영현황 및 추진실적 등에 관한 보고서,2011년 민간투자사업 운영현황 및 추진실적 등에 관한 보고서.pdf,FI000000002476021667,1,원문 없음: 표지를 제외한 제공 파일 다운로드,files/15_518_기타자료/2015-01-27_24760_2011년도 민간투자사업 운영현황 및 추진실적 등에 관한 보고서.pdf,9500218,7cc4d5327a8c4cf0d4d8f152da2930971980c44ab5d2f470e3d5398e274cf29f,downloaded,
518,기타자료,42,24802,FSL1004,2011년도 정부출자기관 정부배당 현황,2015-01-27,기획재정부,https://www.openfiscaldata.go.kr/op/ko/fd/UOPKOFDA02?pageIndex=1&pageSize=8&ofdBrdId=FSL1004&ofdBrdiSeq=24802&ofdBrdiDtsClsCd=518,목차,2011년도 정부출자기관 일반회계 배당실적,2011년도 정부출자기관 일반회계 배당실적.hwp,FI000000002480222044,1,원문 없음: 표지를 제외한 제공 파일 다운로드,files/15_518_기타자료/2015-01-27_24802_2011년도 정부출자기관 정부배당 현황.hwp,174080,5509b882abb0f290521ccfc4da2cf9fb68290787f4a4cd4327ca3bfb6f0a654e,downloaded,
518,기타자료,42,24753,FSL1004,2011년도 복권판매사업 및 복권기금지원사업,2015-01-27,기획재정부,https://www.openfiscaldata.go.kr/op/ko/fd/UOPKOFDA02?pageIndex=1&pageSize=8&ofdBrdId=FSL1004&ofdBrdiSeq=24753&ofdBrdiDtsClsCd=518,목차,2011년도 상반기 복권판매사업 및 복권기금 지원사업 내역,2011년도 상반기 복권판매사업 결과 및 복권기금 지원사업 내역.hwp,FI000000002475321657,1,원문 없음: 표지를 제외한 제공 파일 다운로드,files/15_518_기타자료/2015-01-27_24753_2011년도 복권판매사업 및 복권기금지원사업/01_목차_2011년도 상반기 복권판매사업 및 복권기금 지원사업 내역.hwp,30208,aed2893d19ce7ea20bbbc424398d4468791a868da43faf3ba8813d6fa1ab47c6,downloaded,
518,기타자료,42,24753,FSL1004,2011년도 복권판매사업 및 복권기금지원사업,2015-01-27,기획재정부,https://www.openfiscaldata.go.kr/op/ko/fd/UOPKOFDA02?pageIndex=1&pageSize=8&ofdBrdId=FSL1004&ofdBrdiSeq=24753&ofdBrdiDtsClsCd=518,목차,2011년도 복권판매사업 및 복권기금 지원사업 내역,2011년도 복권판매사업 및 복권기금 지원사업 내역.hwp,FI000000002475321657,2,원문 없음: 표지를 제외한 제공 파일 다운로드,files/15_518_기타자료/2015-01-27_24753_2011년도 복권판매사업 및 복권기금지원사업/02_목차_2011년도 복권판매사업 및 복권기금 지원사업 내역.hwp,31744,fe3907b56cee88ebd1885167cd6758e8e113ef0cccbcf00272aadb1a55b1b983,downloaded,
518,기타자료,42,24759,FSL1004,2010년도 민간투자사업 운영현황 및 추진실적 등에 관한 보고서,2015-01-26,기획재정부,https://www.openfiscaldata.go.kr/op/ko/fd/UOPKOFDA02?pageIndex=1&pageSize=8&ofdBrdId=FSL1004&ofdBrdiSeq=24759&ofdBrdiDtsClsCd=518,목차,2010년도 민간투자사업 운영현황 및 추진실적 등에 관한 보고서,2010년 민간투자사업 운영현황 및 추진실적 등에 관한 보고서.pdf,FI000000002475921666,1,원문 없음: 표지를 제외한 제공 파일 다운로드,files/15_518_기타자료/2015-01-26_24759_2010년도 민간투자사업 운영현황 및 추진실적 등에 관한 보고서.pdf,721077,200bbe06e8bdbc0ddb7a3e1de4bd37983c950a1196c9531e1674f715e3efc167,downloaded,
518,기타자료,42,24801,FSL1004,2010년도 정부출자기관 정부배당 현황,2015-01-26,기획재정부,https://www.openfiscaldata.go.kr/op/ko/fd/UOPKOFDA02?pageIndex=1&pageSize=8&ofdBrdId=FSL1004&ofdBrdiSeq=24801&ofdBrdiDtsClsCd=518,목차,2010년도 정부출자기관 배당 실적,2010년도 정부출자기관 배당 실적.hwp,FI000000002480122043,1,원문 없음: 표지를 제외한 제공 파일 다운로드,files/15_518_기타자료/2015-01-26_24801_2010년도 정부출자기관 정부배당 현황.hwp,122880,0bd181008e9d09f6683cb50c57a5d1d78e7e012f537d1c1ca3533bd50af64b02,downloaded,
518,기타자료,42,24752,FSL1004,2010년도 복권판매사업 및 복권기금지원사업,2015-01-26,기획재정부,https://www.openfiscaldata.go.kr/op/ko/fd/UOPKOFDA02?pageIndex=1&pageSize=8&ofdBrdId=FSL1004&ofdBrdiSeq=24752&ofdBrdiDtsClsCd=518,목차,2010년도 복권판매사업 및 복권기금 지원사업 내역,2010년도 복권판매사업 및 복권기금 지원사업 내역.hwp,FI000000002475221656,1,원문 없음: 표지를 제외한 제공 파일 다운로드,files/15_518_기타자료/2015-01-26_24752_2010년도 복권판매사업 및 복권기금지원사업.hwp,28672,00b9293222c300ac8c946997600c3173404049d5e870250b706f2fee23107d83,downloaded,
518,기타자료,42,24800,FSL1004,2009년도 정부출자기관 정부배당 현황,2015-01-24,기획재정부,https://www.openfiscaldata.go.kr/op/ko/fd/UOPKOFDA02?pageIndex=1&pageSize=8&ofdBrdId=FSL1004&ofdBrdiSeq=24800&ofdBrdiDtsClsCd=518,목차,2009년도 정부출자기관 배당 실적,2009년도 정부출자기관 배당 실적.hwp,FI000000002480022042,1,원문 없음: 표지를 제외한 제공 파일 다운로드,files/15_518_기타자료/2015-01-24_24800_2009년도 정부출자기관 정부배당 현황.hwp,241664,c614bcb8de1608ff06241c933d3f60455a4eb4254e8eb21d645778b48d0e1c65,downloaded,
518,기타자료,42,24758,FSL1004,2009년도 민간투자사업 운영현황 및 추진실적 등에 관한 보고서,2015-01-24,기획재정부,https://www.openfiscaldata.go.kr/op/ko/fd/UOPKOFDA02?pageIndex=1&pageSize=8&ofdBrdId=FSL1004&ofdBrdiSeq=24758&ofdBrdiDtsClsCd=518,목차,2009년도 민간투자사업 운영현황 및 추진실적 등에 관한 보고서,2009년 민간투자사업 운영현황 및 추진실적 등에 관한 보고서.pdf,FI000000002475821665,1,원문 없음: 표지를 제외한 제공 파일 다운로드,files/15_518_기타자료/2015-01-24_24758_2009년도 민간투자사업 운영현황 및 추진실적 등에 관한 보고서.pdf,978919,595d07267969f111645ab4b060e344842366b980eba5f04cfb5c2d3b8d55fd2f,downloaded,
518,기타자료,42,24757,FSL1004,2008년도 민간투자사업 운영현황 및 추진실적 등에 관한 보고서,2015-01-23,기획재정부,https://www.openfiscaldata.go.kr/op/ko/fd/UOPKOFDA02?pageIndex=1&pageSize=8&ofdBrdId=FSL1004&ofdBrdiSeq=24757&ofdBrdiDtsClsCd=518,목차,2008년도 민간투자사업 운영현황 및 추진실적 등에 관한 보고서,2008년 민간투자사업 운영현황 및 추진실적 등에 관한 보고서.pdf,FI000000002475721664,1,원문 없음: 표지를 제외한 제공 파일 다운로드,files/15_518_기타자료/2015-01-23_24757_2008년도 민간투자사업 운영현황 및 추진실적 등에 관한 보고서.pdf,965220,749d637f3a3fcd770fb4a943738055120dd06a2a973ab3bde6ced1a99086c5b2,downloaded,
