corpus,doc_id,title,fiscal_year,category,file_ext,path,exists,size,source_status,page_count,page_status,error,original_error,rhwp_bin,rhwp_version,rhwp_patch,elapsed_ms
UOPKOFDA01_publications,uopkofda01:501:2682:FI000000000026824509:4,2015년도 월간재정동향,2015,월간재정동향,hwp,openfiscal_publications/files/01_501_월간재정동향/2015-01-26_2682_2015년도 월간재정동향/04_목차_월간재정동향(15년04월).hwp,True,3318272,downloaded,89,counted_rhwp_lossy_utf16,,returncode=0; output_head='\n오류: HWP 파싱 실패 - 유효하지 않은 파일: DocInfo 오류: DocInfo IO 오류: UTF-16 디코딩 실패: invalid utf-16: lone surrogate found\n',/tmp/rhwp_lossy/target/release/rhwp,rhwp v0.7.17,byte_reader_read_utf16_string_from_utf16_lossy,113
UOPKOFDA01_publications,uopkofda01:501:44367:FI000000004436757916:3,2017년도 월간재정동향,2017,월간재정동향,hwp,openfiscal_publications/files/01_501_월간재정동향/2017-04-11_44367_2017년도 월간재정동향/03_목차_월간재정동향(17년3월).hwp,True,1990656,downloaded,93,counted_rhwp_lossy_utf16,,returncode=0; output_head='\n오류: HWP 파싱 실패 - 유효하지 않은 파일: DocInfo 오류: DocInfo IO 오류: UTF-16 디코딩 실패: invalid utf-16: lone surrogate found\n',/tmp/rhwp_lossy/target/release/rhwp,rhwp v0.7.17,byte_reader_read_utf16_string_from_utf16_lossy,112
UOPKOFDA01_publications,uopkofda01:501:44367:FI000000004436757916:9,2017년도 월간재정동향,2017,월간재정동향,hwp,openfiscal_publications/files/01_501_월간재정동향/2017-04-11_44367_2017년도 월간재정동향/09_목차_월간재정동향(17년9월).hwp,True,962048,downloaded,94,counted_rhwp_lossy_utf16,,returncode=0; output_head='\n오류: HWP 파싱 실패 - 유효하지 않은 파일: DocInfo 오류: DocInfo IO 오류: UTF-16 디코딩 실패: invalid utf-16: lone surrogate found\n',/tmp/rhwp_lossy/target/release/rhwp,rhwp v0.7.17,byte_reader_read_utf16_string_from_utf16_lossy,126
UOPKOFDA01_publications,uopkofda01:501:42756:FI000000004275654712:7,2016년도 월간재정동향,2016,월간재정동향,hwp,openfiscal_publications/files/01_501_월간재정동향/2016-01-13_42756_2016년도 월간재정동향/07_목차_월간재정동향(16년07월).hwp,True,1861632,downloaded,92,counted_rhwp_lossy_utf16,,returncode=0; output_head='\n오류: HWP 파싱 실패 - 유효하지 않은 파일: DocInfo 오류: DocInfo IO 오류: UTF-16 디코딩 실패: invalid utf-16: lone surrogate found\n',/tmp/rhwp_lossy/target/release/rhwp,rhwp v0.7.17,byte_reader_read_utf16_string_from_utf16_lossy,127
UOPKOFDA01_publications,uopkofda01:501:44367:FI000000004436757916:7,2017년도 월간재정동향,2017,월간재정동향,hwp,openfiscal_publications/files/01_501_월간재정동향/2017-04-11_44367_2017년도 월간재정동향/07_목차_월간재정동향(17년7월).hwp,True,869376,downloaded,93,counted_rhwp_lossy_utf16,,returncode=0; output_head='\n오류: HWP 파싱 실패 - 유효하지 않은 파일: DocInfo 오류: DocInfo IO 오류: UTF-16 디코딩 실패: invalid utf-16: lone surrogate found\n',/tmp/rhwp_lossy/target/release/rhwp,rhwp v0.7.17,byte_reader_read_utf16_string_from_utf16_lossy,125
UOPKOFDA01_publications,uopkofda01:501:44367:FI000000004436757916:6,2017년도 월간재정동향,2017,월간재정동향,hwp,openfiscal_publications/files/01_501_월간재정동향/2017-04-11_44367_2017년도 월간재정동향/06_목차_월간재정동향(17년6월).hwp,True,1111552,downloaded,93,counted_rhwp_lossy_utf16,,returncode=0; output_head='\n오류: HWP 파싱 실패 - 유효하지 않은 파일: DocInfo 오류: DocInfo IO 오류: UTF-16 디코딩 실패: invalid utf-16: lone surrogate found\n',/tmp/rhwp_lossy/target/release/rhwp,rhwp v0.7.17,byte_reader_read_utf16_string_from_utf16_lossy,127
UOPKOFDA01_publications,uopkofda01:501:44367:FI000000004436757916:11,2017년도 월간재정동향,2017,월간재정동향,hwp,openfiscal_publications/files/01_501_월간재정동향/2017-04-11_44367_2017년도 월간재정동향/11_목차_월간재정동향(17년11월).hwp,True,911872,downloaded,92,counted_rhwp_lossy_utf16,,returncode=0; output_head='\n오류: HWP 파싱 실패 - 유효하지 않은 파일: DocInfo 오류: DocInfo IO 오류: UTF-16 디코딩 실패: invalid utf-16: lone surrogate found\n',/tmp/rhwp_lossy/target/release/rhwp,rhwp v0.7.17,byte_reader_read_utf16_string_from_utf16_lossy,130
UOPKOFDA01_publications,uopkofda01:501:45406:FI000000004540659007:7,2018년 월간재정동향 1월호,2018,월간재정동향,hwp,openfiscal_publications/files/01_501_월간재정동향/2018-01-12_45406_2018년 월간재정동향 1월호.hwp,True,920064,downloaded,92,counted_rhwp_lossy_utf16,,returncode=0; output_head='\n오류: HWP 파싱 실패 - 유효하지 않은 파일: DocInfo 오류: DocInfo IO 오류: UTF-16 디코딩 실패: invalid utf-16: lone surrogate found\n',/tmp/rhwp_lossy/target/release/rhwp,rhwp v0.7.17,byte_reader_read_utf16_string_from_utf16_lossy,131
UOPKOFDA01_publications,uopkofda01:501:44367:FI000000004436757916:12,2017년도 월간재정동향,2017,월간재정동향,hwp,openfiscal_publications/files/01_501_월간재정동향/2017-04-11_44367_2017년도 월간재정동향/12_목차_월간재정동향(17년12월).hwp,True,915968,downloaded,93,counted_rhwp_lossy_utf16,,returncode=0; output_head='\n오류: HWP 파싱 실패 - 유효하지 않은 파일: DocInfo 오류: DocInfo IO 오류: UTF-16 디코딩 실패: invalid utf-16: lone surrogate found\n',/tmp/rhwp_lossy/target/release/rhwp,rhwp v0.7.17,byte_reader_read_utf16_string_from_utf16_lossy,130
UOPKOFDA01_publications,uopkofda01:501:42756:FI000000004275654712:3,2016년도 월간재정동향,2016,월간재정동향,hwp,openfiscal_publications/files/01_501_월간재정동향/2016-01-13_42756_2016년도 월간재정동향/03_목차_월간재정동향(16년03월).hwp,True,1976320,downloaded,90,counted_rhwp_lossy_utf16,,returncode=0; output_head='\n오류: HWP 파싱 실패 - 유효하지 않은 파일: DocInfo 오류: DocInfo IO 오류: UTF-16 디코딩 실패: invalid utf-16: lone surrogate found\n',/tmp/rhwp_lossy/target/release/rhwp,rhwp v0.7.17,byte_reader_read_utf16_string_from_utf16_lossy,129
UOPKOFDA01_publications,uopkofda01:501:44367:FI000000004436757916:8,2017년도 월간재정동향,2017,월간재정동향,hwp,openfiscal_publications/files/01_501_월간재정동향/2017-04-11_44367_2017년도 월간재정동향/08_목차_월간재정동향(17년8월).hwp,True,809984,downloaded,94,counted_rhwp_lossy_utf16,,returncode=0; output_head='\n오류: HWP 파싱 실패 - 유효하지 않은 파일: DocInfo 오류: DocInfo IO 오류: UTF-16 디코딩 실패: invalid utf-16: lone surrogate found\n',/tmp/rhwp_lossy/target/release/rhwp,rhwp v0.7.17,byte_reader_read_utf16_string_from_utf16_lossy,130
UOPKOFDA01_publications,uopkofda01:501:42756:FI000000004275654712:4,2016년도 월간재정동향,2016,월간재정동향,hwp,openfiscal_publications/files/01_501_월간재정동향/2016-01-13_42756_2016년도 월간재정동향/04_목차_월간재정동향(16년04월).hwp,True,1824768,downloaded,96,counted_rhwp_lossy_utf16,,returncode=0; output_head='\n오류: HWP 파싱 실패 - 유효하지 않은 파일: DocInfo 오류: DocInfo IO 오류: UTF-16 디코딩 실패: invalid utf-16: lone surrogate found\n',/tmp/rhwp_lossy/target/release/rhwp,rhwp v0.7.17,byte_reader_read_utf16_string_from_utf16_lossy,132
UOPKOFDA01_publications,uopkofda01:501:42756:FI000000004275654712:5,2016년도 월간재정동향,2016,월간재정동향,hwp,openfiscal_publications/files/01_501_월간재정동향/2016-01-13_42756_2016년도 월간재정동향/05_목차_월간재정동향(16년05월).hwp,True,1843712,downloaded,96,counted_rhwp_lossy_utf16,,returncode=0; output_head='\n오류: HWP 파싱 실패 - 유효하지 않은 파일: DocInfo 오류: DocInfo IO 오류: UTF-16 디코딩 실패: invalid utf-16: lone surrogate found\n',/tmp/rhwp_lossy/target/release/rhwp,rhwp v0.7.17,byte_reader_read_utf16_string_from_utf16_lossy,134
UOPKOFDA01_publications,uopkofda01:501:44367:FI000000004436757916:10,2017년도 월간재정동향,2017,월간재정동향,hwp,openfiscal_publications/files/01_501_월간재정동향/2017-04-11_44367_2017년도 월간재정동향/10_목차_월간재정동향(17년10월).hwp,True,911872,downloaded,92,counted_rhwp_lossy_utf16,,returncode=0; output_head='\n오류: HWP 파싱 실패 - 유효하지 않은 파일: DocInfo 오류: DocInfo IO 오류: UTF-16 디코딩 실패: invalid utf-16: lone surrogate found\n',/tmp/rhwp_lossy/target/release/rhwp,rhwp v0.7.17,byte_reader_read_utf16_string_from_utf16_lossy,132
UOPKOFDA01_publications,uopkofda01:501:42756:FI000000004275654712:2,2016년도 월간재정동향,2016,월간재정동향,hwp,openfiscal_publications/files/01_501_월간재정동향/2016-01-13_42756_2016년도 월간재정동향/02_목차_월간재정동향(16년02월).hwp,True,2025984,downloaded,92,counted_rhwp_lossy_utf16,,returncode=0; output_head='\n오류: HWP 파싱 실패 - 유효하지 않은 파일: DocInfo 오류: DocInfo IO 오류: UTF-16 디코딩 실패: invalid utf-16: lone surrogate found\n',/tmp/rhwp_lossy/target/release/rhwp,rhwp v0.7.17,byte_reader_read_utf16_string_from_utf16_lossy,133
UOPKOFDA01_publications,uopkofda01:501:42756:FI000000004275654712:12,2016년도 월간재정동향,2016,월간재정동향,hwp,openfiscal_publications/files/01_501_월간재정동향/2016-01-13_42756_2016년도 월간재정동향/12_목차_월간재정동향(16년12월).hwp,True,1939456,downloaded,91,counted_rhwp_lossy_utf16,,returncode=0; output_head='\n오류: HWP 파싱 실패 - 유효하지 않은 파일: DocInfo 오류: DocInfo IO 오류: UTF-16 디코딩 실패: invalid utf-16: lone surrogate found\n',/tmp/rhwp_lossy/target/release/rhwp,rhwp v0.7.17,byte_reader_read_utf16_string_from_utf16_lossy,133
UOPKOFDA01_publications,uopkofda01:501:2682:FI000000000026824509:5,2015년도 월간재정동향,2015,월간재정동향,hwp,openfiscal_publications/files/01_501_월간재정동향/2015-01-26_2682_2015년도 월간재정동향/05_목차_월간재정동향(15년05월).hwp,True,1909760,downloaded,86,counted_rhwp_lossy_utf16,,returncode=0; output_head='\n오류: HWP 파싱 실패 - 유효하지 않은 파일: DocInfo 오류: DocInfo IO 오류: UTF-16 디코딩 실패: invalid utf-16: lone surrogate found\n',/tmp/rhwp_lossy/target/release/rhwp,rhwp v0.7.17,byte_reader_read_utf16_string_from_utf16_lossy,109
UOPKOFDA01_publications,uopkofda01:501:2682:FI000000000026824509:6,2015년도 월간재정동향,2015,월간재정동향,hwp,openfiscal_publications/files/01_501_월간재정동향/2015-01-26_2682_2015년도 월간재정동향/06_목차_월간재정동향(15년06월).hwp,True,2667008,downloaded,87,counted_rhwp_lossy_utf16,,returncode=0; output_head='\n오류: HWP 파싱 실패 - 유효하지 않은 파일: DocInfo 오류: DocInfo IO 오류: UTF-16 디코딩 실패: invalid utf-16: lone surrogate found\n',/tmp/rhwp_lossy/target/release/rhwp,rhwp v0.7.17,byte_reader_read_utf16_string_from_utf16_lossy,110
UOPKOFDA01_publications,uopkofda01:501:42756:FI000000004275654712:9,2016년도 월간재정동향,2016,월간재정동향,hwp,openfiscal_publications/files/01_501_월간재정동향/2016-01-13_42756_2016년도 월간재정동향/09_목차_월간재정동향(16년09월).hwp,True,1878528,downloaded,94,counted_rhwp_lossy_utf16,,returncode=0; output_head='\n오류: HWP 파싱 실패 - 유효하지 않은 파일: DocInfo 오류: DocInfo IO 오류: UTF-16 디코딩 실패: invalid utf-16: lone surrogate found\n',/tmp/rhwp_lossy/target/release/rhwp,rhwp v0.7.17,byte_reader_read_utf16_string_from_utf16_lossy,130
UOPKOFDA01_publications,uopkofda01:501:44367:FI000000004436757916:1,2017년도 월간재정동향,2017,월간재정동향,hwp,openfiscal_publications/files/01_501_월간재정동향/2017-04-11_44367_2017년도 월간재정동향/01_목차_월간재정동향(17년1월).hwp,True,1977856,downloaded,95,counted_rhwp_lossy_utf16,,returncode=0; output_head='\n오류: HWP 파싱 실패 - 유효하지 않은 파일: DocInfo 오류: DocInfo IO 오류: UTF-16 디코딩 실패: invalid utf-16: lone surrogate found\n',/tmp/rhwp_lossy/target/release/rhwp,rhwp v0.7.17,byte_reader_read_utf16_string_from_utf16_lossy,130
UOPKOFDA01_publications,uopkofda01:501:44367:FI000000004436757916:5,2017년도 월간재정동향,2017,월간재정동향,hwp,openfiscal_publications/files/01_501_월간재정동향/2017-04-11_44367_2017년도 월간재정동향/05_목차_월간재정동향(17년5월).hwp,True,848384,downloaded,96,counted_rhwp_lossy_utf16,,returncode=0; output_head='\n오류: HWP 파싱 실패 - 유효하지 않은 파일: DocInfo 오류: DocInfo IO 오류: UTF-16 디코딩 실패: invalid utf-16: lone surrogate found\n',/tmp/rhwp_lossy/target/release/rhwp,rhwp v0.7.17,byte_reader_read_utf16_string_from_utf16_lossy,121
UOPKOFDA01_publications,uopkofda01:501:42756:FI000000004275654712:8,2016년도 월간재정동향,2016,월간재정동향,hwp,openfiscal_publications/files/01_501_월간재정동향/2016-01-13_42756_2016년도 월간재정동향/08_목차_월간재정동향(16년08월).hwp,True,1858048,downloaded,92,counted_rhwp_lossy_utf16,,returncode=0; output_head='\n오류: HWP 파싱 실패 - 유효하지 않은 파일: DocInfo 오류: DocInfo IO 오류: UTF-16 디코딩 실패: invalid utf-16: lone surrogate found\n',/tmp/rhwp_lossy/target/release/rhwp,rhwp v0.7.17,byte_reader_read_utf16_string_from_utf16_lossy,125
UOPKOFDA01_publications,uopkofda01:501:44367:FI000000004436757916:4,2017년도 월간재정동향,2017,월간재정동향,hwp,openfiscal_publications/files/01_501_월간재정동향/2017-04-11_44367_2017년도 월간재정동향/04_목차_월간재정동향(17년4월).hwp,True,1862656,downloaded,96,counted_rhwp_lossy_utf16,,returncode=0; output_head='\n오류: HWP 파싱 실패 - 유효하지 않은 파일: DocInfo 오류: DocInfo IO 오류: UTF-16 디코딩 실패: invalid utf-16: lone surrogate found\n',/tmp/rhwp_lossy/target/release/rhwp,rhwp v0.7.17,byte_reader_read_utf16_string_from_utf16_lossy,129
UOPKOFDA01_publications,uopkofda01:501:2682:FI000000000026824509:7,2015년도 월간재정동향,2015,월간재정동향,hwp,openfiscal_publications/files/01_501_월간재정동향/2015-01-26_2682_2015년도 월간재정동향/07_목차_월간재정동향(15년07월).hwp,True,2012672,downloaded,89,counted_rhwp_lossy_utf16,,returncode=0; output_head='\n오류: HWP 파싱 실패 - 유효하지 않은 파일: DocInfo 오류: DocInfo IO 오류: UTF-16 디코딩 실패: invalid utf-16: lone surrogate found\n',/tmp/rhwp_lossy/target/release/rhwp,rhwp v0.7.17,byte_reader_read_utf16_string_from_utf16_lossy,121
UOPKOFDA01_publications,uopkofda01:501:2682:FI000000000026824509:3,2015년도 월간재정동향,2015,월간재정동향,hwp,openfiscal_publications/files/01_501_월간재정동향/2015-01-26_2682_2015년도 월간재정동향/03_목차_월간재정동향(15년03월).hwp,True,2929664,downloaded,86,counted_rhwp_lossy_utf16,,returncode=0; output_head='\n오류: HWP 파싱 실패 - 유효하지 않은 파일: DocInfo 오류: DocInfo IO 오류: UTF-16 디코딩 실패: invalid utf-16: lone surrogate found\n',/tmp/rhwp_lossy/target/release/rhwp,rhwp v0.7.17,byte_reader_read_utf16_string_from_utf16_lossy,125
UOPKOFDA01_publications,uopkofda01:501:42756:FI000000004275654712:11,2016년도 월간재정동향,2016,월간재정동향,hwp,openfiscal_publications/files/01_501_월간재정동향/2016-01-13_42756_2016년도 월간재정동향/11_목차_월간재정동향(16년11월).hwp,True,1937920,downloaded,93,counted_rhwp_lossy_utf16,,returncode=0; output_head='\n오류: HWP 파싱 실패 - 유효하지 않은 파일: DocInfo 오류: DocInfo IO 오류: UTF-16 디코딩 실패: invalid utf-16: lone surrogate found\n',/tmp/rhwp_lossy/target/release/rhwp,rhwp v0.7.17,byte_reader_read_utf16_string_from_utf16_lossy,129
UOPKOFDA03_report_documents,uopkofda03:C2220000000000000001:647,2017년도 성과계획서(02. 대통령경호실).hwp,2017,성과관리>성과계획서(안),hwp,openfiscal_report_documents/files/성과관리/성과계획서(안)/2017년도 성과계획서(02. 대통령경호실).hwp,True,69632,downloaded,,error_rhwp_lossy_utf16,returncode=0; output_head='\n오류: HWP 파싱 실패 - 유효하지 않은 파일: 암호화된 문서는 지원하지 않습니다\n',returncode=0; output_head='\n오류: HWP 파싱 실패 - 유효하지 않은 파일: 암호화된 문서는 지원하지 않습니다\n',/tmp/rhwp_lossy/target/release/rhwp,rhwp v0.7.17,byte_reader_read_utf16_string_from_utf16_lossy,2
UOPKOFDA03_report_documents,uopkofda03:C2220000000000000001:625,2018년도 성과계획서(16.국방부).hwp,2018,성과관리>성과계획서(안),hwp,openfiscal_report_documents/files/성과관리/성과계획서(안)/2018년도 성과계획서(16.국방부).hwp,True,1119744,downloaded,,error_rhwp_lossy_utf16,returncode=0; output_head='\n오류: HWP 파싱 실패 - 유효하지 않은 파일: 암호화된 문서는 지원하지 않습니다\n',returncode=0; output_head='\n오류: HWP 파싱 실패 - 유효하지 않은 파일: 암호화된 문서는 지원하지 않습니다\n',/tmp/rhwp_lossy/target/release/rhwp,rhwp v0.7.17,byte_reader_read_utf16_string_from_utf16_lossy,4
UOPKOFDA01_publications,uopkofda01:501:44367:FI000000004436757916:2,2017년도 월간재정동향,2017,월간재정동향,hwp,openfiscal_publications/files/01_501_월간재정동향/2017-04-11_44367_2017년도 월간재정동향/02_목차_월간재정동향(17년2월).hwp,True,1885696,downloaded,94,counted_rhwp_lossy_utf16,,returncode=0; output_head='\n오류: HWP 파싱 실패 - 유효하지 않은 파일: DocInfo 오류: DocInfo IO 오류: UTF-16 디코딩 실패: invalid utf-16: lone surrogate found\n',/tmp/rhwp_lossy/target/release/rhwp,rhwp v0.7.17,byte_reader_read_utf16_string_from_utf16_lossy,130
UOPKOFDA01_publications,uopkofda01:501:2682:FI000000000026824509:8,2015년도 월간재정동향,2015,월간재정동향,hwp,openfiscal_publications/files/01_501_월간재정동향/2015-01-26_2682_2015년도 월간재정동향/08_목차_월간재정동향(15년08월).hwp,True,2895872,downloaded,89,counted_rhwp_lossy_utf16,,returncode=0; output_head='\n오류: HWP 파싱 실패 - 유효하지 않은 파일: DocInfo 오류: DocInfo IO 오류: UTF-16 디코딩 실패: invalid utf-16: lone surrogate found\n',/tmp/rhwp_lossy/target/release/rhwp,rhwp v0.7.17,byte_reader_read_utf16_string_from_utf16_lossy,125
UOPKOFDA01_publications,uopkofda01:501:42756:FI000000004275654712:6,2016년도 월간재정동향,2016,월간재정동향,hwp,openfiscal_publications/files/01_501_월간재정동향/2016-01-13_42756_2016년도 월간재정동향/06_목차_월간재정동향(16년06월).hwp,True,1854464,downloaded,95,counted_rhwp_lossy_utf16,,returncode=0; output_head='\n오류: HWP 파싱 실패 - 유효하지 않은 파일: DocInfo 오류: DocInfo IO 오류: UTF-16 디코딩 실패: invalid utf-16: lone surrogate found\n',/tmp/rhwp_lossy/target/release/rhwp,rhwp v0.7.17,byte_reader_read_utf16_string_from_utf16_lossy,130
UOPKOFDA01_publications,uopkofda01:501:2682:FI000000000026824509:9,2015년도 월간재정동향,2015,월간재정동향,hwp,openfiscal_publications/files/01_501_월간재정동향/2015-01-26_2682_2015년도 월간재정동향/09_목차_월간재정동향(15년09월).hwp,True,1832448,downloaded,88,counted_rhwp_lossy_utf16,,returncode=0; output_head='\n오류: HWP 파싱 실패 - 유효하지 않은 파일: DocInfo 오류: DocInfo IO 오류: UTF-16 디코딩 실패: invalid utf-16: lone surrogate found\n',/tmp/rhwp_lossy/target/release/rhwp,rhwp v0.7.17,byte_reader_read_utf16_string_from_utf16_lossy,129
UOPKOFDA01_publications,uopkofda01:501:2682:FI000000000026824509:10,2015년도 월간재정동향,2015,월간재정동향,hwp,openfiscal_publications/files/01_501_월간재정동향/2015-01-26_2682_2015년도 월간재정동향/10_목차_월간재정동향(15년10월).hwp,True,1852416,downloaded,88,counted_rhwp_lossy_utf16,,returncode=0; output_head='\n오류: HWP 파싱 실패 - 유효하지 않은 파일: DocInfo 오류: DocInfo IO 오류: UTF-16 디코딩 실패: invalid utf-16: lone surrogate found\n',/tmp/rhwp_lossy/target/release/rhwp,rhwp v0.7.17,byte_reader_read_utf16_string_from_utf16_lossy,127
UOPKOFDA01_publications,uopkofda01:501:42756:FI000000004275654712:1,2016년도 월간재정동향,2016,월간재정동향,hwp,openfiscal_publications/files/01_501_월간재정동향/2016-01-13_42756_2016년도 월간재정동향/01_목차_월간재정동향(16년01월).hwp,True,2154496,downloaded,92,counted_rhwp_lossy_utf16,,returncode=0; output_head='\n오류: HWP 파싱 실패 - 유효하지 않은 파일: DocInfo 오류: DocInfo IO 오류: UTF-16 디코딩 실패: invalid utf-16: lone surrogate found\n',/tmp/rhwp_lossy/target/release/rhwp,rhwp v0.7.17,byte_reader_read_utf16_string_from_utf16_lossy,134
UOPKOBSA01_saybrkd,uopkobsa01:2023:162:2200:2231:751,과학기술정보통신부_울산과학기술원 BTL 정부지급금 지원.hwp,2023,과학기술정보통신부>교육>고등교육>과학기술인력양성>직할출연연구기관지원>울산과학기술원 BTL 정부지급금 지원,hwp,saybrkd-corpus-20260630/data/openfiscaldata/saybrkd/2023/2023162110000522231751.hwp,True,134144,ok,6,counted_rhwp_lossy_utf16,,returncode=0; output_head='\n오류: HWP 파싱 실패 - 유효하지 않은 파일: DocInfo 오류: DocInfo IO 오류: UTF-16 디코딩 실패: invalid utf-16: lone surrogate found\n',/tmp/rhwp_lossy/target/release/rhwp,rhwp v0.7.17,byte_reader_read_utf16_string_from_utf16_lossy,11
UOPKOBSA01_saybrkd,uopkobsa01:2023:162:2200:2240:300,과학기술정보통신부_우수학생 국가장학금지원.hwp,2023,과학기술정보통신부>교육>고등교육>과학기술인력양성>우수학생 국가장학 사업>우수학생 국가장학금지원,hwp,saybrkd-corpus-20260630/data/openfiscaldata/saybrkd/2023/2023162110000522240300.hwp,True,147968,ok,10,counted_rhwp_lossy_utf16,,returncode=0; output_head='\n오류: HWP 파싱 실패 - 유효하지 않은 파일: DocInfo 오류: DocInfo IO 오류: UTF-16 디코딩 실패: invalid utf-16: lone surrogate found\n',/tmp/rhwp_lossy/target/release/rhwp,rhwp v0.7.17,byte_reader_read_utf16_string_from_utf16_lossy,9
UOPKOBSA01_saybrkd,uopkobsa01:2023:162:1900:1946:501,과학기술정보통신부_국제IT협력프로젝트운영(정보화).hwp,2023,과학기술정보통신부>일반·지방행정>정부자원관리>국가사회정보화>국제사회정보화선도국가위상강화(정보화)>국제IT협력프로젝트운영(정보화),hwp,saybrkd-corpus-20260630/data/openfiscaldata/saybrkd/2023/2023162110000151946501.hwp,True,168960,ok,12,counted_rhwp_lossy_utf16,,returncode=0; output_head='\n오류: HWP 파싱 실패 - 유효하지 않은 파일: DocInfo 오류: DocInfo IO 오류: UTF-16 디코딩 실패: invalid utf-16: lone surrogate found\n',/tmp/rhwp_lossy/target/release/rhwp,rhwp v0.7.17,byte_reader_read_utf16_string_from_utf16_lossy,16
UOPKOBSA01_saybrkd,uopkobsa01:2023:162:1900:1935:503,과학기술정보통신부_전자서명인증(정보화).hwp,2023,과학기술정보통신부>일반·지방행정>정부자원관리>국가사회정보화>정보보호체계강화(정보화)>전자서명인증(정보화),hwp,saybrkd-corpus-20260630/data/openfiscaldata/saybrkd/2023/2023162110000151935503.hwp,True,681984,ok,17,counted_rhwp_lossy_utf16,,returncode=0; output_head='\n오류: HWP 파싱 실패 - 유효하지 않은 파일: DocInfo 오류: DocInfo IO 오류: UTF-16 디코딩 실패: invalid utf-16: lone surrogate found\n',/tmp/rhwp_lossy/target/release/rhwp,rhwp v0.7.17,byte_reader_read_utf16_string_from_utf16_lossy,16
UOPKOBSA01_saybrkd,uopkobsa01:2023:162:1900:1948:500,과학기술정보통신부_한국지능정보사회진흥원운영지원(정보화).hwp,2023,과학기술정보통신부>일반·지방행정>정부자원관리>국가사회정보화>산하기관운영지원(정보화)>한국지능정보사회진흥원운영지원(정보화),hwp,saybrkd-corpus-20260630/data/openfiscaldata/saybrkd/2023/2023162110000151948500.hwp,True,139776,ok,7,counted_rhwp_lossy_utf16,,returncode=0; output_head='\n오류: HWP 파싱 실패 - 유효하지 않은 파일: DocInfo 오류: DocInfo IO 오류: UTF-16 디코딩 실패: invalid utf-16: lone surrogate found\n',/tmp/rhwp_lossy/target/release/rhwp,rhwp v0.7.17,byte_reader_read_utf16_string_from_utf16_lossy,14
UOPKOBSA01_saybrkd,uopkobsa01:2023:162:7000:7034:301,과학기술정보통신부_국가지식재산위원회 운영.hwp,2023,과학기술정보통신부>일반·지방행정>국정운영>과학기술정보통신부운영지원>미래대비 역량 강화>국가지식재산위원회 운영,hwp,saybrkd-corpus-20260630/data/openfiscaldata/saybrkd/2023/2023162110000127034301.hwp,True,175616,ok,21,counted_rhwp_lossy_utf16,,returncode=0; output_head='\n오류: HWP 파싱 실패 - 유효하지 않은 파일: DocInfo 오류: DocInfo IO 오류: UTF-16 디코딩 실패: invalid utf-16: lone surrogate found\n',/tmp/rhwp_lossy/target/release/rhwp,rhwp v0.7.17,byte_reader_read_utf16_string_from_utf16_lossy,22
UOPKOBSA01_saybrkd,uopkobsa01:2023:162:1900:1945:504,과학기술정보통신부_건전정보문화조성(정보화).hwp,2023,과학기술정보통신부>일반·지방행정>정부자원관리>국가사회정보화>생산적정보문화조성(정보화)>건전정보문화조성(정보화),hwp,saybrkd-corpus-20260630/data/openfiscaldata/saybrkd/2023/2023162110000151945504.hwp,True,182784,ok,13,counted_rhwp_lossy_utf16,,returncode=0; output_head='\n오류: HWP 파싱 실패 - 유효하지 않은 파일: DocInfo 오류: DocInfo IO 오류: UTF-16 디코딩 실패: invalid utf-16: lone surrogate found\n',/tmp/rhwp_lossy/target/release/rhwp,rhwp v0.7.17,byte_reader_read_utf16_string_from_utf16_lossy,21
UOPKOBSA01_saybrkd,uopkobsa01:2023:162:1900:1946:507,과학기술정보통신부_국가정보화의 효율적 관리 및 지원(정보화).hwp,2023,과학기술정보통신부>일반·지방행정>정부자원관리>국가사회정보화>국제사회정보화선도국가위상강화(정보화)>국가정보화의 효율적 관리 및 지원(정보화),hwp,saybrkd-corpus-20260630/data/openfiscaldata/saybrkd/2023/2023162110000151946507.hwp,True,193024,ok,21,counted_rhwp_lossy_utf16,,returncode=0; output_head='\n오류: HWP 파싱 실패 - 유효하지 않은 파일: DocInfo 오류: DocInfo IO 오류: UTF-16 디코딩 실패: invalid utf-16: lone surrogate found\n',/tmp/rhwp_lossy/target/release/rhwp,rhwp v0.7.17,byte_reader_read_utf16_string_from_utf16_lossy,27
UOPKOBSA01_saybrkd,uopkobsa01:2023:162:1900:1945:501,과학기술정보통신부_디지털 격차해소 기반 조성(정보화).hwp,2023,과학기술정보통신부>일반·지방행정>정부자원관리>국가사회정보화>생산적정보문화조성(정보화)>디지털 격차해소 기반 조성(정보화),hwp,saybrkd-corpus-20260630/data/openfiscaldata/saybrkd/2023/2023162110000151945501.hwp,True,327680,ok,17,counted_rhwp_lossy_utf16,,returncode=0; output_head='\n오류: HWP 파싱 실패 - 유효하지 않은 파일: DocInfo 오류: DocInfo IO 오류: UTF-16 디코딩 실패: invalid utf-16: lone surrogate found\n',/tmp/rhwp_lossy/target/release/rhwp,rhwp v0.7.17,byte_reader_read_utf16_string_from_utf16_lossy,31
UOPKOBSA01_saybrkd,uopkobsa01:2023:162:1100:1131:320,과학기술정보통신부_1인 미디어 콤플렉스 조성.hwp,2023,과학기술정보통신부>문화및관광>문화예술>콘텐츠방송산업육성>콘텐츠 진흥>1인 미디어 콤플렉스 조성,hwp,saybrkd-corpus-20260630/data/openfiscaldata/saybrkd/2023/2023162110000611131320.hwp,True,377856,ok,9,counted_rhwp_lossy_utf16,,returncode=0; output_head='\n오류: HWP 파싱 실패 - 유효하지 않은 파일: DocInfo 오류: DocInfo IO 오류: UTF-16 디코딩 실패: invalid utf-16: lone surrogate found\n',/tmp/rhwp_lossy/target/release/rhwp,rhwp v0.7.17,byte_reader_read_utf16_string_from_utf16_lossy,26
UOPKOBSA01_saybrkd,uopkobsa01:2023:162:2000:2037:301,과학기술정보통신부_정보통신산업진흥원지원(정보화).hwp,2023,과학기술정보통신부>산업·중소기업및에너지>산업혁신지원>인터넷융합산업>IT활용기반구축>정보통신산업진흥원지원(정보화),hwp,saybrkd-corpus-20260630/data/openfiscaldata/saybrkd/2023/2023162110001172037301.hwp,True,138240,ok,8,counted_rhwp_lossy_utf16,,returncode=0; output_head='\n오류: HWP 파싱 실패 - 유효하지 않은 파일: DocInfo 오류: DocInfo IO 오류: UTF-16 디코딩 실패: invalid utf-16: lone surrogate found\n',/tmp/rhwp_lossy/target/release/rhwp,rhwp v0.7.17,byte_reader_read_utf16_string_from_utf16_lossy,16
UOPKOBSA01_saybrkd,uopkobsa01:2023:162:1900:1946:505,과학기술정보통신부_국제기구를 통한 정보화분야 해외진출지원(정보화).hwp,2023,과학기술정보통신부>일반·지방행정>정부자원관리>국가사회정보화>국제사회정보화선도국가위상강화(정보화)>국제기구를 통한 정보화분야 해외진출지원(정보화),hwp,saybrkd-corpus-20260630/data/openfiscaldata/saybrkd/2023/2023162110000151946505.hwp,True,162816,ok,8,counted_rhwp_lossy_utf16,,returncode=0; output_head='\n오류: HWP 파싱 실패 - 유효하지 않은 파일: DocInfo 오류: DocInfo IO 오류: UTF-16 디코딩 실패: invalid utf-16: lone surrogate found\n',/tmp/rhwp_lossy/target/release/rhwp,rhwp v0.7.17,byte_reader_read_utf16_string_from_utf16_lossy,17
UOPKOBSA01_saybrkd,uopkobsa01:2023:162:1900:1943:306,과학기술정보통신부_공공업무 프로세스 자동화·지능화 프로젝트(정보화).hwp,2023,과학기술정보통신부>일반·지방행정>정부자원관리>국가사회정보화>공공서비스신기술적용촉진(정보화)>공공업무 프로세스 자동화·지능화 프로젝트(정보화),hwp,saybrkd-corpus-20260630/data/openfiscaldata/saybrkd/2023/2023162110000151943306.hwp,True,294400,ok,10,counted_rhwp_lossy_utf16,,returncode=0; output_head='\n오류: HWP 파싱 실패 - 유효하지 않은 파일: DocInfo 오류: DocInfo IO 오류: UTF-16 디코딩 실패: invalid utf-16: lone surrogate found\n',/tmp/rhwp_lossy/target/release/rhwp,rhwp v0.7.17,byte_reader_read_utf16_string_from_utf16_lossy,16
UOPKOBSA01_saybrkd,uopkobsa01:2023:162:1100:1131:503,과학기술정보통신부_XR인터페이스핵심원천기술개발(R&D).hwp,2023,과학기술정보통신부>문화및관광>문화예술>콘텐츠방송산업육성>콘텐츠 진흥>XR인터페이스핵심원천기술개발(R&D),hwp,saybrkd-corpus-20260630/data/openfiscaldata/saybrkd/2023/2023162110000611131503.hwp,True,879616,ok,7,counted_rhwp_lossy_utf16,,returncode=0; output_head='\n오류: HWP 파싱 실패 - 유효하지 않은 파일: DocInfo 오류: DocInfo IO 오류: UTF-16 디코딩 실패: invalid utf-16: lone surrogate found\n',/tmp/rhwp_lossy/target/release/rhwp,rhwp v0.7.17,byte_reader_read_utf16_string_from_utf16_lossy,22
UOPKOBSA01_saybrkd,uopkobsa01:2023:162:2500:2531:301,과학기술정보통신부_전파방송관리(정보화).hwp,2023,과학기술정보통신부>통신>방송통신>전파활용방송서비스산업>전파방송산업 활성화(일반)>전파방송관리(정보화),hwp,saybrkd-corpus-20260630/data/openfiscaldata/saybrkd/2023/2023162110001312531301.hwp,True,159744,ok,15,counted_rhwp_lossy_utf16,,returncode=0; output_head='\n오류: HWP 파싱 실패 - 유효하지 않은 파일: DocInfo 오류: DocInfo IO 오류: UTF-16 디코딩 실패: invalid utf-16: lone surrogate found\n',/tmp/rhwp_lossy/target/release/rhwp,rhwp v0.7.17,byte_reader_read_utf16_string_from_utf16_lossy,21
UOPKOBSA01_saybrkd,uopkobsa01:2023:162:2500:2531:319,"과학기술정보통신부_생활, 산업환경의 전자파 안전정보 플랫폼 구축.hwp",2023,"과학기술정보통신부>통신>방송통신>전파활용방송서비스산업>전파방송산업 활성화(일반)>생활, 산업환경의 전자파 안전정보 플랫폼 구축",hwp,saybrkd-corpus-20260630/data/openfiscaldata/saybrkd/2023/2023162110001312531319.hwp,True,139776,ok,8,counted_rhwp_lossy_utf16,,returncode=0; output_head='\n오류: HWP 파싱 실패 - 유효하지 않은 파일: DocInfo 오류: DocInfo IO 오류: UTF-16 디코딩 실패: invalid utf-16: lone surrogate found\n',/tmp/rhwp_lossy/target/release/rhwp,rhwp v0.7.17,byte_reader_read_utf16_string_from_utf16_lossy,13
UOPKOBSA01_saybrkd,uopkobsa01:2023:162:1600:1632:302,과학기술정보통신부_주파수 이용효율 향상을 위한 통합형 간섭분석 기술 개발(R&D).hwp,2023,과학기술정보통신부>문화및관광>문화예술>정보통신방송기반조성>전파방송산업 활성화>주파수 이용효율 향상을 위한 통합형 간섭분석 기술 개발(R&D),hwp,saybrkd-corpus-20260630/data/openfiscaldata/saybrkd/2023/2023162110000611632302.hwp,True,169472,ok,12,counted_rhwp_lossy_utf16,,returncode=0; output_head='\n오류: HWP 파싱 실패 - 유효하지 않은 파일: DocInfo 오류: DocInfo IO 오류: UTF-16 디코딩 실패: invalid utf-16: lone surrogate found\n',/tmp/rhwp_lossy/target/release/rhwp,rhwp v0.7.17,byte_reader_read_utf16_string_from_utf16_lossy,16
UOPKOBSA01_saybrkd,uopkobsa01:2023:162:2200:2231:752,과학기술정보통신부_울산과학기술원 산학협력관 BTL 정부지급금 지원.hwp,2023,과학기술정보통신부>교육>고등교육>과학기술인력양성>직할출연연구기관지원>울산과학기술원 산학협력관 BTL 정부지급금 지원,hwp,saybrkd-corpus-20260630/data/openfiscaldata/saybrkd/2023/2023162110000522231752.hwp,True,540672,ok,7,counted_rhwp_lossy_utf16,,returncode=0; output_head='\n오류: HWP 파싱 실패 - 유효하지 않은 파일: DocInfo 오류: DocInfo IO 오류: UTF-16 디코딩 실패: invalid utf-16: lone surrogate found\n',/tmp/rhwp_lossy/target/release/rhwp,rhwp v0.7.17,byte_reader_read_utf16_string_from_utf16_lossy,10
UOPKOBSA01_saybrkd,uopkobsa01:2023:162:2400:2431:321,과학기술정보통신부_휴대전화 부정이용방지 기술개발(R&D).hwp,2023,과학기술정보통신부>통신>방송통신>통신정책지원>공정경쟁및이용자보호(일반)>휴대전화 부정이용방지 기술개발(R&D),hwp,saybrkd-corpus-20260630/data/openfiscaldata/saybrkd/2023/2023162110001312431321.hwp,True,138240,ok,7,counted_rhwp_lossy_utf16,,returncode=0; output_head='\n오류: HWP 파싱 실패 - 유효하지 않은 파일: DocInfo 오류: DocInfo IO 오류: UTF-16 디코딩 실패: invalid utf-16: lone surrogate found\n',/tmp/rhwp_lossy/target/release/rhwp,rhwp v0.7.17,byte_reader_read_utf16_string_from_utf16_lossy,12
UOPKOBSA01_saybrkd,uopkobsa01:2023:162:7000:7038:305,과학기술정보통신부_과학기술정보보호사업(정보화).hwp,2023,과학기술정보통신부>교육>교육일반>과학기술정보통신부운영지원>행정업무정보화 지원>과학기술정보보호사업(정보화),hwp,saybrkd-corpus-20260630/data/openfiscaldata/saybrkd/2023/2023162110000547038305.hwp,True,162816,ok,13,counted_rhwp_lossy_utf16,,returncode=0; output_head='\n오류: HWP 파싱 실패 - 유효하지 않은 파일: DocInfo 오류: DocInfo IO 오류: UTF-16 디코딩 실패: invalid utf-16: lone surrogate found\n',/tmp/rhwp_lossy/target/release/rhwp,rhwp v0.7.17,byte_reader_read_utf16_string_from_utf16_lossy,18
UOPKOBSA01_saybrkd,uopkobsa01:2023:162:1900:1935:504,과학기술정보통신부_정보보호시스템평가및인증기반강화(정보화).hwp,2023,과학기술정보통신부>일반·지방행정>정부자원관리>국가사회정보화>정보보호체계강화(정보화)>정보보호시스템평가및인증기반강화(정보화),hwp,saybrkd-corpus-20260630/data/openfiscaldata/saybrkd/2023/2023162110000151935504.hwp,True,273408,ok,17,counted_rhwp_lossy_utf16,,returncode=0; output_head='\n오류: HWP 파싱 실패 - 유효하지 않은 파일: DocInfo 오류: DocInfo IO 오류: UTF-16 디코딩 실패: invalid utf-16: lone surrogate found\n',/tmp/rhwp_lossy/target/release/rhwp,rhwp v0.7.17,byte_reader_read_utf16_string_from_utf16_lossy,33
UOPKOBSA01_saybrkd,uopkobsa01:2023:162:2500:2531:305,과학기술정보통신부_전파미래앞장감양성.hwp,2023,과학기술정보통신부>통신>방송통신>전파활용방송서비스산업>전파방송산업 활성화(일반)>전파미래앞장감양성,hwp,saybrkd-corpus-20260630/data/openfiscaldata/saybrkd/2023/2023162110001312531305.hwp,True,188928,ok,12,counted_rhwp_lossy_utf16,,returncode=0; output_head='\n오류: HWP 파싱 실패 - 유효하지 않은 파일: DocInfo 오류: DocInfo IO 오류: UTF-16 디코딩 실패: invalid utf-16: lone surrogate found\n',/tmp/rhwp_lossy/target/release/rhwp,rhwp v0.7.17,byte_reader_read_utf16_string_from_utf16_lossy,18
UOPKOBSA01_saybrkd,uopkobsa01:2023:162:2500:2531:321,과학기술정보통신부_정지궤도공공복합통신위성개발(통신탑재체)(R&D).hwp,2023,과학기술정보통신부>통신>방송통신>전파활용방송서비스산업>전파방송산업 활성화(일반)>정지궤도공공복합통신위성개발(통신탑재체)(R&D),hwp,saybrkd-corpus-20260630/data/openfiscaldata/saybrkd/2023/2023162110001312531321.hwp,True,138240,ok,8,counted_rhwp_lossy_utf16,,returncode=0; output_head='\n오류: HWP 파싱 실패 - 유효하지 않은 파일: DocInfo 오류: DocInfo IO 오류: UTF-16 디코딩 실패: invalid utf-16: lone surrogate found\n',/tmp/rhwp_lossy/target/release/rhwp,rhwp v0.7.17,byte_reader_read_utf16_string_from_utf16_lossy,12
UOPKOFDA03_report_documents,uopkofda03:C5650000000000000001:319,2022년 제2회 추경성과계획서-외교부.hwp,2022,성과관리>성과계획서(안)(추경),hwp,openfiscal_report_documents/files/성과관리/성과계획서(안)(추경)/2022년 제2회 추경성과계획서-외교부.hwp,True,562688,downloaded,189,counted_rhwp_lossy_utf16,,returncode=0; output_head='\n오류: HWP 파싱 실패 - 유효하지 않은 파일: DocInfo 오류: DocInfo IO 오류: UTF-16 디코딩 실패: invalid utf-16: lone surrogate found\n',/tmp/rhwp_lossy/target/release/rhwp,rhwp v0.7.17,byte_reader_read_utf16_string_from_utf16_lossy,68
UOPKOBSA01_saybrkd,uopkobsa01:2023:162:1100:1131:501,과학기술정보통신부_DB산업 육성(정보화).hwp,2023,과학기술정보통신부>문화및관광>문화예술>콘텐츠방송산업육성>콘텐츠 진흥>DB산업 육성(정보화),hwp,saybrkd-corpus-20260630/data/openfiscaldata/saybrkd/2023/2023162110000611131501.hwp,True,164352,ok,13,counted_rhwp_lossy_utf16,,returncode=0; output_head='\n오류: HWP 파싱 실패 - 유효하지 않은 파일: DocInfo 오류: DocInfo IO 오류: UTF-16 디코딩 실패: invalid utf-16: lone surrogate found\n',/tmp/rhwp_lossy/target/release/rhwp,rhwp v0.7.17,byte_reader_read_utf16_string_from_utf16_lossy,24
UOPKOBSA01_saybrkd,uopkobsa01:2023:162:2500:2531:327,과학기술정보통신부_민군주파수 이용효율화 소요분석 및 혼간섭 저감기술개발(R&D).hwp,2023,과학기술정보통신부>통신>방송통신>전파활용방송서비스산업>전파방송산업 활성화(일반)>민군주파수 이용효율화 소요분석 및 혼간섭 저감기술개발(R&D),hwp,saybrkd-corpus-20260630/data/openfiscaldata/saybrkd/2023/2023162110001312531327.hwp,True,324096,ok,10,counted_rhwp_lossy_utf16,,returncode=0; output_head='\n오류: HWP 파싱 실패 - 유효하지 않은 파일: DocInfo 오류: DocInfo IO 오류: UTF-16 디코딩 실패: invalid utf-16: lone surrogate found\n',/tmp/rhwp_lossy/target/release/rhwp,rhwp v0.7.17,byte_reader_read_utf16_string_from_utf16_lossy,15
UOPKOBSA01_saybrkd,uopkobsa01:2023:162:2500:2533:301,과학기술정보통신부_전파관리활동지원(정보화).hwp,2023,과학기술정보통신부>통신>방송통신>전파활용방송서비스산업>전파이용질서확립(일반)>전파관리활동지원(정보화),hwp,saybrkd-corpus-20260630/data/openfiscaldata/saybrkd/2023/2023162110001312533301.hwp,True,150528,ok,11,counted_rhwp_lossy_utf16,,returncode=0; output_head='\n오류: HWP 파싱 실패 - 유효하지 않은 파일: DocInfo 오류: DocInfo IO 오류: UTF-16 디코딩 실패: invalid utf-16: lone surrogate found\n',/tmp/rhwp_lossy/target/release/rhwp,rhwp v0.7.17,byte_reader_read_utf16_string_from_utf16_lossy,23
UOPKOBSA01_saybrkd,uopkobsa01:2023:162:7000:7002:102,과학기술정보통신부_중앙전파관리소(총액대상).hwp,2023,과학기술정보통신부>통신>방송통신>과학기술정보통신부운영지원>기관인건비>중앙전파관리소(총액대상),hwp,saybrkd-corpus-20260630/data/openfiscaldata/saybrkd/2023/2023162110001317002102.hwp,True,128000,ok,7,counted_rhwp_lossy_utf16,,returncode=0; output_head='\n오류: HWP 파싱 실패 - 유효하지 않은 파일: DocInfo 오류: DocInfo IO 오류: UTF-16 디코딩 실패: invalid utf-16: lone surrogate found\n',/tmp/rhwp_lossy/target/release/rhwp,rhwp v0.7.17,byte_reader_read_utf16_string_from_utf16_lossy,10
UOPKOBSA01_saybrkd,uopkobsa01:2023:162:2500:2535:325,과학기술정보통신부_신기술 적용 안테나 고속측정 기술개발 고도화 사업(R&D).hwp,2023,과학기술정보통신부>통신>방송통신>전파활용방송서비스산업>전파연구지원>신기술 적용 안테나 고속측정 기술개발 고도화 사업(R&D),hwp,saybrkd-corpus-20260630/data/openfiscaldata/saybrkd/2023/2023162110001312535325.hwp,True,372224,ok,11,counted_rhwp_lossy_utf16,,returncode=0; output_head='\n오류: HWP 파싱 실패 - 유효하지 않은 파일: DocInfo 오류: DocInfo IO 오류: UTF-16 디코딩 실패: invalid utf-16: lone surrogate found\n',/tmp/rhwp_lossy/target/release/rhwp,rhwp v0.7.17,byte_reader_read_utf16_string_from_utf16_lossy,24
UOPKOBSA01_saybrkd,uopkobsa01:2023:162:2500:2535:301,"과학기술정보통신부_전파연구(R&D,정보화).hwp",2023,"과학기술정보통신부>통신>방송통신>전파활용방송서비스산업>전파연구지원>전파연구(R&D,정보화)",hwp,saybrkd-corpus-20260630/data/openfiscaldata/saybrkd/2023/2023162110001312535301.hwp,True,260096,ok,16,counted_rhwp_lossy_utf16,,returncode=0; output_head='\n오류: HWP 파싱 실패 - 유효하지 않은 파일: DocInfo 오류: DocInfo IO 오류: UTF-16 디코딩 실패: invalid utf-16: lone surrogate found\n',/tmp/rhwp_lossy/target/release/rhwp,rhwp v0.7.17,byte_reader_read_utf16_string_from_utf16_lossy,29
UOPKOBSA01_saybrkd,uopkobsa01:2023:162:7000:7032:302,과학기술정보통신부_전파방송행정지원.hwp,2023,과학기술정보통신부>통신>방송통신>과학기술정보통신부운영지원>본부운영지원>전파방송행정지원,hwp,saybrkd-corpus-20260630/data/openfiscaldata/saybrkd/2023/2023162110001317032302.hwp,True,133632,ok,8,counted_rhwp_lossy_utf16,,returncode=0; output_head='\n오류: HWP 파싱 실패 - 유효하지 않은 파일: DocInfo 오류: DocInfo IO 오류: UTF-16 디코딩 실패: invalid utf-16: lone surrogate found\n',/tmp/rhwp_lossy/target/release/rhwp,rhwp v0.7.17,byte_reader_read_utf16_string_from_utf16_lossy,15
UOPKOBSA01_saybrkd,uopkobsa01:2023:162:7000:7018:252,과학기술정보통신부_중앙전파관리소.hwp,2023,과학기술정보통신부>통신>방송통신>과학기술정보통신부운영지원>기관기본경비>중앙전파관리소,hwp,saybrkd-corpus-20260630/data/openfiscaldata/saybrkd/2023/2023162110001317018252.hwp,True,129024,ok,6,counted_rhwp_lossy_utf16,,returncode=0; output_head='\n오류: HWP 파싱 실패 - 유효하지 않은 파일: DocInfo 오류: DocInfo IO 오류: UTF-16 디코딩 실패: invalid utf-16: lone surrogate found\n',/tmp/rhwp_lossy/target/release/rhwp,rhwp v0.7.17,byte_reader_read_utf16_string_from_utf16_lossy,11
UOPKOBSA01_saybrkd,uopkobsa01:2023:162:1100:1131:321,과학기술정보통신부_디지털치료제활성화를위한XR트윈핵심기술개발(R&D).hwp,2023,과학기술정보통신부>문화및관광>문화예술>콘텐츠방송산업육성>콘텐츠 진흥>디지털치료제활성화를위한XR트윈핵심기술개발(R&D),hwp,saybrkd-corpus-20260630/data/openfiscaldata/saybrkd/2023/2023162110000611131321.hwp,True,1693696,ok,11,counted_rhwp_lossy_utf16,,returncode=0; output_head='\n오류: HWP 파싱 실패 - 유효하지 않은 파일: DocInfo 오류: DocInfo IO 오류: UTF-16 디코딩 실패: invalid utf-16: lone surrogate found\n',/tmp/rhwp_lossy/target/release/rhwp,rhwp v0.7.17,byte_reader_read_utf16_string_from_utf16_lossy,33
UOPKOBSA01_saybrkd,uopkobsa01:2023:162:7000:7018:251,과학기술정보통신부_국립전파연구원(R&D).hwp,2023,과학기술정보통신부>통신>방송통신>과학기술정보통신부운영지원>기관기본경비>국립전파연구원(R&D),hwp,saybrkd-corpus-20260630/data/openfiscaldata/saybrkd/2023/2023162110001317018251.hwp,True,140800,ok,10,counted_rhwp_lossy_utf16,,returncode=0; output_head='\n오류: HWP 파싱 실패 - 유효하지 않은 파일: DocInfo 오류: DocInfo IO 오류: UTF-16 디코딩 실패: invalid utf-16: lone surrogate found\n',/tmp/rhwp_lossy/target/release/rhwp,rhwp v0.7.17,byte_reader_read_utf16_string_from_utf16_lossy,21
UOPKOFDA01_publications,uopkofda01:501:42756:FI000000004275654712:10,2016년도 월간재정동향,2016,월간재정동향,hwp,openfiscal_publications/files/01_501_월간재정동향/2016-01-13_42756_2016년도 월간재정동향/10_목차_월간재정동향(16년10월).hwp,True,1912320,downloaded,92,counted_rhwp_lossy_utf16,,returncode=0; output_head='\n오류: HWP 파싱 실패 - 유효하지 않은 파일: DocInfo 오류: DocInfo IO 오류: UTF-16 디코딩 실패: invalid utf-16: lone surrogate found\n',/tmp/rhwp_lossy/target/release/rhwp,rhwp v0.7.17,byte_reader_read_utf16_string_from_utf16_lossy,103
UOPKOFDA01_publications,uopkofda01:501:2682:FI000000000026824509:2,2015년도 월간재정동향,2015,월간재정동향,hwp,openfiscal_publications/files/01_501_월간재정동향/2015-01-26_2682_2015년도 월간재정동향/02_목차_월간재정동향(15년02월).hwp,True,8640000,downloaded,86,counted_rhwp_lossy_utf16,,returncode=0; output_head='\n오류: HWP 파싱 실패 - 유효하지 않은 파일: DocInfo 오류: DocInfo IO 오류: UTF-16 디코딩 실패: invalid utf-16: lone surrogate found\n',/tmp/rhwp_lossy/target/release/rhwp,rhwp v0.7.17,byte_reader_read_utf16_string_from_utf16_lossy,103
UOPKOBSA01_saybrkd,uopkobsa01:2023:162:7000:7032:305,"과학기술정보통신부_국제기구부담금(정보화, ODA).hwp",2023,"과학기술정보통신부>통신>방송통신>과학기술정보통신부운영지원>본부운영지원>국제기구부담금(정보화, ODA)",hwp,saybrkd-corpus-20260630/data/openfiscaldata/saybrkd/2023/2023162110001317032305.hwp,True,137728,ok,9,counted_rhwp_lossy_utf16,,returncode=0; output_head='\n오류: HWP 파싱 실패 - 유효하지 않은 파일: DocInfo 오류: DocInfo IO 오류: UTF-16 디코딩 실패: invalid utf-16: lone surrogate found\n',/tmp/rhwp_lossy/target/release/rhwp,rhwp v0.7.17,byte_reader_read_utf16_string_from_utf16_lossy,14
UOPKOBSA01_saybrkd,uopkobsa01:2023:162:2200:2231:403,과학기술정보통신부_울산과학기술원 연구 운영비 지원(R&D).hwp,2023,과학기술정보통신부>교육>고등교육>과학기술인력양성>직할출연연구기관지원>울산과학기술원 연구 운영비 지원(R&D),hwp,saybrkd-corpus-20260630/data/openfiscaldata/saybrkd/2023/2023162110000522231403.hwp,True,8373248,ok,15,counted_rhwp_lossy_utf16,,returncode=0; output_head='\n오류: HWP 파싱 실패 - 유효하지 않은 파일: DocInfo 오류: DocInfo IO 오류: UTF-16 디코딩 실패: invalid utf-16: lone surrogate found\n',/tmp/rhwp_lossy/target/release/rhwp,rhwp v0.7.17,byte_reader_read_utf16_string_from_utf16_lossy,68
UOPKOBSA01_saybrkd,uopkobsa01:2023:162:7000:7018:202,과학기술정보통신부_중앙전파관리소(총액대상).hwp,2023,과학기술정보통신부>통신>방송통신>과학기술정보통신부운영지원>기관기본경비>중앙전파관리소(총액대상),hwp,saybrkd-corpus-20260630/data/openfiscaldata/saybrkd/2023/2023162110001317018202.hwp,True,129024,ok,7,counted_rhwp_lossy_utf16,,returncode=0; output_head='\n오류: HWP 파싱 실패 - 유효하지 않은 파일: DocInfo 오류: DocInfo IO 오류: UTF-16 디코딩 실패: invalid utf-16: lone surrogate found\n',/tmp/rhwp_lossy/target/release/rhwp,rhwp v0.7.17,byte_reader_read_utf16_string_from_utf16_lossy,11
UOPKOBSA01_saybrkd,uopkobsa01:2023:162:2500:2535:318,과학기술정보통신부_빅데이터기반생활전자파예측기술개발(R&D).hwp,2023,과학기술정보통신부>통신>방송통신>전파활용방송서비스산업>전파연구지원>빅데이터기반생활전자파예측기술개발(R&D),hwp,saybrkd-corpus-20260630/data/openfiscaldata/saybrkd/2023/2023162110001312535318.hwp,True,1955840,ok,19,counted_rhwp_lossy_utf16,,returncode=0; output_head='\n오류: HWP 파싱 실패 - 유효하지 않은 파일: DocInfo 오류: DocInfo IO 오류: UTF-16 디코딩 실패: invalid utf-16: lone surrogate found\n',/tmp/rhwp_lossy/target/release/rhwp,rhwp v0.7.17,byte_reader_read_utf16_string_from_utf16_lossy,24
UOPKOBSA01_saybrkd,uopkobsa01:2023:162:2500:2535:309,과학기술정보통신부_부적합방송통신기기유통방지(정보화).hwp,2023,과학기술정보통신부>통신>방송통신>전파활용방송서비스산업>전파연구지원>부적합방송통신기기유통방지(정보화),hwp,saybrkd-corpus-20260630/data/openfiscaldata/saybrkd/2023/2023162110001312535309.hwp,True,1000960,ok,14,counted_rhwp_lossy_utf16,,returncode=0; output_head='\n오류: HWP 파싱 실패 - 유효하지 않은 파일: DocInfo 오류: DocInfo IO 오류: UTF-16 디코딩 실패: invalid utf-16: lone surrogate found\n',/tmp/rhwp_lossy/target/release/rhwp,rhwp v0.7.17,byte_reader_read_utf16_string_from_utf16_lossy,45
UOPKOFDA01_publications,uopkofda01:501:2682:FI000000000026824509:11,2015년도 월간재정동향,2015,월간재정동향,hwp,openfiscal_publications/files/01_501_월간재정동향/2015-01-26_2682_2015년도 월간재정동향/11_목차_월간재정동향(15년11월).hwp,True,2112000,downloaded,89,counted_rhwp_lossy_utf16,,returncode=0; output_head='\n오류: HWP 파싱 실패 - 유효하지 않은 파일: DocInfo 오류: DocInfo IO 오류: UTF-16 디코딩 실패: invalid utf-16: lone surrogate found\n',/tmp/rhwp_lossy/target/release/rhwp,rhwp v0.7.17,byte_reader_read_utf16_string_from_utf16_lossy,111
UOPKOFDA01_publications,uopkofda01:501:2682:FI000000000026824509:12,2015년도 월간재정동향,2015,월간재정동향,hwp,openfiscal_publications/files/01_501_월간재정동향/2015-01-26_2682_2015년도 월간재정동향/12_목차_월간재정동향(15년12월).hwp,True,2115072,downloaded,89,counted_rhwp_lossy_utf16,,returncode=0; output_head='\n오류: HWP 파싱 실패 - 유효하지 않은 파일: DocInfo 오류: DocInfo IO 오류: UTF-16 디코딩 실패: invalid utf-16: lone surrogate found\n',/tmp/rhwp_lossy/target/release/rhwp,rhwp v0.7.17,byte_reader_read_utf16_string_from_utf16_lossy,112
UOPKOBSA01_saybrkd,uopkobsa01:2023:162:7000:7036:501,과학기술정보통신부_행정사무정보화(정보화).hwp,2023,과학기술정보통신부>통신>방송통신>과학기술정보통신부운영지원>방송통신행정정보화(정보화)>행정사무정보화(정보화),hwp,saybrkd-corpus-20260630/data/openfiscaldata/saybrkd/2023/2023162110001317036501.hwp,True,150528,ok,11,counted_rhwp_lossy_utf16,,returncode=0; output_head='\n오류: HWP 파싱 실패 - 유효하지 않은 파일: DocInfo 오류: DocInfo IO 오류: UTF-16 디코딩 실패: invalid utf-16: lone surrogate found\n',/tmp/rhwp_lossy/target/release/rhwp,rhwp v0.7.17,byte_reader_read_utf16_string_from_utf16_lossy,25
UOPKOBSA01_saybrkd,uopkobsa01:2023:162:7000:7018:201,"과학기술정보통신부_국립전파연구원(총액대상,R&D).hwp",2023,"과학기술정보통신부>통신>방송통신>과학기술정보통신부운영지원>기관기본경비>국립전파연구원(총액대상,R&D)",hwp,saybrkd-corpus-20260630/data/openfiscaldata/saybrkd/2023/2023162110001317018201.hwp,True,133120,ok,7,counted_rhwp_lossy_utf16,,returncode=0; output_head='\n오류: HWP 파싱 실패 - 유효하지 않은 파일: DocInfo 오류: DocInfo IO 오류: UTF-16 디코딩 실패: invalid utf-16: lone surrogate found\n',/tmp/rhwp_lossy/target/release/rhwp,rhwp v0.7.17,byte_reader_read_utf16_string_from_utf16_lossy,13
UOPKOBSA01_saybrkd,uopkobsa01:2023:162:7000:7036:503,과학기술정보통신부_전파관리행정정보화(정보화).hwp,2023,과학기술정보통신부>통신>방송통신>과학기술정보통신부운영지원>방송통신행정정보화(정보화)>전파관리행정정보화(정보화),hwp,saybrkd-corpus-20260630/data/openfiscaldata/saybrkd/2023/2023162110001317036503.hwp,True,147456,ok,9,counted_rhwp_lossy_utf16,,returncode=0; output_head='\n오류: HWP 파싱 실패 - 유효하지 않은 파일: DocInfo 오류: DocInfo IO 오류: UTF-16 디코딩 실패: invalid utf-16: lone surrogate found\n',/tmp/rhwp_lossy/target/release/rhwp,rhwp v0.7.17,byte_reader_read_utf16_string_from_utf16_lossy,21
UOPKOBSA01_saybrkd,uopkobsa01:2023:162:2500:2535:302,과학기술정보통신부_안전한전자파환경기반조성.hwp,2023,과학기술정보통신부>통신>방송통신>전파활용방송서비스산업>전파연구지원>안전한전자파환경기반조성,hwp,saybrkd-corpus-20260630/data/openfiscaldata/saybrkd/2023/2023162110001312535302.hwp,True,4197376,ok,23,counted_rhwp_lossy_utf16,,returncode=0; output_head='\n오류: HWP 파싱 실패 - 유효하지 않은 파일: DocInfo 오류: DocInfo IO 오류: UTF-16 디코딩 실패: invalid utf-16: lone surrogate found\n',/tmp/rhwp_lossy/target/release/rhwp,rhwp v0.7.17,byte_reader_read_utf16_string_from_utf16_lossy,57
UOPKOBSA01_saybrkd,uopkobsa01:2023:162:2000:2033:342,과학기술정보통신부_차세대 자율주행 차량통신 기술개발(R&D).hwp,2023,과학기술정보통신부>통신>정보통신>인터넷융합산업>스마트화산업기반확충(일반)>차세대 자율주행 차량통신 기술개발(R&D),hwp,saybrkd-corpus-20260630/data/openfiscaldata/saybrkd/2023/2023162110001332033342.hwp,True,913408,ok,10,counted_rhwp_lossy_utf16,,returncode=0; output_head='\n오류: HWP 파싱 실패 - 유효하지 않은 파일: DocInfo 오류: DocInfo IO 오류: UTF-16 디코딩 실패: invalid utf-16: lone surrogate found\n',/tmp/rhwp_lossy/target/release/rhwp,rhwp v0.7.17,byte_reader_read_utf16_string_from_utf16_lossy,11
UOPKOBSA01_saybrkd,uopkobsa01:2023:162:1900:1935:500,과학기술정보통신부_정보통신 기반보호 강화(정보화).hwp,2023,과학기술정보통신부>일반·지방행정>정부자원관리>국가사회정보화>정보보호체계강화(정보화)>정보통신 기반보호 강화(정보화),hwp,saybrkd-corpus-20260630/data/openfiscaldata/saybrkd/2023/2023162110000151935500.hwp,True,284160,ok,33,counted_rhwp_lossy_utf16,,returncode=0; output_head='\n오류: HWP 파싱 실패 - 유효하지 않은 파일: DocInfo 오류: DocInfo IO 오류: UTF-16 디코딩 실패: invalid utf-16: lone surrogate found\n',/tmp/rhwp_lossy/target/release/rhwp,rhwp v0.7.17,byte_reader_read_utf16_string_from_utf16_lossy,49
UOPKOBSA01_saybrkd,uopkobsa01:2023:162:2000:2033:346,과학기술정보통신부_자율형IoT핵심기술개발(R&D).hwp,2023,과학기술정보통신부>통신>정보통신>인터넷융합산업>스마트화산업기반확충(일반)>자율형IoT핵심기술개발(R&D),hwp,saybrkd-corpus-20260630/data/openfiscaldata/saybrkd/2023/2023162110001332033346.hwp,True,154624,ok,11,counted_rhwp_lossy_utf16,,returncode=0; output_head='\n오류: HWP 파싱 실패 - 유효하지 않은 파일: DocInfo 오류: DocInfo IO 오류: UTF-16 디코딩 실패: invalid utf-16: lone surrogate found\n',/tmp/rhwp_lossy/target/release/rhwp,rhwp v0.7.17,byte_reader_read_utf16_string_from_utf16_lossy,9
UOPKOBSA01_saybrkd,uopkobsa01:2023:162:7000:7035:301,과학기술정보통신부_방송통신재난관리(정보화).hwp,2023,과학기술정보통신부>통신>방송통신>과학기술정보통신부운영지원>방송통신재난관리>방송통신재난관리(정보화),hwp,saybrkd-corpus-20260630/data/openfiscaldata/saybrkd/2023/2023162110001317035301.hwp,True,1049088,ok,29,counted_rhwp_lossy_utf16,,returncode=0; output_head='\n오류: HWP 파싱 실패 - 유효하지 않은 파일: DocInfo 오류: DocInfo IO 오류: UTF-16 디코딩 실패: invalid utf-16: lone surrogate found\n',/tmp/rhwp_lossy/target/release/rhwp,rhwp v0.7.17,byte_reader_read_utf16_string_from_utf16_lossy,38
UOPKOBSA01_saybrkd,uopkobsa01:2023:162:2000:2033:341,과학기술정보통신부_블록체인산업고도화기술개발(R&D).hwp,2023,과학기술정보통신부>통신>정보통신>인터넷융합산업>스마트화산업기반확충(일반)>블록체인산업고도화기술개발(R&D),hwp,saybrkd-corpus-20260630/data/openfiscaldata/saybrkd/2023/2023162110001332033341.hwp,True,143872,ok,10,counted_rhwp_lossy_utf16,,returncode=0; output_head='\n오류: HWP 파싱 실패 - 유효하지 않은 파일: DocInfo 오류: DocInfo IO 오류: UTF-16 디코딩 실패: invalid utf-16: lone surrogate found\n',/tmp/rhwp_lossy/target/release/rhwp,rhwp v0.7.17,byte_reader_read_utf16_string_from_utf16_lossy,13
UOPKOBSA01_saybrkd,uopkobsa01:2023:162:2000:2033:348,과학기술정보통신부_디지털트윈 연합 핵심기술개발(R&D).hwp,2023,과학기술정보통신부>통신>정보통신>인터넷융합산업>스마트화산업기반확충(일반)>디지털트윈 연합 핵심기술개발(R&D),hwp,saybrkd-corpus-20260630/data/openfiscaldata/saybrkd/2023/2023162110001332033348.hwp,True,195072,ok,9,counted_rhwp_lossy_utf16,,returncode=0; output_head='\n오류: HWP 파싱 실패 - 유효하지 않은 파일: DocInfo 오류: DocInfo IO 오류: UTF-16 디코딩 실패: invalid utf-16: lone surrogate found\n',/tmp/rhwp_lossy/target/release/rhwp,rhwp v0.7.17,byte_reader_read_utf16_string_from_utf16_lossy,12
UOPKOBSA01_saybrkd,uopkobsa01:2023:162:7000:7036:505,과학기술정보통신부_과학기술정보통신부 정보보호(정보화).hwp,2023,과학기술정보통신부>통신>방송통신>과학기술정보통신부운영지원>방송통신행정정보화(정보화)>과학기술정보통신부 정보보호(정보화),hwp,saybrkd-corpus-20260630/data/openfiscaldata/saybrkd/2023/2023162110001317036505.hwp,True,139264,ok,12,counted_rhwp_lossy_utf16,,returncode=0; output_head='\n오류: HWP 파싱 실패 - 유효하지 않은 파일: DocInfo 오류: DocInfo IO 오류: UTF-16 디코딩 실패: invalid utf-16: lone surrogate found\n',/tmp/rhwp_lossy/target/release/rhwp,rhwp v0.7.17,byte_reader_read_utf16_string_from_utf16_lossy,20
UOPKOBSA01_saybrkd,uopkobsa01:2023:162:2500:2535:321,과학기술정보통신부_우주전파재난 위험분석 및 대응기술 개발(R&D).hwp,2023,과학기술정보통신부>통신>방송통신>전파활용방송서비스산업>전파연구지원>우주전파재난 위험분석 및 대응기술 개발(R&D),hwp,saybrkd-corpus-20260630/data/openfiscaldata/saybrkd/2023/2023162110001312535321.hwp,True,1889280,ok,17,counted_rhwp_lossy_utf16,,returncode=0; output_head='\n오류: HWP 파싱 실패 - 유효하지 않은 파일: DocInfo 오류: DocInfo IO 오류: UTF-16 디코딩 실패: invalid utf-16: lone surrogate found\n',/tmp/rhwp_lossy/target/release/rhwp,rhwp v0.7.17,byte_reader_read_utf16_string_from_utf16_lossy,31
UOPKOBSA01_saybrkd,uopkobsa01:2023:162:2500:2531:334,과학기술정보통신부_기술변화 선도형 방송 미디어 장비 기술개발(R&D).hwp,2023,과학기술정보통신부>통신>방송통신>전파활용방송서비스산업>전파방송산업 활성화(일반)>기술변화 선도형 방송 미디어 장비 기술개발(R&D),hwp,saybrkd-corpus-20260630/data/openfiscaldata/saybrkd/2023/2023162110001312531334.hwp,True,2304000,ok,11,counted_rhwp_lossy_utf16,,returncode=0; output_head='\n오류: HWP 파싱 실패 - 유효하지 않은 파일: DocInfo 오류: DocInfo IO 오류: UTF-16 디코딩 실패: invalid utf-16: lone surrogate found\n',/tmp/rhwp_lossy/target/release/rhwp,rhwp v0.7.17,byte_reader_read_utf16_string_from_utf16_lossy,26
UOPKOBSA01_saybrkd,uopkobsa01:2023:162:2500:2535:304,과학기술정보통신부_전파연구시험시설(정보화).hwp,2023,과학기술정보통신부>통신>방송통신>전파활용방송서비스산업>전파연구지원>전파연구시험시설(정보화),hwp,saybrkd-corpus-20260630/data/openfiscaldata/saybrkd/2023/2023162110001312535304.hwp,True,1399296,ok,13,counted_rhwp_lossy_utf16,,returncode=0; output_head='\n오류: HWP 파싱 실패 - 유효하지 않은 파일: DocInfo 오류: DocInfo IO 오류: UTF-16 디코딩 실패: invalid utf-16: lone surrogate found\n',/tmp/rhwp_lossy/target/release/rhwp,rhwp v0.7.17,byte_reader_read_utf16_string_from_utf16_lossy,28
UOPKOBSA01_saybrkd,uopkobsa01:2023:162:7000:7036:502,과학기술정보통신부_전파업무정보화(정보화).hwp,2023,과학기술정보통신부>통신>방송통신>과학기술정보통신부운영지원>방송통신행정정보화(정보화)>전파업무정보화(정보화),hwp,saybrkd-corpus-20260630/data/openfiscaldata/saybrkd/2023/2023162110001317036502.hwp,True,631808,ok,14,counted_rhwp_lossy_utf16,,returncode=0; output_head='\n오류: HWP 파싱 실패 - 유효하지 않은 파일: DocInfo 오류: DocInfo IO 오류: UTF-16 디코딩 실패: invalid utf-16: lone surrogate found\n',/tmp/rhwp_lossy/target/release/rhwp,rhwp v0.7.17,byte_reader_read_utf16_string_from_utf16_lossy,34
UOPKOBSA01_saybrkd,uopkobsa01:2023:162:2000:2033:344,과학기술정보통신부_ICT 규제샌드박스.hwp,2023,과학기술정보통신부>통신>정보통신>인터넷융합산업>스마트화산업기반확충(일반)>ICT 규제샌드박스,hwp,saybrkd-corpus-20260630/data/openfiscaldata/saybrkd/2023/2023162110001332033344.hwp,True,193024,ok,20,counted_rhwp_lossy_utf16,,returncode=0; output_head='\n오류: HWP 파싱 실패 - 유효하지 않은 파일: DocInfo 오류: DocInfo IO 오류: UTF-16 디코딩 실패: invalid utf-16: lone surrogate found\n',/tmp/rhwp_lossy/target/release/rhwp,rhwp v0.7.17,byte_reader_read_utf16_string_from_utf16_lossy,26
UOPKOBSA01_saybrkd,uopkobsa01:2023:162:2000:2033:315,과학기술정보통신부_핀테크산업활성화기반조성.hwp,2023,과학기술정보통신부>통신>정보통신>인터넷융합산업>스마트화산업기반확충(일반)>핀테크산업활성화기반조성,hwp,saybrkd-corpus-20260630/data/openfiscaldata/saybrkd/2023/2023162110001332033315.hwp,True,138240,ok,8,counted_rhwp_lossy_utf16,,returncode=0; output_head='\n오류: HWP 파싱 실패 - 유효하지 않은 파일: DocInfo 오류: DocInfo IO 오류: UTF-16 디코딩 실패: invalid utf-16: lone surrogate found\n',/tmp/rhwp_lossy/target/release/rhwp,rhwp v0.7.17,byte_reader_read_utf16_string_from_utf16_lossy,13
UOPKOBSA01_saybrkd,uopkobsa01:2023:162:2000:2033:359,과학기술정보통신부_ICT융합디지털포용기술개발(R&D).hwp,2023,과학기술정보통신부>통신>정보통신>인터넷융합산업>스마트화산업기반확충(일반)>ICT융합디지털포용기술개발(R&D),hwp,saybrkd-corpus-20260630/data/openfiscaldata/saybrkd/2023/2023162110001332033359.hwp,True,137728,ok,7,counted_rhwp_lossy_utf16,,returncode=0; output_head='\n오류: HWP 파싱 실패 - 유효하지 않은 파일: DocInfo 오류: DocInfo IO 오류: UTF-16 디코딩 실패: invalid utf-16: lone surrogate found\n',/tmp/rhwp_lossy/target/release/rhwp,rhwp v0.7.17,byte_reader_read_utf16_string_from_utf16_lossy,16
UOPKOBSA01_saybrkd,uopkobsa01:2023:162:2000:2033:338,과학기술정보통신부_디지털집현전 통합플랫폼 구축(정보화).hwp,2023,과학기술정보통신부>통신>정보통신>인터넷융합산업>스마트화산업기반확충(일반)>디지털집현전 통합플랫폼 구축(정보화),hwp,saybrkd-corpus-20260630/data/openfiscaldata/saybrkd/2023/2023162110001332033338.hwp,True,166400,ok,11,counted_rhwp_lossy_utf16,,returncode=0; output_head='\n오류: HWP 파싱 실패 - 유효하지 않은 파일: DocInfo 오류: DocInfo IO 오류: UTF-16 디코딩 실패: invalid utf-16: lone surrogate found\n',/tmp/rhwp_lossy/target/release/rhwp,rhwp v0.7.17,byte_reader_read_utf16_string_from_utf16_lossy,20
UOPKOBSA01_saybrkd,uopkobsa01:2023:162:2100:2132:337,과학기술정보통신부_DNA기반국방디지털혁신기술개발(R&D).hwp,2023,과학기술정보통신부>통신>정보통신>정보통신융합산업>콘텐츠디바이스기술개발(일반)>DNA기반국방디지털혁신기술개발(R&D),hwp,saybrkd-corpus-20260630/data/openfiscaldata/saybrkd/2023/2023162110001332132337.hwp,True,144896,ok,9,counted_rhwp_lossy_utf16,,returncode=0; output_head='\n오류: HWP 파싱 실패 - 유효하지 않은 파일: DocInfo 오류: DocInfo IO 오류: UTF-16 디코딩 실패: invalid utf-16: lone surrogate found\n',/tmp/rhwp_lossy/target/release/rhwp,rhwp v0.7.17,byte_reader_read_utf16_string_from_utf16_lossy,12
UOPKOBSA01_saybrkd,uopkobsa01:2023:162:2100:2132:332,과학기술정보통신부_디지털역기능대응기술개발(R&D).hwp,2023,과학기술정보통신부>통신>정보통신>정보통신융합산업>콘텐츠디바이스기술개발(일반)>디지털역기능대응기술개발(R&D),hwp,saybrkd-corpus-20260630/data/openfiscaldata/saybrkd/2023/2023162110001332132332.hwp,True,152064,ok,9,counted_rhwp_lossy_utf16,,returncode=0; output_head='\n오류: HWP 파싱 실패 - 유효하지 않은 파일: DocInfo 오류: DocInfo IO 오류: UTF-16 디코딩 실패: invalid utf-16: lone surrogate found\n',/tmp/rhwp_lossy/target/release/rhwp,rhwp v0.7.17,byte_reader_read_utf16_string_from_utf16_lossy,13
UOPKOBSA01_saybrkd,uopkobsa01:2023:162:2000:2033:311,과학기술정보통신부_데이터 경제를 위한 블록체인 기술개발(R&D).hwp,2023,과학기술정보통신부>통신>정보통신>인터넷융합산업>스마트화산업기반확충(일반)>데이터 경제를 위한 블록체인 기술개발(R&D),hwp,saybrkd-corpus-20260630/data/openfiscaldata/saybrkd/2023/2023162110001332033311.hwp,True,151552,ok,12,counted_rhwp_lossy_utf16,,returncode=0; output_head='\n오류: HWP 파싱 실패 - 유효하지 않은 파일: DocInfo 오류: DocInfo IO 오류: UTF-16 디코딩 실패: invalid utf-16: lone surrogate found\n',/tmp/rhwp_lossy/target/release/rhwp,rhwp v0.7.17,byte_reader_read_utf16_string_from_utf16_lossy,18
UOPKOBSA01_saybrkd,uopkobsa01:2023:162:2100:2132:331,과학기술정보통신부_미디어팔레트 시장가치창출형 기술개발사업(R&D).hwp,2023,과학기술정보통신부>통신>정보통신>정보통신융합산업>콘텐츠디바이스기술개발(일반)>미디어팔레트 시장가치창출형 기술개발사업(R&D),hwp,saybrkd-corpus-20260630/data/openfiscaldata/saybrkd/2023/2023162110001332132331.hwp,True,146432,ok,10,counted_rhwp_lossy_utf16,,returncode=0; output_head='\n오류: HWP 파싱 실패 - 유효하지 않은 파일: DocInfo 오류: DocInfo IO 오류: UTF-16 디코딩 실패: invalid utf-16: lone surrogate found\n',/tmp/rhwp_lossy/target/release/rhwp,rhwp v0.7.17,byte_reader_read_utf16_string_from_utf16_lossy,14
UOPKOBSA01_saybrkd,uopkobsa01:2023:162:2100:2132:327,과학기술정보통신부_스마트 엣지 디바이스 기술개발(R&D).hwp,2023,과학기술정보통신부>통신>정보통신>정보통신융합산업>콘텐츠디바이스기술개발(일반)>스마트 엣지 디바이스 기술개발(R&D),hwp,saybrkd-corpus-20260630/data/openfiscaldata/saybrkd/2023/2023162110001332132327.hwp,True,178688,ok,9,counted_rhwp_lossy_utf16,,returncode=0; output_head='\n오류: HWP 파싱 실패 - 유효하지 않은 파일: DocInfo 오류: DocInfo IO 오류: UTF-16 디코딩 실패: invalid utf-16: lone surrogate found\n',/tmp/rhwp_lossy/target/release/rhwp,rhwp v0.7.17,byte_reader_read_utf16_string_from_utf16_lossy,14
UOPKOBSA01_saybrkd,uopkobsa01:2023:162:2500:2533:302,과학기술정보통신부_전파감시시설(정보화).hwp,2023,과학기술정보통신부>통신>방송통신>전파활용방송서비스산업>전파이용질서확립(일반)>전파감시시설(정보화),hwp,saybrkd-corpus-20260630/data/openfiscaldata/saybrkd/2023/2023162110001312533302.hwp,True,151040,ok,13,counted_rhwp_lossy_utf16,,returncode=0; output_head='\n오류: HWP 파싱 실패 - 유효하지 않은 파일: DocInfo 오류: DocInfo IO 오류: UTF-16 디코딩 실패: invalid utf-16: lone surrogate found\n',/tmp/rhwp_lossy/target/release/rhwp,rhwp v0.7.17,byte_reader_read_utf16_string_from_utf16_lossy,21
UOPKOBSA01_saybrkd,uopkobsa01:2023:162:1100:1131:319,과학기술정보통신부_홀로그램핵심기술개발(R&D).hwp,2023,과학기술정보통신부>문화및관광>문화예술>콘텐츠방송산업육성>콘텐츠 진흥>홀로그램핵심기술개발(R&D),hwp,saybrkd-corpus-20260630/data/openfiscaldata/saybrkd/2023/2023162110000611131319.hwp,True,3459072,ok,11,counted_rhwp_lossy_utf16,,returncode=0; output_head='\n오류: HWP 파싱 실패 - 유효하지 않은 파일: DocInfo 오류: DocInfo IO 오류: UTF-16 디코딩 실패: invalid utf-16: lone surrogate found\n',/tmp/rhwp_lossy/target/release/rhwp,rhwp v0.7.17,byte_reader_read_utf16_string_from_utf16_lossy,40
UOPKOBSA01_saybrkd,uopkobsa01:2023:162:2100:2132:336,과학기술정보통신부_비대면 비즈니스 디지털 혁신 기술개발(R&D).hwp,2023,과학기술정보통신부>통신>정보통신>정보통신융합산업>콘텐츠디바이스기술개발(일반)>비대면 비즈니스 디지털 혁신 기술개발(R&D),hwp,saybrkd-corpus-20260630/data/openfiscaldata/saybrkd/2023/2023162110001332132336.hwp,True,140800,ok,7,counted_rhwp_lossy_utf16,,returncode=0; output_head='\n오류: HWP 파싱 실패 - 유효하지 않은 파일: DocInfo 오류: DocInfo IO 오류: UTF-16 디코딩 실패: invalid utf-16: lone surrogate found\n',/tmp/rhwp_lossy/target/release/rhwp,rhwp v0.7.17,byte_reader_read_utf16_string_from_utf16_lossy,15
UOPKOBSA01_saybrkd,uopkobsa01:2023:162:2100:2132:324,과학기술정보통신부_양자인터넷 핵심원천기술개발(R&D).hwp,2023,과학기술정보통신부>통신>정보통신>정보통신융합산업>콘텐츠디바이스기술개발(일반)>양자인터넷 핵심원천기술개발(R&D),hwp,saybrkd-corpus-20260630/data/openfiscaldata/saybrkd/2023/2023162110001332132324.hwp,True,1672704,ok,10,counted_rhwp_lossy_utf16,,returncode=0; output_head='\n오류: HWP 파싱 실패 - 유효하지 않은 파일: DocInfo 오류: DocInfo IO 오류: UTF-16 디코딩 실패: invalid utf-16: lone surrogate found\n',/tmp/rhwp_lossy/target/release/rhwp,rhwp v0.7.17,byte_reader_read_utf16_string_from_utf16_lossy,34
UOPKOBSA01_saybrkd,uopkobsa01:2023:162:2000:2033:306,과학기술정보통신부_자율주행 기술개발 혁신사업(R&D).hwp,2023,과학기술정보통신부>통신>정보통신>인터넷융합산업>스마트화산업기반확충(일반)>자율주행 기술개발 혁신사업(R&D),hwp,saybrkd-corpus-20260630/data/openfiscaldata/saybrkd/2023/2023162110001332033306.hwp,True,758272,ok,18,counted_rhwp_lossy_utf16,,returncode=0; output_head='\n오류: HWP 파싱 실패 - 유효하지 않은 파일: DocInfo 오류: DocInfo IO 오류: UTF-16 디코딩 실패: invalid utf-16: lone surrogate found\n',/tmp/rhwp_lossy/target/release/rhwp,rhwp v0.7.17,byte_reader_read_utf16_string_from_utf16_lossy,16
UOPKOBSA01_saybrkd,uopkobsa01:2023:162:2100:2132:328,과학기술정보통신부_5G기반이동형유연의료플랫폼기술개발(R&D).hwp,2023,과학기술정보통신부>통신>정보통신>정보통신융합산업>콘텐츠디바이스기술개발(일반)>5G기반이동형유연의료플랫폼기술개발(R&D),hwp,saybrkd-corpus-20260630/data/openfiscaldata/saybrkd/2023/2023162110001332132328.hwp,True,830976,ok,8,counted_rhwp_lossy_utf16,,returncode=0; output_head='\n오류: HWP 파싱 실패 - 유효하지 않은 파일: DocInfo 오류: DocInfo IO 오류: UTF-16 디코딩 실패: invalid utf-16: lone surrogate found\n',/tmp/rhwp_lossy/target/release/rhwp,rhwp v0.7.17,byte_reader_read_utf16_string_from_utf16_lossy,21
UOPKOBSA01_saybrkd,uopkobsa01:2023:162:2100:2132:321,과학기술정보통신부_미디어지능화기술개발(R&D).hwp,2023,과학기술정보통신부>통신>정보통신>정보통신융합산업>콘텐츠디바이스기술개발(일반)>미디어지능화기술개발(R&D),hwp,saybrkd-corpus-20260630/data/openfiscaldata/saybrkd/2023/2023162110001332132321.hwp,True,845824,ok,8,counted_rhwp_lossy_utf16,,returncode=0; output_head='\n오류: HWP 파싱 실패 - 유효하지 않은 파일: DocInfo 오류: DocInfo IO 오류: UTF-16 디코딩 실패: invalid utf-16: lone surrogate found\n',/tmp/rhwp_lossy/target/release/rhwp,rhwp v0.7.17,byte_reader_read_utf16_string_from_utf16_lossy,25
UOPKOBSA01_saybrkd,uopkobsa01:2023:162:2100:2136:301,과학기술정보통신부_정보통신시험인증허브기반구축(정보화).hwp,2023,과학기술정보통신부>통신>정보통신>정보통신융합산업>ICT표준화및인증(일반)>정보통신시험인증허브기반구축(정보화),hwp,saybrkd-corpus-20260630/data/openfiscaldata/saybrkd/2023/2023162110001332136301.hwp,True,137728,ok,8,counted_rhwp_lossy_utf16,,returncode=0; output_head='\n오류: HWP 파싱 실패 - 유효하지 않은 파일: DocInfo 오류: DocInfo IO 오류: UTF-16 디코딩 실패: invalid utf-16: lone surrogate found\n',/tmp/rhwp_lossy/target/release/rhwp,rhwp v0.7.17,byte_reader_read_utf16_string_from_utf16_lossy,11
UOPKOBSA01_saybrkd,uopkobsa01:2023:162:2000:2033:353,과학기술정보통신부_디지털트윈기반 도시침수 스마트 대응시스템 실증.hwp,2023,과학기술정보통신부>통신>정보통신>인터넷융합산업>스마트화산업기반확충(일반)>디지털트윈기반 도시침수 스마트 대응시스템 실증,hwp,saybrkd-corpus-20260630/data/openfiscaldata/saybrkd/2023/2023162110001332033353.hwp,True,726016,ok,9,counted_rhwp_lossy_utf16,,returncode=0; output_head='\n오류: HWP 파싱 실패 - 유효하지 않은 파일: DocInfo 오류: DocInfo IO 오류: UTF-16 디코딩 실패: invalid utf-16: lone surrogate found\n',/tmp/rhwp_lossy/target/release/rhwp,rhwp v0.7.17,byte_reader_read_utf16_string_from_utf16_lossy,19
UOPKOBSA01_saybrkd,uopkobsa01:2023:162:2200:2232:304,과학기술정보통신부_SW전문인재양성.hwp,2023,과학기술정보통신부>통신>정보통신>SW산업진흥>SW융합인력양성(일반)>SW전문인재양성,hwp,saybrkd-corpus-20260630/data/openfiscaldata/saybrkd/2023/2023162110001332232304.hwp,True,137216,ok,7,counted_rhwp_lossy_utf16,,returncode=0; output_head='\n오류: HWP 파싱 실패 - 유효하지 않은 파일: DocInfo 오류: DocInfo IO 오류: UTF-16 디코딩 실패: invalid utf-16: lone surrogate found\n',/tmp/rhwp_lossy/target/release/rhwp,rhwp v0.7.17,byte_reader_read_utf16_string_from_utf16_lossy,16
UOPKOBSA01_saybrkd,uopkobsa01:2023:162:2100:2137:303,과학기술정보통신부_스마트서비스창출기반확충.hwp,2023,과학기술정보통신부>통신>정보통신>정보통신융합산업>ICT산업기반확충(일반)>스마트서비스창출기반확충,hwp,saybrkd-corpus-20260630/data/openfiscaldata/saybrkd/2023/2023162110001332137303.hwp,True,145408,ok,10,counted_rhwp_lossy_utf16,,returncode=0; output_head='\n오류: HWP 파싱 실패 - 유효하지 않은 파일: DocInfo 오류: DocInfo IO 오류: UTF-16 디코딩 실패: invalid utf-16: lone surrogate found\n',/tmp/rhwp_lossy/target/release/rhwp,rhwp v0.7.17,byte_reader_read_utf16_string_from_utf16_lossy,17
UOPKOBSA01_saybrkd,uopkobsa01:2023:162:2200:2233:339,과학기술정보통신부_우주산업특화SW핵심기술개발(R&D).hwp,2023,과학기술정보통신부>통신>정보통신>SW산업진흥>SW산업경쟁력강화(일반)>우주산업특화SW핵심기술개발(R&D),hwp,saybrkd-corpus-20260630/data/openfiscaldata/saybrkd/2023/2023162110001332233339.hwp,True,324096,ok,12,counted_rhwp_lossy_utf16,,returncode=0; output_head='\n오류: HWP 파싱 실패 - 유효하지 않은 파일: DocInfo 오류: DocInfo IO 오류: UTF-16 디코딩 실패: invalid utf-16: lone surrogate found\n',/tmp/rhwp_lossy/target/release/rhwp,rhwp v0.7.17,byte_reader_read_utf16_string_from_utf16_lossy,10
UOPKOBSA01_saybrkd,uopkobsa01:2023:162:2200:2232:302,과학기술정보통신부_인공지능융합혁신인재양성(R&D).hwp,2023,과학기술정보통신부>통신>정보통신>SW산업진흥>SW융합인력양성(일반)>인공지능융합혁신인재양성(R&D),hwp,saybrkd-corpus-20260630/data/openfiscaldata/saybrkd/2023/2023162110001332232302.hwp,True,137728,ok,8,counted_rhwp_lossy_utf16,,returncode=0; output_head='\n오류: HWP 파싱 실패 - 유효하지 않은 파일: DocInfo 오류: DocInfo IO 오류: UTF-16 디코딩 실패: invalid utf-16: lone surrogate found\n',/tmp/rhwp_lossy/target/release/rhwp,rhwp v0.7.17,byte_reader_read_utf16_string_from_utf16_lossy,11
UOPKOBSA01_saybrkd,uopkobsa01:2023:162:2500:2533:304,과학기술정보통신부_전파환경관리감시체계개선.hwp,2023,과학기술정보통신부>통신>방송통신>전파활용방송서비스산업>전파이용질서확립(일반)>전파환경관리감시체계개선,hwp,saybrkd-corpus-20260630/data/openfiscaldata/saybrkd/2023/2023162110001312533304.hwp,True,2656768,ok,11,counted_rhwp_lossy_utf16,,returncode=0; output_head='\n오류: HWP 파싱 실패 - 유효하지 않은 파일: DocInfo 오류: DocInfo IO 오류: UTF-16 디코딩 실패: invalid utf-16: lone surrogate found\n',/tmp/rhwp_lossy/target/release/rhwp,rhwp v0.7.17,byte_reader_read_utf16_string_from_utf16_lossy,28
UOPKOBSA01_saybrkd,uopkobsa01:2023:162:2300:2332:316,과학기술정보통신부_국방무인이동체사이버보안기술개발(R&D).hwp,2023,과학기술정보통신부>통신>정보통신>정보보호및활용>정보보안대응체계구축>국방무인이동체사이버보안기술개발(R&D),hwp,saybrkd-corpus-20260630/data/openfiscaldata/saybrkd/2023/2023162110001332332316.hwp,True,150016,ok,9,counted_rhwp_lossy_utf16,,returncode=0; output_head='\n오류: HWP 파싱 실패 - 유효하지 않은 파일: DocInfo 오류: DocInfo IO 오류: UTF-16 디코딩 실패: invalid utf-16: lone surrogate found\n',/tmp/rhwp_lossy/target/release/rhwp,rhwp v0.7.17,byte_reader_read_utf16_string_from_utf16_lossy,9
UOPKOBSA01_saybrkd,uopkobsa01:2023:162:2500:2535:305,과학기술정보통신부_저고도소형드론식별·관리기반조성(R&D).hwp,2023,과학기술정보통신부>통신>방송통신>전파활용방송서비스산업>전파연구지원>저고도소형드론식별·관리기반조성(R&D),hwp,saybrkd-corpus-20260630/data/openfiscaldata/saybrkd/2023/2023162110001312535305.hwp,True,4176896,ok,16,counted_rhwp_lossy_utf16,,returncode=0; output_head='\n오류: HWP 파싱 실패 - 유효하지 않은 파일: DocInfo 오류: DocInfo IO 오류: UTF-16 디코딩 실패: invalid utf-16: lone surrogate found\n',/tmp/rhwp_lossy/target/release/rhwp,rhwp v0.7.17,byte_reader_read_utf16_string_from_utf16_lossy,43
UOPKOBSA01_saybrkd,uopkobsa01:2023:162:2200:2232:306,과학기술정보통신부_기업멤버십SW캠프.hwp,2023,과학기술정보통신부>통신>정보통신>SW산업진흥>SW융합인력양성(일반)>기업멤버십SW캠프,hwp,saybrkd-corpus-20260630/data/openfiscaldata/saybrkd/2023/2023162110001332232306.hwp,True,139776,ok,9,counted_rhwp_lossy_utf16,,returncode=0; output_head='\n오류: HWP 파싱 실패 - 유효하지 않은 파일: DocInfo 오류: DocInfo IO 오류: UTF-16 디코딩 실패: invalid utf-16: lone surrogate found\n',/tmp/rhwp_lossy/target/release/rhwp,rhwp v0.7.17,byte_reader_read_utf16_string_from_utf16_lossy,14
UOPKOBSA01_saybrkd,uopkobsa01:2023:162:1900:1943:506,과학기술정보통신부_국가 디지털전환 촉진(정보화).hwp,2023,과학기술정보통신부>일반·지방행정>정부자원관리>국가사회정보화>공공서비스신기술적용촉진(정보화)>국가 디지털전환 촉진(정보화),hwp,saybrkd-corpus-20260630/data/openfiscaldata/saybrkd/2023/2023162110000151943506.hwp,True,830976,ok,23,counted_rhwp_lossy_utf16,,returncode=0; output_head='\n오류: HWP 파싱 실패 - 유효하지 않은 파일: DocInfo 오류: DocInfo IO 오류: UTF-16 디코딩 실패: invalid utf-16: lone surrogate found\n',/tmp/rhwp_lossy/target/release/rhwp,rhwp v0.7.17,byte_reader_read_utf16_string_from_utf16_lossy,37
UOPKOBSA01_saybrkd,uopkobsa01:2023:162:2300:2332:301,과학기술정보통신부_암호이용활성화.hwp,2023,과학기술정보통신부>통신>정보통신>정보보호및활용>정보보안대응체계구축>암호이용활성화,hwp,saybrkd-corpus-20260630/data/openfiscaldata/saybrkd/2023/2023162110001332332301.hwp,True,144896,ok,13,counted_rhwp_lossy_utf16,,returncode=0; output_head='\n오류: HWP 파싱 실패 - 유효하지 않은 파일: DocInfo 오류: DocInfo IO 오류: UTF-16 디코딩 실패: invalid utf-16: lone surrogate found\n',/tmp/rhwp_lossy/target/release/rhwp,rhwp v0.7.17,byte_reader_read_utf16_string_from_utf16_lossy,16
UOPKOBSA01_saybrkd,uopkobsa01:2023:162:2300:2332:317,과학기술정보통신부_암호화사이버위협대응기술연구개발(R&D).hwp,2023,과학기술정보통신부>통신>정보통신>정보보호및활용>정보보안대응체계구축>암호화사이버위협대응기술연구개발(R&D),hwp,saybrkd-corpus-20260630/data/openfiscaldata/saybrkd/2023/2023162110001332332317.hwp,True,651264,ok,10,counted_rhwp_lossy_utf16,,returncode=0; output_head='\n오류: HWP 파싱 실패 - 유효하지 않은 파일: DocInfo 오류: DocInfo IO 오류: UTF-16 디코딩 실패: invalid utf-16: lone surrogate found\n',/tmp/rhwp_lossy/target/release/rhwp,rhwp v0.7.17,byte_reader_read_utf16_string_from_utf16_lossy,9
UOPKOBSA01_saybrkd,uopkobsa01:2023:162:2200:2233:304,과학기술정보통신부_SW산업해외진출 역량강화(정보화).hwp,2023,과학기술정보통신부>통신>정보통신>SW산업진흥>SW산업경쟁력강화(일반)>SW산업해외진출 역량강화(정보화),hwp,saybrkd-corpus-20260630/data/openfiscaldata/saybrkd/2023/2023162110001332233304.hwp,True,141824,ok,9,counted_rhwp_lossy_utf16,,returncode=0; output_head='\n오류: HWP 파싱 실패 - 유효하지 않은 파일: DocInfo 오류: DocInfo IO 오류: UTF-16 디코딩 실패: invalid utf-16: lone surrogate found\n',/tmp/rhwp_lossy/target/release/rhwp,rhwp v0.7.17,byte_reader_read_utf16_string_from_utf16_lossy,18
UOPKOBSA01_saybrkd,uopkobsa01:2023:162:2100:2132:307,과학기술정보통신부_ICT기반사회문제해결기술개발(R&D).hwp,2023,과학기술정보통신부>통신>정보통신>정보통신융합산업>콘텐츠디바이스기술개발(일반)>ICT기반사회문제해결기술개발(R&D),hwp,saybrkd-corpus-20260630/data/openfiscaldata/saybrkd/2023/2023162110001332132307.hwp,True,1503744,ok,15,counted_rhwp_lossy_utf16,,returncode=0; output_head='\n오류: HWP 파싱 실패 - 유효하지 않은 파일: DocInfo 오류: DocInfo IO 오류: UTF-16 디코딩 실패: invalid utf-16: lone surrogate found\n',/tmp/rhwp_lossy/target/release/rhwp,rhwp v0.7.17,byte_reader_read_utf16_string_from_utf16_lossy,38
UOPKOBSA01_saybrkd,uopkobsa01:2023:162:2500:2531:324,과학기술정보통신부_Sub_THz대역전파응용기술개발(R&D).hwp,2023,과학기술정보통신부>통신>방송통신>전파활용방송서비스산업>전파방송산업 활성화(일반)>Sub_THz대역전파응용기술개발(R&D),hwp,saybrkd-corpus-20260630/data/openfiscaldata/saybrkd/2023/2023162110001312531324.hwp,True,2093568,ok,17,counted_rhwp_lossy_utf16,,returncode=0; output_head='\n오류: HWP 파싱 실패 - 유효하지 않은 파일: DocInfo 오류: DocInfo IO 오류: UTF-16 디코딩 실패: invalid utf-16: lone surrogate found\n',/tmp/rhwp_lossy/target/release/rhwp,rhwp v0.7.17,byte_reader_read_utf16_string_from_utf16_lossy,45
UOPKOBSA01_saybrkd,uopkobsa01:2023:162:2100:2132:345,과학기술정보통신부_5G 개방형 네트워크 핵심기술개발(R&D).hwp,2023,과학기술정보통신부>통신>정보통신>정보통신융합산업>콘텐츠디바이스기술개발(일반)>5G 개방형 네트워크 핵심기술개발(R&D),hwp,saybrkd-corpus-20260630/data/openfiscaldata/saybrkd/2023/2023162110001332132345.hwp,True,458752,ok,20,counted_rhwp_lossy_utf16,,returncode=0; output_head='\n오류: HWP 파싱 실패 - 유효하지 않은 파일: DocInfo 오류: DocInfo IO 오류: UTF-16 디코딩 실패: invalid utf-16: lone surrogate found\n',/tmp/rhwp_lossy/target/release/rhwp,rhwp v0.7.17,byte_reader_read_utf16_string_from_utf16_lossy,47
UOPKOBSA01_saybrkd,uopkobsa01:2023:162:2600:2601:307,과학기술정보통신부_차세대인공지능핵심원천기술개발(R&D).hwp,2023,과학기술정보통신부>통신>정보통신>인공지능데이터진흥>AI기술개발(일반)>차세대인공지능핵심원천기술개발(R&D),hwp,saybrkd-corpus-20260630/data/openfiscaldata/saybrkd/2023/2023162110001332601307.hwp,True,386048,ok,10,counted_rhwp_lossy_utf16,,returncode=0; output_head='\n오류: HWP 파싱 실패 - 유효하지 않은 파일: DocInfo 오류: DocInfo IO 오류: UTF-16 디코딩 실패: invalid utf-16: lone surrogate found\n',/tmp/rhwp_lossy/target/release/rhwp,rhwp v0.7.17,byte_reader_read_utf16_string_from_utf16_lossy,18
UOPKOBSA01_saybrkd,uopkobsa01:2023:162:2200:2233:336,과학기술정보통신부_AI정밀의료SW선도기반조성.hwp,2023,과학기술정보통신부>통신>정보통신>SW산업진흥>SW산업경쟁력강화(일반)>AI정밀의료SW선도기반조성,hwp,saybrkd-corpus-20260630/data/openfiscaldata/saybrkd/2023/2023162110001332233336.hwp,True,141312,ok,9,counted_rhwp_lossy_utf16,,returncode=0; output_head='\n오류: HWP 파싱 실패 - 유효하지 않은 파일: DocInfo 오류: DocInfo IO 오류: UTF-16 디코딩 실패: invalid utf-16: lone surrogate found\n',/tmp/rhwp_lossy/target/release/rhwp,rhwp v0.7.17,byte_reader_read_utf16_string_from_utf16_lossy,15
UOPKOBSA01_saybrkd,uopkobsa01:2023:162:2300:2333:307,과학기술정보통신부_정보보호산업경쟁력강화(정보화).hwp,2023,과학기술정보통신부>통신>정보통신>정보보호및활용>정보보호산업기반확충>정보보호산업경쟁력강화(정보화),hwp,saybrkd-corpus-20260630/data/openfiscaldata/saybrkd/2023/2023162110001332333307.hwp,True,565760,ok,19,counted_rhwp_lossy_utf16,,returncode=0; output_head='\n오류: HWP 파싱 실패 - 유효하지 않은 파일: DocInfo 오류: DocInfo IO 오류: UTF-16 디코딩 실패: invalid utf-16: lone surrogate found\n',/tmp/rhwp_lossy/target/release/rhwp,rhwp v0.7.17,byte_reader_read_utf16_string_from_utf16_lossy,21
UOPKOBSA01_saybrkd,uopkobsa01:2023:162:2200:2233:329,과학기술정보통신부_디지털전환K-SW기술개발(R&D).hwp,2023,과학기술정보통신부>통신>정보통신>SW산업진흥>SW산업경쟁력강화(일반)>디지털전환K-SW기술개발(R&D),hwp,saybrkd-corpus-20260630/data/openfiscaldata/saybrkd/2023/2023162110001332233329.hwp,True,138240,ok,8,counted_rhwp_lossy_utf16,,returncode=0; output_head='\n오류: HWP 파싱 실패 - 유효하지 않은 파일: DocInfo 오류: DocInfo IO 오류: UTF-16 디코딩 실패: invalid utf-16: lone surrogate found\n',/tmp/rhwp_lossy/target/release/rhwp,rhwp v0.7.17,byte_reader_read_utf16_string_from_utf16_lossy,16
UOPKOBSA01_saybrkd,uopkobsa01:2023:162:2100:2132:352,과학기술정보통신부_양자기술개발선도(양자센서)(R&D).hwp,2023,과학기술정보통신부>통신>정보통신>정보통신융합산업>콘텐츠디바이스기술개발(일반)>양자기술개발선도(양자센서)(R&D),hwp,saybrkd-corpus-20260630/data/openfiscaldata/saybrkd/2023/2023162110001332132352.hwp,True,550400,ok,12,counted_rhwp_lossy_utf16,,returncode=0; output_head='\n오류: HWP 파싱 실패 - 유효하지 않은 파일: DocInfo 오류: DocInfo IO 오류: UTF-16 디코딩 실패: invalid utf-16: lone surrogate found\n',/tmp/rhwp_lossy/target/release/rhwp,rhwp v0.7.17,byte_reader_read_utf16_string_from_utf16_lossy,13
UOPKOBSA01_saybrkd,uopkobsa01:2023:162:2300:2332:302,"과학기술정보통신부_해킹바이러스대응체계고도화(정보화,출연).hwp",2023,"과학기술정보통신부>통신>정보통신>정보보호및활용>정보보안대응체계구축>해킹바이러스대응체계고도화(정보화,출연)",hwp,saybrkd-corpus-20260630/data/openfiscaldata/saybrkd/2023/2023162110001332332302.hwp,True,195072,ok,14,counted_rhwp_lossy_utf16,,returncode=0; output_head='\n오류: HWP 파싱 실패 - 유효하지 않은 파일: DocInfo 오류: DocInfo IO 오류: UTF-16 디코딩 실패: invalid utf-16: lone surrogate found\n',/tmp/rhwp_lossy/target/release/rhwp,rhwp v0.7.17,byte_reader_read_utf16_string_from_utf16_lossy,18
UOPKOBSA01_saybrkd,uopkobsa01:2023:162:2600:2601:340,과학기술정보통신부_민군양용인공지능기술개발(R&D).hwp,2023,과학기술정보통신부>통신>정보통신>인공지능데이터진흥>AI기술개발(일반)>민군양용인공지능기술개발(R&D),hwp,saybrkd-corpus-20260630/data/openfiscaldata/saybrkd/2023/2023162110001332601340.hwp,True,142848,ok,13,counted_rhwp_lossy_utf16,,returncode=0; output_head='\n오류: HWP 파싱 실패 - 유효하지 않은 파일: DocInfo 오류: DocInfo IO 오류: UTF-16 디코딩 실패: invalid utf-16: lone surrogate found\n',/tmp/rhwp_lossy/target/release/rhwp,rhwp v0.7.17,byte_reader_read_utf16_string_from_utf16_lossy,17
UOPKOBSA01_saybrkd,uopkobsa01:2023:162:7000:7002:101,"과학기술정보통신부_국립전파연구원(총액대상,R&D).hwp",2023,"과학기술정보통신부>통신>방송통신>과학기술정보통신부운영지원>기관인건비>국립전파연구원(총액대상,R&D)",hwp,saybrkd-corpus-20260630/data/openfiscaldata/saybrkd/2023/2023162110001317002101.hwp,True,127488,ok,6,counted_rhwp_lossy_utf16,,returncode=0; output_head='\n오류: HWP 파싱 실패 - 유효하지 않은 파일: DocInfo 오류: DocInfo IO 오류: UTF-16 디코딩 실패: invalid utf-16: lone surrogate found\n',/tmp/rhwp_lossy/target/release/rhwp,rhwp v0.7.17,byte_reader_read_utf16_string_from_utf16_lossy,9
UOPKOBSA01_saybrkd,uopkobsa01:2023:162:2200:2233:308,과학기술정보통신부_AI정밀의료솔루션(닥터앤서2.0)개발(R&D).hwp,2023,과학기술정보통신부>통신>정보통신>SW산업진흥>SW산업경쟁력강화(일반)>AI정밀의료솔루션(닥터앤서2.0)개발(R&D),hwp,saybrkd-corpus-20260630/data/openfiscaldata/saybrkd/2023/2023162110001332233308.hwp,True,249856,ok,11,counted_rhwp_lossy_utf16,,returncode=0; output_head='\n오류: HWP 파싱 실패 - 유효하지 않은 파일: DocInfo 오류: DocInfo IO 오류: UTF-16 디코딩 실패: invalid utf-16: lone surrogate found\n',/tmp/rhwp_lossy/target/release/rhwp,rhwp v0.7.17,byte_reader_read_utf16_string_from_utf16_lossy,15
UOPKOBSA01_saybrkd,uopkobsa01:2023:162:2600:2603:310,과학기술정보통신부_인공지능반도체혁신기업집중육성(R&D).hwp,2023,과학기술정보통신부>통신>정보통신>인공지능데이터진흥>AI반도체경쟁력강화(일반)>인공지능반도체혁신기업집중육성(R&D),hwp,saybrkd-corpus-20260630/data/openfiscaldata/saybrkd/2023/2023162110001332603310.hwp,True,142848,ok,10,counted_rhwp_lossy_utf16,,returncode=0; output_head='\n오류: HWP 파싱 실패 - 유효하지 않은 파일: DocInfo 오류: DocInfo IO 오류: UTF-16 디코딩 실패: invalid utf-16: lone surrogate found\n',/tmp/rhwp_lossy/target/release/rhwp,rhwp v0.7.17,byte_reader_read_utf16_string_from_utf16_lossy,14
UOPKOBSA01_saybrkd,uopkobsa01:2023:162:2500:2531:326,과학기술정보통신부_8K급차세대미디어전송기술개발(R&D).hwp,2023,과학기술정보통신부>통신>방송통신>전파활용방송서비스산업>전파방송산업 활성화(일반)>8K급차세대미디어전송기술개발(R&D),hwp,saybrkd-corpus-20260630/data/openfiscaldata/saybrkd/2023/2023162110001312531326.hwp,True,421376,ok,10,counted_rhwp_lossy_utf16,,returncode=0; output_head='\n오류: HWP 파싱 실패 - 유효하지 않은 파일: DocInfo 오류: DocInfo IO 오류: UTF-16 디코딩 실패: invalid utf-16: lone surrogate found\n',/tmp/rhwp_lossy/target/release/rhwp,rhwp v0.7.17,byte_reader_read_utf16_string_from_utf16_lossy,17
UOPKOBSA01_saybrkd,uopkobsa01:2023:162:2600:2603:315,과학기술정보통신부_자율주행용인공지능반도체핵심기술개발(R&D).hwp,2023,과학기술정보통신부>통신>정보통신>인공지능데이터진흥>AI반도체경쟁력강화(일반)>자율주행용인공지능반도체핵심기술개발(R&D),hwp,saybrkd-corpus-20260630/data/openfiscaldata/saybrkd/2023/2023162110001332603315.hwp,True,138240,ok,9,counted_rhwp_lossy_utf16,,returncode=0; output_head='\n오류: HWP 파싱 실패 - 유효하지 않은 파일: DocInfo 오류: DocInfo IO 오류: UTF-16 디코딩 실패: invalid utf-16: lone surrogate found\n',/tmp/rhwp_lossy/target/release/rhwp,rhwp v0.7.17,byte_reader_read_utf16_string_from_utf16_lossy,12
UOPKOBSA01_saybrkd,uopkobsa01:2023:162:2600:2603:316,과학기술정보통신부_인공지능반도체SW통합플랫폼기술개발(R&D).hwp,2023,과학기술정보통신부>통신>정보통신>인공지능데이터진흥>AI반도체경쟁력강화(일반)>인공지능반도체SW통합플랫폼기술개발(R&D),hwp,saybrkd-corpus-20260630/data/openfiscaldata/saybrkd/2023/2023162110001332603316.hwp,True,134144,ok,8,counted_rhwp_lossy_utf16,,returncode=0; output_head='\n오류: HWP 파싱 실패 - 유효하지 않은 파일: DocInfo 오류: DocInfo IO 오류: UTF-16 디코딩 실패: invalid utf-16: lone surrogate found\n',/tmp/rhwp_lossy/target/release/rhwp,rhwp v0.7.17,byte_reader_read_utf16_string_from_utf16_lossy,11
UOPKOBSA01_saybrkd,uopkobsa01:2023:162:2100:2137:310,과학기술정보통신부_융합서비스 글로벌시장 진출지원.hwp,2023,과학기술정보통신부>통신>정보통신>정보통신융합산업>ICT산업기반확충(일반)>융합서비스 글로벌시장 진출지원,hwp,saybrkd-corpus-20260630/data/openfiscaldata/saybrkd/2023/2023162110001332137310.hwp,True,267264,ok,15,counted_rhwp_lossy_utf16,,returncode=0; output_head='\n오류: HWP 파싱 실패 - 유효하지 않은 파일: DocInfo 오류: DocInfo IO 오류: UTF-16 디코딩 실패: invalid utf-16: lone surrogate found\n',/tmp/rhwp_lossy/target/release/rhwp,rhwp v0.7.17,byte_reader_read_utf16_string_from_utf16_lossy,23
UOPKOBSA01_saybrkd,uopkobsa01:2023:162:2300:2332:315,과학기술정보통신부_데이터프라이버시글로벌선도기술연구개발(R&D).hwp,2023,과학기술정보통신부>통신>정보통신>정보보호및활용>정보보안대응체계구축>데이터프라이버시글로벌선도기술연구개발(R&D),hwp,saybrkd-corpus-20260630/data/openfiscaldata/saybrkd/2023/2023162110001332332315.hwp,True,140800,ok,8,counted_rhwp_lossy_utf16,,returncode=0; output_head='\n오류: HWP 파싱 실패 - 유효하지 않은 파일: DocInfo 오류: DocInfo IO 오류: UTF-16 디코딩 실패: invalid utf-16: lone surrogate found\n',/tmp/rhwp_lossy/target/release/rhwp,rhwp v0.7.17,byte_reader_read_utf16_string_from_utf16_lossy,12
UOPKOBSA01_saybrkd,uopkobsa01:2023:162:2600:2603:317,과학기술정보통신부_거대인공신경망인공지능반도체SW기술개발(R&D).hwp,2023,과학기술정보통신부>통신>정보통신>인공지능데이터진흥>AI반도체경쟁력강화(일반)>거대인공신경망인공지능반도체SW기술개발(R&D),hwp,saybrkd-corpus-20260630/data/openfiscaldata/saybrkd/2023/2023162110001332603317.hwp,True,134656,ok,8,counted_rhwp_lossy_utf16,,returncode=0; output_head='\n오류: HWP 파싱 실패 - 유효하지 않은 파일: DocInfo 오류: DocInfo IO 오류: UTF-16 디코딩 실패: invalid utf-16: lone surrogate found\n',/tmp/rhwp_lossy/target/release/rhwp,rhwp v0.7.17,byte_reader_read_utf16_string_from_utf16_lossy,16
UOPKOBSA01_saybrkd,uopkobsa01:2023:162:2600:2601:312,과학기술정보통신부_사람중심인공지능핵심원천기술개발(R&D).hwp,2023,과학기술정보통신부>통신>정보통신>인공지능데이터진흥>AI기술개발(일반)>사람중심인공지능핵심원천기술개발(R&D),hwp,saybrkd-corpus-20260630/data/openfiscaldata/saybrkd/2023/2023162110001332601312.hwp,True,287232,ok,13,counted_rhwp_lossy_utf16,,returncode=0; output_head='\n오류: HWP 파싱 실패 - 유효하지 않은 파일: DocInfo 오류: DocInfo IO 오류: UTF-16 디코딩 실패: invalid utf-16: lone surrogate found\n',/tmp/rhwp_lossy/target/release/rhwp,rhwp v0.7.17,byte_reader_read_utf16_string_from_utf16_lossy,29
UOPKOBSA01_saybrkd,uopkobsa01:2023:162:2100:2132:339,과학기술정보통신부_통신용화합물반도체연구파운드리기술개발(R&D).hwp,2023,과학기술정보통신부>통신>정보통신>정보통신융합산업>콘텐츠디바이스기술개발(일반)>통신용화합물반도체연구파운드리기술개발(R&D),hwp,saybrkd-corpus-20260630/data/openfiscaldata/saybrkd/2023/2023162110001332132339.hwp,True,1819648,ok,12,counted_rhwp_lossy_utf16,,returncode=0; output_head='\n오류: HWP 파싱 실패 - 유효하지 않은 파일: DocInfo 오류: DocInfo IO 오류: UTF-16 디코딩 실패: invalid utf-16: lone surrogate found\n',/tmp/rhwp_lossy/target/release/rhwp,rhwp v0.7.17,byte_reader_read_utf16_string_from_utf16_lossy,27
UOPKOBSA01_saybrkd,uopkobsa01:2023:162:2300:2332:313,과학기술정보통신부_사이버보안 얼라이언스 운영(정보화).hwp,2023,과학기술정보통신부>통신>정보통신>정보보호및활용>정보보안대응체계구축>사이버보안 얼라이언스 운영(정보화),hwp,saybrkd-corpus-20260630/data/openfiscaldata/saybrkd/2023/2023162110001332332313.hwp,True,683520,ok,12,counted_rhwp_lossy_utf16,,returncode=0; output_head='\n오류: HWP 파싱 실패 - 유효하지 않은 파일: DocInfo 오류: DocInfo IO 오류: UTF-16 디코딩 실패: invalid utf-16: lone surrogate found\n',/tmp/rhwp_lossy/target/release/rhwp,rhwp v0.7.17,byte_reader_read_utf16_string_from_utf16_lossy,25
UOPKOBSA01_saybrkd,uopkobsa01:2023:162:2200:2232:303,과학기술정보통신부_산업전문인력AI역량강화.hwp,2023,과학기술정보통신부>통신>정보통신>SW산업진흥>SW융합인력양성(일반)>산업전문인력AI역량강화,hwp,saybrkd-corpus-20260630/data/openfiscaldata/saybrkd/2023/2023162110001332232303.hwp,True,3243008,ok,18,counted_rhwp_lossy_utf16,,returncode=0; output_head='\n오류: HWP 파싱 실패 - 유효하지 않은 파일: DocInfo 오류: DocInfo IO 오류: UTF-16 디코딩 실패: invalid utf-16: lone surrogate found\n',/tmp/rhwp_lossy/target/release/rhwp,rhwp v0.7.17,byte_reader_read_utf16_string_from_utf16_lossy,59
UOPKOBSA01_saybrkd,uopkobsa01:2023:162:2600:2601:359,과학기술정보통신부_디지털플랫폼정부 국민체감 선도 프로젝트.hwp,2023,과학기술정보통신부>통신>정보통신>인공지능데이터진흥>AI기술개발(일반)>디지털플랫폼정부 국민체감 선도 프로젝트,hwp,saybrkd-corpus-20260630/data/openfiscaldata/saybrkd/2023/2023162110001332601359.hwp,True,133120,ok,8,counted_rhwp_lossy_utf16,,returncode=0; output_head='\n오류: HWP 파싱 실패 - 유효하지 않은 파일: DocInfo 오류: DocInfo IO 오류: UTF-16 디코딩 실패: invalid utf-16: lone surrogate found\n',/tmp/rhwp_lossy/target/release/rhwp,rhwp v0.7.17,byte_reader_read_utf16_string_from_utf16_lossy,13
UOPKOBSA01_saybrkd,uopkobsa01:2023:162:2600:2603:314,과학기술정보통신부_PIM인공지능반도체핵심기술개발(R&D).hwp,2023,과학기술정보통신부>통신>정보통신>인공지능데이터진흥>AI반도체경쟁력강화(일반)>PIM인공지능반도체핵심기술개발(R&D),hwp,saybrkd-corpus-20260630/data/openfiscaldata/saybrkd/2023/2023162110001332603314.hwp,True,140800,ok,9,counted_rhwp_lossy_utf16,,returncode=0; output_head='\n오류: HWP 파싱 실패 - 유효하지 않은 파일: DocInfo 오류: DocInfo IO 오류: UTF-16 디코딩 실패: invalid utf-16: lone surrogate found\n',/tmp/rhwp_lossy/target/release/rhwp,rhwp v0.7.17,byte_reader_read_utf16_string_from_utf16_lossy,20
UOPKOBSA01_saybrkd,uopkobsa01:2023:162:2600:2601:347,과학기술정보통신부_인공지능첨단유망기술개발(R&D).hwp,2023,과학기술정보통신부>통신>정보통신>인공지능데이터진흥>AI기술개발(일반)>인공지능첨단유망기술개발(R&D),hwp,saybrkd-corpus-20260630/data/openfiscaldata/saybrkd/2023/2023162110001332601347.hwp,True,209920,ok,13,counted_rhwp_lossy_utf16,,returncode=0; output_head='\n오류: HWP 파싱 실패 - 유효하지 않은 파일: DocInfo 오류: DocInfo IO 오류: UTF-16 디코딩 실패: invalid utf-16: lone surrogate found\n',/tmp/rhwp_lossy/target/release/rhwp,rhwp v0.7.17,byte_reader_read_utf16_string_from_utf16_lossy,20
UOPKOBSA01_saybrkd,uopkobsa01:2023:162:2600:2603:306,과학기술정보통신부_인공지능반도체응용기술개발(R&D).hwp,2023,과학기술정보통신부>통신>정보통신>인공지능데이터진흥>AI반도체경쟁력강화(일반)>인공지능반도체응용기술개발(R&D),hwp,saybrkd-corpus-20260630/data/openfiscaldata/saybrkd/2023/2023162110001332603306.hwp,True,141824,ok,12,counted_rhwp_lossy_utf16,,returncode=0; output_head='\n오류: HWP 파싱 실패 - 유효하지 않은 파일: DocInfo 오류: DocInfo IO 오류: UTF-16 디코딩 실패: invalid utf-16: lone surrogate found\n',/tmp/rhwp_lossy/target/release/rhwp,rhwp v0.7.17,byte_reader_read_utf16_string_from_utf16_lossy,18
UOPKOBSA01_saybrkd,uopkobsa01:2023:162:2600:2603:305,과학기술정보통신부_차세대지능형반도체기술개발(설계)(R&D).hwp,2023,과학기술정보통신부>통신>정보통신>인공지능데이터진흥>AI반도체경쟁력강화(일반)>차세대지능형반도체기술개발(설계)(R&D),hwp,saybrkd-corpus-20260630/data/openfiscaldata/saybrkd/2023/2023162110001332603305.hwp,True,154624,ok,12,counted_rhwp_lossy_utf16,,returncode=0; output_head='\n오류: HWP 파싱 실패 - 유효하지 않은 파일: DocInfo 오류: DocInfo IO 오류: UTF-16 디코딩 실패: invalid utf-16: lone surrogate found\n',/tmp/rhwp_lossy/target/release/rhwp,rhwp v0.7.17,byte_reader_read_utf16_string_from_utf16_lossy,14
UOPKOBSA01_saybrkd,uopkobsa01:2023:162:2600:2601:313,과학기술정보통신부_인공지능챌린지선도기술개발(R&D).hwp,2023,과학기술정보통신부>통신>정보통신>인공지능데이터진흥>AI기술개발(일반)>인공지능챌린지선도기술개발(R&D),hwp,saybrkd-corpus-20260630/data/openfiscaldata/saybrkd/2023/2023162110001332601313.hwp,True,752640,ok,13,counted_rhwp_lossy_utf16,,returncode=0; output_head='\n오류: HWP 파싱 실패 - 유효하지 않은 파일: DocInfo 오류: DocInfo IO 오류: UTF-16 디코딩 실패: invalid utf-16: lone surrogate found\n',/tmp/rhwp_lossy/target/release/rhwp,rhwp v0.7.17,byte_reader_read_utf16_string_from_utf16_lossy,21
UOPKOBSA01_saybrkd,uopkobsa01:2023:162:1000:1036:501,과학기술정보통신부_범부처연구비통합관리시스템구축및운영사업(R&D).hwp,2023,과학기술정보통신부>과학기술>과학기술연구지원>과학기술혁신지원>국가과학기술 지식정보서비스>범부처연구비통합관리시스템구축및운영사업(R&D),hwp,saybrkd-corpus-20260630/data/openfiscaldata/saybrkd/2023/2023162110001521036501.hwp,True,170496,ok,11,counted_rhwp_lossy_utf16,,returncode=0; output_head='\n오류: HWP 파싱 실패 - 유효하지 않은 파일: DocInfo 오류: DocInfo IO 오류: UTF-16 디코딩 실패: invalid utf-16: lone surrogate found\n',/tmp/rhwp_lossy/target/release/rhwp,rhwp v0.7.17,byte_reader_read_utf16_string_from_utf16_lossy,18
UOPKOBSA01_saybrkd,uopkobsa01:2023:162:2600:2603:308,과학기술정보통신부_신개념PIM반도체선도기술개발(R&D).hwp,2023,과학기술정보통신부>통신>정보통신>인공지능데이터진흥>AI반도체경쟁력강화(일반)>신개념PIM반도체선도기술개발(R&D),hwp,saybrkd-corpus-20260630/data/openfiscaldata/saybrkd/2023/2023162110001332603308.hwp,True,137216,ok,8,counted_rhwp_lossy_utf16,,returncode=0; output_head='\n오류: HWP 파싱 실패 - 유효하지 않은 파일: DocInfo 오류: DocInfo IO 오류: UTF-16 디코딩 실패: invalid utf-16: lone surrogate found\n',/tmp/rhwp_lossy/target/release/rhwp,rhwp v0.7.17,byte_reader_read_utf16_string_from_utf16_lossy,12
UOPKOBSA01_saybrkd,uopkobsa01:2023:162:2600:2601:341,과학기술정보통신부_인공지능산업융합기술개발(R&D).hwp,2023,과학기술정보통신부>통신>정보통신>인공지능데이터진흥>AI기술개발(일반)>인공지능산업융합기술개발(R&D),hwp,saybrkd-corpus-20260630/data/openfiscaldata/saybrkd/2023/2023162110001332601341.hwp,True,265216,ok,14,counted_rhwp_lossy_utf16,,returncode=0; output_head='\n오류: HWP 파싱 실패 - 유효하지 않은 파일: DocInfo 오류: DocInfo IO 오류: UTF-16 디코딩 실패: invalid utf-16: lone surrogate found\n',/tmp/rhwp_lossy/target/release/rhwp,rhwp v0.7.17,byte_reader_read_utf16_string_from_utf16_lossy,22
UOPKOBSA01_saybrkd,uopkobsa01:2023:162:2100:2137:325,과학기술정보통신부_스마트 제조혁신 기술개발(R&D).hwp,2023,과학기술정보통신부>통신>정보통신>정보통신융합산업>ICT산업기반확충(일반)>스마트 제조혁신 기술개발(R&D),hwp,saybrkd-corpus-20260630/data/openfiscaldata/saybrkd/2023/2023162110001332137325.hwp,True,139776,ok,7,counted_rhwp_lossy_utf16,,returncode=0; output_head='\n오류: HWP 파싱 실패 - 유효하지 않은 파일: DocInfo 오류: DocInfo IO 오류: UTF-16 디코딩 실패: invalid utf-16: lone surrogate found\n',/tmp/rhwp_lossy/target/release/rhwp,rhwp v0.7.17,byte_reader_read_utf16_string_from_utf16_lossy,12
UOPKOBSA01_saybrkd,uopkobsa01:2023:162:2100:2132:302,과학기술정보통신부_6G 핵심기술개발(R&D).hwp,2023,과학기술정보통신부>통신>정보통신>정보통신융합산업>콘텐츠디바이스기술개발(일반)>6G 핵심기술개발(R&D),hwp,saybrkd-corpus-20260630/data/openfiscaldata/saybrkd/2023/2023162110001332132302.hwp,True,1709568,ok,25,counted_rhwp_lossy_utf16,,returncode=0; output_head='\n오류: HWP 파싱 실패 - 유효하지 않은 파일: DocInfo 오류: DocInfo IO 오류: UTF-16 디코딩 실패: invalid utf-16: lone surrogate found\n',/tmp/rhwp_lossy/target/release/rhwp,rhwp v0.7.17,byte_reader_read_utf16_string_from_utf16_lossy,30
UOPKOBSA01_saybrkd,uopkobsa01:2023:162:2300:2332:312,과학기술정보통신부_비대면서비스 물리보안 통합플랫폼 운영체계 개발(R&D).hwp,2023,과학기술정보통신부>통신>정보통신>정보보호및활용>정보보안대응체계구축>비대면서비스 물리보안 통합플랫폼 운영체계 개발(R&D),hwp,saybrkd-corpus-20260630/data/openfiscaldata/saybrkd/2023/2023162110001332332312.hwp,True,289792,ok,9,counted_rhwp_lossy_utf16,,returncode=0; output_head='\n오류: HWP 파싱 실패 - 유효하지 않은 파일: DocInfo 오류: DocInfo IO 오류: UTF-16 디코딩 실패: invalid utf-16: lone surrogate found\n',/tmp/rhwp_lossy/target/release/rhwp,rhwp v0.7.17,byte_reader_read_utf16_string_from_utf16_lossy,16
UOPKOBSA01_saybrkd,uopkobsa01:2023:162:1000:1034:403,과학기술정보통신부_성장동력기획관리및운영.hwp,2023,과학기술정보통신부>과학기술>과학기술연구지원>과학기술혁신지원>성장동력기반조성>성장동력기획관리및운영,hwp,saybrkd-corpus-20260630/data/openfiscaldata/saybrkd/2023/2023162110001521034403.hwp,True,156672,ok,8,counted_rhwp_lossy_utf16,,returncode=0; output_head='\n오류: HWP 파싱 실패 - 유효하지 않은 파일: DocInfo 오류: DocInfo IO 오류: UTF-16 디코딩 실패: invalid utf-16: lone surrogate found\n',/tmp/rhwp_lossy/target/release/rhwp,rhwp v0.7.17,byte_reader_read_utf16_string_from_utf16_lossy,12
UOPKOBSA01_saybrkd,uopkobsa01:2023:162:2200:2233:328,과학기술정보통신부_AI기반중량화물이동체물류플랫폼실증.hwp,2023,과학기술정보통신부>통신>정보통신>SW산업진흥>SW산업경쟁력강화(일반)>AI기반중량화물이동체물류플랫폼실증,hwp,saybrkd-corpus-20260630/data/openfiscaldata/saybrkd/2023/2023162110001332233328.hwp,True,577024,ok,13,counted_rhwp_lossy_utf16,,returncode=0; output_head='\n오류: HWP 파싱 실패 - 유효하지 않은 파일: DocInfo 오류: DocInfo IO 오류: UTF-16 디코딩 실패: invalid utf-16: lone surrogate found\n',/tmp/rhwp_lossy/target/release/rhwp,rhwp v0.7.17,byte_reader_read_utf16_string_from_utf16_lossy,32
UOPKOBSA01_saybrkd,uopkobsa01:2023:162:1000:1033:402,과학기술정보통신부_국가과학기술자문회의 사무지원단 운영.hwp,2023,과학기술정보통신부>과학기술>과학기술연구지원>과학기술혁신지원>국가과학기술자문회의 운영>국가과학기술자문회의 사무지원단 운영,hwp,saybrkd-corpus-20260630/data/openfiscaldata/saybrkd/2023/2023162110001521033402.hwp,True,159744,ok,8,counted_rhwp_lossy_utf16,,returncode=0; output_head='\n오류: HWP 파싱 실패 - 유효하지 않은 파일: DocInfo 오류: DocInfo IO 오류: UTF-16 디코딩 실패: invalid utf-16: lone surrogate found\n',/tmp/rhwp_lossy/target/release/rhwp,rhwp v0.7.17,byte_reader_read_utf16_string_from_utf16_lossy,17
UOPKOBSA01_saybrkd,uopkobsa01:2023:162:2100:2132:330,과학기술정보통신부_인터넷동영상서비스글로벌경쟁력강화기술개발(R&D).hwp,2023,과학기술정보통신부>통신>정보통신>정보통신융합산업>콘텐츠디바이스기술개발(일반)>인터넷동영상서비스글로벌경쟁력강화기술개발(R&D),hwp,saybrkd-corpus-20260630/data/openfiscaldata/saybrkd/2023/2023162110001332132330.hwp,True,1861120,ok,8,counted_rhwp_lossy_utf16,,returncode=0; output_head='\n오류: HWP 파싱 실패 - 유효하지 않은 파일: DocInfo 오류: DocInfo IO 오류: UTF-16 디코딩 실패: invalid utf-16: lone surrogate found\n',/tmp/rhwp_lossy/target/release/rhwp,rhwp v0.7.17,byte_reader_read_utf16_string_from_utf16_lossy,35
UOPKOBSA01_saybrkd,uopkobsa01:2023:162:1000:1038:401,과학기술정보통신부_국가연구개발사업타당성조사(R&D)(과기정통부).hwp,2023,과학기술정보통신부>과학기술>과학기술연구지원>과학기술혁신지원>국가연구개발사업 타당성조사>국가연구개발사업타당성조사(R&D)(과기정통부),hwp,saybrkd-corpus-20260630/data/openfiscaldata/saybrkd/2023/2023162110001521038401.hwp,True,168448,ok,10,counted_rhwp_lossy_utf16,,returncode=0; output_head='\n오류: HWP 파싱 실패 - 유효하지 않은 파일: DocInfo 오류: DocInfo IO 오류: UTF-16 디코딩 실패: invalid utf-16: lone surrogate found\n',/tmp/rhwp_lossy/target/release/rhwp,rhwp v0.7.17,byte_reader_read_utf16_string_from_utf16_lossy,20
UOPKOBSA01_saybrkd,uopkobsa01:2023:162:1000:1031:401,과학기술정보통신부_과학기술혁신정책 지원(R&D).hwp,2023,과학기술정보통신부>과학기술>과학기술연구지원>과학기술혁신지원>과학기술종합조정 지원>과학기술혁신정책 지원(R&D),hwp,saybrkd-corpus-20260630/data/openfiscaldata/saybrkd/2023/2023162110001521031401.hwp,True,165376,ok,11,counted_rhwp_lossy_utf16,,returncode=0; output_head='\n오류: HWP 파싱 실패 - 유효하지 않은 파일: DocInfo 오류: DocInfo IO 오류: UTF-16 디코딩 실패: invalid utf-16: lone surrogate found\n',/tmp/rhwp_lossy/target/release/rhwp,rhwp v0.7.17,byte_reader_read_utf16_string_from_utf16_lossy,24
UOPKOBSA01_saybrkd,uopkobsa01:2023:162:2200:2231:413,과학기술정보통신부_국가과학기술인력개발원 연구 운영비 지원(R&D).hwp,2023,과학기술정보통신부>과학기술>과학기술연구지원>출연연구기관지원>직할출연연구기관지원>국가과학기술인력개발원 연구 운영비 지원(R&D),hwp,saybrkd-corpus-20260630/data/openfiscaldata/saybrkd/2023/2023162110001522231413.hwp,True,157696,ok,10,counted_rhwp_lossy_utf16,,returncode=0; output_head='\n오류: HWP 파싱 실패 - 유효하지 않은 파일: DocInfo 오류: DocInfo IO 오류: UTF-16 디코딩 실패: invalid utf-16: lone surrogate found\n',/tmp/rhwp_lossy/target/release/rhwp,rhwp v0.7.17,byte_reader_read_utf16_string_from_utf16_lossy,18
UOPKOBSA01_saybrkd,uopkobsa01:2023:162:1000:1034:401,과학기술정보통신부_공공조달연계R&D실증사업화지원(R&D).hwp,2023,과학기술정보통신부>과학기술>과학기술연구지원>과학기술혁신지원>성장동력기반조성>공공조달연계R&D실증사업화지원(R&D),hwp,saybrkd-corpus-20260630/data/openfiscaldata/saybrkd/2023/2023162110001521034401.hwp,True,169984,ok,10,counted_rhwp_lossy_utf16,,returncode=0; output_head='\n오류: HWP 파싱 실패 - 유효하지 않은 파일: DocInfo 오류: DocInfo IO 오류: UTF-16 디코딩 실패: invalid utf-16: lone surrogate found\n',/tmp/rhwp_lossy/target/release/rhwp,rhwp v0.7.17,byte_reader_read_utf16_string_from_utf16_lossy,15
UOPKOBSA01_saybrkd,uopkobsa01:2023:162:2200:2231:404,과학기술정보통신부_한국고등과학원 연구 운영비 지원(R&D).hwp,2023,과학기술정보통신부>과학기술>과학기술연구지원>출연연구기관지원>직할출연연구기관지원>한국고등과학원 연구 운영비 지원(R&D),hwp,saybrkd-corpus-20260630/data/openfiscaldata/saybrkd/2023/2023162110001522231404.hwp,True,187904,ok,12,counted_rhwp_lossy_utf16,,returncode=0; output_head='\n오류: HWP 파싱 실패 - 유효하지 않은 파일: DocInfo 오류: DocInfo IO 오류: UTF-16 디코딩 실패: invalid utf-16: lone surrogate found\n',/tmp/rhwp_lossy/target/release/rhwp,rhwp v0.7.17,byte_reader_read_utf16_string_from_utf16_lossy,24
UOPKOBSA01_saybrkd,uopkobsa01:2023:162:2200:2231:411,과학기술정보통신부_과학기술연합대학원대학교 연구 운영비 지원(R&D).hwp,2023,과학기술정보통신부>과학기술>과학기술연구지원>출연연구기관지원>직할출연연구기관지원>과학기술연합대학원대학교 연구 운영비 지원(R&D),hwp,saybrkd-corpus-20260630/data/openfiscaldata/saybrkd/2023/2023162110001522231411.hwp,True,178688,ok,11,counted_rhwp_lossy_utf16,,returncode=0; output_head='\n오류: HWP 파싱 실패 - 유효하지 않은 파일: DocInfo 오류: DocInfo IO 오류: UTF-16 디코딩 실패: invalid utf-16: lone surrogate found\n',/tmp/rhwp_lossy/target/release/rhwp,rhwp v0.7.17,byte_reader_read_utf16_string_from_utf16_lossy,18
UOPKOBSA01_saybrkd,uopkobsa01:2023:162:2300:2332:303,과학기술정보통신부_한국인터넷진흥원운영지원(정보화).hwp,2023,과학기술정보통신부>통신>정보통신>정보보호및활용>정보보안대응체계구축>한국인터넷진흥원운영지원(정보화),hwp,saybrkd-corpus-20260630/data/openfiscaldata/saybrkd/2023/2023162110001332332303.hwp,True,136704,ok,13,counted_rhwp_lossy_utf16,,returncode=0; output_head='\n오류: HWP 파싱 실패 - 유효하지 않은 파일: DocInfo 오류: DocInfo IO 오류: UTF-16 디코딩 실패: invalid utf-16: lone surrogate found\n',/tmp/rhwp_lossy/target/release/rhwp,rhwp v0.7.17,byte_reader_read_utf16_string_from_utf16_lossy,37
UOPKOBSA01_saybrkd,uopkobsa01:2023:162:2200:2231:412,과학기술정보통신부_동남권원자력의학원연구운영비 지원(R&D).hwp,2023,과학기술정보통신부>과학기술>과학기술연구지원>출연연구기관지원>직할출연연구기관지원>동남권원자력의학원연구운영비 지원(R&D),hwp,saybrkd-corpus-20260630/data/openfiscaldata/saybrkd/2023/2023162110001522231412.hwp,True,357376,ok,13,counted_rhwp_lossy_utf16,,returncode=0; output_head='\n오류: HWP 파싱 실패 - 유효하지 않은 파일: DocInfo 오류: DocInfo IO 오류: UTF-16 디코딩 실패: invalid utf-16: lone surrogate found\n',/tmp/rhwp_lossy/target/release/rhwp,rhwp v0.7.17,byte_reader_read_utf16_string_from_utf16_lossy,29
UOPKOBSA01_saybrkd,uopkobsa01:2023:162:7600:7602:301,과학기술정보통신부_정보통신기획평가원 기획평가관리비(일반)(R&D).hwp,2023,과학기술정보통신부>통신>정보통신>연구개발기획평가>정보통신 기획평가(일반)>정보통신기획평가원 기획평가관리비(일반)(R&D),hwp,saybrkd-corpus-20260630/data/openfiscaldata/saybrkd/2023/2023162110001337602301.hwp,True,141824,ok,9,counted_rhwp_lossy_utf16,,returncode=0; output_head='\n오류: HWP 파싱 실패 - 유효하지 않은 파일: DocInfo 오류: DocInfo IO 오류: UTF-16 디코딩 실패: invalid utf-16: lone surrogate found\n',/tmp/rhwp_lossy/target/release/rhwp,rhwp v0.7.17,byte_reader_read_utf16_string_from_utf16_lossy,15
UOPKOBSA01_saybrkd,uopkobsa01:2023:162:2200:2231:417,과학기술정보통신부_한국과학기술원 한국과학영재학교 지원(R&D).hwp,2023,과학기술정보통신부>과학기술>과학기술연구지원>출연연구기관지원>직할출연연구기관지원>한국과학기술원 한국과학영재학교 지원(R&D),hwp,saybrkd-corpus-20260630/data/openfiscaldata/saybrkd/2023/2023162110001522231417.hwp,True,330752,ok,11,counted_rhwp_lossy_utf16,,returncode=0; output_head='\n오류: HWP 파싱 실패 - 유효하지 않은 파일: DocInfo 오류: DocInfo IO 오류: UTF-16 디코딩 실패: invalid utf-16: lone surrogate found\n',/tmp/rhwp_lossy/target/release/rhwp,rhwp v0.7.17,byte_reader_read_utf16_string_from_utf16_lossy,25
UOPKOBSA01_saybrkd,uopkobsa01:2023:162:1000:1031:404,과학기술정보통신부_혁신도전 프로젝트(R&D).hwp,2023,과학기술정보통신부>과학기술>과학기술연구지원>과학기술혁신지원>과학기술종합조정 지원>혁신도전 프로젝트(R&D),hwp,saybrkd-corpus-20260630/data/openfiscaldata/saybrkd/2023/2023162110001521031404.hwp,True,267264,ok,10,counted_rhwp_lossy_utf16,,returncode=0; output_head='\n오류: HWP 파싱 실패 - 유효하지 않은 파일: DocInfo 오류: DocInfo IO 오류: UTF-16 디코딩 실패: invalid utf-16: lone surrogate found\n',/tmp/rhwp_lossy/target/release/rhwp,rhwp v0.7.17,byte_reader_read_utf16_string_from_utf16_lossy,17
UOPKOBSA01_saybrkd,uopkobsa01:2023:162:2200:2231:414,과학기술정보통신부_기초과학연구원 연구 운영비 지원(R&D).hwp,2023,과학기술정보통신부>과학기술>과학기술연구지원>출연연구기관지원>직할출연연구기관지원>기초과학연구원 연구 운영비 지원(R&D),hwp,saybrkd-corpus-20260630/data/openfiscaldata/saybrkd/2023/2023162110001522231414.hwp,True,306688,ok,14,counted_rhwp_lossy_utf16,,returncode=0; output_head='\n오류: HWP 파싱 실패 - 유효하지 않은 파일: DocInfo 오류: DocInfo IO 오류: UTF-16 디코딩 실패: invalid utf-16: lone surrogate found\n',/tmp/rhwp_lossy/target/release/rhwp,rhwp v0.7.17,byte_reader_read_utf16_string_from_utf16_lossy,19
UOPKOBSA01_saybrkd,uopkobsa01:2023:162:2200:2231:416,과학기술정보통신부_국가수리과학연구소 연구 운영비 지원(R&D).hwp,2023,과학기술정보통신부>과학기술>과학기술연구지원>출연연구기관지원>직할출연연구기관지원>국가수리과학연구소 연구 운영비 지원(R&D),hwp,saybrkd-corpus-20260630/data/openfiscaldata/saybrkd/2023/2023162110001522231416.hwp,True,153600,ok,10,counted_rhwp_lossy_utf16,,returncode=0; output_head='\n오류: HWP 파싱 실패 - 유효하지 않은 파일: DocInfo 오류: DocInfo IO 오류: UTF-16 디코딩 실패: invalid utf-16: lone surrogate found\n',/tmp/rhwp_lossy/target/release/rhwp,rhwp v0.7.17,byte_reader_read_utf16_string_from_utf16_lossy,21
UOPKOBSA01_saybrkd,uopkobsa01:2023:162:1100:1134:602,과학기술정보통신부_실감콘텐츠핵심기술개발(R&D).hwp,2023,과학기술정보통신부>문화및관광>문화예술>콘텐츠방송산업육성>문화콘텐츠산업 기술지원>실감콘텐츠핵심기술개발(R&D),hwp,saybrkd-corpus-20260630/data/openfiscaldata/saybrkd/2023/2023162110000611134602.hwp,True,6931456,ok,14,counted_rhwp_lossy_utf16,,returncode=0; output_head='\n오류: HWP 파싱 실패 - 유효하지 않은 파일: DocInfo 오류: DocInfo IO 오류: UTF-16 디코딩 실패: invalid utf-16: lone surrogate found\n',/tmp/rhwp_lossy/target/release/rhwp,rhwp v0.7.17,byte_reader_read_utf16_string_from_utf16_lossy,80
UOPKOBSA01_saybrkd,uopkobsa01:2023:162:2200:2231:406,과학기술정보통신부_한국원자력의학원 연구 운영비 지원(R&D).hwp,2023,과학기술정보통신부>과학기술>과학기술연구지원>출연연구기관지원>직할출연연구기관지원>한국원자력의학원 연구 운영비 지원(R&D),hwp,saybrkd-corpus-20260630/data/openfiscaldata/saybrkd/2023/2023162110001522231406.hwp,True,517632,ok,13,counted_rhwp_lossy_utf16,,returncode=0; output_head='\n오류: HWP 파싱 실패 - 유효하지 않은 파일: DocInfo 오류: DocInfo IO 오류: UTF-16 디코딩 실패: invalid utf-16: lone surrogate found\n',/tmp/rhwp_lossy/target/release/rhwp,rhwp v0.7.17,byte_reader_read_utf16_string_from_utf16_lossy,43
UOPKOBSA01_saybrkd,uopkobsa01:2023:162:2200:2232:307,과학기술정보통신부_국방분야SW·AI역량강화.hwp,2023,과학기술정보통신부>통신>정보통신>SW산업진흥>SW융합인력양성(일반)>국방분야SW·AI역량강화,hwp,saybrkd-corpus-20260630/data/openfiscaldata/saybrkd/2023/2023162110001332232307.hwp,True,3251200,ok,12,counted_rhwp_lossy_utf16,,returncode=0; output_head='\n오류: HWP 파싱 실패 - 유효하지 않은 파일: DocInfo 오류: DocInfo IO 오류: UTF-16 디코딩 실패: invalid utf-16: lone surrogate found\n',/tmp/rhwp_lossy/target/release/rhwp,rhwp v0.7.17,byte_reader_read_utf16_string_from_utf16_lossy,46
UOPKOBSA01_saybrkd,uopkobsa01:2023:162:2200:2241:407,과학기술정보통신부_한국천문연구원 연구 운영비 지원(R&D).hwp,2023,과학기술정보통신부>과학기술>과학기술연구지원>출연연구기관지원>국가과학기술연구회 소속 출연연구기관 지원>한국천문연구원 연구 운영비 지원(R&D),hwp,saybrkd-corpus-20260630/data/openfiscaldata/saybrkd/2023/2023162110001522241407.hwp,True,160768,ok,15,counted_rhwp_lossy_utf16,,returncode=0; output_head='\n오류: HWP 파싱 실패 - 유효하지 않은 파일: DocInfo 오류: DocInfo IO 오류: UTF-16 디코딩 실패: invalid utf-16: lone surrogate found\n',/tmp/rhwp_lossy/target/release/rhwp,rhwp v0.7.17,byte_reader_read_utf16_string_from_utf16_lossy,27
UOPKOBSA01_saybrkd,uopkobsa01:2023:162:1000:1031:406,과학기술정보통신부_범부처 사회문제해결 기반구축사업(R&D).hwp,2023,과학기술정보통신부>과학기술>과학기술연구지원>과학기술혁신지원>과학기술종합조정 지원>범부처 사회문제해결 기반구축사업(R&D),hwp,saybrkd-corpus-20260630/data/openfiscaldata/saybrkd/2023/2023162110001521031406.hwp,True,223232,ok,9,counted_rhwp_lossy_utf16,,returncode=0; output_head='\n오류: HWP 파싱 실패 - 유효하지 않은 파일: DocInfo 오류: DocInfo IO 오류: UTF-16 디코딩 실패: invalid utf-16: lone surrogate found\n',/tmp/rhwp_lossy/target/release/rhwp,rhwp v0.7.17,byte_reader_read_utf16_string_from_utf16_lossy,14
UOPKOBSA01_saybrkd,uopkobsa01:2023:162:2200:2231:420,과학기술정보통신부_대구경북과학기술원교원사택BTL정부지급금지원.hwp,2023,과학기술정보통신부>과학기술>과학기술연구지원>출연연구기관지원>직할출연연구기관지원>대구경북과학기술원교원사택BTL정부지급금지원,hwp,saybrkd-corpus-20260630/data/openfiscaldata/saybrkd/2023/2023162110001522231420.hwp,True,850432,ok,6,counted_rhwp_lossy_utf16,,returncode=0; output_head='\n오류: HWP 파싱 실패 - 유효하지 않은 파일: DocInfo 오류: DocInfo IO 오류: UTF-16 디코딩 실패: invalid utf-16: lone surrogate found\n',/tmp/rhwp_lossy/target/release/rhwp,rhwp v0.7.17,byte_reader_read_utf16_string_from_utf16_lossy,11
UOPKOBSA01_saybrkd,uopkobsa01:2023:162:2200:2231:405,과학기술정보통신부_광주과학기술원 연구 운영비 지원(R&D).hwp,2023,과학기술정보통신부>과학기술>과학기술연구지원>출연연구기관지원>직할출연연구기관지원>광주과학기술원 연구 운영비 지원(R&D),hwp,saybrkd-corpus-20260630/data/openfiscaldata/saybrkd/2023/2023162110001522231405.hwp,True,649728,ok,13,counted_rhwp_lossy_utf16,,returncode=0; output_head='\n오류: HWP 파싱 실패 - 유효하지 않은 파일: DocInfo 오류: DocInfo IO 오류: UTF-16 디코딩 실패: invalid utf-16: lone surrogate found\n',/tmp/rhwp_lossy/target/release/rhwp,rhwp v0.7.17,byte_reader_read_utf16_string_from_utf16_lossy,26
UOPKOBSA01_saybrkd,uopkobsa01:2023:162:2600:2601:315,과학기술정보통신부_한국어대형언어모델기술개발(R&D).hwp,2023,과학기술정보통신부>통신>정보통신>인공지능데이터진흥>AI기술개발(일반)>한국어대형언어모델기술개발(R&D),hwp,saybrkd-corpus-20260630/data/openfiscaldata/saybrkd/2023/2023162110001332601315.hwp,True,237568,ok,8,counted_rhwp_lossy_utf16,,returncode=0; output_head='\n오류: HWP 파싱 실패 - 유효하지 않은 파일: DocInfo 오류: DocInfo IO 오류: UTF-16 디코딩 실패: invalid utf-16: lone surrogate found\n',/tmp/rhwp_lossy/target/release/rhwp,rhwp v0.7.17,byte_reader_read_utf16_string_from_utf16_lossy,14
UOPKOBSA01_saybrkd,uopkobsa01:2023:162:2200:2241:411,과학기술정보통신부_한국과학기술정보연구원 연구 운영비 지원(R&D).hwp,2023,과학기술정보통신부>과학기술>과학기술연구지원>출연연구기관지원>국가과학기술연구회 소속 출연연구기관 지원>한국과학기술정보연구원 연구 운영비 지원(R&D),hwp,saybrkd-corpus-20260630/data/openfiscaldata/saybrkd/2023/2023162110001522241411.hwp,True,231936,ok,17,counted_rhwp_lossy_utf16,,returncode=0; output_head='\n오류: HWP 파싱 실패 - 유효하지 않은 파일: DocInfo 오류: DocInfo IO 오류: UTF-16 디코딩 실패: invalid utf-16: lone surrogate found\n',/tmp/rhwp_lossy/target/release/rhwp,rhwp v0.7.17,byte_reader_read_utf16_string_from_utf16_lossy,12
UOPKOBSA01_saybrkd,uopkobsa01:2023:162:1000:1032:401,과학기술정보통신부_한국과학기술기획평가원 연구 운영비 지원(R&D).hwp,2023,과학기술정보통신부>과학기술>과학기술연구지원>과학기술혁신지원>기획평가기관지원>한국과학기술기획평가원 연구 운영비 지원(R&D),hwp,saybrkd-corpus-20260630/data/openfiscaldata/saybrkd/2023/2023162110001521032401.hwp,True,174592,ok,14,counted_rhwp_lossy_utf16,,returncode=0; output_head='\n오류: HWP 파싱 실패 - 유효하지 않은 파일: DocInfo 오류: DocInfo IO 오류: UTF-16 디코딩 실패: invalid utf-16: lone surrogate found\n',/tmp/rhwp_lossy/target/release/rhwp,rhwp v0.7.17,byte_reader_read_utf16_string_from_utf16_lossy,59
UOPKOBSA01_saybrkd,uopkobsa01:2023:162:2200:2231:401,과학기술정보통신부_한국과학기술원 연구 운영비 지원(R&D).hwp,2023,과학기술정보통신부>과학기술>과학기술연구지원>출연연구기관지원>직할출연연구기관지원>한국과학기술원 연구 운영비 지원(R&D),hwp,saybrkd-corpus-20260630/data/openfiscaldata/saybrkd/2023/2023162110001522231401.hwp,True,694784,ok,13,counted_rhwp_lossy_utf16,,returncode=0; output_head='\n오류: HWP 파싱 실패 - 유효하지 않은 파일: DocInfo 오류: DocInfo IO 오류: UTF-16 디코딩 실패: invalid utf-16: lone surrogate found\n',/tmp/rhwp_lossy/target/release/rhwp,rhwp v0.7.17,byte_reader_read_utf16_string_from_utf16_lossy,28
UOPKOBSA01_saybrkd,uopkobsa01:2023:162:2200:2231:402,과학기술정보통신부_대구경북과학기술원 연구 운영비지원(R&D).hwp,2023,과학기술정보통신부>과학기술>과학기술연구지원>출연연구기관지원>직할출연연구기관지원>대구경북과학기술원 연구 운영비지원(R&D),hwp,saybrkd-corpus-20260630/data/openfiscaldata/saybrkd/2023/2023162110001522231402.hwp,True,289280,ok,15,counted_rhwp_lossy_utf16,,returncode=0; output_head='\n오류: HWP 파싱 실패 - 유효하지 않은 파일: DocInfo 오류: DocInfo IO 오류: UTF-16 디코딩 실패: invalid utf-16: lone surrogate found\n',/tmp/rhwp_lossy/target/release/rhwp,rhwp v0.7.17,byte_reader_read_utf16_string_from_utf16_lossy,27
UOPKOBSA01_saybrkd,uopkobsa01:2023:162:1000:1039:401,과학기술정보통신부_연구자권익보호위원회 운영(R&D).hwp,2023,과학기술정보통신부>과학기술>과학기술연구지원>과학기술혁신지원>연구자권익보호위원회 운영>연구자권익보호위원회 운영(R&D),hwp,saybrkd-corpus-20260630/data/openfiscaldata/saybrkd/2023/2023162110001521039401.hwp,True,155648,ok,7,counted_rhwp_lossy_utf16,,returncode=0; output_head='\n오류: HWP 파싱 실패 - 유효하지 않은 파일: DocInfo 오류: DocInfo IO 오류: UTF-16 디코딩 실패: invalid utf-16: lone surrogate found\n',/tmp/rhwp_lossy/target/release/rhwp,rhwp v0.7.17,byte_reader_read_utf16_string_from_utf16_lossy,10
UOPKOBSA01_saybrkd,uopkobsa01:2023:162:1000:1035:401,과학기술정보통신부_국가연구개발성과평가(R&D).hwp,2023,과학기술정보통신부>과학기술>과학기술연구지원>과학기술혁신지원>국가연구개발성과평가>국가연구개발성과평가(R&D),hwp,saybrkd-corpus-20260630/data/openfiscaldata/saybrkd/2023/2023162110001521035401.hwp,True,201728,ok,25,counted_rhwp_lossy_utf16,,returncode=0; output_head='\n오류: HWP 파싱 실패 - 유효하지 않은 파일: DocInfo 오류: DocInfo IO 오류: UTF-16 디코딩 실패: invalid utf-16: lone surrogate found\n',/tmp/rhwp_lossy/target/release/rhwp,rhwp v0.7.17,byte_reader_read_utf16_string_from_utf16_lossy,42
UOPKOBSA01_saybrkd,uopkobsa01:2023:162:2200:2241:401,과학기술정보통신부_국가과학기술연구회 연구 운영비 지원(R&D).hwp,2023,과학기술정보통신부>과학기술>과학기술연구지원>출연연구기관지원>국가과학기술연구회 소속 출연연구기관 지원>국가과학기술연구회 연구 운영비 지원(R&D),hwp,saybrkd-corpus-20260630/data/openfiscaldata/saybrkd/2023/2023162110001522241401.hwp,True,211968,ok,12,counted_rhwp_lossy_utf16,,returncode=0; output_head='\n오류: HWP 파싱 실패 - 유효하지 않은 파일: DocInfo 오류: DocInfo IO 오류: UTF-16 디코딩 실패: invalid utf-16: lone surrogate found\n',/tmp/rhwp_lossy/target/release/rhwp,rhwp v0.7.17,byte_reader_read_utf16_string_from_utf16_lossy,20
UOPKOBSA01_saybrkd,uopkobsa01:2023:162:2200:2241:408,과학기술정보통신부_한국생명공학연구원 연구 운영비 지원(R&D).hwp,2023,과학기술정보통신부>과학기술>과학기술연구지원>출연연구기관지원>국가과학기술연구회 소속 출연연구기관 지원>한국생명공학연구원 연구 운영비 지원(R&D),hwp,saybrkd-corpus-20260630/data/openfiscaldata/saybrkd/2023/2023162110001522241408.hwp,True,680960,ok,11,counted_rhwp_lossy_utf16,,returncode=0; output_head='\n오류: HWP 파싱 실패 - 유효하지 않은 파일: DocInfo 오류: DocInfo IO 오류: UTF-16 디코딩 실패: invalid utf-16: lone surrogate found\n',/tmp/rhwp_lossy/target/release/rhwp,rhwp v0.7.17,byte_reader_read_utf16_string_from_utf16_lossy,19
UOPKOBSA01_saybrkd,uopkobsa01:2023:162:2600:2603:311,과학기술정보통신부_AI 반도체 실증 지원.hwp,2023,과학기술정보통신부>통신>정보통신>인공지능데이터진흥>AI반도체경쟁력강화(일반)>AI 반도체 실증 지원,hwp,saybrkd-corpus-20260630/data/openfiscaldata/saybrkd/2023/2023162110001332603311.hwp,True,1455616,ok,14,counted_rhwp_lossy_utf16,,returncode=0; output_head='\n오류: HWP 파싱 실패 - 유효하지 않은 파일: DocInfo 오류: DocInfo IO 오류: UTF-16 디코딩 실패: invalid utf-16: lone surrogate found\n',/tmp/rhwp_lossy/target/release/rhwp,rhwp v0.7.17,byte_reader_read_utf16_string_from_utf16_lossy,33
UOPKOBSA01_saybrkd,uopkobsa01:2023:162:2200:2231:409,과학기술정보통신부_한국연구재단 연구 운영비 지원(R&D).hwp,2023,과학기술정보통신부>과학기술>과학기술연구지원>출연연구기관지원>직할출연연구기관지원>한국연구재단 연구 운영비 지원(R&D),hwp,saybrkd-corpus-20260630/data/openfiscaldata/saybrkd/2023/2023162110001522231409.hwp,True,143360,ok,12,counted_rhwp_lossy_utf16,,returncode=0; output_head='\n오류: HWP 파싱 실패 - 유효하지 않은 파일: DocInfo 오류: DocInfo IO 오류: UTF-16 디코딩 실패: invalid utf-16: lone surrogate found\n',/tmp/rhwp_lossy/target/release/rhwp,rhwp v0.7.17,byte_reader_read_utf16_string_from_utf16_lossy,15
UOPKOBSA01_saybrkd,uopkobsa01:2023:162:2200:2241:424,과학기술정보통신부_국가보안기술연구소연구운영비지원(R&D).hwp,2023,과학기술정보통신부>과학기술>과학기술연구지원>출연연구기관지원>국가과학기술연구회 소속 출연연구기관 지원>국가보안기술연구소연구운영비지원(R&D),hwp,saybrkd-corpus-20260630/data/openfiscaldata/saybrkd/2023/2023162110001522241424.hwp,True,150016,ok,14,counted_rhwp_lossy_utf16,,returncode=0; output_head='\n오류: HWP 파싱 실패 - 유효하지 않은 파일: DocInfo 오류: DocInfo IO 오류: UTF-16 디코딩 실패: invalid utf-16: lone surrogate found\n',/tmp/rhwp_lossy/target/release/rhwp,rhwp v0.7.17,byte_reader_read_utf16_string_from_utf16_lossy,22
UOPKOBSA01_saybrkd,uopkobsa01:2023:162:2200:2241:429,과학기술정보통신부_한국건설기술연구원연구운영비지원(R&D).hwp,2023,과학기술정보통신부>과학기술>과학기술연구지원>출연연구기관지원>국가과학기술연구회 소속 출연연구기관 지원>한국건설기술연구원연구운영비지원(R&D),hwp,saybrkd-corpus-20260630/data/openfiscaldata/saybrkd/2023/2023162110001522241429.hwp,True,698368,ok,13,counted_rhwp_lossy_utf16,,returncode=0; output_head='\n오류: HWP 파싱 실패 - 유효하지 않은 파일: DocInfo 오류: DocInfo IO 오류: UTF-16 디코딩 실패: invalid utf-16: lone surrogate found\n',/tmp/rhwp_lossy/target/release/rhwp,rhwp v0.7.17,byte_reader_read_utf16_string_from_utf16_lossy,24
UOPKOBSA01_saybrkd,uopkobsa01:2023:162:1000:1037:401,과학기술정보통신부_국가연구시설장비 선진화지원(R&D).hwp,2023,과학기술정보통신부>과학기술>과학기술연구지원>과학기술혁신지원>국가연구시설장비 선진화지원>국가연구시설장비 선진화지원(R&D),hwp,saybrkd-corpus-20260630/data/openfiscaldata/saybrkd/2023/2023162110001521037401.hwp,True,1252864,ok,20,counted_rhwp_lossy_utf16,,returncode=0; output_head='\n오류: HWP 파싱 실패 - 유효하지 않은 파일: DocInfo 오류: DocInfo IO 오류: UTF-16 디코딩 실패: invalid utf-16: lone surrogate found\n',/tmp/rhwp_lossy/target/release/rhwp,rhwp v0.7.17,byte_reader_read_utf16_string_from_utf16_lossy,47
UOPKOBSA01_saybrkd,uopkobsa01:2023:162:2200:2241:402,과학기술정보통신부_한국핵융합에너지연구원 연구 운영비지원(R&D).hwp,2023,과학기술정보통신부>과학기술>과학기술연구지원>출연연구기관지원>국가과학기술연구회 소속 출연연구기관 지원>한국핵융합에너지연구원 연구 운영비지원(R&D),hwp,saybrkd-corpus-20260630/data/openfiscaldata/saybrkd/2023/2023162110001522241402.hwp,True,509952,ok,14,counted_rhwp_lossy_utf16,,returncode=0; output_head='\n오류: HWP 파싱 실패 - 유효하지 않은 파일: DocInfo 오류: DocInfo IO 오류: UTF-16 디코딩 실패: invalid utf-16: lone surrogate found\n',/tmp/rhwp_lossy/target/release/rhwp,rhwp v0.7.17,byte_reader_read_utf16_string_from_utf16_lossy,23
UOPKOBSA01_saybrkd,uopkobsa01:2023:162:1900:1946:502,"과학기술정보통신부_개도국정보이용환경개선(정보화,ODA).hwp",2023,"과학기술정보통신부>일반·지방행정>정부자원관리>국가사회정보화>국제사회정보화선도국가위상강화(정보화)>개도국정보이용환경개선(정보화,ODA)",hwp,saybrkd-corpus-20260630/data/openfiscaldata/saybrkd/2023/2023162110000151946502.hwp,True,22066688,ok,14,counted_rhwp_lossy_utf16,,returncode=0; output_head='\n오류: HWP 파싱 실패 - 유효하지 않은 파일: DocInfo 오류: DocInfo IO 오류: UTF-16 디코딩 실패: invalid utf-16: lone surrogate found\n',/tmp/rhwp_lossy/target/release/rhwp,rhwp v0.7.17,byte_reader_read_utf16_string_from_utf16_lossy,204
UOPKOBSA01_saybrkd,uopkobsa01:2023:162:2200:2241:404,과학기술정보통신부_한국과학기술연구원 연구 운영비 지원(R&D).hwp,2023,과학기술정보통신부>과학기술>과학기술연구지원>출연연구기관지원>국가과학기술연구회 소속 출연연구기관 지원>한국과학기술연구원 연구 운영비 지원(R&D),hwp,saybrkd-corpus-20260630/data/openfiscaldata/saybrkd/2023/2023162110001522241404.hwp,True,590336,ok,18,counted_rhwp_lossy_utf16,,returncode=0; output_head='\n오류: HWP 파싱 실패 - 유효하지 않은 파일: DocInfo 오류: DocInfo IO 오류: UTF-16 디코딩 실패: invalid utf-16: lone surrogate found\n',/tmp/rhwp_lossy/target/release/rhwp,rhwp v0.7.17,byte_reader_read_utf16_string_from_utf16_lossy,16
UOPKOBSA01_saybrkd,uopkobsa01:2023:162:2200:2241:432,과학기술정보통신부_세계김치연구소연구운영비지원(R&D).hwp,2023,과학기술정보통신부>과학기술>과학기술연구지원>출연연구기관지원>국가과학기술연구회 소속 출연연구기관 지원>세계김치연구소연구운영비지원(R&D),hwp,saybrkd-corpus-20260630/data/openfiscaldata/saybrkd/2023/2023162110001522241432.hwp,True,904192,ok,12,counted_rhwp_lossy_utf16,,returncode=0; output_head='\n오류: HWP 파싱 실패 - 유효하지 않은 파일: DocInfo 오류: DocInfo IO 오류: UTF-16 디코딩 실패: invalid utf-16: lone surrogate found\n',/tmp/rhwp_lossy/target/release/rhwp,rhwp v0.7.17,byte_reader_read_utf16_string_from_utf16_lossy,16
UOPKOBSA01_saybrkd,uopkobsa01:2023:162:2200:2241:423,과학기술정보통신부_한국전자통신연구원연구운영비지원(R&D).hwp,2023,과학기술정보통신부>과학기술>과학기술연구지원>출연연구기관지원>국가과학기술연구회 소속 출연연구기관 지원>한국전자통신연구원연구운영비지원(R&D),hwp,saybrkd-corpus-20260630/data/openfiscaldata/saybrkd/2023/2023162110001522241423.hwp,True,311296,ok,16,counted_rhwp_lossy_utf16,,returncode=0; output_head='\n오류: HWP 파싱 실패 - 유효하지 않은 파일: DocInfo 오류: DocInfo IO 오류: UTF-16 디코딩 실패: invalid utf-16: lone surrogate found\n',/tmp/rhwp_lossy/target/release/rhwp,rhwp v0.7.17,byte_reader_read_utf16_string_from_utf16_lossy,30
UOPKOBSA01_saybrkd,uopkobsa01:2023:162:4600:4631:401,과학기술정보통신부_직할 출연(연) 평가 및 기술사업화 지원사업 성과관리(R&D).hwp,2023,과학기술정보통신부>과학기술>과학기술연구지원>공공연구성과활성화>연구성과확산지원>직할 출연(연) 평가 및 기술사업화 지원사업 성과관리(R&D),hwp,saybrkd-corpus-20260630/data/openfiscaldata/saybrkd/2023/2023162110001524631401.hwp,True,138752,ok,8,counted_rhwp_lossy_utf16,,returncode=0; output_head='\n오류: HWP 파싱 실패 - 유효하지 않은 파일: DocInfo 오류: DocInfo IO 오류: UTF-16 디코딩 실패: invalid utf-16: lone surrogate found\n',/tmp/rhwp_lossy/target/release/rhwp,rhwp v0.7.17,byte_reader_read_utf16_string_from_utf16_lossy,12
UOPKOBSA01_saybrkd,uopkobsa01:2023:162:4600:4602:308,과학기술정보통신부_연구산업육성(R&D).hwp,2023,과학기술정보통신부>과학기술>과학기술연구지원>공공연구성과활성화>연구성과기술사업화지원>연구산업육성(R&D),hwp,saybrkd-corpus-20260630/data/openfiscaldata/saybrkd/2023/2023162110001524602308.hwp,True,155136,ok,11,counted_rhwp_lossy_utf16,,returncode=0; output_head='\n오류: HWP 파싱 실패 - 유효하지 않은 파일: DocInfo 오류: DocInfo IO 오류: UTF-16 디코딩 실패: invalid utf-16: lone surrogate found\n',/tmp/rhwp_lossy/target/release/rhwp,rhwp v0.7.17,byte_reader_read_utf16_string_from_utf16_lossy,12
UOPKOBSA01_saybrkd,uopkobsa01:2023:162:2200:2231:415,과학기술정보통신부_한국뇌연구원 연구운영비 지원(R&D).hwp,2023,과학기술정보통신부>과학기술>과학기술연구지원>출연연구기관지원>직할출연연구기관지원>한국뇌연구원 연구운영비 지원(R&D),hwp,saybrkd-corpus-20260630/data/openfiscaldata/saybrkd/2023/2023162110001522231415.hwp,True,589824,ok,15,counted_rhwp_lossy_utf16,,returncode=0; output_head='\n오류: HWP 파싱 실패 - 유효하지 않은 파일: DocInfo 오류: DocInfo IO 오류: UTF-16 디코딩 실패: invalid utf-16: lone surrogate found\n',/tmp/rhwp_lossy/target/release/rhwp,rhwp v0.7.17,byte_reader_read_utf16_string_from_utf16_lossy,19
UOPKOBSA01_saybrkd,uopkobsa01:2023:162:4600:4602:312,과학기술정보통신부_연구재료 개발·확산 지원(R&D).hwp,2023,과학기술정보통신부>과학기술>과학기술연구지원>공공연구성과활성화>연구성과기술사업화지원>연구재료 개발·확산 지원(R&D),hwp,saybrkd-corpus-20260630/data/openfiscaldata/saybrkd/2023/2023162110001524602312.hwp,True,539648,ok,11,counted_rhwp_lossy_utf16,,returncode=0; output_head='\n오류: HWP 파싱 실패 - 유효하지 않은 파일: DocInfo 오류: DocInfo IO 오류: UTF-16 디코딩 실패: invalid utf-16: lone surrogate found\n',/tmp/rhwp_lossy/target/release/rhwp,rhwp v0.7.17,byte_reader_read_utf16_string_from_utf16_lossy,18
UOPKOBSA01_saybrkd,uopkobsa01:2023:162:4600:4602:409,과학기술정보통신부_기업부설연구소 R&D 역량강화 지원(R&D).hwp,2023,과학기술정보통신부>과학기술>과학기술연구지원>공공연구성과활성화>연구성과기술사업화지원>기업부설연구소 R&D 역량강화 지원(R&D),hwp,saybrkd-corpus-20260630/data/openfiscaldata/saybrkd/2023/2023162110001524602409.hwp,True,348672,ok,17,counted_rhwp_lossy_utf16,,returncode=0; output_head='\n오류: HWP 파싱 실패 - 유효하지 않은 파일: DocInfo 오류: DocInfo IO 오류: UTF-16 디코딩 실패: invalid utf-16: lone surrogate found\n',/tmp/rhwp_lossy/target/release/rhwp,rhwp v0.7.17,byte_reader_read_utf16_string_from_utf16_lossy,21
UOPKOBSA01_saybrkd,uopkobsa01:2023:162:2200:2241:428,과학기술정보통신부_안전성평가연구소연구운영비지원(R&D).hwp,2023,과학기술정보통신부>과학기술>과학기술연구지원>출연연구기관지원>국가과학기술연구회 소속 출연연구기관 지원>안전성평가연구소연구운영비지원(R&D),hwp,saybrkd-corpus-20260630/data/openfiscaldata/saybrkd/2023/2023162110001522241428.hwp,True,151040,ok,13,counted_rhwp_lossy_utf16,,returncode=0; output_head='\n오류: HWP 파싱 실패 - 유효하지 않은 파일: DocInfo 오류: DocInfo IO 오류: UTF-16 디코딩 실패: invalid utf-16: lone surrogate found\n',/tmp/rhwp_lossy/target/release/rhwp,rhwp v0.7.17,byte_reader_read_utf16_string_from_utf16_lossy,17
UOPKOBSA01_saybrkd,uopkobsa01:2023:162:2200:2241:405,과학기술정보통신부_한국기초과학지원연구원 연구 운영비 지원(R&D).hwp,2023,과학기술정보통신부>과학기술>과학기술연구지원>출연연구기관지원>국가과학기술연구회 소속 출연연구기관 지원>한국기초과학지원연구원 연구 운영비 지원(R&D),hwp,saybrkd-corpus-20260630/data/openfiscaldata/saybrkd/2023/2023162110001522241405.hwp,True,154112,ok,12,counted_rhwp_lossy_utf16,,returncode=0; output_head='\n오류: HWP 파싱 실패 - 유효하지 않은 파일: DocInfo 오류: DocInfo IO 오류: UTF-16 디코딩 실패: invalid utf-16: lone surrogate found\n',/tmp/rhwp_lossy/target/release/rhwp,rhwp v0.7.17,byte_reader_read_utf16_string_from_utf16_lossy,18
UOPKOBSA01_saybrkd,uopkobsa01:2023:162:1000:1036:500,"과학기술정보통신부_국가과학기술 지식정보서비스(R&D,정보화).hwp",2023,"과학기술정보통신부>과학기술>과학기술연구지원>과학기술혁신지원>국가과학기술 지식정보서비스>국가과학기술 지식정보서비스(R&D,정보화)",hwp,saybrkd-corpus-20260630/data/openfiscaldata/saybrkd/2023/2023162110001521036500.hwp,True,2177536,ok,35,counted_rhwp_lossy_utf16,,returncode=0; output_head='\n오류: HWP 파싱 실패 - 유효하지 않은 파일: DocInfo 오류: DocInfo IO 오류: UTF-16 디코딩 실패: invalid utf-16: lone surrogate found\n',/tmp/rhwp_lossy/target/release/rhwp,rhwp v0.7.17,byte_reader_read_utf16_string_from_utf16_lossy,49
UOPKOBSA01_saybrkd,uopkobsa01:2023:162:2200:2241:427,과학기술정보통신부_한국화학연구원연구운영비지원(R&D).hwp,2023,과학기술정보통신부>과학기술>과학기술연구지원>출연연구기관지원>국가과학기술연구회 소속 출연연구기관 지원>한국화학연구원연구운영비지원(R&D),hwp,saybrkd-corpus-20260630/data/openfiscaldata/saybrkd/2023/2023162110001522241427.hwp,True,410112,ok,12,counted_rhwp_lossy_utf16,,returncode=0; output_head='\n오류: HWP 파싱 실패 - 유효하지 않은 파일: DocInfo 오류: DocInfo IO 오류: UTF-16 디코딩 실패: invalid utf-16: lone surrogate found\n',/tmp/rhwp_lossy/target/release/rhwp,rhwp v0.7.17,byte_reader_read_utf16_string_from_utf16_lossy,31
UOPKOBSA01_saybrkd,uopkobsa01:2023:162:4700:4733:402,과학기술정보통신부_전략형국제공동연구사업(R&D).hwp,2023,과학기술정보통신부>과학기술>과학기술연구지원>과학기술국제협력>동북아 R&D 허브 기반 구축>전략형국제공동연구사업(R&D),hwp,saybrkd-corpus-20260630/data/openfiscaldata/saybrkd/2023/2023162110001524733402.hwp,True,134144,ok,7,counted_rhwp_lossy_utf16,,returncode=0; output_head='\n오류: HWP 파싱 실패 - 유효하지 않은 파일: DocInfo 오류: DocInfo IO 오류: UTF-16 디코딩 실패: invalid utf-16: lone surrogate found\n',/tmp/rhwp_lossy/target/release/rhwp,rhwp v0.7.17,byte_reader_read_utf16_string_from_utf16_lossy,11
UOPKOBSA01_saybrkd,uopkobsa01:2023:162:2200:2231:421,과학기술정보통신부_광주과학기술원BTL정부지급금지원.hwp,2023,과학기술정보통신부>과학기술>과학기술연구지원>출연연구기관지원>직할출연연구기관지원>광주과학기술원BTL정부지급금지원,hwp,saybrkd-corpus-20260630/data/openfiscaldata/saybrkd/2023/2023162110001522231421.hwp,True,264192,ok,7,counted_rhwp_lossy_utf16,,returncode=0; output_head='\n오류: HWP 파싱 실패 - 유효하지 않은 파일: DocInfo 오류: DocInfo IO 오류: UTF-16 디코딩 실패: invalid utf-16: lone surrogate found\n',/tmp/rhwp_lossy/target/release/rhwp,rhwp v0.7.17,byte_reader_read_utf16_string_from_utf16_lossy,7
UOPKOBSA01_saybrkd,uopkobsa01:2023:162:4700:4733:301,과학기술정보통신부_해외우수연구기관 협력허브구축(R&D).hwp,2023,과학기술정보통신부>과학기술>과학기술연구지원>과학기술국제협력>동북아 R&D 허브 기반 구축>해외우수연구기관 협력허브구축(R&D),hwp,saybrkd-corpus-20260630/data/openfiscaldata/saybrkd/2023/2023162110001524733301.hwp,True,139776,ok,11,counted_rhwp_lossy_utf16,,returncode=0; output_head='\n오류: HWP 파싱 실패 - 유효하지 않은 파일: DocInfo 오류: DocInfo IO 오류: UTF-16 디코딩 실패: invalid utf-16: lone surrogate found\n',/tmp/rhwp_lossy/target/release/rhwp,rhwp v0.7.17,byte_reader_read_utf16_string_from_utf16_lossy,12
UOPKOBSA01_saybrkd,uopkobsa01:2023:162:4600:4602:307,과학기술정보통신부_실험실창업지원(R&D).hwp,2023,과학기술정보통신부>과학기술>과학기술연구지원>공공연구성과활성화>연구성과기술사업화지원>실험실창업지원(R&D),hwp,saybrkd-corpus-20260630/data/openfiscaldata/saybrkd/2023/2023162110001524602307.hwp,True,157184,ok,15,counted_rhwp_lossy_utf16,,returncode=0; output_head='\n오류: HWP 파싱 실패 - 유효하지 않은 파일: DocInfo 오류: DocInfo IO 오류: UTF-16 디코딩 실패: invalid utf-16: lone surrogate found\n',/tmp/rhwp_lossy/target/release/rhwp,rhwp v0.7.17,byte_reader_read_utf16_string_from_utf16_lossy,23
UOPKOBSA01_saybrkd,uopkobsa01:2023:162:4700:4733:404,과학기술정보통신부_국제협력 네트워크 전략 강화 사업(R&D).hwp,2023,과학기술정보통신부>과학기술>과학기술연구지원>과학기술국제협력>동북아 R&D 허브 기반 구축>국제협력 네트워크 전략 강화 사업(R&D),hwp,saybrkd-corpus-20260630/data/openfiscaldata/saybrkd/2023/2023162110001524733404.hwp,True,133120,ok,6,counted_rhwp_lossy_utf16,,returncode=0; output_head='\n오류: HWP 파싱 실패 - 유효하지 않은 파일: DocInfo 오류: DocInfo IO 오류: UTF-16 디코딩 실패: invalid utf-16: lone surrogate found\n',/tmp/rhwp_lossy/target/release/rhwp,rhwp v0.7.17,byte_reader_read_utf16_string_from_utf16_lossy,11
UOPKOBSA01_saybrkd,uopkobsa01:2023:162:2200:2241:426,과학기술정보통신부_한국기계연구원연구운영비지원(R&D).hwp,2023,과학기술정보통신부>과학기술>과학기술연구지원>출연연구기관지원>국가과학기술연구회 소속 출연연구기관 지원>한국기계연구원연구운영비지원(R&D),hwp,saybrkd-corpus-20260630/data/openfiscaldata/saybrkd/2023/2023162110001522241426.hwp,True,923136,ok,20,counted_rhwp_lossy_utf16,,returncode=0; output_head='\n오류: HWP 파싱 실패 - 유효하지 않은 파일: DocInfo 오류: DocInfo IO 오류: UTF-16 디코딩 실패: invalid utf-16: lone surrogate found\n',/tmp/rhwp_lossy/target/release/rhwp,rhwp v0.7.17,byte_reader_read_utf16_string_from_utf16_lossy,48
UOPKOBSA01_saybrkd,uopkobsa01:2023:162:7000:7011:204,과학기술정보통신부_총액대상 정책기획관 기본경비.hwp,2023,과학기술정보통신부>과학기술>과학기술일반>과학기술정보통신부운영지원>본부 기본경비>총액대상 정책기획관 기본경비,hwp,saybrkd-corpus-20260630/data/openfiscaldata/saybrkd/2023/2023162110001537011204.hwp,True,122368,ok,4,counted_rhwp_lossy_utf16,,returncode=0; output_head='\n오류: HWP 파싱 실패 - 유효하지 않은 파일: DocInfo 오류: DocInfo IO 오류: UTF-16 디코딩 실패: invalid utf-16: lone surrogate found\n',/tmp/rhwp_lossy/target/release/rhwp,rhwp v0.7.17,byte_reader_read_utf16_string_from_utf16_lossy,7
UOPKOBSA01_saybrkd,uopkobsa01:2023:162:4700:4733:403,과학기술정보통신부_해외우수기관유치(R&D).hwp,2023,과학기술정보통신부>과학기술>과학기술연구지원>과학기술국제협력>동북아 R&D 허브 기반 구축>해외우수기관유치(R&D),hwp,saybrkd-corpus-20260630/data/openfiscaldata/saybrkd/2023/2023162110001524733403.hwp,True,142336,ok,11,counted_rhwp_lossy_utf16,,returncode=0; output_head='\n오류: HWP 파싱 실패 - 유효하지 않은 파일: DocInfo 오류: DocInfo IO 오류: UTF-16 디코딩 실패: invalid utf-16: lone surrogate found\n',/tmp/rhwp_lossy/target/release/rhwp,rhwp v0.7.17,byte_reader_read_utf16_string_from_utf16_lossy,13
UOPKOBSA01_saybrkd,uopkobsa01:2023:162:7000:7001:100,과학기술정보통신부_총액대상 인건비.hwp,2023,과학기술정보통신부>과학기술>과학기술일반>과학기술정보통신부운영지원>본부 인건비>총액대상 인건비,hwp,saybrkd-corpus-20260630/data/openfiscaldata/saybrkd/2023/2023162110001537001100.hwp,True,122368,ok,4,counted_rhwp_lossy_utf16,,returncode=0; output_head='\n오류: HWP 파싱 실패 - 유효하지 않은 파일: DocInfo 오류: DocInfo IO 오류: UTF-16 디코딩 실패: invalid utf-16: lone surrogate found\n',/tmp/rhwp_lossy/target/release/rhwp,rhwp v0.7.17,byte_reader_read_utf16_string_from_utf16_lossy,9
UOPKOBSA01_saybrkd,uopkobsa01:2023:162:4600:4631:321,과학기술정보통신부_우수연구개발 혁신제품 지정제도 운영.hwp,2023,과학기술정보통신부>과학기술>과학기술연구지원>공공연구성과활성화>연구성과확산지원>우수연구개발 혁신제품 지정제도 운영,hwp,saybrkd-corpus-20260630/data/openfiscaldata/saybrkd/2023/2023162110001524631321.hwp,True,160768,ok,12,counted_rhwp_lossy_utf16,,returncode=0; output_head='\n오류: HWP 파싱 실패 - 유효하지 않은 파일: DocInfo 오류: DocInfo IO 오류: UTF-16 디코딩 실패: invalid utf-16: lone surrogate found\n',/tmp/rhwp_lossy/target/release/rhwp,rhwp v0.7.17,byte_reader_read_utf16_string_from_utf16_lossy,17
UOPKOBSA01_saybrkd,uopkobsa01:2023:162:2200:2241:409,과학기술정보통신부_한국한의학연구원 연구 운영비 지원(R&D).hwp,2023,과학기술정보통신부>과학기술>과학기술연구지원>출연연구기관지원>국가과학기술연구회 소속 출연연구기관 지원>한국한의학연구원 연구 운영비 지원(R&D),hwp,saybrkd-corpus-20260630/data/openfiscaldata/saybrkd/2023/2023162110001522241409.hwp,True,1205248,ok,15,counted_rhwp_lossy_utf16,,returncode=0; output_head='\n오류: HWP 파싱 실패 - 유효하지 않은 파일: DocInfo 오류: DocInfo IO 오류: UTF-16 디코딩 실패: invalid utf-16: lone surrogate found\n',/tmp/rhwp_lossy/target/release/rhwp,rhwp v0.7.17,byte_reader_read_utf16_string_from_utf16_lossy,47
UOPKOBSA01_saybrkd,uopkobsa01:2023:162:1000:1031:402,과학기술정보통신부_다부처공동기획연구 지원(R&D).hwp,2023,과학기술정보통신부>과학기술>과학기술연구지원>과학기술혁신지원>과학기술종합조정 지원>다부처공동기획연구 지원(R&D),hwp,saybrkd-corpus-20260630/data/openfiscaldata/saybrkd/2023/2023162110001521031402.hwp,True,10926080,ok,13,counted_rhwp_lossy_utf16,,returncode=0; output_head='\n오류: HWP 파싱 실패 - 유효하지 않은 파일: DocInfo 오류: DocInfo IO 오류: UTF-16 디코딩 실패: invalid utf-16: lone surrogate found\n',/tmp/rhwp_lossy/target/release/rhwp,rhwp v0.7.17,byte_reader_read_utf16_string_from_utf16_lossy,71
UOPKOBSA01_saybrkd,uopkobsa01:2023:162:2200:2241:422,과학기술정보통신부_한국생산기술연구원연구운영비지원(R&D).hwp,2023,과학기술정보통신부>과학기술>과학기술연구지원>출연연구기관지원>국가과학기술연구회 소속 출연연구기관 지원>한국생산기술연구원연구운영비지원(R&D),hwp,saybrkd-corpus-20260630/data/openfiscaldata/saybrkd/2023/2023162110001522241422.hwp,True,150528,ok,12,counted_rhwp_lossy_utf16,,returncode=0; output_head='\n오류: HWP 파싱 실패 - 유효하지 않은 파일: DocInfo 오류: DocInfo IO 오류: UTF-16 디코딩 실패: invalid utf-16: lone surrogate found\n',/tmp/rhwp_lossy/target/release/rhwp,rhwp v0.7.17,byte_reader_read_utf16_string_from_utf16_lossy,18
UOPKOBSA01_saybrkd,uopkobsa01:2023:162:7000:7011:205,과학기술정보통신부_총액대상 국제협력관 기본경비.hwp,2023,과학기술정보통신부>과학기술>과학기술일반>과학기술정보통신부운영지원>본부 기본경비>총액대상 국제협력관 기본경비,hwp,saybrkd-corpus-20260630/data/openfiscaldata/saybrkd/2023/2023162110001537011205.hwp,True,124928,ok,5,counted_rhwp_lossy_utf16,,returncode=0; output_head='\n오류: HWP 파싱 실패 - 유효하지 않은 파일: DocInfo 오류: DocInfo IO 오류: UTF-16 디코딩 실패: invalid utf-16: lone surrogate found\n',/tmp/rhwp_lossy/target/release/rhwp,rhwp v0.7.17,byte_reader_read_utf16_string_from_utf16_lossy,8
UOPKOBSA01_saybrkd,uopkobsa01:2023:162:7000:7011:206,과학기술정보통신부_총액대상 기초원천연구정책관 기본경비.hwp,2023,과학기술정보통신부>과학기술>과학기술일반>과학기술정보통신부운영지원>본부 기본경비>총액대상 기초원천연구정책관 기본경비,hwp,saybrkd-corpus-20260630/data/openfiscaldata/saybrkd/2023/2023162110001537011206.hwp,True,125440,ok,5,counted_rhwp_lossy_utf16,,returncode=0; output_head='\n오류: HWP 파싱 실패 - 유효하지 않은 파일: DocInfo 오류: DocInfo IO 오류: UTF-16 디코딩 실패: invalid utf-16: lone surrogate found\n',/tmp/rhwp_lossy/target/release/rhwp,rhwp v0.7.17,byte_reader_read_utf16_string_from_utf16_lossy,8
UOPKOBSA01_saybrkd,uopkobsa01:2023:162:7000:7011:201,과학기술정보통신부_총액대상 감사관 기본경비.hwp,2023,과학기술정보통신부>과학기술>과학기술일반>과학기술정보통신부운영지원>본부 기본경비>총액대상 감사관 기본경비,hwp,saybrkd-corpus-20260630/data/openfiscaldata/saybrkd/2023/2023162110001537011201.hwp,True,124416,ok,5,counted_rhwp_lossy_utf16,,returncode=0; output_head='\n오류: HWP 파싱 실패 - 유효하지 않은 파일: DocInfo 오류: DocInfo IO 오류: UTF-16 디코딩 실패: invalid utf-16: lone surrogate found\n',/tmp/rhwp_lossy/target/release/rhwp,rhwp v0.7.17,byte_reader_read_utf16_string_from_utf16_lossy,7
UOPKOBSA01_saybrkd,uopkobsa01:2023:162:4700:4731:403,과학기술정보통신부_과학기술 국제부담금(R&D).hwp,2023,과학기술정보통신부>과학기술>과학기술연구지원>과학기술국제협력>국제화기반조성>과학기술 국제부담금(R&D),hwp,saybrkd-corpus-20260630/data/openfiscaldata/saybrkd/2023/2023162110001524731403.hwp,True,162304,ok,17,counted_rhwp_lossy_utf16,,returncode=0; output_head='\n오류: HWP 파싱 실패 - 유효하지 않은 파일: DocInfo 오류: DocInfo IO 오류: UTF-16 디코딩 실패: invalid utf-16: lone surrogate found\n',/tmp/rhwp_lossy/target/release/rhwp,rhwp v0.7.17,byte_reader_read_utf16_string_from_utf16_lossy,31
UOPKOBSA01_saybrkd,uopkobsa01:2023:162:2200:2231:750,과학기술정보통신부_대구경북과학기술원 BTL 정부지급금 지원.hwp,2023,과학기술정보통신부>과학기술>과학기술연구지원>출연연구기관지원>직할출연연구기관지원>대구경북과학기술원 BTL 정부지급금 지원,hwp,saybrkd-corpus-20260630/data/openfiscaldata/saybrkd/2023/2023162110001522231750.hwp,True,133632,ok,6,counted_rhwp_lossy_utf16,,returncode=0; output_head='\n오류: HWP 파싱 실패 - 유효하지 않은 파일: DocInfo 오류: DocInfo IO 오류: UTF-16 디코딩 실패: invalid utf-16: lone surrogate found\n',/tmp/rhwp_lossy/target/release/rhwp,rhwp v0.7.17,byte_reader_read_utf16_string_from_utf16_lossy,10
UOPKOBSA01_saybrkd,uopkobsa01:2023:162:4600:4631:405,과학기술정보통신부_기업연계청년기술전문인력육성.hwp,2023,과학기술정보통신부>과학기술>과학기술연구지원>공공연구성과활성화>연구성과확산지원>기업연계청년기술전문인력육성,hwp,saybrkd-corpus-20260630/data/openfiscaldata/saybrkd/2023/2023162110001524631405.hwp,True,166912,ok,12,counted_rhwp_lossy_utf16,,returncode=0; output_head='\n오류: HWP 파싱 실패 - 유효하지 않은 파일: DocInfo 오류: DocInfo IO 오류: UTF-16 디코딩 실패: invalid utf-16: lone surrogate found\n',/tmp/rhwp_lossy/target/release/rhwp,rhwp v0.7.17,byte_reader_read_utf16_string_from_utf16_lossy,16
UOPKOBSA01_saybrkd,uopkobsa01:2023:162:7000:7011:210,과학기술정보통신부_총액대상 미래인재정책국 기본경비.hwp,2023,과학기술정보통신부>과학기술>과학기술일반>과학기술정보통신부운영지원>본부 기본경비>총액대상 미래인재정책국 기본경비,hwp,saybrkd-corpus-20260630/data/openfiscaldata/saybrkd/2023/2023162110001537011210.hwp,True,126464,ok,5,counted_rhwp_lossy_utf16,,returncode=0; output_head='\n오류: HWP 파싱 실패 - 유효하지 않은 파일: DocInfo 오류: DocInfo IO 오류: UTF-16 디코딩 실패: invalid utf-16: lone surrogate found\n',/tmp/rhwp_lossy/target/release/rhwp,rhwp v0.7.17,byte_reader_read_utf16_string_from_utf16_lossy,8
UOPKOBSA01_saybrkd,uopkobsa01:2023:162:7000:7011:214,과학기술정보통신부_총액대상 소프트웨어정책관 기본경비.hwp,2023,과학기술정보통신부>과학기술>과학기술일반>과학기술정보통신부운영지원>본부 기본경비>총액대상 소프트웨어정책관 기본경비,hwp,saybrkd-corpus-20260630/data/openfiscaldata/saybrkd/2023/2023162110001537011214.hwp,True,124416,ok,6,counted_rhwp_lossy_utf16,,returncode=0; output_head='\n오류: HWP 파싱 실패 - 유효하지 않은 파일: DocInfo 오류: DocInfo IO 오류: UTF-16 디코딩 실패: invalid utf-16: lone surrogate found\n',/tmp/rhwp_lossy/target/release/rhwp,rhwp v0.7.17,byte_reader_read_utf16_string_from_utf16_lossy,8
UOPKOBSA01_saybrkd,uopkobsa01:2023:162:7000:7011:211,과학기술정보통신부_총액대상 연구개발투자심의국 기본경비.hwp,2023,과학기술정보통신부>과학기술>과학기술일반>과학기술정보통신부운영지원>본부 기본경비>총액대상 연구개발투자심의국 기본경비,hwp,saybrkd-corpus-20260630/data/openfiscaldata/saybrkd/2023/2023162110001537011211.hwp,True,127488,ok,5,counted_rhwp_lossy_utf16,,returncode=0; output_head='\n오류: HWP 파싱 실패 - 유효하지 않은 파일: DocInfo 오류: DocInfo IO 오류: UTF-16 디코딩 실패: invalid utf-16: lone surrogate found\n',/tmp/rhwp_lossy/target/release/rhwp,rhwp v0.7.17,byte_reader_read_utf16_string_from_utf16_lossy,9
UOPKOBSA01_saybrkd,uopkobsa01:2023:162:2200:2241:416,과학기술정보통신부_녹색기술센터 연구 운영비 지원(R&D).hwp,2023,과학기술정보통신부>과학기술>과학기술연구지원>출연연구기관지원>국가과학기술연구회 소속 출연연구기관 지원>녹색기술센터 연구 운영비 지원(R&D),hwp,saybrkd-corpus-20260630/data/openfiscaldata/saybrkd/2023/2023162110001522241416.hwp,True,151552,ok,14,counted_rhwp_lossy_utf16,,returncode=0; output_head='\n오류: HWP 파싱 실패 - 유효하지 않은 파일: DocInfo 오류: DocInfo IO 오류: UTF-16 디코딩 실패: invalid utf-16: lone surrogate found\n',/tmp/rhwp_lossy/target/release/rhwp,rhwp v0.7.17,byte_reader_read_utf16_string_from_utf16_lossy,18
UOPKOBSA01_saybrkd,uopkobsa01:2023:162:4600:4602:416,과학기술정보통신부_학연 협력 플랫폼 구축 시범사업(R&D).hwp,2023,과학기술정보통신부>과학기술>과학기술연구지원>공공연구성과활성화>연구성과기술사업화지원>학연 협력 플랫폼 구축 시범사업(R&D),hwp,saybrkd-corpus-20260630/data/openfiscaldata/saybrkd/2023/2023162110001524602416.hwp,True,2385408,ok,13,counted_rhwp_lossy_utf16,,returncode=0; output_head='\n오류: HWP 파싱 실패 - 유효하지 않은 파일: DocInfo 오류: DocInfo IO 오류: UTF-16 디코딩 실패: invalid utf-16: lone surrogate found\n',/tmp/rhwp_lossy/target/release/rhwp,rhwp v0.7.17,byte_reader_read_utf16_string_from_utf16_lossy,27
UOPKOBSA01_saybrkd,uopkobsa01:2023:162:7000:7011:207,과학기술정보통신부_총액대상 과학기술일자리혁신관 기본경비.hwp,2023,과학기술정보통신부>과학기술>과학기술일반>과학기술정보통신부운영지원>본부 기본경비>총액대상 과학기술일자리혁신관 기본경비,hwp,saybrkd-corpus-20260630/data/openfiscaldata/saybrkd/2023/2023162110001537011207.hwp,True,127488,ok,4,counted_rhwp_lossy_utf16,,returncode=0; output_head='\n오류: HWP 파싱 실패 - 유효하지 않은 파일: DocInfo 오류: DocInfo IO 오류: UTF-16 디코딩 실패: invalid utf-16: lone surrogate found\n',/tmp/rhwp_lossy/target/release/rhwp,rhwp v0.7.17,byte_reader_read_utf16_string_from_utf16_lossy,8
UOPKOBSA01_saybrkd,uopkobsa01:2023:162:7000:7011:219,과학기술정보통신부_총액대상 전파정책국 기본경비.hwp,2023,과학기술정보통신부>과학기술>과학기술일반>과학기술정보통신부운영지원>본부 기본경비>총액대상 전파정책국 기본경비,hwp,saybrkd-corpus-20260630/data/openfiscaldata/saybrkd/2023/2023162110001537011219.hwp,True,124928,ok,6,counted_rhwp_lossy_utf16,,returncode=0; output_head='\n오류: HWP 파싱 실패 - 유효하지 않은 파일: DocInfo 오류: DocInfo IO 오류: UTF-16 디코딩 실패: invalid utf-16: lone surrogate found\n',/tmp/rhwp_lossy/target/release/rhwp,rhwp v0.7.17,byte_reader_read_utf16_string_from_utf16_lossy,10
UOPKOBSA01_saybrkd,uopkobsa01:2023:162:2200:2241:412,과학기술정보통신부_한국표준과학연구원 연구 운영비 지원(R&D).hwp,2023,과학기술정보통신부>과학기술>과학기술연구지원>출연연구기관지원>국가과학기술연구회 소속 출연연구기관 지원>한국표준과학연구원 연구 운영비 지원(R&D),hwp,saybrkd-corpus-20260630/data/openfiscaldata/saybrkd/2023/2023162110001522241412.hwp,True,729600,ok,19,counted_rhwp_lossy_utf16,,returncode=0; output_head='\n오류: HWP 파싱 실패 - 유효하지 않은 파일: DocInfo 오류: DocInfo IO 오류: UTF-16 디코딩 실패: invalid utf-16: lone surrogate found\n',/tmp/rhwp_lossy/target/release/rhwp,rhwp v0.7.17,byte_reader_read_utf16_string_from_utf16_lossy,29
UOPKOBSA01_saybrkd,uopkobsa01:2023:162:7000:7011:221,과학기술정보통신부_총액대상 비상안전기획관 기본경비.hwp,2023,과학기술정보통신부>과학기술>과학기술일반>과학기술정보통신부운영지원>본부 기본경비>총액대상 비상안전기획관 기본경비,hwp,saybrkd-corpus-20260630/data/openfiscaldata/saybrkd/2023/2023162110001537011221.hwp,True,125440,ok,5,counted_rhwp_lossy_utf16,,returncode=0; output_head='\n오류: HWP 파싱 실패 - 유효하지 않은 파일: DocInfo 오류: DocInfo IO 오류: UTF-16 디코딩 실패: invalid utf-16: lone surrogate found\n',/tmp/rhwp_lossy/target/release/rhwp,rhwp v0.7.17,byte_reader_read_utf16_string_from_utf16_lossy,9
UOPKOBSA01_saybrkd,uopkobsa01:2023:162:7000:7011:220,과학기술정보통신부_총액대상 국제과학비즈니스벨트조성추진단 기본경비.hwp,2023,과학기술정보통신부>과학기술>과학기술일반>과학기술정보통신부운영지원>본부 기본경비>총액대상 국제과학비즈니스벨트조성추진단 기본경비,hwp,saybrkd-corpus-20260630/data/openfiscaldata/saybrkd/2023/2023162110001537011220.hwp,True,128512,ok,4,counted_rhwp_lossy_utf16,,returncode=0; output_head='\n오류: HWP 파싱 실패 - 유효하지 않은 파일: DocInfo 오류: DocInfo IO 오류: UTF-16 디코딩 실패: invalid utf-16: lone surrogate found\n',/tmp/rhwp_lossy/target/release/rhwp,rhwp v0.7.17,byte_reader_read_utf16_string_from_utf16_lossy,8
UOPKOBSA01_saybrkd,uopkobsa01:2023:162:7000:7011:222,과학기술정보통신부_총액대상 인공지능기반정책관 기본경비.hwp,2023,과학기술정보통신부>과학기술>과학기술일반>과학기술정보통신부운영지원>본부 기본경비>총액대상 인공지능기반정책관 기본경비,hwp,saybrkd-corpus-20260630/data/openfiscaldata/saybrkd/2023/2023162110001537011222.hwp,True,126976,ok,5,counted_rhwp_lossy_utf16,,returncode=0; output_head='\n오류: HWP 파싱 실패 - 유효하지 않은 파일: DocInfo 오류: DocInfo IO 오류: UTF-16 디코딩 실패: invalid utf-16: lone surrogate found\n',/tmp/rhwp_lossy/target/release/rhwp,rhwp v0.7.17,byte_reader_read_utf16_string_from_utf16_lossy,8
UOPKOBSA01_saybrkd,uopkobsa01:2023:162:7000:7011:218,과학기술정보통신부_총액대상 통신정책국 기본경비.hwp,2023,과학기술정보통신부>과학기술>과학기술일반>과학기술정보통신부운영지원>본부 기본경비>총액대상 통신정책국 기본경비,hwp,saybrkd-corpus-20260630/data/openfiscaldata/saybrkd/2023/2023162110001537011218.hwp,True,124928,ok,5,counted_rhwp_lossy_utf16,,returncode=0; output_head='\n오류: HWP 파싱 실패 - 유효하지 않은 파일: DocInfo 오류: DocInfo IO 오류: UTF-16 디코딩 실패: invalid utf-16: lone surrogate found\n',/tmp/rhwp_lossy/target/release/rhwp,rhwp v0.7.17,byte_reader_read_utf16_string_from_utf16_lossy,7
UOPKOBSA01_saybrkd,uopkobsa01:2023:162:7000:7011:216,과학기술정보통신부_총액대상 정보보호네트워크정책관 기본경비.hwp,2023,과학기술정보통신부>과학기술>과학기술일반>과학기술정보통신부운영지원>본부 기본경비>총액대상 정보보호네트워크정책관 기본경비,hwp,saybrkd-corpus-20260630/data/openfiscaldata/saybrkd/2023/2023162110001537011216.hwp,True,125440,ok,4,counted_rhwp_lossy_utf16,,returncode=0; output_head='\n오류: HWP 파싱 실패 - 유효하지 않은 파일: DocInfo 오류: DocInfo IO 오류: UTF-16 디코딩 실패: invalid utf-16: lone surrogate found\n',/tmp/rhwp_lossy/target/release/rhwp,rhwp v0.7.17,byte_reader_read_utf16_string_from_utf16_lossy,9
UOPKOBSA01_saybrkd,uopkobsa01:2023:162:7000:7011:250,과학기술정보통신부_총액비대상 기관운영 기본경비.hwp,2023,과학기술정보통신부>과학기술>과학기술일반>과학기술정보통신부운영지원>본부 기본경비>총액비대상 기관운영 기본경비,hwp,saybrkd-corpus-20260630/data/openfiscaldata/saybrkd/2023/2023162110001537011250.hwp,True,131584,ok,7,counted_rhwp_lossy_utf16,,returncode=0; output_head='\n오류: HWP 파싱 실패 - 유효하지 않은 파일: DocInfo 오류: DocInfo IO 오류: UTF-16 디코딩 실패: invalid utf-16: lone surrogate found\n',/tmp/rhwp_lossy/target/release/rhwp,rhwp v0.7.17,byte_reader_read_utf16_string_from_utf16_lossy,11
UOPKOBSA01_saybrkd,uopkobsa01:2023:162:4700:4731:402,과학기술정보통신부_국가간협력기반조성(R&D).hwp,2023,과학기술정보통신부>과학기술>과학기술연구지원>과학기술국제협력>국제화기반조성>국가간협력기반조성(R&D),hwp,saybrkd-corpus-20260630/data/openfiscaldata/saybrkd/2023/2023162110001524731402.hwp,True,164352,ok,14,counted_rhwp_lossy_utf16,,returncode=0; output_head='\n오류: HWP 파싱 실패 - 유효하지 않은 파일: DocInfo 오류: DocInfo IO 오류: UTF-16 디코딩 실패: invalid utf-16: lone surrogate found\n',/tmp/rhwp_lossy/target/release/rhwp,rhwp v0.7.17,byte_reader_read_utf16_string_from_utf16_lossy,45
UOPKOBSA01_saybrkd,uopkobsa01:2023:162:7000:7011:217,과학기술정보통신부_총액대상 정보통신정책관 기본경비.hwp,2023,과학기술정보통신부>과학기술>과학기술일반>과학기술정보통신부운영지원>본부 기본경비>총액대상 정보통신정책관 기본경비,hwp,saybrkd-corpus-20260630/data/openfiscaldata/saybrkd/2023/2023162110001537011217.hwp,True,120832,ok,4,counted_rhwp_lossy_utf16,,returncode=0; output_head='\n오류: HWP 파싱 실패 - 유효하지 않은 파일: DocInfo 오류: DocInfo IO 오류: UTF-16 디코딩 실패: invalid utf-16: lone surrogate found\n',/tmp/rhwp_lossy/target/release/rhwp,rhwp v0.7.17,byte_reader_read_utf16_string_from_utf16_lossy,7
UOPKOBSA01_saybrkd,uopkobsa01:2023:162:2200:2241:425,과학기술정보통신부_한국식품연구원연구운영비지원(R&D).hwp,2023,과학기술정보통신부>과학기술>과학기술연구지원>출연연구기관지원>국가과학기술연구회 소속 출연연구기관 지원>한국식품연구원연구운영비지원(R&D),hwp,saybrkd-corpus-20260630/data/openfiscaldata/saybrkd/2023/2023162110001522241425.hwp,True,640512,ok,11,counted_rhwp_lossy_utf16,,returncode=0; output_head='\n오류: HWP 파싱 실패 - 유효하지 않은 파일: DocInfo 오류: DocInfo IO 오류: UTF-16 디코딩 실패: invalid utf-16: lone surrogate found\n',/tmp/rhwp_lossy/target/release/rhwp,rhwp v0.7.17,byte_reader_read_utf16_string_from_utf16_lossy,21
UOPKOBSA01_saybrkd,uopkobsa01:2023:162:7000:7011:254,과학기술정보통신부_총액비대상 정책기획관 기본경비.hwp,2023,과학기술정보통신부>과학기술>과학기술일반>과학기술정보통신부운영지원>본부 기본경비>총액비대상 정책기획관 기본경비,hwp,saybrkd-corpus-20260630/data/openfiscaldata/saybrkd/2023/2023162110001537011254.hwp,True,122880,ok,4,counted_rhwp_lossy_utf16,,returncode=0; output_head='\n오류: HWP 파싱 실패 - 유효하지 않은 파일: DocInfo 오류: DocInfo IO 오류: UTF-16 디코딩 실패: invalid utf-16: lone surrogate found\n',/tmp/rhwp_lossy/target/release/rhwp,rhwp v0.7.17,byte_reader_read_utf16_string_from_utf16_lossy,7
UOPKOBSA01_saybrkd,uopkobsa01:2023:162:7000:7011:252,과학기술정보통신부_총액비대상 대변인 기본경비.hwp,2023,과학기술정보통신부>과학기술>과학기술일반>과학기술정보통신부운영지원>본부 기본경비>총액비대상 대변인 기본경비,hwp,saybrkd-corpus-20260630/data/openfiscaldata/saybrkd/2023/2023162110001537011252.hwp,True,134656,ok,6,counted_rhwp_lossy_utf16,,returncode=0; output_head='\n오류: HWP 파싱 실패 - 유효하지 않은 파일: DocInfo 오류: DocInfo IO 오류: UTF-16 디코딩 실패: invalid utf-16: lone surrogate found\n',/tmp/rhwp_lossy/target/release/rhwp,rhwp v0.7.17,byte_reader_read_utf16_string_from_utf16_lossy,11
UOPKOBSA01_saybrkd,uopkobsa01:2023:162:7000:7011:251,과학기술정보통신부_총액비대상 감사관 기본경비.hwp,2023,과학기술정보통신부>과학기술>과학기술일반>과학기술정보통신부운영지원>본부 기본경비>총액비대상 감사관 기본경비,hwp,saybrkd-corpus-20260630/data/openfiscaldata/saybrkd/2023/2023162110001537011251.hwp,True,126464,ok,6,counted_rhwp_lossy_utf16,,returncode=0; output_head='\n오류: HWP 파싱 실패 - 유효하지 않은 파일: DocInfo 오류: DocInfo IO 오류: UTF-16 디코딩 실패: invalid utf-16: lone surrogate found\n',/tmp/rhwp_lossy/target/release/rhwp,rhwp v0.7.17,byte_reader_read_utf16_string_from_utf16_lossy,12
UOPKOBSA01_saybrkd,uopkobsa01:2023:162:7000:7011:215,과학기술정보통신부_총액대상 방송진흥정책국 기본경비.hwp,2023,과학기술정보통신부>과학기술>과학기술일반>과학기술정보통신부운영지원>본부 기본경비>총액대상 방송진흥정책국 기본경비,hwp,saybrkd-corpus-20260630/data/openfiscaldata/saybrkd/2023/2023162110001537011215.hwp,True,123904,ok,5,counted_rhwp_lossy_utf16,,returncode=0; output_head='\n오류: HWP 파싱 실패 - 유효하지 않은 파일: DocInfo 오류: DocInfo IO 오류: UTF-16 디코딩 실패: invalid utf-16: lone surrogate found\n',/tmp/rhwp_lossy/target/release/rhwp,rhwp v0.7.17,byte_reader_read_utf16_string_from_utf16_lossy,11
UOPKOBSA01_saybrkd,uopkobsa01:2023:162:7000:7011:253,과학기술정보통신부_총액비대상 정보통신산업정책관 기본경비.hwp,2023,과학기술정보통신부>과학기술>과학기술일반>과학기술정보통신부운영지원>본부 기본경비>총액비대상 정보통신산업정책관 기본경비,hwp,saybrkd-corpus-20260630/data/openfiscaldata/saybrkd/2023/2023162110001537011253.hwp,True,126976,ok,5,counted_rhwp_lossy_utf16,,returncode=0; output_head='\n오류: HWP 파싱 실패 - 유효하지 않은 파일: DocInfo 오류: DocInfo IO 오류: UTF-16 디코딩 실패: invalid utf-16: lone surrogate found\n',/tmp/rhwp_lossy/target/release/rhwp,rhwp v0.7.17,byte_reader_read_utf16_string_from_utf16_lossy,8
UOPKOBSA01_saybrkd,uopkobsa01:2023:162:7000:7011:260,과학기술정보통신부_총액비대상 미래인재정책국 기본경비.hwp,2023,과학기술정보통신부>과학기술>과학기술일반>과학기술정보통신부운영지원>본부 기본경비>총액비대상 미래인재정책국 기본경비,hwp,saybrkd-corpus-20260630/data/openfiscaldata/saybrkd/2023/2023162110001537011260.hwp,True,130560,ok,5,counted_rhwp_lossy_utf16,,returncode=0; output_head='\n오류: HWP 파싱 실패 - 유효하지 않은 파일: DocInfo 오류: DocInfo IO 오류: UTF-16 디코딩 실패: invalid utf-16: lone surrogate found\n',/tmp/rhwp_lossy/target/release/rhwp,rhwp v0.7.17,byte_reader_read_utf16_string_from_utf16_lossy,9
UOPKOBSA01_saybrkd,uopkobsa01:2023:162:7000:7011:209,과학기술정보통신부_총액대상 과학기술정책국 기본경비.hwp,2023,과학기술정보통신부>과학기술>과학기술일반>과학기술정보통신부운영지원>본부 기본경비>총액대상 과학기술정책국 기본경비,hwp,saybrkd-corpus-20260630/data/openfiscaldata/saybrkd/2023/2023162110001537011209.hwp,True,129536,ok,5,counted_rhwp_lossy_utf16,,returncode=0; output_head='\n오류: HWP 파싱 실패 - 유효하지 않은 파일: DocInfo 오류: DocInfo IO 오류: UTF-16 디코딩 실패: invalid utf-16: lone surrogate found\n',/tmp/rhwp_lossy/target/release/rhwp,rhwp v0.7.17,byte_reader_read_utf16_string_from_utf16_lossy,9
UOPKOBSA01_saybrkd,uopkobsa01:2023:162:4700:4735:401,과학기술정보통신부_과학기술 국제협력 네트워크 지원(R&D).hwp,2023,과학기술정보통신부>과학기술>과학기술연구지원>과학기술국제협력>과학기술 국제협력 네트워크 지원>과학기술 국제협력 네트워크 지원(R&D),hwp,saybrkd-corpus-20260630/data/openfiscaldata/saybrkd/2023/2023162110001524735401.hwp,True,140288,ok,11,counted_rhwp_lossy_utf16,,returncode=0; output_head='\n오류: HWP 파싱 실패 - 유효하지 않은 파일: DocInfo 오류: DocInfo IO 오류: UTF-16 디코딩 실패: invalid utf-16: lone surrogate found\n',/tmp/rhwp_lossy/target/release/rhwp,rhwp v0.7.17,byte_reader_read_utf16_string_from_utf16_lossy,17
UOPKOBSA01_saybrkd,uopkobsa01:2023:162:2200:2241:415,과학기술정보통신부_한국항공우주연구원 연구 운영비 지원(R&D).hwp,2023,과학기술정보통신부>과학기술>과학기술연구지원>출연연구기관지원>국가과학기술연구회 소속 출연연구기관 지원>한국항공우주연구원 연구 운영비 지원(R&D),hwp,saybrkd-corpus-20260630/data/openfiscaldata/saybrkd/2023/2023162110001522241415.hwp,True,394752,ok,13,counted_rhwp_lossy_utf16,,returncode=0; output_head='\n오류: HWP 파싱 실패 - 유효하지 않은 파일: DocInfo 오류: DocInfo IO 오류: UTF-16 디코딩 실패: invalid utf-16: lone surrogate found\n',/tmp/rhwp_lossy/target/release/rhwp,rhwp v0.7.17,byte_reader_read_utf16_string_from_utf16_lossy,25
UOPKOBSA01_saybrkd,uopkobsa01:2023:162:7000:7011:262,과학기술정보통신부_총액비대상 성과평가정책국 기본경비.hwp,2023,과학기술정보통신부>과학기술>과학기술일반>과학기술정보통신부운영지원>본부 기본경비>총액비대상 성과평가정책국 기본경비,hwp,saybrkd-corpus-20260630/data/openfiscaldata/saybrkd/2023/2023162110001537011262.hwp,True,131072,ok,6,counted_rhwp_lossy_utf16,,returncode=0; output_head='\n오류: HWP 파싱 실패 - 유효하지 않은 파일: DocInfo 오류: DocInfo IO 오류: UTF-16 디코딩 실패: invalid utf-16: lone surrogate found\n',/tmp/rhwp_lossy/target/release/rhwp,rhwp v0.7.17,byte_reader_read_utf16_string_from_utf16_lossy,9
UOPKOBSA01_saybrkd,uopkobsa01:2023:162:7000:7011:258,과학기술정보통신부_총액비대상 거대공공연구정책관 기본경비.hwp,2023,과학기술정보통신부>과학기술>과학기술일반>과학기술정보통신부운영지원>본부 기본경비>총액비대상 거대공공연구정책관 기본경비,hwp,saybrkd-corpus-20260630/data/openfiscaldata/saybrkd/2023/2023162110001537011258.hwp,True,131584,ok,6,counted_rhwp_lossy_utf16,,returncode=0; output_head='\n오류: HWP 파싱 실패 - 유효하지 않은 파일: DocInfo 오류: DocInfo IO 오류: UTF-16 디코딩 실패: invalid utf-16: lone surrogate found\n',/tmp/rhwp_lossy/target/release/rhwp,rhwp v0.7.17,byte_reader_read_utf16_string_from_utf16_lossy,11
UOPKOBSA01_saybrkd,uopkobsa01:2023:162:7000:7011:266,과학기술정보통신부_총액비대상 정보보호네트워크정책관 기본경비.hwp,2023,과학기술정보통신부>과학기술>과학기술일반>과학기술정보통신부운영지원>본부 기본경비>총액비대상 정보보호네트워크정책관 기본경비,hwp,saybrkd-corpus-20260630/data/openfiscaldata/saybrkd/2023/2023162110001537011266.hwp,True,126976,ok,4,counted_rhwp_lossy_utf16,,returncode=0; output_head='\n오류: HWP 파싱 실패 - 유효하지 않은 파일: DocInfo 오류: DocInfo IO 오류: UTF-16 디코딩 실패: invalid utf-16: lone surrogate found\n',/tmp/rhwp_lossy/target/release/rhwp,rhwp v0.7.17,byte_reader_read_utf16_string_from_utf16_lossy,8
UOPKOBSA01_saybrkd,uopkobsa01:2023:162:7000:7011:256,과학기술정보통신부_총액비대상 기초원천연구정책관 기본경비.hwp,2023,과학기술정보통신부>과학기술>과학기술일반>과학기술정보통신부운영지원>본부 기본경비>총액비대상 기초원천연구정책관 기본경비,hwp,saybrkd-corpus-20260630/data/openfiscaldata/saybrkd/2023/2023162110001537011256.hwp,True,126464,ok,5,counted_rhwp_lossy_utf16,,returncode=0; output_head='\n오류: HWP 파싱 실패 - 유효하지 않은 파일: DocInfo 오류: DocInfo IO 오류: UTF-16 디코딩 실패: invalid utf-16: lone surrogate found\n',/tmp/rhwp_lossy/target/release/rhwp,rhwp v0.7.17,byte_reader_read_utf16_string_from_utf16_lossy,9
UOPKOBSA01_saybrkd,uopkobsa01:2023:162:7000:7011:267,과학기술정보통신부_총액비대상 정보통신정책관 기본경비.hwp,2023,과학기술정보통신부>과학기술>과학기술일반>과학기술정보통신부운영지원>본부 기본경비>총액비대상 정보통신정책관 기본경비,hwp,saybrkd-corpus-20260630/data/openfiscaldata/saybrkd/2023/2023162110001537011267.hwp,True,132608,ok,4,counted_rhwp_lossy_utf16,,returncode=0; output_head='\n오류: HWP 파싱 실패 - 유효하지 않은 파일: DocInfo 오류: DocInfo IO 오류: UTF-16 디코딩 실패: invalid utf-16: lone surrogate found\n',/tmp/rhwp_lossy/target/release/rhwp,rhwp v0.7.17,byte_reader_read_utf16_string_from_utf16_lossy,10
UOPKOBSA01_saybrkd,uopkobsa01:2023:162:7000:7011:259,과학기술정보통신부_총액비대상 과학기술정책국 기본경비.hwp,2023,과학기술정보통신부>과학기술>과학기술일반>과학기술정보통신부운영지원>본부 기본경비>총액비대상 과학기술정책국 기본경비,hwp,saybrkd-corpus-20260630/data/openfiscaldata/saybrkd/2023/2023162110001537011259.hwp,True,131584,ok,6,counted_rhwp_lossy_utf16,,returncode=0; output_head='\n오류: HWP 파싱 실패 - 유효하지 않은 파일: DocInfo 오류: DocInfo IO 오류: UTF-16 디코딩 실패: invalid utf-16: lone surrogate found\n',/tmp/rhwp_lossy/target/release/rhwp,rhwp v0.7.17,byte_reader_read_utf16_string_from_utf16_lossy,9
UOPKOBSA01_saybrkd,uopkobsa01:2023:162:7000:7011:212,과학기술정보통신부_총액대상 성과평가정책국 기본경비.hwp,2023,과학기술정보통신부>과학기술>과학기술일반>과학기술정보통신부운영지원>본부 기본경비>총액대상 성과평가정책국 기본경비,hwp,saybrkd-corpus-20260630/data/openfiscaldata/saybrkd/2023/2023162110001537011212.hwp,True,128512,ok,6,counted_rhwp_lossy_utf16,,returncode=0; output_head='\n오류: HWP 파싱 실패 - 유효하지 않은 파일: DocInfo 오류: DocInfo IO 오류: UTF-16 디코딩 실패: invalid utf-16: lone surrogate found\n',/tmp/rhwp_lossy/target/release/rhwp,rhwp v0.7.17,byte_reader_read_utf16_string_from_utf16_lossy,10
UOPKOBSA01_saybrkd,uopkobsa01:2023:162:7000:7011:257,과학기술정보통신부_총액비대상 과학기술일자리혁신관 기본경비.hwp,2023,과학기술정보통신부>과학기술>과학기술일반>과학기술정보통신부운영지원>본부 기본경비>총액비대상 과학기술일자리혁신관 기본경비,hwp,saybrkd-corpus-20260630/data/openfiscaldata/saybrkd/2023/2023162110001537011257.hwp,True,129024,ok,5,counted_rhwp_lossy_utf16,,returncode=0; output_head='\n오류: HWP 파싱 실패 - 유효하지 않은 파일: DocInfo 오류: DocInfo IO 오류: UTF-16 디코딩 실패: invalid utf-16: lone surrogate found\n',/tmp/rhwp_lossy/target/release/rhwp,rhwp v0.7.17,byte_reader_read_utf16_string_from_utf16_lossy,8
UOPKOBSA01_saybrkd,uopkobsa01:2023:162:7000:7011:202,과학기술정보통신부_총액대상 대변인 기본경비.hwp,2023,과학기술정보통신부>과학기술>과학기술일반>과학기술정보통신부운영지원>본부 기본경비>총액대상 대변인 기본경비,hwp,saybrkd-corpus-20260630/data/openfiscaldata/saybrkd/2023/2023162110001537011202.hwp,True,131072,ok,5,counted_rhwp_lossy_utf16,,returncode=0; output_head='\n오류: HWP 파싱 실패 - 유효하지 않은 파일: DocInfo 오류: DocInfo IO 오류: UTF-16 디코딩 실패: invalid utf-16: lone surrogate found\n',/tmp/rhwp_lossy/target/release/rhwp,rhwp v0.7.17,byte_reader_read_utf16_string_from_utf16_lossy,9
UOPKOBSA01_saybrkd,uopkobsa01:2023:162:7000:7011:270,과학기술정보통신부_총액비대상 국제과학비즈니스벨트조성추진단 기본경비.hwp,2023,과학기술정보통신부>과학기술>과학기술일반>과학기술정보통신부운영지원>본부 기본경비>총액비대상 국제과학비즈니스벨트조성추진단 기본경비,hwp,saybrkd-corpus-20260630/data/openfiscaldata/saybrkd/2023/2023162110001537011270.hwp,True,132608,ok,5,counted_rhwp_lossy_utf16,,returncode=0; output_head='\n오류: HWP 파싱 실패 - 유효하지 않은 파일: DocInfo 오류: DocInfo IO 오류: UTF-16 디코딩 실패: invalid utf-16: lone surrogate found\n',/tmp/rhwp_lossy/target/release/rhwp,rhwp v0.7.17,byte_reader_read_utf16_string_from_utf16_lossy,10
UOPKOBSA01_saybrkd,uopkobsa01:2023:162:7000:7011:261,과학기술정보통신부_총액비대상 연구개발투자심의국 기본경비.hwp,2023,과학기술정보통신부>과학기술>과학기술일반>과학기술정보통신부운영지원>본부 기본경비>총액비대상 연구개발투자심의국 기본경비,hwp,saybrkd-corpus-20260630/data/openfiscaldata/saybrkd/2023/2023162110001537011261.hwp,True,129024,ok,6,counted_rhwp_lossy_utf16,,returncode=0; output_head='\n오류: HWP 파싱 실패 - 유효하지 않은 파일: DocInfo 오류: DocInfo IO 오류: UTF-16 디코딩 실패: invalid utf-16: lone surrogate found\n',/tmp/rhwp_lossy/target/release/rhwp,rhwp v0.7.17,byte_reader_read_utf16_string_from_utf16_lossy,10
UOPKOBSA01_saybrkd,uopkobsa01:2023:162:7000:7011:269,과학기술정보통신부_총액비대상 전파정책국 기본경비.hwp,2023,과학기술정보통신부>과학기술>과학기술일반>과학기술정보통신부운영지원>본부 기본경비>총액비대상 전파정책국 기본경비,hwp,saybrkd-corpus-20260630/data/openfiscaldata/saybrkd/2023/2023162110001537011269.hwp,True,125440,ok,6,counted_rhwp_lossy_utf16,,returncode=0; output_head='\n오류: HWP 파싱 실패 - 유효하지 않은 파일: DocInfo 오류: DocInfo IO 오류: UTF-16 디코딩 실패: invalid utf-16: lone surrogate found\n',/tmp/rhwp_lossy/target/release/rhwp,rhwp v0.7.17,byte_reader_read_utf16_string_from_utf16_lossy,12
UOPKOBSA01_saybrkd,uopkobsa01:2023:162:7000:7011:264,과학기술정보통신부_총액비대상 소프트웨어정책관 기본경비.hwp,2023,과학기술정보통신부>과학기술>과학기술일반>과학기술정보통신부운영지원>본부 기본경비>총액비대상 소프트웨어정책관 기본경비,hwp,saybrkd-corpus-20260630/data/openfiscaldata/saybrkd/2023/2023162110001537011264.hwp,True,125440,ok,6,counted_rhwp_lossy_utf16,,returncode=0; output_head='\n오류: HWP 파싱 실패 - 유효하지 않은 파일: DocInfo 오류: DocInfo IO 오류: UTF-16 디코딩 실패: invalid utf-16: lone surrogate found\n',/tmp/rhwp_lossy/target/release/rhwp,rhwp v0.7.17,byte_reader_read_utf16_string_from_utf16_lossy,9
UOPKOBSA01_saybrkd,uopkobsa01:2023:162:7000:7041:401,과학기술정보통신부_과학기술정보통신정책 이해도 제고.hwp,2023,과학기술정보통신부>과학기술>과학기술일반>과학기술정보통신부운영지원>과학기술정보통신정책 이해도 제고>과학기술정보통신정책 이해도 제고,hwp,saybrkd-corpus-20260630/data/openfiscaldata/saybrkd/2023/2023162110001537041401.hwp,True,156672,ok,11,counted_rhwp_lossy_utf16,,returncode=0; output_head='\n오류: HWP 파싱 실패 - 유효하지 않은 파일: DocInfo 오류: DocInfo IO 오류: UTF-16 디코딩 실패: invalid utf-16: lone surrogate found\n',/tmp/rhwp_lossy/target/release/rhwp,rhwp v0.7.17,byte_reader_read_utf16_string_from_utf16_lossy,10
UOPKOBSA01_saybrkd,uopkobsa01:2023:162:7000:7011:265,과학기술정보통신부_총액비대상 방송진흥정책국 기본경비.hwp,2023,과학기술정보통신부>과학기술>과학기술일반>과학기술정보통신부운영지원>본부 기본경비>총액비대상 방송진흥정책국 기본경비,hwp,saybrkd-corpus-20260630/data/openfiscaldata/saybrkd/2023/2023162110001537011265.hwp,True,125952,ok,5,counted_rhwp_lossy_utf16,,returncode=0; output_head='\n오류: HWP 파싱 실패 - 유효하지 않은 파일: DocInfo 오류: DocInfo IO 오류: UTF-16 디코딩 실패: invalid utf-16: lone surrogate found\n',/tmp/rhwp_lossy/target/release/rhwp,rhwp v0.7.17,byte_reader_read_utf16_string_from_utf16_lossy,9
UOPKOBSA01_saybrkd,uopkobsa01:2023:162:4600:4602:414,과학기술정보통신부_차세대 유망 Seed 기술실용화 패스트트랙(R&D).hwp,2023,과학기술정보통신부>과학기술>과학기술연구지원>공공연구성과활성화>연구성과기술사업화지원>차세대 유망 Seed 기술실용화 패스트트랙(R&D),hwp,saybrkd-corpus-20260630/data/openfiscaldata/saybrkd/2023/2023162110001524602414.hwp,True,3927040,ok,22,counted_rhwp_lossy_utf16,,returncode=0; output_head='\n오류: HWP 파싱 실패 - 유효하지 않은 파일: DocInfo 오류: DocInfo IO 오류: UTF-16 디코딩 실패: invalid utf-16: lone surrogate found\n',/tmp/rhwp_lossy/target/release/rhwp,rhwp v0.7.17,byte_reader_read_utf16_string_from_utf16_lossy,56
UOPKOBSA01_saybrkd,uopkobsa01:2023:162:7000:7011:271,과학기술정보통신부_총액비대상 비상안전기획관 기본경비.hwp,2023,과학기술정보통신부>과학기술>과학기술일반>과학기술정보통신부운영지원>본부 기본경비>총액비대상 비상안전기획관 기본경비,hwp,saybrkd-corpus-20260630/data/openfiscaldata/saybrkd/2023/2023162110001537011271.hwp,True,126976,ok,5,counted_rhwp_lossy_utf16,,returncode=0; output_head='\n오류: HWP 파싱 실패 - 유효하지 않은 파일: DocInfo 오류: DocInfo IO 오류: UTF-16 디코딩 실패: invalid utf-16: lone surrogate found\n',/tmp/rhwp_lossy/target/release/rhwp,rhwp v0.7.17,byte_reader_read_utf16_string_from_utf16_lossy,9
UOPKOBSA01_saybrkd,uopkobsa01:2023:162:7000:7011:208,과학기술정보통신부_총액대상 거대공공연구정책관 기본경비.hwp,2023,과학기술정보통신부>과학기술>과학기술일반>과학기술정보통신부운영지원>본부 기본경비>총액대상 거대공공연구정책관 기본경비,hwp,saybrkd-corpus-20260630/data/openfiscaldata/saybrkd/2023/2023162110001537011208.hwp,True,126464,ok,5,counted_rhwp_lossy_utf16,,returncode=0; output_head='\n오류: HWP 파싱 실패 - 유효하지 않은 파일: DocInfo 오류: DocInfo IO 오류: UTF-16 디코딩 실패: invalid utf-16: lone surrogate found\n',/tmp/rhwp_lossy/target/release/rhwp,rhwp v0.7.17,byte_reader_read_utf16_string_from_utf16_lossy,12
UOPKOBSA01_saybrkd,uopkobsa01:2023:162:7000:7011:203,과학기술정보통신부_총액대상 정보통신산업정책관 기본경비.hwp,2023,과학기술정보통신부>과학기술>과학기술일반>과학기술정보통신부운영지원>본부 기본경비>총액대상 정보통신산업정책관 기본경비,hwp,saybrkd-corpus-20260630/data/openfiscaldata/saybrkd/2023/2023162110001537011203.hwp,True,128000,ok,5,counted_rhwp_lossy_utf16,,returncode=0; output_head='\n오류: HWP 파싱 실패 - 유효하지 않은 파일: DocInfo 오류: DocInfo IO 오류: UTF-16 디코딩 실패: invalid utf-16: lone surrogate found\n',/tmp/rhwp_lossy/target/release/rhwp,rhwp v0.7.17,byte_reader_read_utf16_string_from_utf16_lossy,9
UOPKOBSA01_saybrkd,uopkobsa01:2023:162:7000:7011:255,과학기술정보통신부_총액비대상 국제협력관 기본경비.hwp,2023,과학기술정보통신부>과학기술>과학기술일반>과학기술정보통신부운영지원>본부 기본경비>총액비대상 국제협력관 기본경비,hwp,saybrkd-corpus-20260630/data/openfiscaldata/saybrkd/2023/2023162110001537011255.hwp,True,125952,ok,5,counted_rhwp_lossy_utf16,,returncode=0; output_head='\n오류: HWP 파싱 실패 - 유효하지 않은 파일: DocInfo 오류: DocInfo IO 오류: UTF-16 디코딩 실패: invalid utf-16: lone surrogate found\n',/tmp/rhwp_lossy/target/release/rhwp,rhwp v0.7.17,byte_reader_read_utf16_string_from_utf16_lossy,9
UOPKOBSA01_saybrkd,uopkobsa01:2023:162:1700:1738:402,과학기술정보통신부_과학기술인 사기진작.hwp,2023,과학기술정보통신부>과학기술>과학기술인력및문화>과학기술인력양성>과학기술인 복지향상>과학기술인 사기진작,hwp,saybrkd-corpus-20260630/data/openfiscaldata/saybrkd/2023/2023162110001541738402.hwp,True,162304,ok,9,counted_rhwp_lossy_utf16,,returncode=0; output_head='\n오류: HWP 파싱 실패 - 유효하지 않은 파일: DocInfo 오류: DocInfo IO 오류: UTF-16 디코딩 실패: invalid utf-16: lone surrogate found\n',/tmp/rhwp_lossy/target/release/rhwp,rhwp v0.7.17,byte_reader_read_utf16_string_from_utf16_lossy,17
UOPKOBSA01_saybrkd,uopkobsa01:2023:162:7000:7033:401,과학기술정보통신부_과학기술정보통신부 청사이전 사업.hwp,2023,과학기술정보통신부>과학기술>과학기술일반>과학기술정보통신부운영지원>청사확보및시설개선>과학기술정보통신부 청사이전 사업,hwp,saybrkd-corpus-20260630/data/openfiscaldata/saybrkd/2023/2023162110001537033401.hwp,True,130048,ok,6,counted_rhwp_lossy_utf16,,returncode=0; output_head='\n오류: HWP 파싱 실패 - 유효하지 않은 파일: DocInfo 오류: DocInfo IO 오류: UTF-16 디코딩 실패: invalid utf-16: lone surrogate found\n',/tmp/rhwp_lossy/target/release/rhwp,rhwp v0.7.17,byte_reader_read_utf16_string_from_utf16_lossy,11
UOPKOBSA01_saybrkd,uopkobsa01:2023:162:7000:7031:401,과학기술정보통신부_정책연구사업(R&D).hwp,2023,과학기술정보통신부>과학기술>과학기술일반>과학기술정보통신부운영지원>정책연구비>정책연구사업(R&D),hwp,saybrkd-corpus-20260630/data/openfiscaldata/saybrkd/2023/2023162110001537031401.hwp,True,130048,ok,8,counted_rhwp_lossy_utf16,,returncode=0; output_head='\n오류: HWP 파싱 실패 - 유효하지 않은 파일: DocInfo 오류: DocInfo IO 오류: UTF-16 디코딩 실패: invalid utf-16: lone surrogate found\n',/tmp/rhwp_lossy/target/release/rhwp,rhwp v0.7.17,byte_reader_read_utf16_string_from_utf16_lossy,16
UOPKOBSA01_saybrkd,uopkobsa01:2023:162:7000:7011:273,과학기술정보통신부_우주항공청설립추진단 운영(R&D).hwp,2023,과학기술정보통신부>과학기술>과학기술일반>과학기술정보통신부운영지원>본부 기본경비>우주항공청설립추진단 운영(R&D),hwp,saybrkd-corpus-20260630/data/openfiscaldata/saybrkd/2023/2023162110001537011273.hwp,True,126976,ok,6,counted_rhwp_lossy_utf16,,returncode=0; output_head='\n오류: HWP 파싱 실패 - 유효하지 않은 파일: DocInfo 오류: DocInfo IO 오류: UTF-16 디코딩 실패: invalid utf-16: lone surrogate found\n',/tmp/rhwp_lossy/target/release/rhwp,rhwp v0.7.17,byte_reader_read_utf16_string_from_utf16_lossy,11
UOPKOBSA01_saybrkd,uopkobsa01:2023:162:7000:7011:200,과학기술정보통신부_총액대상 기관운영 기본경비.hwp,2023,과학기술정보통신부>과학기술>과학기술일반>과학기술정보통신부운영지원>본부 기본경비>총액대상 기관운영 기본경비,hwp,saybrkd-corpus-20260630/data/openfiscaldata/saybrkd/2023/2023162110001537011200.hwp,True,127488,ok,6,counted_rhwp_lossy_utf16,,returncode=0; output_head='\n오류: HWP 파싱 실패 - 유효하지 않은 파일: DocInfo 오류: DocInfo IO 오류: UTF-16 디코딩 실패: invalid utf-16: lone surrogate found\n',/tmp/rhwp_lossy/target/release/rhwp,rhwp v0.7.17,byte_reader_read_utf16_string_from_utf16_lossy,9
UOPKOBSA01_saybrkd,uopkobsa01:2023:162:7000:7011:272,과학기술정보통신부_총액비대상 인공지능기반정책관 기본경비.hwp,2023,과학기술정보통신부>과학기술>과학기술일반>과학기술정보통신부운영지원>본부 기본경비>총액비대상 인공지능기반정책관 기본경비,hwp,saybrkd-corpus-20260630/data/openfiscaldata/saybrkd/2023/2023162110001537011272.hwp,True,127488,ok,5,counted_rhwp_lossy_utf16,,returncode=0; output_head='\n오류: HWP 파싱 실패 - 유효하지 않은 파일: DocInfo 오류: DocInfo IO 오류: UTF-16 디코딩 실패: invalid utf-16: lone surrogate found\n',/tmp/rhwp_lossy/target/release/rhwp,rhwp v0.7.17,byte_reader_read_utf16_string_from_utf16_lossy,8
UOPKOBSA01_saybrkd,uopkobsa01:2023:162:4700:4734:401,"과학기술정보통신부_개도국과학기술지원(ODA,R&D).hwp",2023,"과학기술정보통신부>과학기술>과학기술연구지원>과학기술국제협력>글로벌협력기반조성>개도국과학기술지원(ODA,R&D)",hwp,saybrkd-corpus-20260630/data/openfiscaldata/saybrkd/2023/2023162110001524734401.hwp,True,2336768,ok,8,counted_rhwp_lossy_utf16,,returncode=0; output_head='\n오류: HWP 파싱 실패 - 유효하지 않은 파일: DocInfo 오류: DocInfo IO 오류: UTF-16 디코딩 실패: invalid utf-16: lone surrogate found\n',/tmp/rhwp_lossy/target/release/rhwp,rhwp v0.7.17,byte_reader_read_utf16_string_from_utf16_lossy,29
UOPKOBSA01_saybrkd,uopkobsa01:2023:162:7000:7011:268,과학기술정보통신부_총액비대상 통신정책국 기본경비.hwp,2023,과학기술정보통신부>과학기술>과학기술일반>과학기술정보통신부운영지원>본부 기본경비>총액비대상 통신정책국 기본경비,hwp,saybrkd-corpus-20260630/data/openfiscaldata/saybrkd/2023/2023162110001537011268.hwp,True,126464,ok,5,counted_rhwp_lossy_utf16,,returncode=0; output_head='\n오류: HWP 파싱 실패 - 유효하지 않은 파일: DocInfo 오류: DocInfo IO 오류: UTF-16 디코딩 실패: invalid utf-16: lone surrogate found\n',/tmp/rhwp_lossy/target/release/rhwp,rhwp v0.7.17,byte_reader_read_utf16_string_from_utf16_lossy,11
UOPKOBSA01_saybrkd,uopkobsa01:2023:162:2200:2241:430,과학기술정보통신부_한국철도기술연구원연구운영비지원(R&D).hwp,2023,과학기술정보통신부>과학기술>과학기술연구지원>출연연구기관지원>국가과학기술연구회 소속 출연연구기관 지원>한국철도기술연구원연구운영비지원(R&D),hwp,saybrkd-corpus-20260630/data/openfiscaldata/saybrkd/2023/2023162110001522241430.hwp,True,219136,ok,15,counted_rhwp_lossy_utf16,,returncode=0; output_head='\n오류: HWP 파싱 실패 - 유효하지 않은 파일: DocInfo 오류: DocInfo IO 오류: UTF-16 디코딩 실패: invalid utf-16: lone surrogate found\n',/tmp/rhwp_lossy/target/release/rhwp,rhwp v0.7.17,byte_reader_read_utf16_string_from_utf16_lossy,29
UOPKOBSA01_saybrkd,uopkobsa01:2023:162:1100:1138:423,과학기술정보통신부_뇌질환극복연구사업(R&D).hwp,2023,과학기술정보통신부>과학기술>과학기술연구개발>미래유망원천기술개발>바이오·의료기술개발>뇌질환극복연구사업(R&D),hwp,saybrkd-corpus-20260630/data/openfiscaldata/saybrkd/2023/2023162110001551138423.hwp,True,166400,ok,9,counted_rhwp_lossy_utf16,,returncode=0; output_head='\n오류: HWP 파싱 실패 - 유효하지 않은 파일: DocInfo 오류: DocInfo IO 오류: UTF-16 디코딩 실패: invalid utf-16: lone surrogate found\n',/tmp/rhwp_lossy/target/release/rhwp,rhwp v0.7.17,byte_reader_read_utf16_string_from_utf16_lossy,17
UOPKOBSA01_saybrkd,uopkobsa01:2023:162:1800:1832:405,과학기술정보통신부_BTL 전문과학관 지원.hwp,2023,과학기술정보통신부>과학기술>과학기술인력및문화>과학문화창달>과학관 건립 지원>BTL 전문과학관 지원,hwp,saybrkd-corpus-20260630/data/openfiscaldata/saybrkd/2023/2023162110001541832405.hwp,True,166912,ok,9,counted_rhwp_lossy_utf16,,returncode=0; output_head='\n오류: HWP 파싱 실패 - 유효하지 않은 파일: DocInfo 오류: DocInfo IO 오류: UTF-16 디코딩 실패: invalid utf-16: lone surrogate found\n',/tmp/rhwp_lossy/target/release/rhwp,rhwp v0.7.17,byte_reader_read_utf16_string_from_utf16_lossy,21
UOPKOBSA01_saybrkd,uopkobsa01:2023:162:1800:1831:401,과학기술정보통신부_한국과학창의재단 지원.hwp,2023,과학기술정보통신부>과학기술>과학기술인력및문화>과학문화창달>과학기술문화창달사업>한국과학창의재단 지원,hwp,saybrkd-corpus-20260630/data/openfiscaldata/saybrkd/2023/2023162110001541831401.hwp,True,159744,ok,10,counted_rhwp_lossy_utf16,,returncode=0; output_head='\n오류: HWP 파싱 실패 - 유효하지 않은 파일: DocInfo 오류: DocInfo IO 오류: UTF-16 디코딩 실패: invalid utf-16: lone surrogate found\n',/tmp/rhwp_lossy/target/release/rhwp,rhwp v0.7.17,byte_reader_read_utf16_string_from_utf16_lossy,14
UOPKOBSA01_saybrkd,uopkobsa01:2023:162:1100:1138:432,과학기술정보통신부_신·변종 감염병 대응 플랫폼 핵심기술 개발사업(R&D).hwp,2023,과학기술정보통신부>과학기술>과학기술연구개발>미래유망원천기술개발>바이오·의료기술개발>신·변종 감염병 대응 플랫폼 핵심기술 개발사업(R&D),hwp,saybrkd-corpus-20260630/data/openfiscaldata/saybrkd/2023/2023162110001551138432.hwp,True,161280,ok,8,counted_rhwp_lossy_utf16,,returncode=0; output_head='\n오류: HWP 파싱 실패 - 유효하지 않은 파일: DocInfo 오류: DocInfo IO 오류: UTF-16 디코딩 실패: invalid utf-16: lone surrogate found\n',/tmp/rhwp_lossy/target/release/rhwp,rhwp v0.7.17,byte_reader_read_utf16_string_from_utf16_lossy,15
UOPKOBSA01_saybrkd,uopkobsa01:2023:162:4600:4602:407,과학기술정보통신부_공공연구성과 가치창출 기술키움(R&D).hwp,2023,과학기술정보통신부>과학기술>과학기술연구지원>공공연구성과활성화>연구성과기술사업화지원>공공연구성과 가치창출 기술키움(R&D),hwp,saybrkd-corpus-20260630/data/openfiscaldata/saybrkd/2023/2023162110001524602407.hwp,True,1336832,ok,16,counted_rhwp_lossy_utf16,,returncode=0; output_head='\n오류: HWP 파싱 실패 - 유효하지 않은 파일: DocInfo 오류: DocInfo IO 오류: UTF-16 디코딩 실패: invalid utf-16: lone surrogate found\n',/tmp/rhwp_lossy/target/release/rhwp,rhwp v0.7.17,byte_reader_read_utf16_string_from_utf16_lossy,35
UOPKOBSA01_saybrkd,uopkobsa01:2023:162:4600:4602:404,과학기술정보통신부_공공연구성과 활용 촉진(R&D).hwp,2023,과학기술정보통신부>과학기술>과학기술연구지원>공공연구성과활성화>연구성과기술사업화지원>공공연구성과 활용 촉진(R&D),hwp,saybrkd-corpus-20260630/data/openfiscaldata/saybrkd/2023/2023162110001524602404.hwp,True,3887104,ok,15,counted_rhwp_lossy_utf16,,returncode=0; output_head='\n오류: HWP 파싱 실패 - 유효하지 않은 파일: DocInfo 오류: DocInfo IO 오류: UTF-16 디코딩 실패: invalid utf-16: lone surrogate found\n',/tmp/rhwp_lossy/target/release/rhwp,rhwp v0.7.17,byte_reader_read_utf16_string_from_utf16_lossy,46
UOPKOBSA01_saybrkd,uopkobsa01:2023:162:1800:1831:406,과학기술정보통신부_과학관 전시서비스 연구개발(R&D).hwp,2023,과학기술정보통신부>과학기술>과학기술인력및문화>과학문화창달>과학기술문화창달사업>과학관 전시서비스 연구개발(R&D),hwp,saybrkd-corpus-20260630/data/openfiscaldata/saybrkd/2023/2023162110001541831406.hwp,True,534528,ok,12,counted_rhwp_lossy_utf16,,returncode=0; output_head='\n오류: HWP 파싱 실패 - 유효하지 않은 파일: DocInfo 오류: DocInfo IO 오류: UTF-16 디코딩 실패: invalid utf-16: lone surrogate found\n',/tmp/rhwp_lossy/target/release/rhwp,rhwp v0.7.17,byte_reader_read_utf16_string_from_utf16_lossy,19
UOPKOBSA01_saybrkd,uopkobsa01:2023:162:1100:1138:441,과학기술정보통신부_뇌기능규명·조절기술개발(R&D).hwp,2023,과학기술정보통신부>과학기술>과학기술연구개발>미래유망원천기술개발>바이오·의료기술개발>뇌기능규명·조절기술개발(R&D),hwp,saybrkd-corpus-20260630/data/openfiscaldata/saybrkd/2023/2023162110001551138441.hwp,True,157184,ok,8,counted_rhwp_lossy_utf16,,returncode=0; output_head='\n오류: HWP 파싱 실패 - 유효하지 않은 파일: DocInfo 오류: DocInfo IO 오류: UTF-16 디코딩 실패: invalid utf-16: lone surrogate found\n',/tmp/rhwp_lossy/target/release/rhwp,rhwp v0.7.17,byte_reader_read_utf16_string_from_utf16_lossy,20
UOPKOBSA01_saybrkd,uopkobsa01:2023:162:1700:1744:404,과학기술정보통신부_과학기술인력 육성지원 기반구축(R&D).hwp,2023,과학기술정보통신부>과학기술>과학기술인력및문화>과학기술인력양성>창의적인재육성>과학기술인력 육성지원 기반구축(R&D),hwp,saybrkd-corpus-20260630/data/openfiscaldata/saybrkd/2023/2023162110001541744404.hwp,True,543744,ok,22,counted_rhwp_lossy_utf16,,returncode=0; output_head='\n오류: HWP 파싱 실패 - 유효하지 않은 파일: DocInfo 오류: DocInfo IO 오류: UTF-16 디코딩 실패: invalid utf-16: lone surrogate found\n',/tmp/rhwp_lossy/target/release/rhwp,rhwp v0.7.17,byte_reader_read_utf16_string_from_utf16_lossy,38
UOPKOBSA01_saybrkd,uopkobsa01:2023:162:1100:1138:404,과학기술정보통신부_뇌과학원천기술개발(R&D).hwp,2023,과학기술정보통신부>과학기술>과학기술연구개발>미래유망원천기술개발>바이오·의료기술개발>뇌과학원천기술개발(R&D),hwp,saybrkd-corpus-20260630/data/openfiscaldata/saybrkd/2023/2023162110001551138404.hwp,True,173056,ok,13,counted_rhwp_lossy_utf16,,returncode=0; output_head='\n오류: HWP 파싱 실패 - 유효하지 않은 파일: DocInfo 오류: DocInfo IO 오류: UTF-16 디코딩 실패: invalid utf-16: lone surrogate found\n',/tmp/rhwp_lossy/target/release/rhwp,rhwp v0.7.17,byte_reader_read_utf16_string_from_utf16_lossy,10
UOPKOBSA01_saybrkd,uopkobsa01:2023:162:1700:1752:401,과학기술정보통신부_과학기술인 협동조합 육성지원(R&D).hwp,2023,과학기술정보통신부>과학기술>과학기술인력및문화>과학기술인력양성>과학기술인 협동조합 육성지원>과학기술인 협동조합 육성지원(R&D),hwp,saybrkd-corpus-20260630/data/openfiscaldata/saybrkd/2023/2023162110001541752401.hwp,True,161280,ok,8,counted_rhwp_lossy_utf16,,returncode=0; output_head='\n오류: HWP 파싱 실패 - 유효하지 않은 파일: DocInfo 오류: DocInfo IO 오류: UTF-16 디코딩 실패: invalid utf-16: lone surrogate found\n',/tmp/rhwp_lossy/target/release/rhwp,rhwp v0.7.17,byte_reader_read_utf16_string_from_utf16_lossy,14
UOPKOBSA01_saybrkd,uopkobsa01:2023:162:1100:1138:444,과학기술정보통신부_감염병 차세대 백신 기초원천핵심기술개발사업(R&D).hwp,2023,과학기술정보통신부>과학기술>과학기술연구개발>미래유망원천기술개발>바이오·의료기술개발>감염병 차세대 백신 기초원천핵심기술개발사업(R&D),hwp,saybrkd-corpus-20260630/data/openfiscaldata/saybrkd/2023/2023162110001551138444.hwp,True,160768,ok,7,counted_rhwp_lossy_utf16,,returncode=0; output_head='\n오류: HWP 파싱 실패 - 유효하지 않은 파일: DocInfo 오류: DocInfo IO 오류: UTF-16 디코딩 실패: invalid utf-16: lone surrogate found\n',/tmp/rhwp_lossy/target/release/rhwp,rhwp v0.7.17,byte_reader_read_utf16_string_from_utf16_lossy,12
UOPKOBSA01_saybrkd,uopkobsa01:2023:162:1100:1138:312,과학기술정보통신부_다부처 국가생명연구자원 선진화 사업(R&D).hwp,2023,과학기술정보통신부>과학기술>과학기술연구개발>미래유망원천기술개발>바이오·의료기술개발>다부처 국가생명연구자원 선진화 사업(R&D),hwp,saybrkd-corpus-20260630/data/openfiscaldata/saybrkd/2023/2023162110001551138312.hwp,True,192512,ok,14,counted_rhwp_lossy_utf16,,returncode=0; output_head='\n오류: HWP 파싱 실패 - 유효하지 않은 파일: DocInfo 오류: DocInfo IO 오류: UTF-16 디코딩 실패: invalid utf-16: lone surrogate found\n',/tmp/rhwp_lossy/target/release/rhwp,rhwp v0.7.17,byte_reader_read_utf16_string_from_utf16_lossy,34
UOPKOBSA01_saybrkd,uopkobsa01:2023:162:1100:1138:431,과학기술정보통신부_질병중심중개연구사업(R&D).hwp,2023,과학기술정보통신부>과학기술>과학기술연구개발>미래유망원천기술개발>바이오·의료기술개발>질병중심중개연구사업(R&D),hwp,saybrkd-corpus-20260630/data/openfiscaldata/saybrkd/2023/2023162110001551138431.hwp,True,158208,ok,8,counted_rhwp_lossy_utf16,,returncode=0; output_head='\n오류: HWP 파싱 실패 - 유효하지 않은 파일: DocInfo 오류: DocInfo IO 오류: UTF-16 디코딩 실패: invalid utf-16: lone surrogate found\n',/tmp/rhwp_lossy/target/release/rhwp,rhwp v0.7.17,byte_reader_read_utf16_string_from_utf16_lossy,17
UOPKOBSA01_saybrkd,uopkobsa01:2023:162:1100:1138:439,과학기술정보통신부_인공지능 활용 혁신신약 발굴(R&D).hwp,2023,과학기술정보통신부>과학기술>과학기술연구개발>미래유망원천기술개발>바이오·의료기술개발>인공지능 활용 혁신신약 발굴(R&D),hwp,saybrkd-corpus-20260630/data/openfiscaldata/saybrkd/2023/2023162110001551138439.hwp,True,158208,ok,8,counted_rhwp_lossy_utf16,,returncode=0; output_head='\n오류: HWP 파싱 실패 - 유효하지 않은 파일: DocInfo 오류: DocInfo IO 오류: UTF-16 디코딩 실패: invalid utf-16: lone surrogate found\n',/tmp/rhwp_lossy/target/release/rhwp,rhwp v0.7.17,byte_reader_read_utf16_string_from_utf16_lossy,12
UOPKOBSA01_saybrkd,uopkobsa01:2023:162:1100:1131:318,과학기술정보통신부_5G기반VR／AR디바이스핵심기술개발(R&D).hwp,2023,과학기술정보통신부>문화및관광>문화예술>콘텐츠방송산업육성>콘텐츠 진흥>5G기반VR/AR디바이스핵심기술개발(R&D),hwp,saybrkd-corpus-20260630/data/openfiscaldata/saybrkd/2023/2023162110000611131318.hwp,True,5367296,ok,8,counted_rhwp_lossy_utf16,,returncode=0; output_head='\n오류: HWP 파싱 실패 - 유효하지 않은 파일: DocInfo 오류: DocInfo IO 오류: UTF-16 디코딩 실패: invalid utf-16: lone surrogate found\n',/tmp/rhwp_lossy/target/release/rhwp,rhwp v0.7.17,byte_reader_read_utf16_string_from_utf16_lossy,45
UOPKOBSA01_saybrkd,uopkobsa01:2023:162:1100:1138:438,과학기술정보통신부_혁신신약 기초기반기술개발(R&D).hwp,2023,과학기술정보통신부>과학기술>과학기술연구개발>미래유망원천기술개발>바이오·의료기술개발>혁신신약 기초기반기술개발(R&D),hwp,saybrkd-corpus-20260630/data/openfiscaldata/saybrkd/2023/2023162110001551138438.hwp,True,159744,ok,7,counted_rhwp_lossy_utf16,,returncode=0; output_head='\n오류: HWP 파싱 실패 - 유효하지 않은 파일: DocInfo 오류: DocInfo IO 오류: UTF-16 디코딩 실패: invalid utf-16: lone surrogate found\n',/tmp/rhwp_lossy/target/release/rhwp,rhwp v0.7.17,byte_reader_read_utf16_string_from_utf16_lossy,13
UOPKOBSA01_saybrkd,uopkobsa01:2023:162:1100:1138:433,과학기술정보통신부_바이오위해평가원팀리노베이션(R&D).hwp,2023,과학기술정보통신부>과학기술>과학기술연구개발>미래유망원천기술개발>바이오·의료기술개발>바이오위해평가원팀리노베이션(R&D),hwp,saybrkd-corpus-20260630/data/openfiscaldata/saybrkd/2023/2023162110001551138433.hwp,True,171520,ok,11,counted_rhwp_lossy_utf16,,returncode=0; output_head='\n오류: HWP 파싱 실패 - 유효하지 않은 파일: DocInfo 오류: DocInfo IO 오류: UTF-16 디코딩 실패: invalid utf-16: lone surrogate found\n',/tmp/rhwp_lossy/target/release/rhwp,rhwp v0.7.17,byte_reader_read_utf16_string_from_utf16_lossy,15
UOPKOBSA01_saybrkd,uopkobsa01:2023:162:1100:1138:408,과학기술정보통신부_오믹스기반정밀의료기술개발사업(R&D).hwp,2023,과학기술정보통신부>과학기술>과학기술연구개발>미래유망원천기술개발>바이오·의료기술개발>오믹스기반정밀의료기술개발사업(R&D),hwp,saybrkd-corpus-20260630/data/openfiscaldata/saybrkd/2023/2023162110001551138408.hwp,True,211968,ok,8,counted_rhwp_lossy_utf16,,returncode=0; output_head='\n오류: HWP 파싱 실패 - 유효하지 않은 파일: DocInfo 오류: DocInfo IO 오류: UTF-16 디코딩 실패: invalid utf-16: lone surrogate found\n',/tmp/rhwp_lossy/target/release/rhwp,rhwp v0.7.17,byte_reader_read_utf16_string_from_utf16_lossy,13
UOPKOFDA03_report_documents,uopkofda03:C5650000000000000001:213,2020년 제2회 추경성과계획서-산업통상자원부.hwp,2020,성과관리>성과계획서(안)(추경),hwp,openfiscal_report_documents/files/성과관리/성과계획서(안)(추경)/2020년 제2회 추경성과계획서-산업통상자원부.hwp,True,2028032,downloaded,759,counted_rhwp_lossy_utf16,,returncode=0; output_head='\n오류: HWP 파싱 실패 - 유효하지 않은 파일: DocInfo 오류: DocInfo IO 오류: UTF-16 디코딩 실패: invalid utf-16: lone surrogate found\n',/tmp/rhwp_lossy/target/release/rhwp,rhwp v0.7.17,byte_reader_read_utf16_string_from_utf16_lossy,438
UOPKOBSA01_saybrkd,uopkobsa01:2023:162:1100:1138:407,과학기술정보통신부_미래뇌융합기술개발(R&D).hwp,2023,과학기술정보통신부>과학기술>과학기술연구개발>미래유망원천기술개발>바이오·의료기술개발>미래뇌융합기술개발(R&D),hwp,saybrkd-corpus-20260630/data/openfiscaldata/saybrkd/2023/2023162110001551138407.hwp,True,170496,ok,12,counted_rhwp_lossy_utf16,,returncode=0; output_head='\n오류: HWP 파싱 실패 - 유효하지 않은 파일: DocInfo 오류: DocInfo IO 오류: UTF-16 디코딩 실패: invalid utf-16: lone surrogate found\n',/tmp/rhwp_lossy/target/release/rhwp,rhwp v0.7.17,byte_reader_read_utf16_string_from_utf16_lossy,25
UOPKOBSA01_saybrkd,uopkobsa01:2023:162:1800:1831:402,과학기술정보통신부_지역과학관활성화지원사업.hwp,2023,과학기술정보통신부>과학기술>과학기술인력및문화>과학문화창달>과학기술문화창달사업>지역과학관활성화지원사업,hwp,saybrkd-corpus-20260630/data/openfiscaldata/saybrkd/2023/2023162110001541831402.hwp,True,195584,ok,14,counted_rhwp_lossy_utf16,,returncode=0; output_head='\n오류: HWP 파싱 실패 - 유효하지 않은 파일: DocInfo 오류: DocInfo IO 오류: UTF-16 디코딩 실패: invalid utf-16: lone surrogate found\n',/tmp/rhwp_lossy/target/release/rhwp,rhwp v0.7.17,byte_reader_read_utf16_string_from_utf16_lossy,16
UOPKOBSA01_saybrkd,uopkobsa01:2023:162:1100:1138:422,과학기술정보통신부_치매극복연구개발사업(R&D).hwp,2023,과학기술정보통신부>과학기술>과학기술연구개발>미래유망원천기술개발>바이오·의료기술개발>치매극복연구개발사업(R&D),hwp,saybrkd-corpus-20260630/data/openfiscaldata/saybrkd/2023/2023162110001551138422.hwp,True,246784,ok,16,counted_rhwp_lossy_utf16,,returncode=0; output_head='\n오류: HWP 파싱 실패 - 유효하지 않은 파일: DocInfo 오류: DocInfo IO 오류: UTF-16 디코딩 실패: invalid utf-16: lone surrogate found\n',/tmp/rhwp_lossy/target/release/rhwp,rhwp v0.7.17,byte_reader_read_utf16_string_from_utf16_lossy,24
UOPKOBSA01_saybrkd,uopkobsa01:2023:162:1100:1138:447,과학기술정보통신부_뇌과학 선도융합기술개발(R&D).hwp,2023,과학기술정보통신부>과학기술>과학기술연구개발>미래유망원천기술개발>바이오·의료기술개발>뇌과학 선도융합기술개발(R&D),hwp,saybrkd-corpus-20260630/data/openfiscaldata/saybrkd/2023/2023162110001551138447.hwp,True,970752,ok,12,counted_rhwp_lossy_utf16,,returncode=0; output_head='\n오류: HWP 파싱 실패 - 유효하지 않은 파일: DocInfo 오류: DocInfo IO 오류: UTF-16 디코딩 실패: invalid utf-16: lone surrogate found\n',/tmp/rhwp_lossy/target/release/rhwp,rhwp v0.7.17,byte_reader_read_utf16_string_from_utf16_lossy,27
UOPKOBSA01_saybrkd,uopkobsa01:2023:162:1100:1138:305,과학기술정보통신부_국가신약개발사업(R&D).hwp,2023,과학기술정보통신부>과학기술>과학기술연구개발>미래유망원천기술개발>바이오·의료기술개발>국가신약개발사업(R&D),hwp,saybrkd-corpus-20260630/data/openfiscaldata/saybrkd/2023/2023162110001551138305.hwp,True,286208,ok,13,counted_rhwp_lossy_utf16,,returncode=0; output_head='\n오류: HWP 파싱 실패 - 유효하지 않은 파일: DocInfo 오류: DocInfo IO 오류: UTF-16 디코딩 실패: invalid utf-16: lone surrogate found\n',/tmp/rhwp_lossy/target/release/rhwp,rhwp v0.7.17,byte_reader_read_utf16_string_from_utf16_lossy,20
UOPKOBSA01_saybrkd,uopkobsa01:2023:162:2100:2137:341,과학기술정보통신부_생활밀착분야비대면선도서비스활성화(정보화).hwp,2023,과학기술정보통신부>통신>정보통신>정보통신융합산업>ICT산업기반확충(일반)>생활밀착분야비대면선도서비스활성화(정보화),hwp,saybrkd-corpus-20260630/data/openfiscaldata/saybrkd/2023/2023162110001332137341.hwp,True,6498816,ok,13,counted_rhwp_lossy_utf16,,returncode=0; output_head='\n오류: HWP 파싱 실패 - 유효하지 않은 파일: DocInfo 오류: DocInfo IO 오류: UTF-16 디코딩 실패: invalid utf-16: lone surrogate found\n',/tmp/rhwp_lossy/target/release/rhwp,rhwp v0.7.17,byte_reader_read_utf16_string_from_utf16_lossy,81
UOPKOBSA01_saybrkd,uopkobsa01:2023:162:1100:1138:417,과학기술정보통신부_범부처전주기의료기기연구개발사업(R&D).hwp,2023,과학기술정보통신부>과학기술>과학기술연구개발>미래유망원천기술개발>바이오·의료기술개발>범부처전주기의료기기연구개발사업(R&D),hwp,saybrkd-corpus-20260630/data/openfiscaldata/saybrkd/2023/2023162110001551138417.hwp,True,185344,ok,18,counted_rhwp_lossy_utf16,,returncode=0; output_head='\n오류: HWP 파싱 실패 - 유효하지 않은 파일: DocInfo 오류: DocInfo IO 오류: UTF-16 디코딩 실패: invalid utf-16: lone surrogate found\n',/tmp/rhwp_lossy/target/release/rhwp,rhwp v0.7.17,byte_reader_read_utf16_string_from_utf16_lossy,23
UOPKOBSA01_saybrkd,uopkobsa01:2023:162:1100:1138:457,과학기술정보통신부_마이크로바이옴 기반 차세대 치료 원천기술개발(R&D).hwp,2023,과학기술정보통신부>과학기술>과학기술연구개발>미래유망원천기술개발>바이오·의료기술개발>마이크로바이옴 기반 차세대 치료 원천기술개발(R&D),hwp,saybrkd-corpus-20260630/data/openfiscaldata/saybrkd/2023/2023162110001551138457.hwp,True,205824,ok,13,counted_rhwp_lossy_utf16,,returncode=0; output_head='\n오류: HWP 파싱 실패 - 유효하지 않은 파일: DocInfo 오류: DocInfo IO 오류: UTF-16 디코딩 실패: invalid utf-16: lone surrogate found\n',/tmp/rhwp_lossy/target/release/rhwp,rhwp v0.7.17,byte_reader_read_utf16_string_from_utf16_lossy,21
UOPKOBSA01_saybrkd,uopkobsa01:2023:162:1600:1639:402,과학기술정보통신부_연구실안전환경구축(R&D).hwp,2023,과학기술정보통신부>과학기술>과학기술연구지원>과학기술기반조성>연구실안전환경구축>연구실안전환경구축(R&D),hwp,saybrkd-corpus-20260630/data/openfiscaldata/saybrkd/2023/2023162110001521639402.hwp,True,266240,ok,27,counted_rhwp_lossy_utf16,,returncode=0; output_head='\n오류: HWP 파싱 실패 - 유효하지 않은 파일: DocInfo 오류: DocInfo IO 오류: UTF-16 디코딩 실패: invalid utf-16: lone surrogate found\n',/tmp/rhwp_lossy/target/release/rhwp,rhwp v0.7.17,byte_reader_read_utf16_string_from_utf16_lossy,150
UOPKOBSA01_saybrkd,uopkobsa01:2023:162:1100:1139:420,과학기술정보통신부_고온초전도마그넷기술개발(R&D).hwp,2023,과학기술정보통신부>과학기술>과학기술연구개발>미래유망원천기술개발>나노·소재기술개발>고온초전도마그넷기술개발(R&D),hwp,saybrkd-corpus-20260630/data/openfiscaldata/saybrkd/2023/2023162110001551139420.hwp,True,158720,ok,7,counted_rhwp_lossy_utf16,,returncode=0; output_head='\n오류: HWP 파싱 실패 - 유효하지 않은 파일: DocInfo 오류: DocInfo IO 오류: UTF-16 디코딩 실패: invalid utf-16: lone surrogate found\n',/tmp/rhwp_lossy/target/release/rhwp,rhwp v0.7.17,byte_reader_read_utf16_string_from_utf16_lossy,11
UOPKOBSA01_saybrkd,uopkobsa01:2023:162:1700:1744:411,과학기술정보통신부_과학기술혁신인재양성(R&D).hwp,2023,과학기술정보통신부>과학기술>과학기술인력및문화>과학기술인력양성>창의적인재육성>과학기술혁신인재양성(R&D),hwp,saybrkd-corpus-20260630/data/openfiscaldata/saybrkd/2023/2023162110001541744411.hwp,True,226816,ok,30,counted_rhwp_lossy_utf16,,returncode=0; output_head='\n오류: HWP 파싱 실패 - 유효하지 않은 파일: DocInfo 오류: DocInfo IO 오류: UTF-16 디코딩 실패: invalid utf-16: lone surrogate found\n',/tmp/rhwp_lossy/target/release/rhwp,rhwp v0.7.17,byte_reader_read_utf16_string_from_utf16_lossy,69
UOPKOBSA01_saybrkd,uopkobsa01:2023:162:1100:1138:306,과학기술정보통신부_범부처 재생의료기술개발사업(R&D).hwp,2023,과학기술정보통신부>과학기술>과학기술연구개발>미래유망원천기술개발>바이오·의료기술개발>범부처 재생의료기술개발사업(R&D),hwp,saybrkd-corpus-20260630/data/openfiscaldata/saybrkd/2023/2023162110001551138306.hwp,True,443392,ok,17,counted_rhwp_lossy_utf16,,returncode=0; output_head='\n오류: HWP 파싱 실패 - 유효하지 않은 파일: DocInfo 오류: DocInfo IO 오류: UTF-16 디코딩 실패: invalid utf-16: lone surrogate found\n',/tmp/rhwp_lossy/target/release/rhwp,rhwp v0.7.17,byte_reader_read_utf16_string_from_utf16_lossy,21
UOPKOBSA01_saybrkd,uopkobsa01:2023:162:1100:1158:416,과학기술정보통신부_미래국방혁신기술개발(R&D).hwp,2023,과학기술정보통신부>과학기술>과학기술연구개발>미래유망원천기술개발>첨단융합기술개발>미래국방혁신기술개발(R&D),hwp,saybrkd-corpus-20260630/data/openfiscaldata/saybrkd/2023/2023162110001551158416.hwp,True,172032,ok,14,counted_rhwp_lossy_utf16,,returncode=0; output_head='\n오류: HWP 파싱 실패 - 유효하지 않은 파일: DocInfo 오류: DocInfo IO 오류: UTF-16 디코딩 실패: invalid utf-16: lone surrogate found\n',/tmp/rhwp_lossy/target/release/rhwp,rhwp v0.7.17,byte_reader_read_utf16_string_from_utf16_lossy,21
UOPKOBSA01_saybrkd,uopkobsa01:2023:162:1800:1834:414,과학기술정보통신부_국립법인과학관운영.hwp,2023,과학기술정보통신부>과학기술>과학기술인력및문화>과학문화창달>국립과학관 운영>국립법인과학관운영,hwp,saybrkd-corpus-20260630/data/openfiscaldata/saybrkd/2023/2023162110001541834414.hwp,True,172032,ok,13,counted_rhwp_lossy_utf16,,returncode=0; output_head='\n오류: HWP 파싱 실패 - 유효하지 않은 파일: DocInfo 오류: DocInfo IO 오류: UTF-16 디코딩 실패: invalid utf-16: lone surrogate found\n',/tmp/rhwp_lossy/target/release/rhwp,rhwp v0.7.17,byte_reader_read_utf16_string_from_utf16_lossy,28
UOPKOBSA01_saybrkd,uopkobsa01:2023:162:1100:1158:415,과학기술정보통신부_공공혁신조달연계무인이동체및SW플랫폼개발(R&D).hwp,2023,과학기술정보통신부>과학기술>과학기술연구개발>미래유망원천기술개발>첨단융합기술개발>공공혁신조달연계무인이동체및SW플랫폼개발(R&D),hwp,saybrkd-corpus-20260630/data/openfiscaldata/saybrkd/2023/2023162110001551158415.hwp,True,163328,ok,9,counted_rhwp_lossy_utf16,,returncode=0; output_head='\n오류: HWP 파싱 실패 - 유효하지 않은 파일: DocInfo 오류: DocInfo IO 오류: UTF-16 디코딩 실패: invalid utf-16: lone surrogate found\n',/tmp/rhwp_lossy/target/release/rhwp,rhwp v0.7.17,byte_reader_read_utf16_string_from_utf16_lossy,12
UOPKOBSA01_saybrkd,uopkobsa01:2023:162:1100:1158:428,과학기술정보통신부_스마트팜 다부처 패키지 혁신기술개발(R&D).hwp,2023,과학기술정보통신부>과학기술>과학기술연구개발>미래유망원천기술개발>첨단융합기술개발>스마트팜 다부처 패키지 혁신기술개발(R&D),hwp,saybrkd-corpus-20260630/data/openfiscaldata/saybrkd/2023/2023162110001551158428.hwp,True,165376,ok,10,counted_rhwp_lossy_utf16,,returncode=0; output_head='\n오류: HWP 파싱 실패 - 유효하지 않은 파일: DocInfo 오류: DocInfo IO 오류: UTF-16 디코딩 실패: invalid utf-16: lone surrogate found\n',/tmp/rhwp_lossy/target/release/rhwp,rhwp v0.7.17,byte_reader_read_utf16_string_from_utf16_lossy,14
UOPKOBSA01_saybrkd,uopkobsa01:2023:162:1100:1138:451,과학기술정보통신부_한의 디지털 융합 기술개발사업(R&D).hwp,2023,과학기술정보통신부>과학기술>과학기술연구개발>미래유망원천기술개발>바이오·의료기술개발>한의 디지털 융합 기술개발사업(R&D),hwp,saybrkd-corpus-20260630/data/openfiscaldata/saybrkd/2023/2023162110001551138451.hwp,True,269312,ok,13,counted_rhwp_lossy_utf16,,returncode=0; output_head='\n오류: HWP 파싱 실패 - 유효하지 않은 파일: DocInfo 오류: DocInfo IO 오류: UTF-16 디코딩 실패: invalid utf-16: lone surrogate found\n',/tmp/rhwp_lossy/target/release/rhwp,rhwp v0.7.17,byte_reader_read_utf16_string_from_utf16_lossy,20
UOPKOBSA01_saybrkd,uopkobsa01:2023:162:4600:4602:411,과학기술정보통신부_과학치안공공연구성과실용화촉진시범사업(R&D).hwp,2023,과학기술정보통신부>과학기술>과학기술연구지원>공공연구성과활성화>연구성과기술사업화지원>과학치안공공연구성과실용화촉진시범사업(R&D),hwp,saybrkd-corpus-20260630/data/openfiscaldata/saybrkd/2023/2023162110001524602411.hwp,True,2960384,ok,11,counted_rhwp_lossy_utf16,,returncode=0; output_head='\n오류: HWP 파싱 실패 - 유효하지 않은 파일: DocInfo 오류: DocInfo IO 오류: UTF-16 디코딩 실패: invalid utf-16: lone surrogate found\n',/tmp/rhwp_lossy/target/release/rhwp,rhwp v0.7.17,byte_reader_read_utf16_string_from_utf16_lossy,28
UOPKOBSA01_saybrkd,uopkobsa01:2023:162:1100:1158:401,과학기술정보통신부_STEAM연구(R&D).hwp,2023,과학기술정보통신부>과학기술>과학기술연구개발>미래유망원천기술개발>첨단융합기술개발>STEAM연구(R&D),hwp,saybrkd-corpus-20260630/data/openfiscaldata/saybrkd/2023/2023162110001551158401.hwp,True,170496,ok,15,counted_rhwp_lossy_utf16,,returncode=0; output_head='\n오류: HWP 파싱 실패 - 유효하지 않은 파일: DocInfo 오류: DocInfo IO 오류: UTF-16 디코딩 실패: invalid utf-16: lone surrogate found\n',/tmp/rhwp_lossy/target/release/rhwp,rhwp v0.7.17,byte_reader_read_utf16_string_from_utf16_lossy,25
UOPKOBSA01_saybrkd,uopkobsa01:2023:162:1100:1139:417,과학기술정보통신부_PIM인공지능반도체핵심기술개발(소자)(R&D).hwp,2023,과학기술정보통신부>과학기술>과학기술연구개발>미래유망원천기술개발>나노·소재기술개발>PIM인공지능반도체핵심기술개발(소자)(R&D),hwp,saybrkd-corpus-20260630/data/openfiscaldata/saybrkd/2023/2023162110001551139417.hwp,True,163328,ok,10,counted_rhwp_lossy_utf16,,returncode=0; output_head='\n오류: HWP 파싱 실패 - 유효하지 않은 파일: DocInfo 오류: DocInfo IO 오류: UTF-16 디코딩 실패: invalid utf-16: lone surrogate found\n',/tmp/rhwp_lossy/target/release/rhwp,rhwp v0.7.17,byte_reader_read_utf16_string_from_utf16_lossy,14
UOPKOBSA01_saybrkd,uopkobsa01:2023:162:1100:1138:401,과학기술정보통신부_바이오.의료기술개발(R&D).hwp,2023,과학기술정보통신부>과학기술>과학기술연구개발>미래유망원천기술개발>바이오·의료기술개발>바이오.의료기술개발(R&D),hwp,saybrkd-corpus-20260630/data/openfiscaldata/saybrkd/2023/2023162110001551138401.hwp,True,183296,ok,13,counted_rhwp_lossy_utf16,,returncode=0; output_head='\n오류: HWP 파싱 실패 - 유효하지 않은 파일: DocInfo 오류: DocInfo IO 오류: UTF-16 디코딩 실패: invalid utf-16: lone surrogate found\n',/tmp/rhwp_lossy/target/release/rhwp,rhwp v0.7.17,byte_reader_read_utf16_string_from_utf16_lossy,38
UOPKOBSA01_saybrkd,uopkobsa01:2023:162:1100:1138:456,과학기술정보통신부_유전자편집·제어·복원·기반기술개발(R&D).hwp,2023,과학기술정보통신부>과학기술>과학기술연구개발>미래유망원천기술개발>바이오·의료기술개발>유전자편집·제어·복원·기반기술개발(R&D),hwp,saybrkd-corpus-20260630/data/openfiscaldata/saybrkd/2023/2023162110001551138456.hwp,True,156672,ok,6,counted_rhwp_lossy_utf16,,returncode=0; output_head='\n오류: HWP 파싱 실패 - 유효하지 않은 파일: DocInfo 오류: DocInfo IO 오류: UTF-16 디코딩 실패: invalid utf-16: lone surrogate found\n',/tmp/rhwp_lossy/target/release/rhwp,rhwp v0.7.17,byte_reader_read_utf16_string_from_utf16_lossy,11
UOPKOBSA01_saybrkd,uopkobsa01:2023:162:1100:1138:455,과학기술정보통신부_세포기반 인공혈액(적혈구 및 혈소판) 제조 및 실증 플랫폼 기술개발사업(R&D).hwp,2023,과학기술정보통신부>과학기술>과학기술연구개발>미래유망원천기술개발>바이오·의료기술개발>세포기반 인공혈액(적혈구 및 혈소판) 제조 및 실증 플랫폼 기술개발사업(R&D),hwp,saybrkd-corpus-20260630/data/openfiscaldata/saybrkd/2023/2023162110001551138455.hwp,True,1092608,ok,11,counted_rhwp_lossy_utf16,,returncode=0; output_head='\n오류: HWP 파싱 실패 - 유효하지 않은 파일: DocInfo 오류: DocInfo IO 오류: UTF-16 디코딩 실패: invalid utf-16: lone surrogate found\n',/tmp/rhwp_lossy/target/release/rhwp,rhwp v0.7.17,byte_reader_read_utf16_string_from_utf16_lossy,32
UOPKOBSA01_saybrkd,uopkobsa01:2023:162:1100:1139:421,과학기술정보통신부_국가반도체연구실(NSL) 핵심기술 개발사업(R&D).hwp,2023,과학기술정보통신부>과학기술>과학기술연구개발>미래유망원천기술개발>나노·소재기술개발>국가반도체연구실(NSL) 핵심기술 개발사업(R&D),hwp,saybrkd-corpus-20260630/data/openfiscaldata/saybrkd/2023/2023162110001551139421.hwp,True,154624,ok,7,counted_rhwp_lossy_utf16,,returncode=0; output_head='\n오류: HWP 파싱 실패 - 유효하지 않은 파일: DocInfo 오류: DocInfo IO 오류: UTF-16 디코딩 실패: invalid utf-16: lone surrogate found\n',/tmp/rhwp_lossy/target/release/rhwp,rhwp v0.7.17,byte_reader_read_utf16_string_from_utf16_lossy,10
UOPKOBSA01_saybrkd,uopkobsa01:2023:162:1100:1158:403,과학기술정보통신부_휴먼플러스융합연구개발챌린지사업(R&D).hwp,2023,과학기술정보통신부>과학기술>과학기술연구개발>미래유망원천기술개발>첨단융합기술개발>휴먼플러스융합연구개발챌린지사업(R&D),hwp,saybrkd-corpus-20260630/data/openfiscaldata/saybrkd/2023/2023162110001551158403.hwp,True,162304,ok,10,counted_rhwp_lossy_utf16,,returncode=0; output_head='\n오류: HWP 파싱 실패 - 유효하지 않은 파일: DocInfo 오류: DocInfo IO 오류: UTF-16 디코딩 실패: invalid utf-16: lone surrogate found\n',/tmp/rhwp_lossy/target/release/rhwp,rhwp v0.7.17,byte_reader_read_utf16_string_from_utf16_lossy,14
UOPKOBSA01_saybrkd,uopkobsa01:2023:162:1700:1744:412,과학기술정보통신부_인재활용확산지원(R&D).hwp,2023,과학기술정보통신부>과학기술>과학기술인력및문화>과학기술인력양성>창의적인재육성>인재활용확산지원(R&D),hwp,saybrkd-corpus-20260630/data/openfiscaldata/saybrkd/2023/2023162110001541744412.hwp,True,216576,ok,26,counted_rhwp_lossy_utf16,,returncode=0; output_head='\n오류: HWP 파싱 실패 - 유효하지 않은 파일: DocInfo 오류: DocInfo IO 오류: UTF-16 디코딩 실패: invalid utf-16: lone surrogate found\n',/tmp/rhwp_lossy/target/release/rhwp,rhwp v0.7.17,byte_reader_read_utf16_string_from_utf16_lossy,44
UOPKOBSA01_saybrkd,uopkobsa01:2023:162:1100:1139:412,과학기술정보통신부_차세대지능형반도체기술개발(R&D).hwp,2023,과학기술정보통신부>과학기술>과학기술연구개발>미래유망원천기술개발>나노·소재기술개발>차세대지능형반도체기술개발(R&D),hwp,saybrkd-corpus-20260630/data/openfiscaldata/saybrkd/2023/2023162110001551139412.hwp,True,163840,ok,10,counted_rhwp_lossy_utf16,,returncode=0; output_head='\n오류: HWP 파싱 실패 - 유효하지 않은 파일: DocInfo 오류: DocInfo IO 오류: UTF-16 디코딩 실패: invalid utf-16: lone surrogate found\n',/tmp/rhwp_lossy/target/release/rhwp,rhwp v0.7.17,byte_reader_read_utf16_string_from_utf16_lossy,14
UOPKOBSA01_saybrkd,uopkobsa01:2023:162:1100:1159:421,과학기술정보통신부_양자기술국제협력강화(R&D).hwp,2023,과학기술정보통신부>과학기술>과학기술연구개발>미래유망원천기술개발>차세대정보·컴퓨팅기술개발>양자기술국제협력강화(R&D),hwp,saybrkd-corpus-20260630/data/openfiscaldata/saybrkd/2023/2023162110001551159421.hwp,True,154112,ok,5,counted_rhwp_lossy_utf16,,returncode=0; output_head='\n오류: HWP 파싱 실패 - 유효하지 않은 파일: DocInfo 오류: DocInfo IO 오류: UTF-16 디코딩 실패: invalid utf-16: lone surrogate found\n',/tmp/rhwp_lossy/target/release/rhwp,rhwp v0.7.17,byte_reader_read_utf16_string_from_utf16_lossy,10
UOPKOBSA01_saybrkd,uopkobsa01:2023:162:1100:1159:422,과학기술정보통신부_(혁신도전형)소재혁신 양자시뮬레이터 개발(R&D).hwp,2023,과학기술정보통신부>과학기술>과학기술연구개발>미래유망원천기술개발>차세대정보·컴퓨팅기술개발>(혁신도전형)소재혁신 양자시뮬레이터 개발(R&D),hwp,saybrkd-corpus-20260630/data/openfiscaldata/saybrkd/2023/2023162110001551159422.hwp,True,154624,ok,5,counted_rhwp_lossy_utf16,,returncode=0; output_head='\n오류: HWP 파싱 실패 - 유효하지 않은 파일: DocInfo 오류: DocInfo IO 오류: UTF-16 디코딩 실패: invalid utf-16: lone surrogate found\n',/tmp/rhwp_lossy/target/release/rhwp,rhwp v0.7.17,byte_reader_read_utf16_string_from_utf16_lossy,10
UOPKOBSA01_saybrkd,uopkobsa01:2023:162:1100:1159:423,과학기술정보통신부_초고성능컴퓨팅 SW 생태계 조성(R&D).hwp,2023,과학기술정보통신부>과학기술>과학기술연구개발>미래유망원천기술개발>차세대정보·컴퓨팅기술개발>초고성능컴퓨팅 SW 생태계 조성(R&D),hwp,saybrkd-corpus-20260630/data/openfiscaldata/saybrkd/2023/2023162110001551159423.hwp,True,159232,ok,7,counted_rhwp_lossy_utf16,,returncode=0; output_head='\n오류: HWP 파싱 실패 - 유효하지 않은 파일: DocInfo 오류: DocInfo IO 오류: UTF-16 디코딩 실패: invalid utf-16: lone surrogate found\n',/tmp/rhwp_lossy/target/release/rhwp,rhwp v0.7.17,byte_reader_read_utf16_string_from_utf16_lossy,12
UOPKOBSA01_saybrkd,uopkobsa01:2023:162:1100:1158:402,과학기술정보통신부_글로벌 프론티어지원(R&D).hwp,2023,과학기술정보통신부>과학기술>과학기술연구개발>미래유망원천기술개발>첨단융합기술개발>글로벌 프론티어지원(R&D),hwp,saybrkd-corpus-20260630/data/openfiscaldata/saybrkd/2023/2023162110001551158402.hwp,True,208384,ok,11,counted_rhwp_lossy_utf16,,returncode=0; output_head='\n오류: HWP 파싱 실패 - 유효하지 않은 파일: DocInfo 오류: DocInfo IO 오류: UTF-16 디코딩 실패: invalid utf-16: lone surrogate found\n',/tmp/rhwp_lossy/target/release/rhwp,rhwp v0.7.17,byte_reader_read_utf16_string_from_utf16_lossy,16
UOPKOBSA01_saybrkd,uopkobsa01:2023:162:1100:1160:402,과학기술정보통신부_에너지클라우드기술개발(과기정통부)(R&D).hwp,2023,과학기술정보통신부>과학기술>과학기술연구개발>미래유망원천기술개발>에너지·환경기술개발>에너지클라우드기술개발(과기정통부)(R&D),hwp,saybrkd-corpus-20260630/data/openfiscaldata/saybrkd/2023/2023162110001551160402.hwp,True,157696,ok,7,counted_rhwp_lossy_utf16,,returncode=0; output_head='\n오류: HWP 파싱 실패 - 유효하지 않은 파일: DocInfo 오류: DocInfo IO 오류: UTF-16 디코딩 실패: invalid utf-16: lone surrogate found\n',/tmp/rhwp_lossy/target/release/rhwp,rhwp v0.7.17,byte_reader_read_utf16_string_from_utf16_lossy,12
UOPKOBSA01_saybrkd,uopkobsa01:2023:162:1100:1139:424,과학기술정보통신부_반도체설계검증인프라활성화(R&D).hwp,2023,과학기술정보통신부>과학기술>과학기술연구개발>미래유망원천기술개발>나노·소재기술개발>반도체설계검증인프라활성화(R&D),hwp,saybrkd-corpus-20260630/data/openfiscaldata/saybrkd/2023/2023162110001551139424.hwp,True,154624,ok,7,counted_rhwp_lossy_utf16,,returncode=0; output_head='\n오류: HWP 파싱 실패 - 유효하지 않은 파일: DocInfo 오류: DocInfo IO 오류: UTF-16 디코딩 실패: invalid utf-16: lone surrogate found\n',/tmp/rhwp_lossy/target/release/rhwp,rhwp v0.7.17,byte_reader_read_utf16_string_from_utf16_lossy,15
UOPKOBSA01_saybrkd,uopkobsa01:2023:162:1100:1139:418,과학기술정보통신부_차세대화합물반도체핵심기술개발(R&D).hwp,2023,과학기술정보통신부>과학기술>과학기술연구개발>미래유망원천기술개발>나노·소재기술개발>차세대화합물반도체핵심기술개발(R&D),hwp,saybrkd-corpus-20260630/data/openfiscaldata/saybrkd/2023/2023162110001551139418.hwp,True,160256,ok,8,counted_rhwp_lossy_utf16,,returncode=0; output_head='\n오류: HWP 파싱 실패 - 유효하지 않은 파일: DocInfo 오류: DocInfo IO 오류: UTF-16 디코딩 실패: invalid utf-16: lone surrogate found\n',/tmp/rhwp_lossy/target/release/rhwp,rhwp v0.7.17,byte_reader_read_utf16_string_from_utf16_lossy,12
UOPKOBSA01_saybrkd,uopkobsa01:2023:162:1100:1160:414,과학기술정보통신부_기후변화영향최소화기술개발(R&D).hwp,2023,과학기술정보통신부>과학기술>과학기술연구개발>미래유망원천기술개발>에너지·환경기술개발>기후변화영향최소화기술개발(R&D),hwp,saybrkd-corpus-20260630/data/openfiscaldata/saybrkd/2023/2023162110001551160414.hwp,True,155648,ok,6,counted_rhwp_lossy_utf16,,returncode=0; output_head='\n오류: HWP 파싱 실패 - 유효하지 않은 파일: DocInfo 오류: DocInfo IO 오류: UTF-16 디코딩 실패: invalid utf-16: lone surrogate found\n',/tmp/rhwp_lossy/target/release/rhwp,rhwp v0.7.17,byte_reader_read_utf16_string_from_utf16_lossy,10
UOPKOBSA01_saybrkd,uopkobsa01:2023:162:1100:1159:413,과학기술정보통신부_양자정보과학연구개발생태계조성(R&D).hwp,2023,과학기술정보통신부>과학기술>과학기술연구개발>미래유망원천기술개발>차세대정보·컴퓨팅기술개발>양자정보과학연구개발생태계조성(R&D),hwp,saybrkd-corpus-20260630/data/openfiscaldata/saybrkd/2023/2023162110001551159413.hwp,True,159744,ok,7,counted_rhwp_lossy_utf16,,returncode=0; output_head='\n오류: HWP 파싱 실패 - 유효하지 않은 파일: DocInfo 오류: DocInfo IO 오류: UTF-16 디코딩 실패: invalid utf-16: lone surrogate found\n',/tmp/rhwp_lossy/target/release/rhwp,rhwp v0.7.17,byte_reader_read_utf16_string_from_utf16_lossy,12
UOPKOBSA01_saybrkd,uopkobsa01:2023:162:1100:1158:411,과학기술정보통신부_혁신성장동력프로젝트(R&D)(과기정통부).hwp,2023,과학기술정보통신부>과학기술>과학기술연구개발>미래유망원천기술개발>첨단융합기술개발>혁신성장동력프로젝트(R&D)(과기정통부),hwp,saybrkd-corpus-20260630/data/openfiscaldata/saybrkd/2023/2023162110001551158411.hwp,True,245760,ok,14,counted_rhwp_lossy_utf16,,returncode=0; output_head='\n오류: HWP 파싱 실패 - 유효하지 않은 파일: DocInfo 오류: DocInfo IO 오류: UTF-16 디코딩 실패: invalid utf-16: lone surrogate found\n',/tmp/rhwp_lossy/target/release/rhwp,rhwp v0.7.17,byte_reader_read_utf16_string_from_utf16_lossy,21
UOPKOBSA01_saybrkd,uopkobsa01:2023:162:1100:1138:458,과학기술정보통신부_데이터기반 디지털 바이오 선도사업(R&D).hwp,2023,과학기술정보통신부>과학기술>과학기술연구개발>미래유망원천기술개발>바이오·의료기술개발>데이터기반 디지털 바이오 선도사업(R&D),hwp,saybrkd-corpus-20260630/data/openfiscaldata/saybrkd/2023/2023162110001551138458.hwp,True,161280,ok,9,counted_rhwp_lossy_utf16,,returncode=0; output_head='\n오류: HWP 파싱 실패 - 유효하지 않은 파일: DocInfo 오류: DocInfo IO 오류: UTF-16 디코딩 실패: invalid utf-16: lone surrogate found\n',/tmp/rhwp_lossy/target/release/rhwp,rhwp v0.7.17,byte_reader_read_utf16_string_from_utf16_lossy,21
UOPKOBSA01_saybrkd,uopkobsa01:2023:162:1100:1159:405,과학기술정보통신부_양자컴퓨팅 기술개발사업(R&D).hwp,2023,과학기술정보통신부>과학기술>과학기술연구개발>미래유망원천기술개발>차세대정보·컴퓨팅기술개발>양자컴퓨팅 기술개발사업(R&D),hwp,saybrkd-corpus-20260630/data/openfiscaldata/saybrkd/2023/2023162110001551159405.hwp,True,158208,ok,9,counted_rhwp_lossy_utf16,,returncode=0; output_head='\n오류: HWP 파싱 실패 - 유효하지 않은 파일: DocInfo 오류: DocInfo IO 오류: UTF-16 디코딩 실패: invalid utf-16: lone surrogate found\n',/tmp/rhwp_lossy/target/release/rhwp,rhwp v0.7.17,byte_reader_read_utf16_string_from_utf16_lossy,10
UOPKOBSA01_saybrkd,uopkobsa01:2023:162:1100:1158:424,과학기술정보통신부_DNA 드론기술개발(R&D).hwp,2023,과학기술정보통신부>과학기술>과학기술연구개발>미래유망원천기술개발>첨단융합기술개발>DNA+드론기술개발(R&D),hwp,saybrkd-corpus-20260630/data/openfiscaldata/saybrkd/2023/2023162110001551158424.hwp,True,314368,ok,9,counted_rhwp_lossy_utf16,,returncode=0; output_head='\n오류: HWP 파싱 실패 - 유효하지 않은 파일: DocInfo 오류: DocInfo IO 오류: UTF-16 디코딩 실패: invalid utf-16: lone surrogate found\n',/tmp/rhwp_lossy/target/release/rhwp,rhwp v0.7.17,byte_reader_read_utf16_string_from_utf16_lossy,22
UOPKOBSA01_saybrkd,uopkobsa01:2023:162:1100:1158:439,과학기술정보통신부_전통문화혁신성장융합연구(R&D).hwp,2023,과학기술정보통신부>과학기술>과학기술연구개발>미래유망원천기술개발>첨단융합기술개발>전통문화혁신성장융합연구(R&D),hwp,saybrkd-corpus-20260630/data/openfiscaldata/saybrkd/2023/2023162110001551158439.hwp,True,157696,ok,8,counted_rhwp_lossy_utf16,,returncode=0; output_head='\n오류: HWP 파싱 실패 - 유효하지 않은 파일: DocInfo 오류: DocInfo IO 오류: UTF-16 디코딩 실패: invalid utf-16: lone surrogate found\n',/tmp/rhwp_lossy/target/release/rhwp,rhwp v0.7.17,byte_reader_read_utf16_string_from_utf16_lossy,11
UOPKOBSA01_saybrkd,uopkobsa01:2023:162:1100:1159:417,과학기술정보통신부_양자컴퓨팅연구인프라구축(R&D).hwp,2023,과학기술정보통신부>과학기술>과학기술연구개발>미래유망원천기술개발>차세대정보·컴퓨팅기술개발>양자컴퓨팅연구인프라구축(R&D),hwp,saybrkd-corpus-20260630/data/openfiscaldata/saybrkd/2023/2023162110001551159417.hwp,True,157184,ok,7,counted_rhwp_lossy_utf16,,returncode=0; output_head='\n오류: HWP 파싱 실패 - 유효하지 않은 파일: DocInfo 오류: DocInfo IO 오류: UTF-16 디코딩 실패: invalid utf-16: lone surrogate found\n',/tmp/rhwp_lossy/target/release/rhwp,rhwp v0.7.17,byte_reader_read_utf16_string_from_utf16_lossy,12
UOPKOBSA01_saybrkd,uopkobsa01:2023:162:1100:1160:301,과학기술정보통신부_핵융합선도기술개발사업(R&D).hwp,2023,과학기술정보통신부>과학기술>과학기술연구개발>미래유망원천기술개발>에너지·환경기술개발>핵융합선도기술개발사업(R&D),hwp,saybrkd-corpus-20260630/data/openfiscaldata/saybrkd/2023/2023162110001551160301.hwp,True,340480,ok,13,counted_rhwp_lossy_utf16,,returncode=0; output_head='\n오류: HWP 파싱 실패 - 유효하지 않은 파일: DocInfo 오류: DocInfo IO 오류: UTF-16 디코딩 실패: invalid utf-16: lone surrogate found\n',/tmp/rhwp_lossy/target/release/rhwp,rhwp v0.7.17,byte_reader_read_utf16_string_from_utf16_lossy,23
UOPKOBSA01_saybrkd,uopkobsa01:2023:162:1100:1159:415,과학기술정보통신부_슈퍼컴퓨터 개발 선도(R&D).hwp,2023,과학기술정보통신부>과학기술>과학기술연구개발>미래유망원천기술개발>차세대정보·컴퓨팅기술개발>슈퍼컴퓨터 개발 선도(R&D),hwp,saybrkd-corpus-20260630/data/openfiscaldata/saybrkd/2023/2023162110001551159415.hwp,True,158720,ok,6,counted_rhwp_lossy_utf16,,returncode=0; output_head='\n오류: HWP 파싱 실패 - 유효하지 않은 파일: DocInfo 오류: DocInfo IO 오류: UTF-16 디코딩 실패: invalid utf-16: lone surrogate found\n',/tmp/rhwp_lossy/target/release/rhwp,rhwp v0.7.17,byte_reader_read_utf16_string_from_utf16_lossy,14
UOPKOBSA01_saybrkd,uopkobsa01:2023:162:1300:1331:301,과학기술정보통신부_초소형위성군집시스템개발(R&D).hwp,2023,과학기술정보통신부>과학기술>과학기술연구개발>우주개발진흥>인공위성개발>초소형위성군집시스템개발(R&D),hwp,saybrkd-corpus-20260630/data/openfiscaldata/saybrkd/2023/2023162110001551331301.hwp,True,161280,ok,10,counted_rhwp_lossy_utf16,,returncode=0; output_head='\n오류: HWP 파싱 실패 - 유효하지 않은 파일: DocInfo 오류: DocInfo IO 오류: UTF-16 디코딩 실패: invalid utf-16: lone surrogate found\n',/tmp/rhwp_lossy/target/release/rhwp,rhwp v0.7.17,byte_reader_read_utf16_string_from_utf16_lossy,13
UOPKOBSA01_saybrkd,uopkobsa01:2023:162:1300:1331:305,과학기술정보통신부_다목적실용위성7호성능개량사업(R&D).hwp,2023,과학기술정보통신부>과학기술>과학기술연구개발>우주개발진흥>인공위성개발>다목적실용위성7호성능개량사업(R&D),hwp,saybrkd-corpus-20260630/data/openfiscaldata/saybrkd/2023/2023162110001551331305.hwp,True,161792,ok,8,counted_rhwp_lossy_utf16,,returncode=0; output_head='\n오류: HWP 파싱 실패 - 유효하지 않은 파일: DocInfo 오류: DocInfo IO 오류: UTF-16 디코딩 실패: invalid utf-16: lone surrogate found\n',/tmp/rhwp_lossy/target/release/rhwp,rhwp v0.7.17,byte_reader_read_utf16_string_from_utf16_lossy,12
UOPKOBSA01_saybrkd,uopkobsa01:2023:162:1100:1159:419,과학기술정보통신부_양자컴퓨팅기반양자이득도전연구(R&D).hwp,2023,과학기술정보통신부>과학기술>과학기술연구개발>미래유망원천기술개발>차세대정보·컴퓨팅기술개발>양자컴퓨팅기반양자이득도전연구(R&D),hwp,saybrkd-corpus-20260630/data/openfiscaldata/saybrkd/2023/2023162110001551159419.hwp,True,153600,ok,6,counted_rhwp_lossy_utf16,,returncode=0; output_head='\n오류: HWP 파싱 실패 - 유효하지 않은 파일: DocInfo 오류: DocInfo IO 오류: UTF-16 디코딩 실패: invalid utf-16: lone surrogate found\n',/tmp/rhwp_lossy/target/release/rhwp,rhwp v0.7.17,byte_reader_read_utf16_string_from_utf16_lossy,14
UOPKOBSA01_saybrkd,uopkobsa01:2023:162:1100:1159:418,과학기술정보통신부_초고성능컴퓨팅활용고도화(R&D).hwp,2023,과학기술정보통신부>과학기술>과학기술연구개발>미래유망원천기술개발>차세대정보·컴퓨팅기술개발>초고성능컴퓨팅활용고도화(R&D),hwp,saybrkd-corpus-20260630/data/openfiscaldata/saybrkd/2023/2023162110001551159418.hwp,True,157696,ok,7,counted_rhwp_lossy_utf16,,returncode=0; output_head='\n오류: HWP 파싱 실패 - 유효하지 않은 파일: DocInfo 오류: DocInfo IO 오류: UTF-16 디코딩 실패: invalid utf-16: lone surrogate found\n',/tmp/rhwp_lossy/target/release/rhwp,rhwp v0.7.17,byte_reader_read_utf16_string_from_utf16_lossy,12
UOPKOBSA01_saybrkd,uopkobsa01:2023:162:1100:1159:425,과학기술정보통신부_국가 플래그십 초고성능컴퓨팅 인프라 고도화 사업(R&D).hwp,2023,과학기술정보통신부>과학기술>과학기술연구개발>미래유망원천기술개발>차세대정보·컴퓨팅기술개발>국가 플래그십 초고성능컴퓨팅 인프라 고도화 사업(R&D),hwp,saybrkd-corpus-20260630/data/openfiscaldata/saybrkd/2023/2023162110001551159425.hwp,True,164352,ok,9,counted_rhwp_lossy_utf16,,returncode=0; output_head='\n오류: HWP 파싱 실패 - 유효하지 않은 파일: DocInfo 오류: DocInfo IO 오류: UTF-16 디코딩 실패: invalid utf-16: lone surrogate found\n',/tmp/rhwp_lossy/target/release/rhwp,rhwp v0.7.17,byte_reader_read_utf16_string_from_utf16_lossy,14
UOPKOBSA01_saybrkd,uopkobsa01:2023:162:1100:1160:407,"과학기술정보통신부_기후기술협력기반조성(R&D,ODA).hwp",2023,"과학기술정보통신부>과학기술>과학기술연구개발>미래유망원천기술개발>에너지·환경기술개발>기후기술협력기반조성(R&D,ODA)",hwp,saybrkd-corpus-20260630/data/openfiscaldata/saybrkd/2023/2023162110001551160407.hwp,True,362496,ok,10,counted_rhwp_lossy_utf16,,returncode=0; output_head='\n오류: HWP 파싱 실패 - 유효하지 않은 파일: DocInfo 오류: DocInfo IO 오류: UTF-16 디코딩 실패: invalid utf-16: lone surrogate found\n',/tmp/rhwp_lossy/target/release/rhwp,rhwp v0.7.17,byte_reader_read_utf16_string_from_utf16_lossy,18
UOPKOBSA01_saybrkd,uopkobsa01:2023:162:1100:1139:423,과학기술정보통신부_극한소재 실증연구 기반조성 사업(R&D).hwp,2023,과학기술정보통신부>과학기술>과학기술연구개발>미래유망원천기술개발>나노·소재기술개발>극한소재 실증연구 기반조성 사업(R&D),hwp,saybrkd-corpus-20260630/data/openfiscaldata/saybrkd/2023/2023162110001551139423.hwp,True,1366528,ok,10,counted_rhwp_lossy_utf16,,returncode=0; output_head='\n오류: HWP 파싱 실패 - 유효하지 않은 파일: DocInfo 오류: DocInfo IO 오류: UTF-16 디코딩 실패: invalid utf-16: lone surrogate found\n',/tmp/rhwp_lossy/target/release/rhwp,rhwp v0.7.17,byte_reader_read_utf16_string_from_utf16_lossy,20
UOPKOBSA01_saybrkd,uopkobsa01:2023:162:1100:1159:420,과학기술정보통신부_양자기술연구개발선도(양자컴퓨팅)(R&D).hwp,2023,과학기술정보통신부>과학기술>과학기술연구개발>미래유망원천기술개발>차세대정보·컴퓨팅기술개발>양자기술연구개발선도(양자컴퓨팅)(R&D),hwp,saybrkd-corpus-20260630/data/openfiscaldata/saybrkd/2023/2023162110001551159420.hwp,True,154624,ok,5,counted_rhwp_lossy_utf16,,returncode=0; output_head='\n오류: HWP 파싱 실패 - 유효하지 않은 파일: DocInfo 오류: DocInfo IO 오류: UTF-16 디코딩 실패: invalid utf-16: lone surrogate found\n',/tmp/rhwp_lossy/target/release/rhwp,rhwp v0.7.17,byte_reader_read_utf16_string_from_utf16_lossy,10
UOPKOBSA01_saybrkd,uopkobsa01:2023:162:1200:1234:302,과학기술정보통신부_집단연구지원(R&D).hwp,2023,과학기술정보통신부>과학기술>과학기술연구개발>기초연구진흥>기초연구지원>집단연구지원(R&D),hwp,saybrkd-corpus-20260630/data/openfiscaldata/saybrkd/2023/2023162110001551234302.hwp,True,168448,ok,12,counted_rhwp_lossy_utf16,,returncode=0; output_head='\n오류: HWP 파싱 실패 - 유효하지 않은 파일: DocInfo 오류: DocInfo IO 오류: UTF-16 디코딩 실패: invalid utf-16: lone surrogate found\n',/tmp/rhwp_lossy/target/release/rhwp,rhwp v0.7.17,byte_reader_read_utf16_string_from_utf16_lossy,20
UOPKOBSA01_saybrkd,uopkobsa01:2023:162:1300:1331:410,과학기술정보통신부_차세대중형위성개발(R&D).hwp,2023,과학기술정보통신부>과학기술>과학기술연구개발>우주개발진흥>인공위성개발>차세대중형위성개발(R&D),hwp,saybrkd-corpus-20260630/data/openfiscaldata/saybrkd/2023/2023162110001551331410.hwp,True,166400,ok,11,counted_rhwp_lossy_utf16,,returncode=0; output_head='\n오류: HWP 파싱 실패 - 유효하지 않은 파일: DocInfo 오류: DocInfo IO 오류: UTF-16 디코딩 실패: invalid utf-16: lone surrogate found\n',/tmp/rhwp_lossy/target/release/rhwp,rhwp v0.7.17,byte_reader_read_utf16_string_from_utf16_lossy,17
UOPKOBSA01_saybrkd,uopkobsa01:2023:162:1100:1160:434,과학기술정보통신부_디지털기반 기후변화 예측 및 피해 최소화(R&D).hwp,2023,과학기술정보통신부>과학기술>과학기술연구개발>미래유망원천기술개발>에너지·환경기술개발>디지털기반 기후변화 예측 및 피해 최소화(R&D),hwp,saybrkd-corpus-20260630/data/openfiscaldata/saybrkd/2023/2023162110001551160434.hwp,True,153088,ok,8,counted_rhwp_lossy_utf16,,returncode=0; output_head='\n오류: HWP 파싱 실패 - 유효하지 않은 파일: DocInfo 오류: DocInfo IO 오류: UTF-16 디코딩 실패: invalid utf-16: lone surrogate found\n',/tmp/rhwp_lossy/target/release/rhwp,rhwp v0.7.17,byte_reader_read_utf16_string_from_utf16_lossy,12
UOPKOBSA01_saybrkd,uopkobsa01:2023:162:1300:1331:413,과학기술정보통신부_우주국제협력기반조성(R&D).hwp,2023,과학기술정보통신부>과학기술>과학기술연구개발>우주개발진흥>인공위성개발>우주국제협력기반조성(R&D),hwp,saybrkd-corpus-20260630/data/openfiscaldata/saybrkd/2023/2023162110001551331413.hwp,True,162304,ok,9,counted_rhwp_lossy_utf16,,returncode=0; output_head='\n오류: HWP 파싱 실패 - 유효하지 않은 파일: DocInfo 오류: DocInfo IO 오류: UTF-16 디코딩 실패: invalid utf-16: lone surrogate found\n',/tmp/rhwp_lossy/target/release/rhwp,rhwp v0.7.17,byte_reader_read_utf16_string_from_utf16_lossy,14
UOPKOBSA01_saybrkd,uopkobsa01:2023:162:1200:1234:301,과학기술정보통신부_개인기초연구(과기정통부)(R&D).hwp,2023,과학기술정보통신부>과학기술>과학기술연구개발>기초연구진흥>기초연구지원>개인기초연구(과기정통부)(R&D),hwp,saybrkd-corpus-20260630/data/openfiscaldata/saybrkd/2023/2023162110001551234301.hwp,True,174080,ok,14,counted_rhwp_lossy_utf16,,returncode=0; output_head='\n오류: HWP 파싱 실패 - 유효하지 않은 파일: DocInfo 오류: DocInfo IO 오류: UTF-16 디코딩 실패: invalid utf-16: lone surrogate found\n',/tmp/rhwp_lossy/target/release/rhwp,rhwp v0.7.17,byte_reader_read_utf16_string_from_utf16_lossy,21
UOPKOBSA01_saybrkd,uopkobsa01:2023:162:1300:1331:311,과학기술정보통신부_스페이스파이오니어사업(R&D).hwp,2023,과학기술정보통신부>과학기술>과학기술연구개발>우주개발진흥>인공위성개발>스페이스파이오니어사업(R&D),hwp,saybrkd-corpus-20260630/data/openfiscaldata/saybrkd/2023/2023162110001551331311.hwp,True,257536,ok,11,counted_rhwp_lossy_utf16,,returncode=0; output_head='\n오류: HWP 파싱 실패 - 유효하지 않은 파일: DocInfo 오류: DocInfo IO 오류: UTF-16 디코딩 실패: invalid utf-16: lone surrogate found\n',/tmp/rhwp_lossy/target/release/rhwp,rhwp v0.7.17,byte_reader_read_utf16_string_from_utf16_lossy,11
UOPKOBSA01_saybrkd,uopkobsa01:2023:162:4600:4631:403,과학기술정보통신부_기업부설연구소및원스톱서비스운영.지원.hwp,2023,과학기술정보통신부>과학기술>과학기술연구지원>공공연구성과활성화>연구성과확산지원>기업부설연구소및원스톱서비스운영.지원,hwp,saybrkd-corpus-20260630/data/openfiscaldata/saybrkd/2023/2023162110001524631403.hwp,True,2931712,ok,27,counted_rhwp_lossy_utf16,,returncode=0; output_head='\n오류: HWP 파싱 실패 - 유효하지 않은 파일: DocInfo 오류: DocInfo IO 오류: UTF-16 디코딩 실패: invalid utf-16: lone surrogate found\n',/tmp/rhwp_lossy/target/release/rhwp,rhwp v0.7.17,byte_reader_read_utf16_string_from_utf16_lossy,71
UOPKOBSA01_saybrkd,uopkobsa01:2023:162:1100:1160:436,과학기술정보통신부_DACU원천기술개발(R&D).hwp,2023,과학기술정보통신부>과학기술>과학기술연구개발>미래유망원천기술개발>에너지·환경기술개발>DACU원천기술개발(R&D),hwp,saybrkd-corpus-20260630/data/openfiscaldata/saybrkd/2023/2023162110001551160436.hwp,True,152064,ok,6,counted_rhwp_lossy_utf16,,returncode=0; output_head='\n오류: HWP 파싱 실패 - 유효하지 않은 파일: DocInfo 오류: DocInfo IO 오류: UTF-16 디코딩 실패: invalid utf-16: lone surrogate found\n',/tmp/rhwp_lossy/target/release/rhwp,rhwp v0.7.17,byte_reader_read_utf16_string_from_utf16_lossy,12
UOPKOBSA01_saybrkd,uopkobsa01:2023:162:1200:1235:410,과학기술정보통신부_기초연구기반구축(R&D).hwp,2023,과학기술정보통신부>과학기술>과학기술연구개발>기초연구진흥>기초연구기반구축사업>기초연구기반구축(R&D),hwp,saybrkd-corpus-20260630/data/openfiscaldata/saybrkd/2023/2023162110001551235410.hwp,True,172032,ok,13,counted_rhwp_lossy_utf16,,returncode=0; output_head='\n오류: HWP 파싱 실패 - 유효하지 않은 파일: DocInfo 오류: DocInfo IO 오류: UTF-16 디코딩 실패: invalid utf-16: lone surrogate found\n',/tmp/rhwp_lossy/target/release/rhwp,rhwp v0.7.17,byte_reader_read_utf16_string_from_utf16_lossy,28
UOPKOBSA01_saybrkd,uopkobsa01:2023:162:1300:1331:419,과학기술정보통신부_위성정보빅데이터활용지원체계개발(R&D).hwp,2023,과학기술정보통신부>과학기술>과학기술연구개발>우주개발진흥>인공위성개발>위성정보빅데이터활용지원체계개발(R&D),hwp,saybrkd-corpus-20260630/data/openfiscaldata/saybrkd/2023/2023162110001551331419.hwp,True,159744,ok,9,counted_rhwp_lossy_utf16,,returncode=0; output_head='\n오류: HWP 파싱 실패 - 유효하지 않은 파일: DocInfo 오류: DocInfo IO 오류: UTF-16 디코딩 실패: invalid utf-16: lone surrogate found\n',/tmp/rhwp_lossy/target/release/rhwp,rhwp v0.7.17,byte_reader_read_utf16_string_from_utf16_lossy,15
UOPKOBSA01_saybrkd,uopkobsa01:2023:162:1300:1331:418,과학기술정보통신부_초소형위성체계개발사업(R&D).hwp,2023,과학기술정보통신부>과학기술>과학기술연구개발>우주개발진흥>인공위성개발>초소형위성체계개발사업(R&D),hwp,saybrkd-corpus-20260630/data/openfiscaldata/saybrkd/2023/2023162110001551331418.hwp,True,156672,ok,8,counted_rhwp_lossy_utf16,,returncode=0; output_head='\n오류: HWP 파싱 실패 - 유효하지 않은 파일: DocInfo 오류: DocInfo IO 오류: UTF-16 디코딩 실패: invalid utf-16: lone surrogate found\n',/tmp/rhwp_lossy/target/release/rhwp,rhwp v0.7.17,byte_reader_read_utf16_string_from_utf16_lossy,12
UOPKOBSA01_saybrkd,uopkobsa01:2023:162:1100:1160:424,과학기술정보통신부_극한지 개발 및 탐사용 협동 이동체 시스템 기술개발(R&D).hwp,2023,과학기술정보통신부>과학기술>과학기술연구개발>미래유망원천기술개발>에너지·환경기술개발>극한지 개발 및 탐사용 협동 이동체 시스템 기술개발(R&D),hwp,saybrkd-corpus-20260630/data/openfiscaldata/saybrkd/2023/2023162110001551160424.hwp,True,2038272,ok,20,counted_rhwp_lossy_utf16,,returncode=0; output_head='\n오류: HWP 파싱 실패 - 유효하지 않은 파일: DocInfo 오류: DocInfo IO 오류: UTF-16 디코딩 실패: invalid utf-16: lone surrogate found\n',/tmp/rhwp_lossy/target/release/rhwp,rhwp v0.7.17,byte_reader_read_utf16_string_from_utf16_lossy,26
UOPKOBSA01_saybrkd,uopkobsa01:2023:162:1400:1432:302,과학기술정보통신부_데이터과학기반 차세대 비파괴검사기술개발(R&D).hwp,2023,과학기술정보통신부>과학기술>과학기술연구개발>원자력 진흥>방사선이용기술개발>데이터과학기반 차세대 비파괴검사기술개발(R&D),hwp,saybrkd-corpus-20260630/data/openfiscaldata/saybrkd/2023/2023162110001551432302.hwp,True,318464,ok,11,counted_rhwp_lossy_utf16,,returncode=0; output_head='\n오류: HWP 파싱 실패 - 유효하지 않은 파일: DocInfo 오류: DocInfo IO 오류: UTF-16 디코딩 실패: invalid utf-16: lone surrogate found\n',/tmp/rhwp_lossy/target/release/rhwp,rhwp v0.7.17,byte_reader_read_utf16_string_from_utf16_lossy,17
UOPKOBSA01_saybrkd,uopkobsa01:2023:162:1300:1333:410,과학기술정보통신부_국가위성 운영 및 검보정 인프라 고도화(R&D).hwp,2023,과학기술정보통신부>과학기술>과학기술연구개발>우주개발진흥>우주핵심기술개발사업>국가위성 운영 및 검보정 인프라 고도화(R&D),hwp,saybrkd-corpus-20260630/data/openfiscaldata/saybrkd/2023/2023162110001551333410.hwp,True,158208,ok,9,counted_rhwp_lossy_utf16,,returncode=0; output_head='\n오류: HWP 파싱 실패 - 유효하지 않은 파일: DocInfo 오류: DocInfo IO 오류: UTF-16 디코딩 실패: invalid utf-16: lone surrogate found\n',/tmp/rhwp_lossy/target/release/rhwp,rhwp v0.7.17,byte_reader_read_utf16_string_from_utf16_lossy,15
UOPKOBSA01_saybrkd,uopkobsa01:2023:162:1400:1432:411,과학기술정보통신부_방사선안전소재및의학기술개발(R&D).hwp,2023,과학기술정보통신부>과학기술>과학기술연구개발>원자력 진흥>방사선이용기술개발>방사선안전소재및의학기술개발(R&D),hwp,saybrkd-corpus-20260630/data/openfiscaldata/saybrkd/2023/2023162110001551432411.hwp,True,161280,ok,9,counted_rhwp_lossy_utf16,,returncode=0; output_head='\n오류: HWP 파싱 실패 - 유효하지 않은 파일: DocInfo 오류: DocInfo IO 오류: UTF-16 디코딩 실패: invalid utf-16: lone surrogate found\n',/tmp/rhwp_lossy/target/release/rhwp,rhwp v0.7.17,byte_reader_read_utf16_string_from_utf16_lossy,15
UOPKOBSA01_saybrkd,uopkobsa01:2023:162:1300:1331:402,과학기술정보통신부_우주개발기반조성 및 성과확산사업(R&D).hwp,2023,과학기술정보통신부>과학기술>과학기술연구개발>우주개발진흥>인공위성개발>우주개발기반조성 및 성과확산사업(R&D),hwp,saybrkd-corpus-20260630/data/openfiscaldata/saybrkd/2023/2023162110001551331402.hwp,True,165888,ok,11,counted_rhwp_lossy_utf16,,returncode=0; output_head='\n오류: HWP 파싱 실패 - 유효하지 않은 파일: DocInfo 오류: DocInfo IO 오류: UTF-16 디코딩 실패: invalid utf-16: lone surrogate found\n',/tmp/rhwp_lossy/target/release/rhwp,rhwp v0.7.17,byte_reader_read_utf16_string_from_utf16_lossy,24
UOPKOBSA01_saybrkd,uopkobsa01:2023:162:1400:1432:412,과학기술정보통신부_첨단방사선융합치료기술개발(R&D).hwp,2023,과학기술정보통신부>과학기술>과학기술연구개발>원자력 진흥>방사선이용기술개발>첨단방사선융합치료기술개발(R&D),hwp,saybrkd-corpus-20260630/data/openfiscaldata/saybrkd/2023/2023162110001551432412.hwp,True,163840,ok,11,counted_rhwp_lossy_utf16,,returncode=0; output_head='\n오류: HWP 파싱 실패 - 유효하지 않은 파일: DocInfo 오류: DocInfo IO 오류: UTF-16 디코딩 실패: invalid utf-16: lone surrogate found\n',/tmp/rhwp_lossy/target/release/rhwp,rhwp v0.7.17,byte_reader_read_utf16_string_from_utf16_lossy,15
UOPKOBSA01_saybrkd,uopkobsa01:2023:162:4700:4734:305,과학기술정보통신부_지식재산 활용 과학기술지원(ODA).hwp,2023,과학기술정보통신부>과학기술>과학기술연구지원>과학기술국제협력>글로벌협력기반조성>지식재산 활용 과학기술지원(ODA),hwp,saybrkd-corpus-20260630/data/openfiscaldata/saybrkd/2023/2023162110001524734305.hwp,True,5094912,ok,24,counted_rhwp_lossy_utf16,,returncode=0; output_head='\n오류: HWP 파싱 실패 - 유효하지 않은 파일: DocInfo 오류: DocInfo IO 오류: UTF-16 디코딩 실패: invalid utf-16: lone surrogate found\n',/tmp/rhwp_lossy/target/release/rhwp,rhwp v0.7.17,byte_reader_read_utf16_string_from_utf16_lossy,88
UOPKOBSA01_saybrkd,uopkobsa01:2023:162:1100:1160:404,과학기술정보통신부_해양극지기초원천기술개발(R&D).hwp,2023,과학기술정보통신부>과학기술>과학기술연구개발>미래유망원천기술개발>에너지·환경기술개발>해양극지기초원천기술개발(R&D),hwp,saybrkd-corpus-20260630/data/openfiscaldata/saybrkd/2023/2023162110001551160404.hwp,True,1865728,ok,16,counted_rhwp_lossy_utf16,,returncode=0; output_head='\n오류: HWP 파싱 실패 - 유효하지 않은 파일: DocInfo 오류: DocInfo IO 오류: UTF-16 디코딩 실패: invalid utf-16: lone surrogate found\n',/tmp/rhwp_lossy/target/release/rhwp,rhwp v0.7.17,byte_reader_read_utf16_string_from_utf16_lossy,32
UOPKOBSA01_saybrkd,uopkobsa01:2023:162:1300:1333:403,과학기술정보통신부_스페이스챌린지(R&D).hwp,2023,과학기술정보통신부>과학기술>과학기술연구개발>우주개발진흥>우주핵심기술개발사업>스페이스챌린지(R&D),hwp,saybrkd-corpus-20260630/data/openfiscaldata/saybrkd/2023/2023162110001551333403.hwp,True,306688,ok,11,counted_rhwp_lossy_utf16,,returncode=0; output_head='\n오류: HWP 파싱 실패 - 유효하지 않은 파일: DocInfo 오류: DocInfo IO 오류: UTF-16 디코딩 실패: invalid utf-16: lone surrogate found\n',/tmp/rhwp_lossy/target/release/rhwp,rhwp v0.7.17,byte_reader_read_utf16_string_from_utf16_lossy,27
UOPKOBSA01_saybrkd,uopkobsa01:2023:162:1400:1432:303,과학기술정보통신부_방사성동위원소 산업 육성 및 고도화 기술 지원사업(R&D).hwp,2023,과학기술정보통신부>과학기술>과학기술연구개발>원자력 진흥>방사선이용기술개발>방사성동위원소 산업 육성 및 고도화 기술 지원사업(R&D),hwp,saybrkd-corpus-20260630/data/openfiscaldata/saybrkd/2023/2023162110001551432303.hwp,True,173056,ok,17,counted_rhwp_lossy_utf16,,returncode=0; output_head='\n오류: HWP 파싱 실패 - 유효하지 않은 파일: DocInfo 오류: DocInfo IO 오류: UTF-16 디코딩 실패: invalid utf-16: lone surrogate found\n',/tmp/rhwp_lossy/target/release/rhwp,rhwp v0.7.17,byte_reader_read_utf16_string_from_utf16_lossy,23
UOPKOBSA01_saybrkd,uopkobsa01:2023:162:1400:1432:407,과학기술정보통신부_방사선 연구기반 확충(R&D).hwp,2023,과학기술정보통신부>과학기술>과학기술연구개발>원자력 진흥>방사선이용기술개발>방사선 연구기반 확충(R&D),hwp,saybrkd-corpus-20260630/data/openfiscaldata/saybrkd/2023/2023162110001551432407.hwp,True,314368,ok,16,counted_rhwp_lossy_utf16,,returncode=0; output_head='\n오류: HWP 파싱 실패 - 유효하지 않은 파일: DocInfo 오류: DocInfo IO 오류: UTF-16 디코딩 실패: invalid utf-16: lone surrogate found\n',/tmp/rhwp_lossy/target/release/rhwp,rhwp v0.7.17,byte_reader_read_utf16_string_from_utf16_lossy,25
UOPKOBSA01_saybrkd,uopkobsa01:2023:162:1100:1160:430,과학기술정보통신부_기후기술국제협력촉진(R&D).hwp,2023,과학기술정보통신부>과학기술>과학기술연구개발>미래유망원천기술개발>에너지·환경기술개발>기후기술국제협력촉진(R&D),hwp,saybrkd-corpus-20260630/data/openfiscaldata/saybrkd/2023/2023162110001551160430.hwp,True,175104,ok,10,counted_rhwp_lossy_utf16,,returncode=0; output_head='\n오류: HWP 파싱 실패 - 유효하지 않은 파일: DocInfo 오류: DocInfo IO 오류: UTF-16 디코딩 실패: invalid utf-16: lone surrogate found\n',/tmp/rhwp_lossy/target/release/rhwp,rhwp v0.7.17,byte_reader_read_utf16_string_from_utf16_lossy,24
UOPKOBSA01_saybrkd,uopkobsa01:2023:162:1400:1432:305,과학기술정보통신부_방사선 이용 미래혁신 기반 기술연구(R&D).hwp,2023,과학기술정보통신부>과학기술>과학기술연구개발>원자력 진흥>방사선이용기술개발>방사선 이용 미래혁신 기반 기술연구(R&D),hwp,saybrkd-corpus-20260630/data/openfiscaldata/saybrkd/2023/2023162110001551432305.hwp,True,169984,ok,11,counted_rhwp_lossy_utf16,,returncode=0; output_head='\n오류: HWP 파싱 실패 - 유효하지 않은 파일: DocInfo 오류: DocInfo IO 오류: UTF-16 디코딩 실패: invalid utf-16: lone surrogate found\n',/tmp/rhwp_lossy/target/release/rhwp,rhwp v0.7.17,byte_reader_read_utf16_string_from_utf16_lossy,22
UOPKOBSA01_saybrkd,uopkobsa01:2023:162:1400:1432:410,과학기술정보통신부_방사선기술사업화지원사업(R&D).hwp,2023,과학기술정보통신부>과학기술>과학기술연구개발>원자력 진흥>방사선이용기술개발>방사선기술사업화지원사업(R&D),hwp,saybrkd-corpus-20260630/data/openfiscaldata/saybrkd/2023/2023162110001551432410.hwp,True,180224,ok,22,counted_rhwp_lossy_utf16,,returncode=0; output_head='\n오류: HWP 파싱 실패 - 유효하지 않은 파일: DocInfo 오류: DocInfo IO 오류: UTF-16 디코딩 실패: invalid utf-16: lone surrogate found\n',/tmp/rhwp_lossy/target/release/rhwp,rhwp v0.7.17,byte_reader_read_utf16_string_from_utf16_lossy,27
UOPKOBSA01_saybrkd,uopkobsa01:2023:162:1300:1341:401,과학기술정보통신부_한국과학우주청소년단지원.hwp,2023,과학기술정보통신부>과학기술>과학기술연구개발>우주개발진흥>한국과학우주청소년단지원>한국과학우주청소년단지원,hwp,saybrkd-corpus-20260630/data/openfiscaldata/saybrkd/2023/2023162110001551341401.hwp,True,170496,ok,12,counted_rhwp_lossy_utf16,,returncode=0; output_head='\n오류: HWP 파싱 실패 - 유효하지 않은 파일: DocInfo 오류: DocInfo IO 오류: UTF-16 디코딩 실패: invalid utf-16: lone surrogate found\n',/tmp/rhwp_lossy/target/release/rhwp,rhwp v0.7.17,byte_reader_read_utf16_string_from_utf16_lossy,22
UOPKOBSA01_saybrkd,uopkobsa01:2023:162:1400:1432:414,과학기술정보통신부_방사선 이용 희귀난치질환 대응 핵심기술개발(R&D).hwp,2023,과학기술정보통신부>과학기술>과학기술연구개발>원자력 진흥>방사선이용기술개발>방사선 이용 희귀난치질환 대응 핵심기술개발(R&D),hwp,saybrkd-corpus-20260630/data/openfiscaldata/saybrkd/2023/2023162110001551432414.hwp,True,166400,ok,11,counted_rhwp_lossy_utf16,,returncode=0; output_head='\n오류: HWP 파싱 실패 - 유효하지 않은 파일: DocInfo 오류: DocInfo IO 오류: UTF-16 디코딩 실패: invalid utf-16: lone surrogate found\n',/tmp/rhwp_lossy/target/release/rhwp,rhwp v0.7.17,byte_reader_read_utf16_string_from_utf16_lossy,20
UOPKOBSA01_saybrkd,uopkobsa01:2023:162:1100:1158:311,과학기술정보통신부_불법드론 지능형 대응기술개발(드론캅 및 라이브포렌식 기반)(R&D).hwp,2023,과학기술정보통신부>과학기술>과학기술연구개발>미래유망원천기술개발>첨단융합기술개발>불법드론 지능형 대응기술개발(드론캅 및 라이브포렌식 기반)(R&D),hwp,saybrkd-corpus-20260630/data/openfiscaldata/saybrkd/2023/2023162110001551158311.hwp,True,2378240,ok,9,counted_rhwp_lossy_utf16,,returncode=0; output_head='\n오류: HWP 파싱 실패 - 유효하지 않은 파일: DocInfo 오류: DocInfo IO 오류: UTF-16 디코딩 실패: invalid utf-16: lone surrogate found\n',/tmp/rhwp_lossy/target/release/rhwp,rhwp v0.7.17,byte_reader_read_utf16_string_from_utf16_lossy,18
UOPKOBSA01_saybrkd,uopkobsa01:2023:162:1300:1331:302,과학기술정보통신부_정지궤도공공복합통신위성개발(R&D).hwp,2023,과학기술정보통신부>과학기술>과학기술연구개발>우주개발진흥>인공위성개발>정지궤도공공복합통신위성개발(R&D),hwp,saybrkd-corpus-20260630/data/openfiscaldata/saybrkd/2023/2023162110001551331302.hwp,True,381440,ok,10,counted_rhwp_lossy_utf16,,returncode=0; output_head='\n오류: HWP 파싱 실패 - 유효하지 않은 파일: DocInfo 오류: DocInfo IO 오류: UTF-16 디코딩 실패: invalid utf-16: lone surrogate found\n',/tmp/rhwp_lossy/target/release/rhwp,rhwp v0.7.17,byte_reader_read_utf16_string_from_utf16_lossy,18
UOPKOBSA01_saybrkd,uopkobsa01:2023:162:1300:1332:408,과학기술정보통신부_차세대발사체개발(R&D).hwp,2023,과학기술정보통신부>과학기술>과학기술연구개발>우주개발진흥>우주발사체개발>차세대발사체개발(R&D),hwp,saybrkd-corpus-20260630/data/openfiscaldata/saybrkd/2023/2023162110001551332408.hwp,True,413184,ok,9,counted_rhwp_lossy_utf16,,returncode=0; output_head='\n오류: HWP 파싱 실패 - 유효하지 않은 파일: DocInfo 오류: DocInfo IO 오류: UTF-16 디코딩 실패: invalid utf-16: lone surrogate found\n',/tmp/rhwp_lossy/target/release/rhwp,rhwp v0.7.17,byte_reader_read_utf16_string_from_utf16_lossy,15
UOPKOBSA01_saybrkd,uopkobsa01:2023:162:1400:1436:408,"과학기술정보통신부_IAEA 기술협력부담금(ODA,R&D).hwp",2023,"과학기술정보통신부>과학기술>과학기술연구개발>원자력 진흥>원자력평화적이용체제구축>IAEA 기술협력부담금(ODA,R&D)",hwp,saybrkd-corpus-20260630/data/openfiscaldata/saybrkd/2023/2023162110001551436408.hwp,True,162304,ok,10,counted_rhwp_lossy_utf16,,returncode=0; output_head='\n오류: HWP 파싱 실패 - 유효하지 않은 파일: DocInfo 오류: DocInfo IO 오류: UTF-16 디코딩 실패: invalid utf-16: lone surrogate found\n',/tmp/rhwp_lossy/target/release/rhwp,rhwp v0.7.17,byte_reader_read_utf16_string_from_utf16_lossy,14
UOPKOBSA01_saybrkd,uopkobsa01:2023:162:1500:1531:405,과학기술정보통신부_공공수요 기반 혁신제품 개발·실증(R&D).hwp,2023,과학기술정보통신부>과학기술>과학기술연구개발>사회문제해결>사회문제해결연구>공공수요 기반 혁신제품 개발·실증(R&D),hwp,saybrkd-corpus-20260630/data/openfiscaldata/saybrkd/2023/2023162110001551531405.hwp,True,166400,ok,12,counted_rhwp_lossy_utf16,,returncode=0; output_head='\n오류: HWP 파싱 실패 - 유효하지 않은 파일: DocInfo 오류: DocInfo IO 오류: UTF-16 디코딩 실패: invalid utf-16: lone surrogate found\n',/tmp/rhwp_lossy/target/release/rhwp,rhwp v0.7.17,byte_reader_read_utf16_string_from_utf16_lossy,14
UOPKOBSA01_saybrkd,uopkobsa01:2023:162:1400:1436:409,과학기술정보통신부_원자력국제공동연구지원사업(R&D).hwp,2023,과학기술정보통신부>과학기술>과학기술연구개발>원자력 진흥>원자력평화적이용체제구축>원자력국제공동연구지원사업(R&D),hwp,saybrkd-corpus-20260630/data/openfiscaldata/saybrkd/2023/2023162110001551436409.hwp,True,322560,ok,19,counted_rhwp_lossy_utf16,,returncode=0; output_head='\n오류: HWP 파싱 실패 - 유효하지 않은 파일: DocInfo 오류: DocInfo IO 오류: UTF-16 디코딩 실패: invalid utf-16: lone surrogate found\n',/tmp/rhwp_lossy/target/release/rhwp,rhwp v0.7.17,byte_reader_read_utf16_string_from_utf16_lossy,16
UOPKOBSA01_saybrkd,uopkobsa01:2023:162:1300:1331:401,과학기술정보통신부_다목적실용위성개발(R&D).hwp,2023,과학기술정보통신부>과학기술>과학기술연구개발>우주개발진흥>인공위성개발>다목적실용위성개발(R&D),hwp,saybrkd-corpus-20260630/data/openfiscaldata/saybrkd/2023/2023162110001551331401.hwp,True,161280,ok,10,counted_rhwp_lossy_utf16,,returncode=0; output_head='\n오류: HWP 파싱 실패 - 유효하지 않은 파일: DocInfo 오류: DocInfo IO 오류: UTF-16 디코딩 실패: invalid utf-16: lone surrogate found\n',/tmp/rhwp_lossy/target/release/rhwp,rhwp v0.7.17,byte_reader_read_utf16_string_from_utf16_lossy,13
UOPKOBSA01_saybrkd,uopkobsa01:2023:162:1400:1434:301,과학기술정보통신부_용융염원자로(MSR) 원천기술개발사업(R&D).hwp,2023,과학기술정보통신부>과학기술>과학기술연구개발>원자력 진흥>원자력연구개발사업>용융염원자로(MSR) 원천기술개발사업(R&D),hwp,saybrkd-corpus-20260630/data/openfiscaldata/saybrkd/2023/2023162110001551434301.hwp,True,187392,ok,17,counted_rhwp_lossy_utf16,,returncode=0; output_head='\n오류: HWP 파싱 실패 - 유효하지 않은 파일: DocInfo 오류: DocInfo IO 오류: UTF-16 디코딩 실패: invalid utf-16: lone surrogate found\n',/tmp/rhwp_lossy/target/release/rhwp,rhwp v0.7.17,byte_reader_read_utf16_string_from_utf16_lossy,31
UOPKOBSA01_saybrkd,uopkobsa01:2023:162:1500:1531:410,과학기술정보통신부_국민공감·국민참여 R&SD 선도사업(R&D).hwp,2023,과학기술정보통신부>과학기술>과학기술연구개발>사회문제해결>사회문제해결연구>국민공감·국민참여 R&SD 선도사업(R&D),hwp,saybrkd-corpus-20260630/data/openfiscaldata/saybrkd/2023/2023162110001551531410.hwp,True,169472,ok,11,counted_rhwp_lossy_utf16,,returncode=0; output_head='\n오류: HWP 파싱 실패 - 유효하지 않은 파일: DocInfo 오류: DocInfo IO 오류: UTF-16 디코딩 실패: invalid utf-16: lone surrogate found\n',/tmp/rhwp_lossy/target/release/rhwp,rhwp v0.7.17,byte_reader_read_utf16_string_from_utf16_lossy,16
UOPKOBSA01_saybrkd,uopkobsa01:2023:162:1300:1332:406,과학기술정보통신부_소형발사체개발역량지원(R&D).hwp,2023,과학기술정보통신부>과학기술>과학기술연구개발>우주개발진흥>우주발사체개발>소형발사체개발역량지원(R&D),hwp,saybrkd-corpus-20260630/data/openfiscaldata/saybrkd/2023/2023162110001551332406.hwp,True,414720,ok,10,counted_rhwp_lossy_utf16,,returncode=0; output_head='\n오류: HWP 파싱 실패 - 유효하지 않은 파일: DocInfo 오류: DocInfo IO 오류: UTF-16 디코딩 실패: invalid utf-16: lone surrogate found\n',/tmp/rhwp_lossy/target/release/rhwp,rhwp v0.7.17,byte_reader_read_utf16_string_from_utf16_lossy,22
UOPKOBSA01_saybrkd,uopkobsa01:2023:162:1500:1531:407,과학기술정보통신부_에너지환경통합형학교미세먼지관리기술개발(R&D).hwp,2023,과학기술정보통신부>과학기술>과학기술연구개발>사회문제해결>사회문제해결연구>에너지환경통합형학교미세먼지관리기술개발(R&D),hwp,saybrkd-corpus-20260630/data/openfiscaldata/saybrkd/2023/2023162110001551531407.hwp,True,162816,ok,8,counted_rhwp_lossy_utf16,,returncode=0; output_head='\n오류: HWP 파싱 실패 - 유효하지 않은 파일: DocInfo 오류: DocInfo IO 오류: UTF-16 디코딩 실패: invalid utf-16: lone surrogate found\n',/tmp/rhwp_lossy/target/release/rhwp,rhwp v0.7.17,byte_reader_read_utf16_string_from_utf16_lossy,17
UOPKOBSA01_saybrkd,uopkobsa01:2023:162:1500:1531:307,과학기술정보통신부_관세행정 현장 맞춤형 기술개발(R&D)(과기정통부).hwp,2023,과학기술정보통신부>과학기술>과학기술연구개발>사회문제해결>사회문제해결연구>관세행정 현장 맞춤형 기술개발(R&D)(과기정통부),hwp,saybrkd-corpus-20260630/data/openfiscaldata/saybrkd/2023/2023162110001551531307.hwp,True,167936,ok,11,counted_rhwp_lossy_utf16,,returncode=0; output_head='\n오류: HWP 파싱 실패 - 유효하지 않은 파일: DocInfo 오류: DocInfo IO 오류: UTF-16 디코딩 실패: invalid utf-16: lone surrogate found\n',/tmp/rhwp_lossy/target/release/rhwp,rhwp v0.7.17,byte_reader_read_utf16_string_from_utf16_lossy,16
UOPKOBSA01_saybrkd,uopkobsa01:2023:162:7600:7601:301,과학기술정보통신부_한국연구재단 기획평가관리비(일반)(R&D).hwp,2023,과학기술정보통신부>과학기술>과학기술연구개발>연구개발기획평가>과학기술 기획평가>한국연구재단 기획평가관리비(일반)(R&D),hwp,saybrkd-corpus-20260630/data/openfiscaldata/saybrkd/2023/2023162110001557601301.hwp,True,148480,ok,9,counted_rhwp_lossy_utf16,,returncode=0; output_head='\n오류: HWP 파싱 실패 - 유효하지 않은 파일: DocInfo 오류: DocInfo IO 오류: UTF-16 디코딩 실패: invalid utf-16: lone surrogate found\n',/tmp/rhwp_lossy/target/release/rhwp,rhwp v0.7.17,byte_reader_read_utf16_string_from_utf16_lossy,11
UOPKOBSA01_saybrkd,uopkobsa01:2023:162:1100:1158:404,과학기술정보통신부_무인이동체미래선도핵심기술개발(R&D).hwp,2023,과학기술정보통신부>과학기술>과학기술연구개발>미래유망원천기술개발>첨단융합기술개발>무인이동체미래선도핵심기술개발(R&D),hwp,saybrkd-corpus-20260630/data/openfiscaldata/saybrkd/2023/2023162110001551158404.hwp,True,432640,ok,10,counted_rhwp_lossy_utf16,,returncode=0; output_head='\n오류: HWP 파싱 실패 - 유효하지 않은 파일: DocInfo 오류: DocInfo IO 오류: UTF-16 디코딩 실패: invalid utf-16: lone surrogate found\n',/tmp/rhwp_lossy/target/release/rhwp,rhwp v0.7.17,byte_reader_read_utf16_string_from_utf16_lossy,20
UOPKOBSA01_saybrkd,uopkobsa01:2023:162:1400:1440:301,과학기술정보통신부_수출용 신형연구로 생산 동위원소 상용화기술개발(R&D).hwp,2023,과학기술정보통신부>과학기술>과학기술연구개발>원자력 진흥>수출용 신형 연구로 개발 및 실증사업>수출용 신형연구로 생산 동위원소 상용화기술개발(R&D),hwp,saybrkd-corpus-20260630/data/openfiscaldata/saybrkd/2023/2023162110001551440301.hwp,True,1153024,ok,32,counted_rhwp_lossy_utf16,,returncode=0; output_head='\n오류: HWP 파싱 실패 - 유효하지 않은 파일: DocInfo 오류: DocInfo IO 오류: UTF-16 디코딩 실패: invalid utf-16: lone surrogate found\n',/tmp/rhwp_lossy/target/release/rhwp,rhwp v0.7.17,byte_reader_read_utf16_string_from_utf16_lossy,43
UOPKOBSA01_saybrkd,uopkobsa01:2023:162:1500:1531:411,과학기술정보통신부_동북아-지역연계초미세먼지대응기술개발(R&D).hwp,2023,과학기술정보통신부>과학기술>과학기술연구개발>사회문제해결>사회문제해결연구>동북아-지역연계초미세먼지대응기술개발(R&D),hwp,saybrkd-corpus-20260630/data/openfiscaldata/saybrkd/2023/2023162110001551531411.hwp,True,158208,ok,8,counted_rhwp_lossy_utf16,,returncode=0; output_head='\n오류: HWP 파싱 실패 - 유효하지 않은 파일: DocInfo 오류: DocInfo IO 오류: UTF-16 디코딩 실패: invalid utf-16: lone surrogate found\n',/tmp/rhwp_lossy/target/release/rhwp,rhwp v0.7.17,byte_reader_read_utf16_string_from_utf16_lossy,13
UOPKOBSA01_saybrkd,uopkobsa01:2023:162:1500:1532:401,과학기술정보통신부_국민생활안전긴급대응연구(R&D).hwp,2023,과학기술정보통신부>과학기술>과학기술연구개발>사회문제해결>재난재해대응기술개발>국민생활안전긴급대응연구(R&D),hwp,saybrkd-corpus-20260630/data/openfiscaldata/saybrkd/2023/2023162110001551532401.hwp,True,167424,ok,12,counted_rhwp_lossy_utf16,,returncode=0; output_head='\n오류: HWP 파싱 실패 - 유효하지 않은 파일: DocInfo 오류: DocInfo IO 오류: UTF-16 디코딩 실패: invalid utf-16: lone surrogate found\n',/tmp/rhwp_lossy/target/release/rhwp,rhwp v0.7.17,byte_reader_read_utf16_string_from_utf16_lossy,15
UOPKOBSA01_saybrkd,uopkobsa01:2023:162:1300:1332:405,과학기술정보통신부_한국형발사체고도화사업(R&D).hwp,2023,과학기술정보통신부>과학기술>과학기술연구개발>우주개발진흥>우주발사체개발>한국형발사체고도화사업(R&D),hwp,saybrkd-corpus-20260630/data/openfiscaldata/saybrkd/2023/2023162110001551332405.hwp,True,246784,ok,10,counted_rhwp_lossy_utf16,,returncode=0; output_head='\n오류: HWP 파싱 실패 - 유효하지 않은 파일: DocInfo 오류: DocInfo IO 오류: UTF-16 디코딩 실패: invalid utf-16: lone surrogate found\n',/tmp/rhwp_lossy/target/release/rhwp,rhwp v0.7.17,byte_reader_read_utf16_string_from_utf16_lossy,14
UOPKOBSA01_saybrkd,uopkobsa01:2023:162:1300:1331:415,과학기술정보통신부_한미민간달착륙선탑재체공동연구사업(R&D).hwp,2023,과학기술정보통신부>과학기술>과학기술연구개발>우주개발진흥>인공위성개발>한미민간달착륙선탑재체공동연구사업(R&D),hwp,saybrkd-corpus-20260630/data/openfiscaldata/saybrkd/2023/2023162110001551331415.hwp,True,297984,ok,8,counted_rhwp_lossy_utf16,,returncode=0; output_head='\n오류: HWP 파싱 실패 - 유효하지 않은 파일: DocInfo 오류: DocInfo IO 오류: UTF-16 디코딩 실패: invalid utf-16: lone surrogate found\n',/tmp/rhwp_lossy/target/release/rhwp,rhwp v0.7.17,byte_reader_read_utf16_string_from_utf16_lossy,14
UOPKOBSA01_saybrkd,uopkobsa01:2023:162:1100:1160:422,과학기술정보통신부_해양-육상-대기탄소순환시스템연구(R&D).hwp,2023,과학기술정보통신부>과학기술>과학기술연구개발>미래유망원천기술개발>에너지·환경기술개발>해양-육상-대기탄소순환시스템연구(R&D),hwp,saybrkd-corpus-20260630/data/openfiscaldata/saybrkd/2023/2023162110001551160422.hwp,True,716288,ok,15,counted_rhwp_lossy_utf16,,returncode=0; output_head='\n오류: HWP 파싱 실패 - 유효하지 않은 파일: DocInfo 오류: DocInfo IO 오류: UTF-16 디코딩 실패: invalid utf-16: lone surrogate found\n',/tmp/rhwp_lossy/target/release/rhwp,rhwp v0.7.17,byte_reader_read_utf16_string_from_utf16_lossy,30
UOPKOBSA01_saybrkd,uopkobsa01:2023:162:1400:1432:415,과학기술정보통신부_방사선 이용 폐플라스틱 저감기술개발(R&D).hwp,2023,과학기술정보통신부>과학기술>과학기술연구개발>원자력 진흥>방사선이용기술개발>방사선 이용 폐플라스틱 저감기술개발(R&D),hwp,saybrkd-corpus-20260630/data/openfiscaldata/saybrkd/2023/2023162110001551432415.hwp,True,429568,ok,15,counted_rhwp_lossy_utf16,,returncode=0; output_head='\n오류: HWP 파싱 실패 - 유효하지 않은 파일: DocInfo 오류: DocInfo IO 오류: UTF-16 디코딩 실패: invalid utf-16: lone surrogate found\n',/tmp/rhwp_lossy/target/release/rhwp,rhwp v0.7.17,byte_reader_read_utf16_string_from_utf16_lossy,31
UOPKOBSA01_saybrkd,uopkobsa01:2023:162:1500:1531:400,과학기술정보통신부_실종아동등신원확인을위한복합인지기술개발(R&D)(과기정통부).hwp,2023,과학기술정보통신부>과학기술>과학기술연구개발>사회문제해결>사회문제해결연구>실종아동등신원확인을위한복합인지기술개발(R&D)(과기정통부),hwp,saybrkd-corpus-20260630/data/openfiscaldata/saybrkd/2023/2023162110001551531400.hwp,True,1203200,ok,12,counted_rhwp_lossy_utf16,,returncode=0; output_head='\n오류: HWP 파싱 실패 - 유효하지 않은 파일: DocInfo 오류: DocInfo IO 오류: UTF-16 디코딩 실패: invalid utf-16: lone surrogate found\n',/tmp/rhwp_lossy/target/release/rhwp,rhwp v0.7.17,byte_reader_read_utf16_string_from_utf16_lossy,23
UOPKOBSA01_saybrkd,uopkobsa01:2023:162:1300:1331:422,과학기술정보통신부_우주위험대응체계구축(R&D).hwp,2023,과학기술정보통신부>과학기술>과학기술연구개발>우주개발진흥>인공위성개발>우주위험대응체계구축(R&D),hwp,saybrkd-corpus-20260630/data/openfiscaldata/saybrkd/2023/2023162110001551331422.hwp,True,745984,ok,14,counted_rhwp_lossy_utf16,,returncode=0; output_head='\n오류: HWP 파싱 실패 - 유효하지 않은 파일: DocInfo 오류: DocInfo IO 오류: UTF-16 디코딩 실패: invalid utf-16: lone surrogate found\n',/tmp/rhwp_lossy/target/release/rhwp,rhwp v0.7.17,byte_reader_read_utf16_string_from_utf16_lossy,28
UOPKOBSA01_saybrkd,uopkobsa01:2023:162:1100:1138:446,과학기술정보통신부_전자약 기술개발(R&D).hwp,2023,과학기술정보통신부>과학기술>과학기술연구개발>미래유망원천기술개발>바이오·의료기술개발>전자약 기술개발(R&D),hwp,saybrkd-corpus-20260630/data/openfiscaldata/saybrkd/2023/2023162110001551138446.hwp,True,1336320,ok,14,counted_rhwp_lossy_utf16,,returncode=0; output_head='\n오류: HWP 파싱 실패 - 유효하지 않은 파일: DocInfo 오류: DocInfo IO 오류: UTF-16 디코딩 실패: invalid utf-16: lone surrogate found\n',/tmp/rhwp_lossy/target/release/rhwp,rhwp v0.7.17,byte_reader_read_utf16_string_from_utf16_lossy,35
UOPKOBSA01_saybrkd,uopkobsa01:2023:162:1400:1436:404,과학기술정보통신부_원자력국제협력기반조성사업(R&D).hwp,2023,과학기술정보통신부>과학기술>과학기술연구개발>원자력 진흥>원자력평화적이용체제구축>원자력국제협력기반조성사업(R&D),hwp,saybrkd-corpus-20260630/data/openfiscaldata/saybrkd/2023/2023162110001551436404.hwp,True,193024,ok,25,counted_rhwp_lossy_utf16,,returncode=0; output_head='\n오류: HWP 파싱 실패 - 유효하지 않은 파일: DocInfo 오류: DocInfo IO 오류: UTF-16 디코딩 실패: invalid utf-16: lone surrogate found\n',/tmp/rhwp_lossy/target/release/rhwp,rhwp v0.7.17,byte_reader_read_utf16_string_from_utf16_lossy,40
UOPKOBSA01_saybrkd,uopkobsa01:2023:162:1500:1531:305,과학기술정보통신부_공공기반 재활운동 빅데이터 플랫폼 기술개발(R&D).hwp,2023,과학기술정보통신부>과학기술>과학기술연구개발>사회문제해결>사회문제해결연구>공공기반 재활운동 빅데이터 플랫폼 기술개발(R&D),hwp,saybrkd-corpus-20260630/data/openfiscaldata/saybrkd/2023/2023162110001551531305.hwp,True,2156544,ok,20,counted_rhwp_lossy_utf16,,returncode=0; output_head='\n오류: HWP 파싱 실패 - 유효하지 않은 파일: DocInfo 오류: DocInfo IO 오류: UTF-16 디코딩 실패: invalid utf-16: lone surrogate found\n',/tmp/rhwp_lossy/target/release/rhwp,rhwp v0.7.17,byte_reader_read_utf16_string_from_utf16_lossy,50
UOPKOBSA01_saybrkd,uopkobsa01:2023:162:1100:1158:417,과학기술정보통신부_무인이동체원천기술개발(R&D).hwp,2023,과학기술정보통신부>과학기술>과학기술연구개발>미래유망원천기술개발>첨단융합기술개발>무인이동체원천기술개발(R&D),hwp,saybrkd-corpus-20260630/data/openfiscaldata/saybrkd/2023/2023162110001551158417.hwp,True,446976,ok,9,counted_rhwp_lossy_utf16,,returncode=0; output_head='\n오류: HWP 파싱 실패 - 유효하지 않은 파일: DocInfo 오류: DocInfo IO 오류: UTF-16 디코딩 실패: invalid utf-16: lone surrogate found\n',/tmp/rhwp_lossy/target/release/rhwp,rhwp v0.7.17,byte_reader_read_utf16_string_from_utf16_lossy,21
UOPKOBSA01_saybrkd,uopkobsa01:2023:162:7600:7601:302,과학기술정보통신부_과학기술일자리진흥원 기획평가관리비(R&D).hwp,2023,과학기술정보통신부>과학기술>과학기술연구개발>연구개발기획평가>과학기술 기획평가>과학기술일자리진흥원 기획평가관리비(R&D),hwp,saybrkd-corpus-20260630/data/openfiscaldata/saybrkd/2023/2023162110001557601302.hwp,True,187904,ok,12,counted_rhwp_lossy_utf16,,returncode=0; output_head='\n오류: HWP 파싱 실패 - 유효하지 않은 파일: DocInfo 오류: DocInfo IO 오류: UTF-16 디코딩 실패: invalid utf-16: lone surrogate found\n',/tmp/rhwp_lossy/target/release/rhwp,rhwp v0.7.17,byte_reader_read_utf16_string_from_utf16_lossy,13
UOPKOBSA01_saybrkd,uopkobsa01:2023:162:1100:1160:420,과학기술정보통신부_CTCN지역사무소지원.hwp,2023,과학기술정보통신부>과학기술>과학기술연구개발>미래유망원천기술개발>에너지·환경기술개발>CTCN지역사무소지원,hwp,saybrkd-corpus-20260630/data/openfiscaldata/saybrkd/2023/2023162110001551160420.hwp,True,438272,ok,10,counted_rhwp_lossy_utf16,,returncode=0; output_head='\n오류: HWP 파싱 실패 - 유효하지 않은 파일: DocInfo 오류: DocInfo IO 오류: UTF-16 디코딩 실패: invalid utf-16: lone surrogate found\n',/tmp/rhwp_lossy/target/release/rhwp,rhwp v0.7.17,byte_reader_read_utf16_string_from_utf16_lossy,21
UOPKOBSA01_saybrkd,uopkobsa01:2023:162:1500:1531:415,과학기술정보통신부_Net-zero 대응 미세먼지저감 기술개발(R&D).hwp,2023,과학기술정보통신부>과학기술>과학기술연구개발>사회문제해결>사회문제해결연구>Net-zero 대응 미세먼지저감 기술개발(R&D),hwp,saybrkd-corpus-20260630/data/openfiscaldata/saybrkd/2023/2023162110001551531415.hwp,True,814592,ok,15,counted_rhwp_lossy_utf16,,returncode=0; output_head='\n오류: HWP 파싱 실패 - 유효하지 않은 파일: DocInfo 오류: DocInfo IO 오류: UTF-16 디코딩 실패: invalid utf-16: lone surrogate found\n',/tmp/rhwp_lossy/target/release/rhwp,rhwp v0.7.17,byte_reader_read_utf16_string_from_utf16_lossy,28
UOPKOBSA01_saybrkd,uopkobsa01:2023:162:1300:1331:416,과학기술정보통신부_한국형위성항법시스템개발(R&D).hwp,2023,과학기술정보통신부>과학기술>과학기술연구개발>우주개발진흥>인공위성개발>한국형위성항법시스템개발(R&D),hwp,saybrkd-corpus-20260630/data/openfiscaldata/saybrkd/2023/2023162110001551331416.hwp,True,463872,ok,9,counted_rhwp_lossy_utf16,,returncode=0; output_head='\n오류: HWP 파싱 실패 - 유효하지 않은 파일: DocInfo 오류: DocInfo IO 오류: UTF-16 디코딩 실패: invalid utf-16: lone surrogate found\n',/tmp/rhwp_lossy/target/release/rhwp,rhwp v0.7.17,byte_reader_read_utf16_string_from_utf16_lossy,21
UOPKOBSA01_saybrkd,uopkobsa01:2023:162:1700:1731:401,과학기술정보통신부_고경력과학기술인활용지원.hwp,2023,과학기술정보통신부>과학기술>과학기술인력및문화>과학기술인력양성>과학기술자인력활용>고경력과학기술인활용지원,hwp,saybrkd-corpus-20260630/data/openfiscaldata/saybrkd/2023/2023162538001541731401.hwp,True,174592,ok,9,counted_rhwp_lossy_utf16,,returncode=0; output_head='\n오류: HWP 파싱 실패 - 유효하지 않은 파일: DocInfo 오류: DocInfo IO 오류: UTF-16 디코딩 실패: invalid utf-16: lone surrogate found\n',/tmp/rhwp_lossy/target/release/rhwp,rhwp v0.7.17,byte_reader_read_utf16_string_from_utf16_lossy,18
UOPKOBSA01_saybrkd,uopkobsa01:2023:162:1700:1733:401,과학기술정보통신부_우수과학자포상.hwp,2023,과학기술정보통신부>과학기술>과학기술인력및문화>과학기술인력양성>과학기술인력지원>우수과학자포상,hwp,saybrkd-corpus-20260630/data/openfiscaldata/saybrkd/2023/2023162538001541733401.hwp,True,187392,ok,10,counted_rhwp_lossy_utf16,,returncode=0; output_head='\n오류: HWP 파싱 실패 - 유효하지 않은 파일: DocInfo 오류: DocInfo IO 오류: UTF-16 디코딩 실패: invalid utf-16: lone surrogate found\n',/tmp/rhwp_lossy/target/release/rhwp,rhwp v0.7.17,byte_reader_read_utf16_string_from_utf16_lossy,18
UOPKOBSA01_saybrkd,uopkobsa01:2023:162:1700:1736:403,과학기술정보통신부_연구산업기반조성.hwp,2023,과학기술정보통신부>과학기술>과학기술인력및문화>과학기술인력양성>과학기술서비스업육성(보조)>연구산업기반조성,hwp,saybrkd-corpus-20260630/data/openfiscaldata/saybrkd/2023/2023162538001541736403.hwp,True,168960,ok,8,counted_rhwp_lossy_utf16,,returncode=0; output_head='\n오류: HWP 파싱 실패 - 유효하지 않은 파일: DocInfo 오류: DocInfo IO 오류: UTF-16 디코딩 실패: invalid utf-16: lone surrogate found\n',/tmp/rhwp_lossy/target/release/rhwp,rhwp v0.7.17,byte_reader_read_utf16_string_from_utf16_lossy,19
UOPKOBSA01_saybrkd,uopkobsa01:2023:162:1500:1532:404,과학기술정보통신부_실시간해저재해감시기술개발사업(R&D).hwp,2023,과학기술정보통신부>과학기술>과학기술연구개발>사회문제해결>재난재해대응기술개발>실시간해저재해감시기술개발사업(R&D),hwp,saybrkd-corpus-20260630/data/openfiscaldata/saybrkd/2023/2023162110001551532404.hwp,True,3483648,ok,22,counted_rhwp_lossy_utf16,,returncode=0; output_head='\n오류: HWP 파싱 실패 - 유효하지 않은 파일: DocInfo 오류: DocInfo IO 오류: UTF-16 디코딩 실패: invalid utf-16: lone surrogate found\n',/tmp/rhwp_lossy/target/release/rhwp,rhwp v0.7.17,byte_reader_read_utf16_string_from_utf16_lossy,53
UOPKOBSA01_saybrkd,uopkobsa01:2023:162:1400:1432:420,과학기술정보통신부_방사선기기 품질관리 및 검정 체계 고도화(R&D).hwp,2023,과학기술정보통신부>과학기술>과학기술연구개발>원자력 진흥>방사선이용기술개발>방사선기기 품질관리 및 검정 체계 고도화(R&D),hwp,saybrkd-corpus-20260630/data/openfiscaldata/saybrkd/2023/2023162110001551432420.hwp,True,2209792,ok,19,counted_rhwp_lossy_utf16,,returncode=0; output_head='\n오류: HWP 파싱 실패 - 유효하지 않은 파일: DocInfo 오류: DocInfo IO 오류: UTF-16 디코딩 실패: invalid utf-16: lone surrogate found\n',/tmp/rhwp_lossy/target/release/rhwp,rhwp v0.7.17,byte_reader_read_utf16_string_from_utf16_lossy,94
UOPKOBSA01_saybrkd,uopkobsa01:2023:162:1400:1450:401,과학기술정보통신부_SMART혁신기술개발사업(R&D).hwp,2023,과학기술정보통신부>과학기술>과학기술연구개발>원자력 진흥>소형원자로혁신기술개발사업>SMART혁신기술개발사업(R&D),hwp,saybrkd-corpus-20260630/data/openfiscaldata/saybrkd/2023/2023162110001551450401.hwp,True,1448960,ok,16,counted_rhwp_lossy_utf16,,returncode=0; output_head='\n오류: HWP 파싱 실패 - 유효하지 않은 파일: DocInfo 오류: DocInfo IO 오류: UTF-16 디코딩 실패: invalid utf-16: lone surrogate found\n',/tmp/rhwp_lossy/target/release/rhwp,rhwp v0.7.17,byte_reader_read_utf16_string_from_utf16_lossy,51
UOPKOBSA01_saybrkd,uopkobsa01:2023:162:1700:1731:408,과학기술정보통신부_우수기술사육성관리지원.hwp,2023,과학기술정보통신부>과학기술>과학기술인력및문화>과학기술인력양성>과학기술자인력활용>우수기술사육성관리지원,hwp,saybrkd-corpus-20260630/data/openfiscaldata/saybrkd/2023/2023162538001541731408.hwp,True,178176,ok,11,counted_rhwp_lossy_utf16,,returncode=0; output_head='\n오류: HWP 파싱 실패 - 유효하지 않은 파일: DocInfo 오류: DocInfo IO 오류: UTF-16 디코딩 실패: invalid utf-16: lone surrogate found\n',/tmp/rhwp_lossy/target/release/rhwp,rhwp v0.7.17,byte_reader_read_utf16_string_from_utf16_lossy,22
UOPKOBSA01_saybrkd,uopkobsa01:2023:162:1200:1235:411,과학기술정보통신부_방사광가속기공동이용연구지원(R&D).hwp,2023,과학기술정보통신부>과학기술>과학기술연구개발>기초연구진흥>기초연구기반구축사업>방사광가속기공동이용연구지원(R&D),hwp,saybrkd-corpus-20260630/data/openfiscaldata/saybrkd/2023/2023162110001551235411.hwp,True,1804800,ok,25,counted_rhwp_lossy_utf16,,returncode=0; output_head='\n오류: HWP 파싱 실패 - 유효하지 않은 파일: DocInfo 오류: DocInfo IO 오류: UTF-16 디코딩 실패: invalid utf-16: lone surrogate found\n',/tmp/rhwp_lossy/target/release/rhwp,rhwp v0.7.17,byte_reader_read_utf16_string_from_utf16_lossy,54
UOPKOBSA01_saybrkd,uopkobsa01:2023:162:1700:1734:406,과학기술정보통신부_과학영재양성(R&D).hwp,2023,과학기술정보통신부>과학기술>과학기술인력및문화>과학기술인력양성>과학기술영재인력양성>과학영재양성(R&D),hwp,saybrkd-corpus-20260630/data/openfiscaldata/saybrkd/2023/2023162538001541734406.hwp,True,196608,ok,19,counted_rhwp_lossy_utf16,,returncode=0; output_head='\n오류: HWP 파싱 실패 - 유효하지 않은 파일: DocInfo 오류: DocInfo IO 오류: UTF-16 디코딩 실패: invalid utf-16: lone surrogate found\n',/tmp/rhwp_lossy/target/release/rhwp,rhwp v0.7.17,byte_reader_read_utf16_string_from_utf16_lossy,33
UOPKOBSA01_saybrkd,uopkobsa01:2023:162:9000:9002:841,과학기술정보통신부_복권기금 전출.hwp,2023,과학기술정보통신부>과학기술>과학기술일반>기금간거래>기금간거래(전출)>복권기금 전출,hwp,saybrkd-corpus-20260630/data/openfiscaldata/saybrkd/2023/2023162538001539002841.hwp,True,160256,ok,6,counted_rhwp_lossy_utf16,,returncode=0; output_head='\n오류: HWP 파싱 실패 - 유효하지 않은 파일: DocInfo 오류: DocInfo IO 오류: UTF-16 디코딩 실패: invalid utf-16: lone surrogate found\n',/tmp/rhwp_lossy/target/release/rhwp,rhwp v0.7.17,byte_reader_read_utf16_string_from_utf16_lossy,10
UOPKOBSA01_saybrkd,uopkobsa01:2023:162:1100:1158:437,과학기술정보통신부_(혁신도전형)상시 재난감시용 성층권 드론기술개발(R&D).hwp,2023,과학기술정보통신부>과학기술>과학기술연구개발>미래유망원천기술개발>첨단융합기술개발>(혁신도전형)상시 재난감시용 성층권 드론기술개발(R&D),hwp,saybrkd-corpus-20260630/data/openfiscaldata/saybrkd/2023/2023162110001551158437.hwp,True,4698624,ok,9,counted_rhwp_lossy_utf16,,returncode=0; output_head='\n오류: HWP 파싱 실패 - 유효하지 않은 파일: DocInfo 오류: DocInfo IO 오류: UTF-16 디코딩 실패: invalid utf-16: lone surrogate found\n',/tmp/rhwp_lossy/target/release/rhwp,rhwp v0.7.17,byte_reader_read_utf16_string_from_utf16_lossy,64
UOPKOBSA01_saybrkd,uopkobsa01:2023:162:1500:1531:306,과학기술정보통신부_치안현장 맞춤형 연구개발(폴리스랩2.0)(R&D).hwp,2023,과학기술정보통신부>과학기술>과학기술연구개발>사회문제해결>사회문제해결연구>치안현장 맞춤형 연구개발(폴리스랩2.0)(R&D),hwp,saybrkd-corpus-20260630/data/openfiscaldata/saybrkd/2023/2023162110001551531306.hwp,True,2292736,ok,30,counted_rhwp_lossy_utf16,,returncode=0; output_head='\n오류: HWP 파싱 실패 - 유효하지 않은 파일: DocInfo 오류: DocInfo IO 오류: UTF-16 디코딩 실패: invalid utf-16: lone surrogate found\n',/tmp/rhwp_lossy/target/release/rhwp,rhwp v0.7.17,byte_reader_read_utf16_string_from_utf16_lossy,59
UOPKOBSA01_saybrkd,uopkobsa01:2023:162:1700:1744:402,과학기술정보통신부_여성과학기술인 육성지원.hwp,2023,과학기술정보통신부>과학기술>과학기술인력및문화>과학기술인력양성>창의적인재육성(과진)>여성과학기술인 육성지원,hwp,saybrkd-corpus-20260630/data/openfiscaldata/saybrkd/2023/2023162538001541744402.hwp,True,177664,ok,13,counted_rhwp_lossy_utf16,,returncode=0; output_head='\n오류: HWP 파싱 실패 - 유효하지 않은 파일: DocInfo 오류: DocInfo IO 오류: UTF-16 디코딩 실패: invalid utf-16: lone surrogate found\n',/tmp/rhwp_lossy/target/release/rhwp,rhwp v0.7.17,byte_reader_read_utf16_string_from_utf16_lossy,13
UOPKOBSA01_saybrkd,uopkobsa01:2023:162:1500:1532:407,과학기술정보통신부_고기능성 소화탄 및 무인 능동진압 기술개발사업(R&D).hwp,2023,과학기술정보통신부>과학기술>과학기술연구개발>사회문제해결>재난재해대응기술개발>고기능성 소화탄 및 무인 능동진압 기술개발사업(R&D),hwp,saybrkd-corpus-20260630/data/openfiscaldata/saybrkd/2023/2023162110001551532407.hwp,True,2752000,ok,14,counted_rhwp_lossy_utf16,,returncode=0; output_head='\n오류: HWP 파싱 실패 - 유효하지 않은 파일: DocInfo 오류: DocInfo IO 오류: UTF-16 디코딩 실패: invalid utf-16: lone surrogate found\n',/tmp/rhwp_lossy/target/release/rhwp,rhwp v0.7.17,byte_reader_read_utf16_string_from_utf16_lossy,56
UOPKOBSA01_saybrkd,uopkobsa01:2023:162:1500:1531:416,과학기술정보통신부_경호(보안검색)대응기술개발(R&D).hwp,2023,과학기술정보통신부>과학기술>과학기술연구개발>사회문제해결>사회문제해결연구>경호(보안검색)대응기술개발(R&D),hwp,saybrkd-corpus-20260630/data/openfiscaldata/saybrkd/2023/2023162110001551531416.hwp,True,3887104,ok,15,counted_rhwp_lossy_utf16,,returncode=0; output_head='\n오류: HWP 파싱 실패 - 유효하지 않은 파일: DocInfo 오류: DocInfo IO 오류: UTF-16 디코딩 실패: invalid utf-16: lone surrogate found\n',/tmp/rhwp_lossy/target/release/rhwp,rhwp v0.7.17,byte_reader_read_utf16_string_from_utf16_lossy,85
UOPKOBSA01_saybrkd,uopkobsa01:2023:162:1700:1744:401,과학기술정보통신부_온라인 수학·과학 가상실험 환경 구축(R&D).hwp,2023,과학기술정보통신부>과학기술>과학기술인력및문화>과학기술인력양성>창의적인재육성(과진)>온라인 수학·과학 가상실험 환경 구축(R&D),hwp,saybrkd-corpus-20260630/data/openfiscaldata/saybrkd/2023/2023162538001541744401.hwp,True,328192,ok,16,counted_rhwp_lossy_utf16,,returncode=0; output_head='\n오류: HWP 파싱 실패 - 유효하지 않은 파일: DocInfo 오류: DocInfo IO 오류: UTF-16 디코딩 실패: invalid utf-16: lone surrogate found\n',/tmp/rhwp_lossy/target/release/rhwp,rhwp v0.7.17,byte_reader_read_utf16_string_from_utf16_lossy,20
UOPKOBSA01_saybrkd,uopkobsa01:2023:162:1800:1836:401,과학기술정보통신부_한국과학기술단체총연합회지원(R&D).hwp,2023,과학기술정보통신부>과학기술>과학기술인력및문화>과학문화창달>과학기술진흥단체지원>한국과학기술단체총연합회지원(R&D),hwp,saybrkd-corpus-20260630/data/openfiscaldata/saybrkd/2023/2023162538001541836401.hwp,True,187904,ok,14,counted_rhwp_lossy_utf16,,returncode=0; output_head='\n오류: HWP 파싱 실패 - 유효하지 않은 파일: DocInfo 오류: DocInfo IO 오류: UTF-16 디코딩 실패: invalid utf-16: lone surrogate found\n',/tmp/rhwp_lossy/target/release/rhwp,rhwp v0.7.17,byte_reader_read_utf16_string_from_utf16_lossy,31
UOPKOBSA01_saybrkd,uopkobsa01:2023:162:9700:9704:972,과학기술정보통신부_비통화금융기관예치.hwp,2023,과학기술정보통신부>과학기술>과학기술일반>여유자금운용>여유자금운용>비통화금융기관예치,hwp,saybrkd-corpus-20260630/data/openfiscaldata/saybrkd/2023/2023162538001539704972.hwp,True,161792,ok,6,counted_rhwp_lossy_utf16,,returncode=0; output_head='\n오류: HWP 파싱 실패 - 유효하지 않은 파일: DocInfo 오류: DocInfo IO 오류: UTF-16 디코딩 실패: invalid utf-16: lone surrogate found\n',/tmp/rhwp_lossy/target/release/rhwp,rhwp v0.7.17,byte_reader_read_utf16_string_from_utf16_lossy,10
UOPKOBSA01_saybrkd,uopkobsa01:2023:162:7500:7576:200,과학기술정보통신부_과학기술진흥기금 관리비.hwp,2023,과학기술정보통신부>과학기술>과학기술인력및문화>과학기술기금지원>기금운영비(과학기술진흥기금)>과학기술진흥기금 관리비,hwp,saybrkd-corpus-20260630/data/openfiscaldata/saybrkd/2023/2023162538001547576200.hwp,True,163840,ok,7,counted_rhwp_lossy_utf16,,returncode=0; output_head='\n오류: HWP 파싱 실패 - 유효하지 않은 파일: DocInfo 오류: DocInfo IO 오류: UTF-16 디코딩 실패: invalid utf-16: lone surrogate found\n',/tmp/rhwp_lossy/target/release/rhwp,rhwp v0.7.17,byte_reader_read_utf16_string_from_utf16_lossy,11
UOPKOBSA01_saybrkd,uopkobsa01:2023:162:7500:7576:201,과학기술정보통신부_과학기술진흥기금사업 관리평가.hwp,2023,과학기술정보통신부>과학기술>과학기술인력및문화>과학기술기금지원>기금운영비(과학기술진흥기금)>과학기술진흥기금사업 관리평가,hwp,saybrkd-corpus-20260630/data/openfiscaldata/saybrkd/2023/2023162538001547576201.hwp,True,163840,ok,6,counted_rhwp_lossy_utf16,,returncode=0; output_head='\n오류: HWP 파싱 실패 - 유효하지 않은 파일: DocInfo 오류: DocInfo IO 오류: UTF-16 디코딩 실패: invalid utf-16: lone surrogate found\n',/tmp/rhwp_lossy/target/release/rhwp,rhwp v0.7.17,byte_reader_read_utf16_string_from_utf16_lossy,12
UOPKOBSA01_saybrkd,uopkobsa01:2023:162:1600:1631:306,과학기술정보통신부_주파수 확보 및 공급 기반기술 개발(R&D).hwp,2023,과학기술정보통신부>문화및관광>문화예술>정보통신방송기반조성>주파수활용여건조성>주파수 확보 및 공급 기반기술 개발(R&D),hwp,saybrkd-corpus-20260630/data/openfiscaldata/saybrkd/2023/2023162543000611631306.hwp,True,166912,ok,9,counted_rhwp_lossy_utf16,,returncode=0; output_head='\n오류: HWP 파싱 실패 - 유효하지 않은 파일: DocInfo 오류: DocInfo IO 오류: UTF-16 디코딩 실패: invalid utf-16: lone surrogate found\n',/tmp/rhwp_lossy/target/release/rhwp,rhwp v0.7.17,byte_reader_read_utf16_string_from_utf16_lossy,13
UOPKOBSA01_saybrkd,uopkobsa01:2023:162:9000:9001:906,과학기술정보통신부_공공자금관리기금(총괄계정) 예수이자상환.hwp,2023,과학기술정보통신부>통신>방송통신>기금간거래>공공자금관리기금 예탁>공공자금관리기금(총괄계정) 예수이자상환,hwp,saybrkd-corpus-20260630/data/openfiscaldata/saybrkd/2023/2023162543001319001906.hwp,True,161792,ok,6,counted_rhwp_lossy_utf16,,returncode=0; output_head='\n오류: HWP 파싱 실패 - 유효하지 않은 파일: DocInfo 오류: DocInfo IO 오류: UTF-16 디코딩 실패: invalid utf-16: lone surrogate found\n',/tmp/rhwp_lossy/target/release/rhwp,rhwp v0.7.17,byte_reader_read_utf16_string_from_utf16_lossy,10
UOPKOBSA01_saybrkd,uopkobsa01:2023:162:1300:1331:302,과학기술정보통신부_스페이스이노베이션(R&D).hwp,2023,과학기술정보통신부>과학기술>과학기술연구개발>우주개발진흥>인공위성개발(과기금)>스페이스이노베이션(R&D),hwp,saybrkd-corpus-20260630/data/openfiscaldata/saybrkd/2023/2023162538001551331302.hwp,True,164864,ok,7,counted_rhwp_lossy_utf16,,returncode=0; output_head='\n오류: HWP 파싱 실패 - 유효하지 않은 파일: DocInfo 오류: DocInfo IO 오류: UTF-16 디코딩 실패: invalid utf-16: lone surrogate found\n',/tmp/rhwp_lossy/target/release/rhwp,rhwp v0.7.17,byte_reader_read_utf16_string_from_utf16_lossy,11
UOPKOBSA01_saybrkd,uopkobsa01:2023:162:1500:1531:417,과학기술정보통신부_미래치안도전기술개발(R&D).hwp,2023,과학기술정보통신부>과학기술>과학기술연구개발>사회문제해결>사회문제해결연구>미래치안도전기술개발(R&D),hwp,saybrkd-corpus-20260630/data/openfiscaldata/saybrkd/2023/2023162110001551531417.hwp,True,15260672,ok,18,counted_rhwp_lossy_utf16,,returncode=0; output_head='\n오류: HWP 파싱 실패 - 유효하지 않은 파일: DocInfo 오류: DocInfo IO 오류: UTF-16 디코딩 실패: invalid utf-16: lone surrogate found\n',/tmp/rhwp_lossy/target/release/rhwp,rhwp v0.7.17,byte_reader_read_utf16_string_from_utf16_lossy,72
UOPKOBSA01_saybrkd,uopkobsa01:2023:162:9700:9721:971,과학기술정보통신부_비통화금융기관예치.hwp,2023,과학기술정보통신부>통신>방송통신>여유자금운용>비통화금융기관예치>비통화금융기관예치,hwp,saybrkd-corpus-20260630/data/openfiscaldata/saybrkd/2023/2023162543001319721971.hwp,True,158208,ok,5,counted_rhwp_lossy_utf16,,returncode=0; output_head='\n오류: HWP 파싱 실패 - 유효하지 않은 파일: DocInfo 오류: DocInfo IO 오류: UTF-16 디코딩 실패: invalid utf-16: lone surrogate found\n',/tmp/rhwp_lossy/target/release/rhwp,rhwp v0.7.17,byte_reader_read_utf16_string_from_utf16_lossy,9
UOPKOBSA01_saybrkd,uopkobsa01:2023:162:1100:1158:447,과학기술정보통신부_디지털연구혁신선도기관육성(R&D).hwp,2023,과학기술정보통신부>과학기술>과학기술연구개발>미래유망원천기술개발>첨단융합기술개발>디지털연구혁신선도기관육성(R&D),hwp,saybrkd-corpus-20260630/data/openfiscaldata/saybrkd/2023/2023162110001551158447.hwp,True,5573120,ok,10,counted_rhwp_lossy_utf16,,returncode=0; output_head='\n오류: HWP 파싱 실패 - 유효하지 않은 파일: DocInfo 오류: DocInfo IO 오류: UTF-16 디코딩 실패: invalid utf-16: lone surrogate found\n',/tmp/rhwp_lossy/target/release/rhwp,rhwp v0.7.17,byte_reader_read_utf16_string_from_utf16_lossy,64
UOPKOBSA01_saybrkd,uopkobsa01:2023:162:1200:1235:404,과학기술정보통신부_아태이론물리센터지원(R&D).hwp,2023,과학기술정보통신부>과학기술>과학기술연구개발>기초연구진흥>기초연구기반구축사업>아태이론물리센터지원(R&D),hwp,saybrkd-corpus-20260630/data/openfiscaldata/saybrkd/2023/2023162538001551235404.hwp,True,177152,ok,12,counted_rhwp_lossy_utf16,,returncode=0; output_head='\n오류: HWP 파싱 실패 - 유효하지 않은 파일: DocInfo 오류: DocInfo IO 오류: UTF-16 디코딩 실패: invalid utf-16: lone surrogate found\n',/tmp/rhwp_lossy/target/release/rhwp,rhwp v0.7.17,byte_reader_read_utf16_string_from_utf16_lossy,16
UOPKOBSA01_saybrkd,uopkobsa01:2023:162:1800:1831:412,과학기술정보통신부_과학전문방송제작지원(과기금).hwp,2023,과학기술정보통신부>과학기술>과학기술인력및문화>과학문화창달>과학기술문화창달사업>과학전문방송제작지원(과기금),hwp,saybrkd-corpus-20260630/data/openfiscaldata/saybrkd/2023/2023162538001541831412.hwp,True,166912,ok,8,counted_rhwp_lossy_utf16,,returncode=0; output_head='\n오류: HWP 파싱 실패 - 유효하지 않은 파일: DocInfo 오류: DocInfo IO 오류: UTF-16 디코딩 실패: invalid utf-16: lone surrogate found\n',/tmp/rhwp_lossy/target/release/rhwp,rhwp v0.7.17,byte_reader_read_utf16_string_from_utf16_lossy,13
UOPKOBSA01_saybrkd,uopkobsa01:2023:162:9700:9711:971,과학기술정보통신부_통화금융기관예치.hwp,2023,과학기술정보통신부>통신>방송통신>여유자금운용>통화금융기관예치>통화금융기관예치,hwp,saybrkd-corpus-20260630/data/openfiscaldata/saybrkd/2023/2023162543001319711971.hwp,True,157696,ok,5,counted_rhwp_lossy_utf16,,returncode=0; output_head='\n오류: HWP 파싱 실패 - 유효하지 않은 파일: DocInfo 오류: DocInfo IO 오류: UTF-16 디코딩 실패: invalid utf-16: lone surrogate found\n',/tmp/rhwp_lossy/target/release/rhwp,rhwp v0.7.17,byte_reader_read_utf16_string_from_utf16_lossy,9
UOPKOBSA01_saybrkd,uopkobsa01:2023:162:2000:2032:302,과학기술정보통신부_네트워크슬라이싱기반 5G융합서비스 테스트베드 구축운영(R&D).hwp,2023,과학기술정보통신부>통신>정보통신>인터넷융합산업>인터넷이용환경고도화(정진)>네트워크슬라이싱기반 5G융합서비스 테스트베드 구축운영(R&D),hwp,saybrkd-corpus-20260630/data/openfiscaldata/saybrkd/2023/2023162543001332032302.hwp,True,330752,ok,9,counted_rhwp_lossy_utf16,,returncode=0; output_head='\n오류: HWP 파싱 실패 - 유효하지 않은 파일: DocInfo 오류: DocInfo IO 오류: UTF-16 디코딩 실패: invalid utf-16: lone surrogate found\n',/tmp/rhwp_lossy/target/release/rhwp,rhwp v0.7.17,byte_reader_read_utf16_string_from_utf16_lossy,16
UOPKOBSA01_saybrkd,uopkobsa01:2023:162:2500:2531:305,과학기술정보통신부_전파산업핵심기술개발R&D(R&D).hwp,2023,과학기술정보통신부>통신>방송통신>전파활용방송서비스산업>전파방송산업 활성화(정진)>전파산업핵심기술개발R&D(R&D),hwp,saybrkd-corpus-20260630/data/openfiscaldata/saybrkd/2023/2023162543001312531305.hwp,True,250880,ok,9,counted_rhwp_lossy_utf16,,returncode=0; output_head='\n오류: HWP 파싱 실패 - 유효하지 않은 파일: DocInfo 오류: DocInfo IO 오류: UTF-16 디코딩 실패: invalid utf-16: lone surrogate found\n',/tmp/rhwp_lossy/target/release/rhwp,rhwp v0.7.17,byte_reader_read_utf16_string_from_utf16_lossy,16
UOPKOBSA01_saybrkd,uopkobsa01:2023:162:1800:1831:409,과학기술정보통신부_과학문화산업육성.hwp,2023,과학기술정보통신부>과학기술>과학기술인력및문화>과학문화창달>과학기술문화창달사업>과학문화산업육성,hwp,saybrkd-corpus-20260630/data/openfiscaldata/saybrkd/2023/2023162538001541831409.hwp,True,170496,ok,9,counted_rhwp_lossy_utf16,,returncode=0; output_head='\n오류: HWP 파싱 실패 - 유효하지 않은 파일: DocInfo 오류: DocInfo IO 오류: UTF-16 디코딩 실패: invalid utf-16: lone surrogate found\n',/tmp/rhwp_lossy/target/release/rhwp,rhwp v0.7.17,byte_reader_read_utf16_string_from_utf16_lossy,27
UOPKOBSA01_saybrkd,uopkobsa01:2023:162:1700:1731:410,과학기술정보통신부_포용성장전문연구인력양성(R&D).hwp,2023,과학기술정보통신부>과학기술>과학기술인력및문화>과학기술인력양성>과학기술자인력활용>포용성장전문연구인력양성(R&D),hwp,saybrkd-corpus-20260630/data/openfiscaldata/saybrkd/2023/2023162538001541731410.hwp,True,172544,ok,9,counted_rhwp_lossy_utf16,,returncode=0; output_head='\n오류: HWP 파싱 실패 - 유효하지 않은 파일: DocInfo 오류: DocInfo IO 오류: UTF-16 디코딩 실패: invalid utf-16: lone surrogate found\n',/tmp/rhwp_lossy/target/release/rhwp,rhwp v0.7.17,byte_reader_read_utf16_string_from_utf16_lossy,16
UOPKOBSA01_saybrkd,uopkobsa01:2023:162:1600:1631:307,과학기술정보통신부_테라헤르츠 대역 전파자원 기반 구축(R&D).hwp,2023,과학기술정보통신부>문화및관광>문화예술>정보통신방송기반조성>주파수활용여건조성>테라헤르츠 대역 전파자원 기반 구축(R&D),hwp,saybrkd-corpus-20260630/data/openfiscaldata/saybrkd/2023/2023162543000611631307.hwp,True,256512,ok,12,counted_rhwp_lossy_utf16,,returncode=0; output_head='\n오류: HWP 파싱 실패 - 유효하지 않은 파일: DocInfo 오류: DocInfo IO 오류: UTF-16 디코딩 실패: invalid utf-16: lone surrogate found\n',/tmp/rhwp_lossy/target/release/rhwp,rhwp v0.7.17,byte_reader_read_utf16_string_from_utf16_lossy,26
UOPKOBSA01_saybrkd,uopkobsa01:2023:162:1800:1831:410,과학기술정보통신부_무한상상실 개설·운영.hwp,2023,과학기술정보통신부>과학기술>과학기술인력및문화>과학문화창달>과학기술문화창달사업>무한상상실 개설·운영,hwp,saybrkd-corpus-20260630/data/openfiscaldata/saybrkd/2023/2023162538001541831410.hwp,True,541184,ok,22,counted_rhwp_lossy_utf16,,returncode=0; output_head='\n오류: HWP 파싱 실패 - 유효하지 않은 파일: DocInfo 오류: DocInfo IO 오류: UTF-16 디코딩 실패: invalid utf-16: lone surrogate found\n',/tmp/rhwp_lossy/target/release/rhwp,rhwp v0.7.17,byte_reader_read_utf16_string_from_utf16_lossy,26
UOPKOBSA01_saybrkd,uopkobsa01:2023:162:2000:2031:307,과학기술정보통신부_5G 기반 IoT 핵심기술개발(R&D).hwp,2023,과학기술정보통신부>통신>정보통신>인터넷융합산업>스마트화기술개발(정진)>5G 기반 IoT 핵심기술개발(R&D),hwp,saybrkd-corpus-20260630/data/openfiscaldata/saybrkd/2023/2023162543001332031307.hwp,True,184320,ok,15,counted_rhwp_lossy_utf16,,returncode=0; output_head='\n오류: HWP 파싱 실패 - 유효하지 않은 파일: DocInfo 오류: DocInfo IO 오류: UTF-16 디코딩 실패: invalid utf-16: lone surrogate found\n',/tmp/rhwp_lossy/target/release/rhwp,rhwp v0.7.17,byte_reader_read_utf16_string_from_utf16_lossy,19
UOPKOBSA01_saybrkd,uopkobsa01:2023:162:1300:1333:301,과학기술정보통신부_뉴스페이스투자지원.hwp,2023,과학기술정보통신부>과학기술>과학기술연구개발>우주개발진흥>우주핵심기술개발사업(과기금)>뉴스페이스투자지원,hwp,saybrkd-corpus-20260630/data/openfiscaldata/saybrkd/2023/2023162538001551333301.hwp,True,491520,ok,7,counted_rhwp_lossy_utf16,,returncode=0; output_head='\n오류: HWP 파싱 실패 - 유효하지 않은 파일: DocInfo 오류: DocInfo IO 오류: UTF-16 디코딩 실패: invalid utf-16: lone surrogate found\n',/tmp/rhwp_lossy/target/release/rhwp,rhwp v0.7.17,byte_reader_read_utf16_string_from_utf16_lossy,15
UOPKOBSA01_saybrkd,uopkobsa01:2023:162:1800:1836:402,과학기술정보통신부_한국과학기술한림원지원(R&D).hwp,2023,과학기술정보통신부>과학기술>과학기술인력및문화>과학문화창달>과학기술진흥단체지원>한국과학기술한림원지원(R&D),hwp,saybrkd-corpus-20260630/data/openfiscaldata/saybrkd/2023/2023162538001541836402.hwp,True,176640,ok,12,counted_rhwp_lossy_utf16,,returncode=0; output_head='\n오류: HWP 파싱 실패 - 유효하지 않은 파일: DocInfo 오류: DocInfo IO 오류: UTF-16 디코딩 실패: invalid utf-16: lone surrogate found\n',/tmp/rhwp_lossy/target/release/rhwp,rhwp v0.7.17,byte_reader_read_utf16_string_from_utf16_lossy,16
UOPKOBSA01_saybrkd,uopkobsa01:2023:162:1800:1831:402,과학기술정보통신부_과학문화확산사업.hwp,2023,과학기술정보통신부>과학기술>과학기술인력및문화>과학문화창달>과학기술문화창달사업>과학문화확산사업,hwp,saybrkd-corpus-20260630/data/openfiscaldata/saybrkd/2023/2023162538001541831402.hwp,True,187392,ok,14,counted_rhwp_lossy_utf16,,returncode=0; output_head='\n오류: HWP 파싱 실패 - 유효하지 않은 파일: DocInfo 오류: DocInfo IO 오류: UTF-16 디코딩 실패: invalid utf-16: lone surrogate found\n',/tmp/rhwp_lossy/target/release/rhwp,rhwp v0.7.17,byte_reader_read_utf16_string_from_utf16_lossy,59
UOPKOBSA01_saybrkd,uopkobsa01:2023:162:1800:1836:406,과학기술정보통신부_공공기술사업화기업 투자지원.hwp,2023,과학기술정보통신부>과학기술>과학기술인력및문화>과학문화창달>과학기술진흥단체지원>공공기술사업화기업 투자지원,hwp,saybrkd-corpus-20260630/data/openfiscaldata/saybrkd/2023/2023162538001541836406.hwp,True,181760,ok,8,counted_rhwp_lossy_utf16,,returncode=0; output_head='\n오류: HWP 파싱 실패 - 유효하지 않은 파일: DocInfo 오류: DocInfo IO 오류: UTF-16 디코딩 실패: invalid utf-16: lone surrogate found\n',/tmp/rhwp_lossy/target/release/rhwp,rhwp v0.7.17,byte_reader_read_utf16_string_from_utf16_lossy,12
UOPKOBSA01_saybrkd,uopkobsa01:2023:162:2000:2033:501,과학기술정보통신부_페이퍼리스촉진지원.hwp,2023,과학기술정보통신부>통신>정보통신>인터넷융합산업>스마트화산업기반확충(정진)>페이퍼리스촉진지원,hwp,saybrkd-corpus-20260630/data/openfiscaldata/saybrkd/2023/2023162543001332033501.hwp,True,176128,ok,14,counted_rhwp_lossy_utf16,,returncode=0; output_head='\n오류: HWP 파싱 실패 - 유효하지 않은 파일: DocInfo 오류: DocInfo IO 오류: UTF-16 디코딩 실패: invalid utf-16: lone surrogate found\n',/tmp/rhwp_lossy/target/release/rhwp,rhwp v0.7.17,byte_reader_read_utf16_string_from_utf16_lossy,26
UOPKOBSA01_saybrkd,uopkobsa01:2023:162:2200:2231:302,"과학기술정보통신부_디지털콘텐츠원천기술개발(R&D,정보화).hwp",2023,"과학기술정보통신부>통신>정보통신>SW산업진흥>SW.디지털콘텐츠기술개발>디지털콘텐츠원천기술개발(R&D,정보화)",hwp,saybrkd-corpus-20260630/data/openfiscaldata/saybrkd/2023/2023162543001332231302.hwp,True,182272,ok,9,counted_rhwp_lossy_utf16,,returncode=0; output_head='\n오류: HWP 파싱 실패 - 유효하지 않은 파일: DocInfo 오류: DocInfo IO 오류: UTF-16 디코딩 실패: invalid utf-16: lone surrogate found\n',/tmp/rhwp_lossy/target/release/rhwp,rhwp v0.7.17,byte_reader_read_utf16_string_from_utf16_lossy,16
UOPKOBSA01_saybrkd,uopkobsa01:2023:162:2000:2033:320,과학기술정보통신부_블록체인활용기반조성(정진).hwp,2023,과학기술정보통신부>통신>정보통신>인터넷융합산업>스마트화산업기반확충(정진)>블록체인활용기반조성(정진),hwp,saybrkd-corpus-20260630/data/openfiscaldata/saybrkd/2023/2023162543001332033320.hwp,True,186368,ok,12,counted_rhwp_lossy_utf16,,returncode=0; output_head='\n오류: HWP 파싱 실패 - 유효하지 않은 파일: DocInfo 오류: DocInfo IO 오류: UTF-16 디코딩 실패: invalid utf-16: lone surrogate found\n',/tmp/rhwp_lossy/target/release/rhwp,rhwp v0.7.17,byte_reader_read_utf16_string_from_utf16_lossy,31
UOPKOBSA01_saybrkd,uopkobsa01:2023:162:2000:2033:310,과학기술정보통신부_ICT융합자율주행기반구축.hwp,2023,과학기술정보통신부>통신>정보통신>인터넷융합산업>스마트화산업기반확충(정진)>ICT융합자율주행기반구축,hwp,saybrkd-corpus-20260630/data/openfiscaldata/saybrkd/2023/2023162543001332033310.hwp,True,786432,ok,10,counted_rhwp_lossy_utf16,,returncode=0; output_head='\n오류: HWP 파싱 실패 - 유효하지 않은 파일: DocInfo 오류: DocInfo IO 오류: UTF-16 디코딩 실패: invalid utf-16: lone surrogate found\n',/tmp/rhwp_lossy/target/release/rhwp,rhwp v0.7.17,byte_reader_read_utf16_string_from_utf16_lossy,21
UOPKOBSA01_saybrkd,uopkobsa01:2023:162:2000:2031:327,과학기술정보통신부_ICT융합산업혁신기술개발(R&D).hwp,2023,과학기술정보통신부>통신>정보통신>인터넷융합산업>스마트화기술개발(정진)>ICT융합산업혁신기술개발(R&D),hwp,saybrkd-corpus-20260630/data/openfiscaldata/saybrkd/2023/2023162543001332031327.hwp,True,860672,ok,17,counted_rhwp_lossy_utf16,,returncode=0; output_head='\n오류: HWP 파싱 실패 - 유효하지 않은 파일: DocInfo 오류: DocInfo IO 오류: UTF-16 디코딩 실패: invalid utf-16: lone surrogate found\n',/tmp/rhwp_lossy/target/release/rhwp,rhwp v0.7.17,byte_reader_read_utf16_string_from_utf16_lossy,22
UOPKOBSA01_saybrkd,uopkobsa01:2023:162:2100:2132:302,과학기술정보통신부_양자센서 핵심원천기술 개발(R&D).hwp,2023,과학기술정보통신부>통신>정보통신>정보통신융합산업>콘텐츠디바이스기술개발(정진)>양자센서 핵심원천기술 개발(R&D),hwp,saybrkd-corpus-20260630/data/openfiscaldata/saybrkd/2023/2023162543001332132302.hwp,True,838144,ok,13,counted_rhwp_lossy_utf16,,returncode=0; output_head='\n오류: HWP 파싱 실패 - 유효하지 않은 파일: DocInfo 오류: DocInfo IO 오류: UTF-16 디코딩 실패: invalid utf-16: lone surrogate found\n',/tmp/rhwp_lossy/target/release/rhwp,rhwp v0.7.17,byte_reader_read_utf16_string_from_utf16_lossy,22
UOPKOBSA01_saybrkd,uopkobsa01:2023:162:2000:2033:402,과학기술정보통신부_지능정보 서비스 확산.hwp,2023,과학기술정보통신부>통신>정보통신>인터넷융합산업>스마트화산업기반확충(정진)>지능정보 서비스 확산,hwp,saybrkd-corpus-20260630/data/openfiscaldata/saybrkd/2023/2023162543001332033402.hwp,True,814592,ok,15,counted_rhwp_lossy_utf16,,returncode=0; output_head='\n오류: HWP 파싱 실패 - 유효하지 않은 파일: DocInfo 오류: DocInfo IO 오류: UTF-16 디코딩 실패: invalid utf-16: lone surrogate found\n',/tmp/rhwp_lossy/target/release/rhwp,rhwp v0.7.17,byte_reader_read_utf16_string_from_utf16_lossy,30
UOPKOBSA01_saybrkd,uopkobsa01:2023:162:2100:2137:303,과학기술정보통신부_해외IT지원센터운영.hwp,2023,과학기술정보통신부>통신>정보통신>정보통신융합산업>ICT산업기반확충(정진)>해외IT지원센터운영,hwp,saybrkd-corpus-20260630/data/openfiscaldata/saybrkd/2023/2023162543001332137303.hwp,True,177152,ok,11,counted_rhwp_lossy_utf16,,returncode=0; output_head='\n오류: HWP 파싱 실패 - 유효하지 않은 파일: DocInfo 오류: DocInfo IO 오류: UTF-16 디코딩 실패: invalid utf-16: lone surrogate found\n',/tmp/rhwp_lossy/target/release/rhwp,rhwp v0.7.17,byte_reader_read_utf16_string_from_utf16_lossy,16
UOPKOBSA01_saybrkd,uopkobsa01:2023:162:2100:2133:306,과학기술정보통신부_ICT기반 개방형 혁신제품·서비스개발 지원(R&D).hwp,2023,과학기술정보통신부>통신>정보통신>정보통신융합산업>ICT사업화지원(정진)>ICT기반 개방형 혁신제품·서비스개발 지원(R&D),hwp,saybrkd-corpus-20260630/data/openfiscaldata/saybrkd/2023/2023162543001332133306.hwp,True,180736,ok,10,counted_rhwp_lossy_utf16,,returncode=0; output_head='\n오류: HWP 파싱 실패 - 유효하지 않은 파일: DocInfo 오류: DocInfo IO 오류: UTF-16 디코딩 실패: invalid utf-16: lone surrogate found\n',/tmp/rhwp_lossy/target/release/rhwp,rhwp v0.7.17,byte_reader_read_utf16_string_from_utf16_lossy,15
UOPKOBSA01_saybrkd,uopkobsa01:2023:162:1800:1836:403,과학기술정보통신부_여성과학기술인지원센터설치운영.hwp,2023,과학기술정보통신부>과학기술>과학기술인력및문화>과학문화창달>과학기술진흥단체지원>여성과학기술인지원센터설치운영,hwp,saybrkd-corpus-20260630/data/openfiscaldata/saybrkd/2023/2023162538001541836403.hwp,True,174080,ok,12,counted_rhwp_lossy_utf16,,returncode=0; output_head='\n오류: HWP 파싱 실패 - 유효하지 않은 파일: DocInfo 오류: DocInfo IO 오류: UTF-16 디코딩 실패: invalid utf-16: lone surrogate found\n',/tmp/rhwp_lossy/target/release/rhwp,rhwp v0.7.17,byte_reader_read_utf16_string_from_utf16_lossy,46
UOPKOBSA01_saybrkd,uopkobsa01:2023:162:1600:1631:305,과학기술정보통신부_천리안통신위성이용기반구축.hwp,2023,과학기술정보통신부>문화및관광>문화예술>정보통신방송기반조성>주파수활용여건조성>천리안통신위성이용기반구축,hwp,saybrkd-corpus-20260630/data/openfiscaldata/saybrkd/2023/2023162543000611631305.hwp,True,2167296,ok,11,counted_rhwp_lossy_utf16,,returncode=0; output_head='\n오류: HWP 파싱 실패 - 유효하지 않은 파일: DocInfo 오류: DocInfo IO 오류: UTF-16 디코딩 실패: invalid utf-16: lone surrogate found\n',/tmp/rhwp_lossy/target/release/rhwp,rhwp v0.7.17,byte_reader_read_utf16_string_from_utf16_lossy,41
UOPKOBSA01_saybrkd,uopkobsa01:2023:162:2100:2133:301,과학기술정보통신부_정보통신응용기술개발지원(융자).hwp,2023,과학기술정보통신부>통신>정보통신>정보통신융합산업>ICT사업화지원(정진)>정보통신응용기술개발지원(융자),hwp,saybrkd-corpus-20260630/data/openfiscaldata/saybrkd/2023/2023162543001332133301.hwp,True,183808,ok,11,counted_rhwp_lossy_utf16,,returncode=0; output_head='\n오류: HWP 파싱 실패 - 유효하지 않은 파일: DocInfo 오류: DocInfo IO 오류: UTF-16 디코딩 실패: invalid utf-16: lone surrogate found\n',/tmp/rhwp_lossy/target/release/rhwp,rhwp v0.7.17,byte_reader_read_utf16_string_from_utf16_lossy,13
UOPKOBSA01_saybrkd,uopkobsa01:2023:162:2600:2601:303,과학기술정보통신부_데이터 활용확산 정책지원.hwp,2023,과학기술정보통신부>통신>정보통신>인공지능데이터진흥>AI기술개발(정진)>데이터 활용확산 정책지원,hwp,saybrkd-corpus-20260630/data/openfiscaldata/saybrkd/2023/2023162543001332601303.hwp,True,185856,ok,13,counted_rhwp_lossy_utf16,,returncode=0; output_head='\n오류: HWP 파싱 실패 - 유효하지 않은 파일: DocInfo 오류: DocInfo IO 오류: UTF-16 디코딩 실패: invalid utf-16: lone surrogate found\n',/tmp/rhwp_lossy/target/release/rhwp,rhwp v0.7.17,byte_reader_read_utf16_string_from_utf16_lossy,17
UOPKOBSA01_saybrkd,uopkobsa01:2023:162:2300:2331:305,과학기술정보통신부_사이버보안챌린지선도기술개발(R&D).hwp,2023,과학기술정보통신부>통신>정보통신>정보보호및활용>정보보호기술개발(정진)>사이버보안챌린지선도기술개발(R&D),hwp,saybrkd-corpus-20260630/data/openfiscaldata/saybrkd/2023/2023162543001332331305.hwp,True,169472,ok,9,counted_rhwp_lossy_utf16,,returncode=0; output_head='\n오류: HWP 파싱 실패 - 유효하지 않은 파일: DocInfo 오류: DocInfo IO 오류: UTF-16 디코딩 실패: invalid utf-16: lone surrogate found\n',/tmp/rhwp_lossy/target/release/rhwp,rhwp v0.7.17,byte_reader_read_utf16_string_from_utf16_lossy,13
UOPKOBSA01_saybrkd,uopkobsa01:2023:162:2100:2132:310,과학기술정보통신부_ICT 미래시장 최적화 협업 기술개발(R&D).hwp,2023,과학기술정보통신부>통신>정보통신>정보통신융합산업>콘텐츠디바이스기술개발(정진)>ICT 미래시장 최적화 협업 기술개발(R&D),hwp,saybrkd-corpus-20260630/data/openfiscaldata/saybrkd/2023/2023162543001332132310.hwp,True,171520,ok,9,counted_rhwp_lossy_utf16,,returncode=0; output_head='\n오류: HWP 파싱 실패 - 유효하지 않은 파일: DocInfo 오류: DocInfo IO 오류: UTF-16 디코딩 실패: invalid utf-16: lone surrogate found\n',/tmp/rhwp_lossy/target/release/rhwp,rhwp v0.7.17,byte_reader_read_utf16_string_from_utf16_lossy,14
UOPKOBSA01_saybrkd,uopkobsa01:2023:162:2200:2232:420,과학기술정보통신부_이노베이션아카데미.hwp,2023,과학기술정보통신부>통신>정보통신>SW산업진흥>SW융합인력양성>이노베이션아카데미,hwp,saybrkd-corpus-20260630/data/openfiscaldata/saybrkd/2023/2023162543001332232420.hwp,True,170496,ok,10,counted_rhwp_lossy_utf16,,returncode=0; output_head='\n오류: HWP 파싱 실패 - 유효하지 않은 파일: DocInfo 오류: DocInfo IO 오류: UTF-16 디코딩 실패: invalid utf-16: lone surrogate found\n',/tmp/rhwp_lossy/target/release/rhwp,rhwp v0.7.17,byte_reader_read_utf16_string_from_utf16_lossy,15
UOPKOBSA01_saybrkd,uopkobsa01:2023:162:2600:2601:308,과학기술정보통신부_데이터 활용 의료·건강생태계 조성.hwp,2023,과학기술정보통신부>통신>정보통신>인공지능데이터진흥>AI기술개발(정진)>데이터 활용 의료·건강생태계 조성,hwp,saybrkd-corpus-20260630/data/openfiscaldata/saybrkd/2023/2023162543001332601308.hwp,True,177152,ok,8,counted_rhwp_lossy_utf16,,returncode=0; output_head='\n오류: HWP 파싱 실패 - 유효하지 않은 파일: DocInfo 오류: DocInfo IO 오류: UTF-16 디코딩 실패: invalid utf-16: lone surrogate found\n',/tmp/rhwp_lossy/target/release/rhwp,rhwp v0.7.17,byte_reader_read_utf16_string_from_utf16_lossy,12
UOPKOBSA01_saybrkd,uopkobsa01:2023:162:2600:2601:307,과학기술정보통신부_인공지능·메타버스 기반 재난안전관리 체계 강화.hwp,2023,과학기술정보통신부>통신>정보통신>인공지능데이터진흥>AI기술개발(정진)>인공지능·메타버스 기반 재난안전관리 체계 강화,hwp,saybrkd-corpus-20260630/data/openfiscaldata/saybrkd/2023/2023162543001332601307.hwp,True,177664,ok,6,counted_rhwp_lossy_utf16,,returncode=0; output_head='\n오류: HWP 파싱 실패 - 유효하지 않은 파일: DocInfo 오류: DocInfo IO 오류: UTF-16 디코딩 실패: invalid utf-16: lone surrogate found\n',/tmp/rhwp_lossy/target/release/rhwp,rhwp v0.7.17,byte_reader_read_utf16_string_from_utf16_lossy,11
UOPKOBSA01_saybrkd,uopkobsa01:2023:162:2200:2233:305,과학기술정보통신부_공공SW사업선진화(정보화).hwp,2023,과학기술정보통신부>통신>정보통신>SW산업진흥>SW산업경쟁력강화(정진)>공공SW사업선진화(정보화),hwp,saybrkd-corpus-20260630/data/openfiscaldata/saybrkd/2023/2023162543001332233305.hwp,True,187904,ok,17,counted_rhwp_lossy_utf16,,returncode=0; output_head='\n오류: HWP 파싱 실패 - 유효하지 않은 파일: DocInfo 오류: DocInfo IO 오류: UTF-16 디코딩 실패: invalid utf-16: lone surrogate found\n',/tmp/rhwp_lossy/target/release/rhwp,rhwp v0.7.17,byte_reader_read_utf16_string_from_utf16_lossy,29
UOPKOBSA01_saybrkd,uopkobsa01:2023:162:2600:2602:303,과학기술정보통신부_부처협업 기반 AI확산.hwp,2023,과학기술정보통신부>통신>정보통신>인공지능데이터진흥>AI경쟁력강화(정진)>부처협업 기반 AI확산,hwp,saybrkd-corpus-20260630/data/openfiscaldata/saybrkd/2023/2023162543001332602303.hwp,True,644096,ok,10,counted_rhwp_lossy_utf16,,returncode=0; output_head='\n오류: HWP 파싱 실패 - 유효하지 않은 파일: DocInfo 오류: DocInfo IO 오류: UTF-16 디코딩 실패: invalid utf-16: lone surrogate found\n',/tmp/rhwp_lossy/target/release/rhwp,rhwp v0.7.17,byte_reader_read_utf16_string_from_utf16_lossy,20
UOPKOBSA01_saybrkd,uopkobsa01:2023:162:2300:2331:304,"과학기술정보통신부_정보보호핵심원천기술개발(R&D,정보화).hwp",2023,"과학기술정보통신부>통신>정보통신>정보보호및활용>정보보호기술개발(정진)>정보보호핵심원천기술개발(R&D,정보화)",hwp,saybrkd-corpus-20260630/data/openfiscaldata/saybrkd/2023/2023162543001332331304.hwp,True,178688,ok,12,counted_rhwp_lossy_utf16,,returncode=0; output_head='\n오류: HWP 파싱 실패 - 유효하지 않은 파일: DocInfo 오류: DocInfo IO 오류: UTF-16 디코딩 실패: invalid utf-16: lone surrogate found\n',/tmp/rhwp_lossy/target/release/rhwp,rhwp v0.7.17,byte_reader_read_utf16_string_from_utf16_lossy,19
UOPKOBSA01_saybrkd,uopkobsa01:2023:162:1500:1532:402,과학기술정보통신부_재난안전플랫폼기술개발(R&D).hwp,2023,과학기술정보통신부>과학기술>과학기술연구개발>사회문제해결>재난재해대응기술개발>재난안전플랫폼기술개발(R&D),hwp,saybrkd-corpus-20260630/data/openfiscaldata/saybrkd/2023/2023162110001551532402.hwp,True,11248640,ok,36,counted_rhwp_lossy_utf16,,returncode=0; output_head='\n오류: HWP 파싱 실패 - 유효하지 않은 파일: DocInfo 오류: DocInfo IO 오류: UTF-16 디코딩 실패: invalid utf-16: lone surrogate found\n',/tmp/rhwp_lossy/target/release/rhwp,rhwp v0.7.17,byte_reader_read_utf16_string_from_utf16_lossy,141
UOPKOBSA01_saybrkd,uopkobsa01:2023:162:2100:2137:335,과학기술정보통신부_산업연계형 디지털전환 전문기업 육성.hwp,2023,과학기술정보통신부>통신>정보통신>정보통신융합산업>ICT산업기반확충(정진)>산업연계형 디지털전환 전문기업 육성,hwp,saybrkd-corpus-20260630/data/openfiscaldata/saybrkd/2023/2023162543001332137335.hwp,True,172032,ok,10,counted_rhwp_lossy_utf16,,returncode=0; output_head='\n오류: HWP 파싱 실패 - 유효하지 않은 파일: DocInfo 오류: DocInfo IO 오류: UTF-16 디코딩 실패: invalid utf-16: lone surrogate found\n',/tmp/rhwp_lossy/target/release/rhwp,rhwp v0.7.17,byte_reader_read_utf16_string_from_utf16_lossy,16
UOPKOBSA01_saybrkd,uopkobsa01:2023:162:2100:2137:305,과학기술정보통신부_ICT혁신선도연구인프라구축(R&D).hwp,2023,과학기술정보통신부>통신>정보통신>정보통신융합산업>ICT산업기반확충(정진)>ICT혁신선도연구인프라구축(R&D),hwp,saybrkd-corpus-20260630/data/openfiscaldata/saybrkd/2023/2023162543001332137305.hwp,True,519168,ok,15,counted_rhwp_lossy_utf16,,returncode=0; output_head='\n오류: HWP 파싱 실패 - 유효하지 않은 파일: DocInfo 오류: DocInfo IO 오류: UTF-16 디코딩 실패: invalid utf-16: lone surrogate found\n',/tmp/rhwp_lossy/target/release/rhwp,rhwp v0.7.17,byte_reader_read_utf16_string_from_utf16_lossy,28
UOPKOBSA01_saybrkd,uopkobsa01:2023:162:1100:1158:442,과학기술정보통신부_민군기술협력(R&D).hwp,2023,과학기술정보통신부>과학기술>과학기술연구개발>미래유망원천기술개발>첨단융합기술개발>민군기술협력(R&D),hwp,saybrkd-corpus-20260630/data/openfiscaldata/saybrkd/2023/2023162110001551158442.hwp,True,11506688,ok,25,counted_rhwp_lossy_utf16,,returncode=0; output_head='\n오류: HWP 파싱 실패 - 유효하지 않은 파일: DocInfo 오류: DocInfo IO 오류: UTF-16 디코딩 실패: invalid utf-16: lone surrogate found\n',/tmp/rhwp_lossy/target/release/rhwp,rhwp v0.7.17,byte_reader_read_utf16_string_from_utf16_lossy,156
UOPKOBSA01_saybrkd,uopkobsa01:2023:162:2000:2031:309,과학기술정보통신부_디지털 트윈 기반 재난 안전관리 플랫폼 기술개발(R&D).hwp,2023,과학기술정보통신부>통신>정보통신>인터넷융합산업>스마트화기술개발(정진)>디지털 트윈 기반 재난 안전관리 플랫폼 기술개발(R&D),hwp,saybrkd-corpus-20260630/data/openfiscaldata/saybrkd/2023/2023162543001332031309.hwp,True,3778560,ok,10,counted_rhwp_lossy_utf16,,returncode=0; output_head='\n오류: HWP 파싱 실패 - 유효하지 않은 파일: DocInfo 오류: DocInfo IO 오류: UTF-16 디코딩 실패: invalid utf-16: lone surrogate found\n',/tmp/rhwp_lossy/target/release/rhwp,rhwp v0.7.17,byte_reader_read_utf16_string_from_utf16_lossy,68
UOPKOBSA01_saybrkd,uopkobsa01:2023:162:2100:2137:333,과학기술정보통신부_5G 산업융합 기반조성.hwp,2023,과학기술정보통신부>통신>정보통신>정보통신융합산업>ICT산업기반확충(정진)>5G 산업융합 기반조성,hwp,saybrkd-corpus-20260630/data/openfiscaldata/saybrkd/2023/2023162543001332137333.hwp,True,174080,ok,8,counted_rhwp_lossy_utf16,,returncode=0; output_head='\n오류: HWP 파싱 실패 - 유효하지 않은 파일: DocInfo 오류: DocInfo IO 오류: UTF-16 디코딩 실패: invalid utf-16: lone surrogate found\n',/tmp/rhwp_lossy/target/release/rhwp,rhwp v0.7.17,byte_reader_read_utf16_string_from_utf16_lossy,13
UOPKOBSA01_saybrkd,uopkobsa01:2023:162:2100:2131:305,과학기술정보통신부_지능정보산업인프라조성.hwp,2023,과학기술정보통신부>통신>정보통신>정보통신융합산업>AI기술개발(정진)>지능정보산업인프라조성,hwp,saybrkd-corpus-20260630/data/openfiscaldata/saybrkd/2023/2023162543001332131305.hwp,True,1000960,ok,51,counted_rhwp_lossy_utf16,,returncode=0; output_head='\n오류: HWP 파싱 실패 - 유효하지 않은 파일: DocInfo 오류: DocInfo IO 오류: UTF-16 디코딩 실패: invalid utf-16: lone surrogate found\n',/tmp/rhwp_lossy/target/release/rhwp,rhwp v0.7.17,byte_reader_read_utf16_string_from_utf16_lossy,68
UOPKOBSA01_saybrkd,uopkobsa01:2023:162:2600:2601:325,과학기술정보통신부_클라우드로봇복합인공지능기술개발(R&D).hwp,2023,과학기술정보통신부>통신>정보통신>인공지능데이터진흥>AI기술개발(정진)>클라우드로봇복합인공지능기술개발(R&D),hwp,saybrkd-corpus-20260630/data/openfiscaldata/saybrkd/2023/2023162543001332601325.hwp,True,1204736,ok,12,counted_rhwp_lossy_utf16,,returncode=0; output_head='\n오류: HWP 파싱 실패 - 유효하지 않은 파일: DocInfo 오류: DocInfo IO 오류: UTF-16 디코딩 실패: invalid utf-16: lone surrogate found\n',/tmp/rhwp_lossy/target/release/rhwp,rhwp v0.7.17,byte_reader_read_utf16_string_from_utf16_lossy,32
UOPKOBSA01_saybrkd,uopkobsa01:2023:162:2500:2531:303,과학기술정보통신부_전파의료응용핵심기술개발(R&D).hwp,2023,과학기술정보통신부>통신>방송통신>전파활용방송서비스산업>전파방송산업 활성화(정진)>전파의료응용핵심기술개발(R&D),hwp,saybrkd-corpus-20260630/data/openfiscaldata/saybrkd/2023/2023162543001312531303.hwp,True,1635840,ok,13,counted_rhwp_lossy_utf16,,returncode=0; output_head='\n오류: HWP 파싱 실패 - 유효하지 않은 파일: DocInfo 오류: DocInfo IO 오류: UTF-16 디코딩 실패: invalid utf-16: lone surrogate found\n',/tmp/rhwp_lossy/target/release/rhwp,rhwp v0.7.17,byte_reader_read_utf16_string_from_utf16_lossy,32
UOPKOBSA01_saybrkd,uopkobsa01:2023:162:2200:2231:323,"과학기술정보통신부_SW컴퓨팅산업원천기술개발(R&D,정보화).hwp",2023,"과학기술정보통신부>통신>정보통신>SW산업진흥>SW.디지털콘텐츠기술개발>SW컴퓨팅산업원천기술개발(R&D,정보화)",hwp,saybrkd-corpus-20260630/data/openfiscaldata/saybrkd/2023/2023162543001332231323.hwp,True,603648,ok,17,counted_rhwp_lossy_utf16,,returncode=0; output_head='\n오류: HWP 파싱 실패 - 유효하지 않은 파일: DocInfo 오류: DocInfo IO 오류: UTF-16 디코딩 실패: invalid utf-16: lone surrogate found\n',/tmp/rhwp_lossy/target/release/rhwp,rhwp v0.7.17,byte_reader_read_utf16_string_from_utf16_lossy,54
UOPKOBSA01_saybrkd,uopkobsa01:2023:162:2600:2602:326,과학기술정보통신부_AI융합 의료영상 진료판독시스템(정보화).hwp,2023,과학기술정보통신부>통신>정보통신>인공지능데이터진흥>AI경쟁력강화(정진)>AI융합 의료영상 진료판독시스템(정보화),hwp,saybrkd-corpus-20260630/data/openfiscaldata/saybrkd/2023/2023162543001332602326.hwp,True,173056,ok,11,counted_rhwp_lossy_utf16,,returncode=0; output_head='\n오류: HWP 파싱 실패 - 유효하지 않은 파일: DocInfo 오류: DocInfo IO 오류: UTF-16 디코딩 실패: invalid utf-16: lone surrogate found\n',/tmp/rhwp_lossy/target/release/rhwp,rhwp v0.7.17,byte_reader_read_utf16_string_from_utf16_lossy,14
UOPKOBSA01_saybrkd,uopkobsa01:2023:162:2100:2132:308,과학기술정보통신부_열린혁신 디지털 오픈랩 구축(R&D).hwp,2023,과학기술정보통신부>통신>정보통신>정보통신융합산업>콘텐츠디바이스기술개발(정진)>열린혁신 디지털 오픈랩 구축(R&D),hwp,saybrkd-corpus-20260630/data/openfiscaldata/saybrkd/2023/2023162543001332132308.hwp,True,446976,ok,7,counted_rhwp_lossy_utf16,,returncode=0; output_head='\n오류: HWP 파싱 실패 - 유효하지 않은 파일: DocInfo 오류: DocInfo IO 오류: UTF-16 디코딩 실패: invalid utf-16: lone surrogate found\n',/tmp/rhwp_lossy/target/release/rhwp,rhwp v0.7.17,byte_reader_read_utf16_string_from_utf16_lossy,17
UOPKOBSA01_saybrkd,uopkobsa01:2023:162:2600:2602:322,과학기술정보통신부_IoT-AI 기반 시설물 스마트 관리(정보화).hwp,2023,과학기술정보통신부>통신>정보통신>인공지능데이터진흥>AI경쟁력강화(정진)>IoT-AI 기반 시설물 스마트 관리(정보화),hwp,saybrkd-corpus-20260630/data/openfiscaldata/saybrkd/2023/2023162543001332602322.hwp,True,169984,ok,9,counted_rhwp_lossy_utf16,,returncode=0; output_head='\n오류: HWP 파싱 실패 - 유효하지 않은 파일: DocInfo 오류: DocInfo IO 오류: UTF-16 디코딩 실패: invalid utf-16: lone surrogate found\n',/tmp/rhwp_lossy/target/release/rhwp,rhwp v0.7.17,byte_reader_read_utf16_string_from_utf16_lossy,17
UOPKOBSA01_saybrkd,uopkobsa01:2023:162:2100:2132:309,과학기술정보통신부_정보통신방송기술국제공동연구(R&D).hwp,2023,과학기술정보통신부>통신>정보통신>정보통신융합산업>콘텐츠디바이스기술개발(정진)>정보통신방송기술국제공동연구(R&D),hwp,saybrkd-corpus-20260630/data/openfiscaldata/saybrkd/2023/2023162543001332132309.hwp,True,420864,ok,18,counted_rhwp_lossy_utf16,,returncode=0; output_head='\n오류: HWP 파싱 실패 - 유효하지 않은 파일: DocInfo 오류: DocInfo IO 오류: UTF-16 디코딩 실패: invalid utf-16: lone surrogate found\n',/tmp/rhwp_lossy/target/release/rhwp,rhwp v0.7.17,byte_reader_read_utf16_string_from_utf16_lossy,32
UOPKOBSA01_saybrkd,uopkobsa01:2023:162:9700:9705:972,과학기술정보통신부_비통화금융기관예치.hwp,2023,과학기술정보통신부>과학기술>과학기술일반>여유자금운용>여유자금운용>비통화금융기관예치,hwp,saybrkd-corpus-20260630/data/openfiscaldata/saybrkd/2023/2023162546011539705972.hwp,True,163328,ok,6,counted_rhwp_lossy_utf16,,returncode=0; output_head='\n오류: HWP 파싱 실패 - 유효하지 않은 파일: DocInfo 오류: DocInfo IO 오류: UTF-16 디코딩 실패: invalid utf-16: lone surrogate found\n',/tmp/rhwp_lossy/target/release/rhwp,rhwp v0.7.17,byte_reader_read_utf16_string_from_utf16_lossy,10
UOPKOBSA01_saybrkd,uopkobsa01:2023:162:8800:8801:902,과학기술정보통신부_소재부품장비경쟁력강화특별회계 전출.hwp,2023,과학기술정보통신부>통신>정보통신>회계기금간거래>특별회계전출>소재부품장비경쟁력강화특별회계 전출,hwp,saybrkd-corpus-20260630/data/openfiscaldata/saybrkd/2023/2023162543001338801902.hwp,True,157184,ok,5,counted_rhwp_lossy_utf16,,returncode=0; output_head='\n오류: HWP 파싱 실패 - 유효하지 않은 파일: DocInfo 오류: DocInfo IO 오류: UTF-16 디코딩 실패: invalid utf-16: lone surrogate found\n',/tmp/rhwp_lossy/target/release/rhwp,rhwp v0.7.17,byte_reader_read_utf16_string_from_utf16_lossy,9
UOPKOBSA01_saybrkd,uopkobsa01:2023:162:7100:7176:104,과학기술정보통신부_ICT연구개발전담기관인건비.hwp,2023,과학기술정보통신부>통신>정보통신>정보통신행정지원>기금운영비>ICT연구개발전담기관인건비,hwp,saybrkd-corpus-20260630/data/openfiscaldata/saybrkd/2023/2023162543001337176104.hwp,True,163840,ok,7,counted_rhwp_lossy_utf16,,returncode=0; output_head='\n오류: HWP 파싱 실패 - 유효하지 않은 파일: DocInfo 오류: DocInfo IO 오류: UTF-16 디코딩 실패: invalid utf-16: lone surrogate found\n',/tmp/rhwp_lossy/target/release/rhwp,rhwp v0.7.17,byte_reader_read_utf16_string_from_utf16_lossy,16
UOPKOBSA01_saybrkd,uopkobsa01:2023:162:2100:2132:311,과학기술정보통신부_ICT R&D 우수IP창출활용지원.hwp,2023,과학기술정보통신부>통신>정보통신>정보통신융합산업>콘텐츠디바이스기술개발(정진)>ICT R&D 우수IP창출활용지원,hwp,saybrkd-corpus-20260630/data/openfiscaldata/saybrkd/2023/2023162543001332132311.hwp,True,300544,ok,13,counted_rhwp_lossy_utf16,,returncode=0; output_head='\n오류: HWP 파싱 실패 - 유효하지 않은 파일: DocInfo 오류: DocInfo IO 오류: UTF-16 디코딩 실패: invalid utf-16: lone surrogate found\n',/tmp/rhwp_lossy/target/release/rhwp,rhwp v0.7.17,byte_reader_read_utf16_string_from_utf16_lossy,22
UOPKOBSA01_saybrkd,uopkobsa01:2023:162:2600:2602:324,과학기술정보통신부_AI융합 신규감염병 대응시스템(정보화).hwp,2023,과학기술정보통신부>통신>정보통신>인공지능데이터진흥>AI경쟁력강화(정진)>AI융합 신규감염병 대응시스템(정보화),hwp,saybrkd-corpus-20260630/data/openfiscaldata/saybrkd/2023/2023162543001332602324.hwp,True,169472,ok,10,counted_rhwp_lossy_utf16,,returncode=0; output_head='\n오류: HWP 파싱 실패 - 유효하지 않은 파일: DocInfo 오류: DocInfo IO 오류: UTF-16 디코딩 실패: invalid utf-16: lone surrogate found\n',/tmp/rhwp_lossy/target/release/rhwp,rhwp v0.7.17,byte_reader_read_utf16_string_from_utf16_lossy,13
UOPKOBSA01_saybrkd,uopkobsa01:2023:162:2600:2602:329,과학기술정보통신부_AI융합 국민안전 확보 및 신속대응 지원(정보화).hwp,2023,과학기술정보통신부>통신>정보통신>인공지능데이터진흥>AI경쟁력강화(정진)>AI융합 국민안전 확보 및 신속대응 지원(정보화),hwp,saybrkd-corpus-20260630/data/openfiscaldata/saybrkd/2023/2023162543001332602329.hwp,True,173056,ok,10,counted_rhwp_lossy_utf16,,returncode=0; output_head='\n오류: HWP 파싱 실패 - 유효하지 않은 파일: DocInfo 오류: DocInfo IO 오류: UTF-16 디코딩 실패: invalid utf-16: lone surrogate found\n',/tmp/rhwp_lossy/target/release/rhwp,rhwp v0.7.17,byte_reader_read_utf16_string_from_utf16_lossy,14
UOPKOBSA01_saybrkd,uopkobsa01:2023:162:7100:7176:103,과학기술정보통신부_기금관리기관인건비.hwp,2023,과학기술정보통신부>통신>정보통신>정보통신행정지원>기금운영비>기금관리기관인건비,hwp,saybrkd-corpus-20260630/data/openfiscaldata/saybrkd/2023/2023162543001337176103.hwp,True,159744,ok,6,counted_rhwp_lossy_utf16,,returncode=0; output_head='\n오류: HWP 파싱 실패 - 유효하지 않은 파일: DocInfo 오류: DocInfo IO 오류: UTF-16 디코딩 실패: invalid utf-16: lone surrogate found\n',/tmp/rhwp_lossy/target/release/rhwp,rhwp v0.7.17,byte_reader_read_utf16_string_from_utf16_lossy,15
UOPKOBSA01_saybrkd,uopkobsa01:2023:162:7100:7176:203,과학기술정보통신부_기금관리기관운영비.hwp,2023,과학기술정보통신부>통신>정보통신>정보통신행정지원>기금운영비>기금관리기관운영비,hwp,saybrkd-corpus-20260630/data/openfiscaldata/saybrkd/2023/2023162543001337176203.hwp,True,164864,ok,6,counted_rhwp_lossy_utf16,,returncode=0; output_head='\n오류: HWP 파싱 실패 - 유효하지 않은 파일: DocInfo 오류: DocInfo IO 오류: UTF-16 디코딩 실패: invalid utf-16: lone surrogate found\n',/tmp/rhwp_lossy/target/release/rhwp,rhwp v0.7.17,byte_reader_read_utf16_string_from_utf16_lossy,10
UOPKOBSA01_saybrkd,uopkobsa01:2023:162:7600:7602:303,"과학기술정보통신부_정보통신기획평가원 기획평가관리비(정진)(R&D, 정보화).hwp",2023,"과학기술정보통신부>통신>정보통신>연구개발기획평가>정보통신 기획평가>정보통신기획평가원 기획평가관리비(정진)(R&D, 정보화)",hwp,saybrkd-corpus-20260630/data/openfiscaldata/saybrkd/2023/2023162543001337602303.hwp,True,176640,ok,8,counted_rhwp_lossy_utf16,,returncode=0; output_head='\n오류: HWP 파싱 실패 - 유효하지 않은 파일: DocInfo 오류: DocInfo IO 오류: UTF-16 디코딩 실패: invalid utf-16: lone surrogate found\n',/tmp/rhwp_lossy/target/release/rhwp,rhwp v0.7.17,byte_reader_read_utf16_string_from_utf16_lossy,17
UOPKOBSA01_saybrkd,uopkobsa01:2023:162:2200:2233:313,과학기술정보통신부_SW산업 민관협력 활성화.hwp,2023,과학기술정보통신부>통신>정보통신>SW산업진흥>SW산업경쟁력강화(정진)>SW산업 민관협력 활성화,hwp,saybrkd-corpus-20260630/data/openfiscaldata/saybrkd/2023/2023162543001332233313.hwp,True,735744,ok,28,counted_rhwp_lossy_utf16,,returncode=0; output_head='\n오류: HWP 파싱 실패 - 유효하지 않은 파일: DocInfo 오류: DocInfo IO 오류: UTF-16 디코딩 실패: invalid utf-16: lone surrogate found\n',/tmp/rhwp_lossy/target/release/rhwp,rhwp v0.7.17,byte_reader_read_utf16_string_from_utf16_lossy,42
UOPKOBSA01_saybrkd,uopkobsa01:2023:162:2100:2136:301,"과학기술정보통신부_정보통신방송표준개발지원(R&D,정보화).hwp",2023,"과학기술정보통신부>통신>정보통신>정보통신융합산업>ICT표준화및인증(정진)>정보통신방송표준개발지원(R&D,정보화)",hwp,saybrkd-corpus-20260630/data/openfiscaldata/saybrkd/2023/2023162543001332136301.hwp,True,605696,ok,25,counted_rhwp_lossy_utf16,,returncode=0; output_head='\n오류: HWP 파싱 실패 - 유효하지 않은 파일: DocInfo 오류: DocInfo IO 오류: UTF-16 디코딩 실패: invalid utf-16: lone surrogate found\n',/tmp/rhwp_lossy/target/release/rhwp,rhwp v0.7.17,byte_reader_read_utf16_string_from_utf16_lossy,46
UOPKOBSA01_saybrkd,uopkobsa01:2023:162:1400:1434:411,과학기술정보통신부_원자력융복합기술개발사업(R&D).hwp,2023,과학기술정보통신부>과학기술>과학기술연구개발>원자력 진흥>원자력연구개발사업>원자력융복합기술개발사업(R&D),hwp,saybrkd-corpus-20260630/data/openfiscaldata/saybrkd/2023/2023162546011551434411.hwp,True,174080,ok,9,counted_rhwp_lossy_utf16,,returncode=0; output_head='\n오류: HWP 파싱 실패 - 유효하지 않은 파일: DocInfo 오류: DocInfo IO 오류: UTF-16 디코딩 실패: invalid utf-16: lone surrogate found\n',/tmp/rhwp_lossy/target/release/rhwp,rhwp v0.7.17,byte_reader_read_utf16_string_from_utf16_lossy,13
UOPKOBSA01_saybrkd,uopkobsa01:2023:162:9000:9001:841,과학기술정보통신부_공공자금관리기금(총괄계정) 예수이자상환.hwp,2023,과학기술정보통신부>과학기술>과학기술일반>기금간거래>공공자금관리기금 예탁>공공자금관리기금(총괄계정) 예수이자상환,hwp,saybrkd-corpus-20260630/data/openfiscaldata/saybrkd/2023/2023162546011539001841.hwp,True,164864,ok,6,counted_rhwp_lossy_utf16,,returncode=0; output_head='\n오류: HWP 파싱 실패 - 유효하지 않은 파일: DocInfo 오류: DocInfo IO 오류: UTF-16 디코딩 실패: invalid utf-16: lone surrogate found\n',/tmp/rhwp_lossy/target/release/rhwp,rhwp v0.7.17,byte_reader_read_utf16_string_from_utf16_lossy,10
UOPKOBSA01_saybrkd,uopkobsa01:2023:162:2600:2602:323,과학기술정보통신부_AI융합 불법 복제품 판독 시스템(정보화).hwp,2023,과학기술정보통신부>통신>정보통신>인공지능데이터진흥>AI경쟁력강화(정진)>AI융합 불법 복제품 판독 시스템(정보화),hwp,saybrkd-corpus-20260630/data/openfiscaldata/saybrkd/2023/2023162543001332602323.hwp,True,172544,ok,9,counted_rhwp_lossy_utf16,,returncode=0; output_head='\n오류: HWP 파싱 실패 - 유효하지 않은 파일: DocInfo 오류: DocInfo IO 오류: UTF-16 디코딩 실패: invalid utf-16: lone surrogate found\n',/tmp/rhwp_lossy/target/release/rhwp,rhwp v0.7.17,byte_reader_read_utf16_string_from_utf16_lossy,13
UOPKOBSA01_saybrkd,uopkobsa01:2023:162:2100:2137:311,과학기술정보통신부_글로벌ICT혁신클러스터조성.hwp,2023,과학기술정보통신부>통신>정보통신>정보통신융합산업>ICT산업기반확충(정진)>글로벌ICT혁신클러스터조성,hwp,saybrkd-corpus-20260630/data/openfiscaldata/saybrkd/2023/2023162543001332137311.hwp,True,520192,ok,13,counted_rhwp_lossy_utf16,,returncode=0; output_head='\n오류: HWP 파싱 실패 - 유효하지 않은 파일: DocInfo 오류: DocInfo IO 오류: UTF-16 디코딩 실패: invalid utf-16: lone surrogate found\n',/tmp/rhwp_lossy/target/release/rhwp,rhwp v0.7.17,byte_reader_read_utf16_string_from_utf16_lossy,61
UOPKOBSA01_saybrkd,uopkobsa01:2023:162:2600:2602:328,과학기술정보통신부_AI융합 해안경비 및 지뢰탐지시스템(정보화).hwp,2023,과학기술정보통신부>통신>정보통신>인공지능데이터진흥>AI경쟁력강화(정진)>AI융합 해안경비 및 지뢰탐지시스템(정보화),hwp,saybrkd-corpus-20260630/data/openfiscaldata/saybrkd/2023/2023162543001332602328.hwp,True,181760,ok,12,counted_rhwp_lossy_utf16,,returncode=0; output_head='\n오류: HWP 파싱 실패 - 유효하지 않은 파일: DocInfo 오류: DocInfo IO 오류: UTF-16 디코딩 실패: invalid utf-16: lone surrogate found\n',/tmp/rhwp_lossy/target/release/rhwp,rhwp v0.7.17,byte_reader_read_utf16_string_from_utf16_lossy,19
UOPKOBSA01_saybrkd,uopkobsa01:2023:162:1400:1434:402,과학기술정보통신부_원자력연구기반확충사업(R&D).hwp,2023,과학기술정보통신부>과학기술>과학기술연구개발>원자력 진흥>원자력연구개발사업>원자력연구기반확충사업(R&D),hwp,saybrkd-corpus-20260630/data/openfiscaldata/saybrkd/2023/2023162546011551434402.hwp,True,174080,ok,9,counted_rhwp_lossy_utf16,,returncode=0; output_head='\n오류: HWP 파싱 실패 - 유효하지 않은 파일: DocInfo 오류: DocInfo IO 오류: UTF-16 디코딩 실패: invalid utf-16: lone surrogate found\n',/tmp/rhwp_lossy/target/release/rhwp,rhwp v0.7.17,byte_reader_read_utf16_string_from_utf16_lossy,17
UOPKOBSA01_saybrkd,uopkobsa01:2023:162:7600:7602:304,과학기술정보통신부_ICT통계조사및동향분석(R&D).hwp,2023,과학기술정보통신부>통신>정보통신>연구개발기획평가>정보통신 기획평가>ICT통계조사및동향분석(R&D),hwp,saybrkd-corpus-20260630/data/openfiscaldata/saybrkd/2023/2023162543001337602304.hwp,True,942080,ok,10,counted_rhwp_lossy_utf16,,returncode=0; output_head='\n오류: HWP 파싱 실패 - 유효하지 않은 파일: DocInfo 오류: DocInfo IO 오류: UTF-16 디코딩 실패: invalid utf-16: lone surrogate found\n',/tmp/rhwp_lossy/target/release/rhwp,rhwp v0.7.17,byte_reader_read_utf16_string_from_utf16_lossy,21
UOPKOBSA01_saybrkd,uopkobsa01:2023:162:1400:1434:302,과학기술정보통신부_해외시장 맞춤형 미래선진원자로 검증기술개발사업(R&D).hwp,2023,과학기술정보통신부>과학기술>과학기술연구개발>원자력 진흥>원자력연구개발사업>해외시장 맞춤형 미래선진원자로 검증기술개발사업(R&D),hwp,saybrkd-corpus-20260630/data/openfiscaldata/saybrkd/2023/2023162546011551434302.hwp,True,177152,ok,12,counted_rhwp_lossy_utf16,,returncode=0; output_head='\n오류: HWP 파싱 실패 - 유효하지 않은 파일: DocInfo 오류: DocInfo IO 오류: UTF-16 디코딩 실패: invalid utf-16: lone surrogate found\n',/tmp/rhwp_lossy/target/release/rhwp,rhwp v0.7.17,byte_reader_read_utf16_string_from_utf16_lossy,18
UOPKOBSA01_saybrkd,uopkobsa01:2023:162:2600:2605:304,과학기술정보통신부_디지털플랫폼정부 혁신서비스 테스트베드 지원.hwp,2023,과학기술정보통신부>통신>정보통신>인공지능데이터진흥>디지털플랫폼정부 인프라 활용>디지털플랫폼정부 혁신서비스 테스트베드 지원,hwp,saybrkd-corpus-20260630/data/openfiscaldata/saybrkd/2023/2023162543001332605304.hwp,True,167424,ok,9,counted_rhwp_lossy_utf16,,returncode=0; output_head='\n오류: HWP 파싱 실패 - 유효하지 않은 파일: DocInfo 오류: DocInfo IO 오류: UTF-16 디코딩 실패: invalid utf-16: lone surrogate found\n',/tmp/rhwp_lossy/target/release/rhwp,rhwp v0.7.17,byte_reader_read_utf16_string_from_utf16_lossy,13
UOPKOBSA01_saybrkd,uopkobsa01:2023:162:1400:1434:408,과학기술정보통신부_원자력안전연구전문인력양성사업(R&D).hwp,2023,과학기술정보통신부>과학기술>과학기술연구개발>원자력 진흥>원자력연구개발사업>원자력안전연구전문인력양성사업(R&D),hwp,saybrkd-corpus-20260630/data/openfiscaldata/saybrkd/2023/2023162546011551434408.hwp,True,179712,ok,10,counted_rhwp_lossy_utf16,,returncode=0; output_head='\n오류: HWP 파싱 실패 - 유효하지 않은 파일: DocInfo 오류: DocInfo IO 오류: UTF-16 디코딩 실패: invalid utf-16: lone surrogate found\n',/tmp/rhwp_lossy/target/release/rhwp,rhwp v0.7.17,byte_reader_read_utf16_string_from_utf16_lossy,19
UOPKOBSA01_saybrkd,uopkobsa01:2023:162:1400:1434:423,과학기술정보통신부_원전해체안전성강화융복합핵심기술개발(R&D).hwp,2023,과학기술정보통신부>과학기술>과학기술연구개발>원자력 진흥>원자력연구개발사업>원전해체안전성강화융복합핵심기술개발(R&D),hwp,saybrkd-corpus-20260630/data/openfiscaldata/saybrkd/2023/2023162546011551434423.hwp,True,180736,ok,11,counted_rhwp_lossy_utf16,,returncode=0; output_head='\n오류: HWP 파싱 실패 - 유효하지 않은 파일: DocInfo 오류: DocInfo IO 오류: UTF-16 디코딩 실패: invalid utf-16: lone surrogate found\n',/tmp/rhwp_lossy/target/release/rhwp,rhwp v0.7.17,byte_reader_read_utf16_string_from_utf16_lossy,17
UOPKOBSA01_saybrkd,uopkobsa01:2023:162:7600:7601:302,과학기술정보통신부_한국연구재단 기획평가관리비(원기금)(R&D).hwp,2023,과학기술정보통신부>과학기술>과학기술연구개발>연구개발기획평가>과학기술 기획평가(원기금)>한국연구재단 기획평가관리비(원기금)(R&D),hwp,saybrkd-corpus-20260630/data/openfiscaldata/saybrkd/2023/2023162546011557601302.hwp,True,182784,ok,10,counted_rhwp_lossy_utf16,,returncode=0; output_head='\n오류: HWP 파싱 실패 - 유효하지 않은 파일: DocInfo 오류: DocInfo IO 오류: UTF-16 디코딩 실패: invalid utf-16: lone surrogate found\n',/tmp/rhwp_lossy/target/release/rhwp,rhwp v0.7.17,byte_reader_read_utf16_string_from_utf16_lossy,16
UOPKOBSA01_saybrkd,uopkobsa01:2023:162:2600:2605:303,과학기술정보통신부_데이터 레이크 운영.hwp,2023,과학기술정보통신부>통신>정보통신>인공지능데이터진흥>디지털플랫폼정부 인프라 활용>데이터 레이크 운영,hwp,saybrkd-corpus-20260630/data/openfiscaldata/saybrkd/2023/2023162543001332605303.hwp,True,163840,ok,8,counted_rhwp_lossy_utf16,,returncode=0; output_head='\n오류: HWP 파싱 실패 - 유효하지 않은 파일: DocInfo 오류: DocInfo IO 오류: UTF-16 디코딩 실패: invalid utf-16: lone surrogate found\n',/tmp/rhwp_lossy/target/release/rhwp,rhwp v0.7.17,byte_reader_read_utf16_string_from_utf16_lossy,12
UOPKOBSA01_saybrkd,uopkobsa01:2023:162:2600:2602:325,과학기술정보통신부_AI융합 에너지 효율화(정보화).hwp,2023,과학기술정보통신부>통신>정보통신>인공지능데이터진흥>AI경쟁력강화(정진)>AI융합 에너지 효율화(정보화),hwp,saybrkd-corpus-20260630/data/openfiscaldata/saybrkd/2023/2023162543001332602325.hwp,True,173056,ok,9,counted_rhwp_lossy_utf16,,returncode=0; output_head='\n오류: HWP 파싱 실패 - 유효하지 않은 파일: DocInfo 오류: DocInfo IO 오류: UTF-16 디코딩 실패: invalid utf-16: lone surrogate found\n',/tmp/rhwp_lossy/target/release/rhwp,rhwp v0.7.17,byte_reader_read_utf16_string_from_utf16_lossy,13
UOPKOBSA01_saybrkd,uopkobsa01:2023:162:1400:1434:428,과학기술정보통신부_원전해체 경쟁력 강화 기술개발사업(R&D).hwp,2023,과학기술정보통신부>과학기술>과학기술연구개발>원자력 진흥>원자력연구개발사업>원전해체 경쟁력 강화 기술개발사업(R&D),hwp,saybrkd-corpus-20260630/data/openfiscaldata/saybrkd/2023/2023162546011551434428.hwp,True,178688,ok,11,counted_rhwp_lossy_utf16,,returncode=0; output_head='\n오류: HWP 파싱 실패 - 유효하지 않은 파일: DocInfo 오류: DocInfo IO 오류: UTF-16 디코딩 실패: invalid utf-16: lone surrogate found\n',/tmp/rhwp_lossy/target/release/rhwp,rhwp v0.7.17,byte_reader_read_utf16_string_from_utf16_lossy,17
UOPKOBSA01_saybrkd,uopkobsa01:2023:162:1100:1131:308,과학기술정보통신부_디지털콘텐츠 코리아 펀드.hwp,2023,과학기술정보통신부>문화및관광>문화예술>콘텐츠방송산업육성>방송통신콘텐츠진흥>디지털콘텐츠 코리아 펀드,hwp,saybrkd-corpus-20260630/data/openfiscaldata/saybrkd/2023/2023162564000611131308.hwp,True,165376,ok,7,counted_rhwp_lossy_utf16,,returncode=0; output_head='\n오류: HWP 파싱 실패 - 유효하지 않은 파일: DocInfo 오류: DocInfo IO 오류: UTF-16 디코딩 실패: invalid utf-16: lone surrogate found\n',/tmp/rhwp_lossy/target/release/rhwp,rhwp v0.7.17,byte_reader_read_utf16_string_from_utf16_lossy,10
UOPKOBSA01_saybrkd,uopkobsa01:2023:162:2600:2604:421,과학기술정보통신부_빅데이터플랫폼및네트워크구축.hwp,2023,과학기술정보통신부>통신>정보통신>인공지능데이터진흥>데이터산업경쟁력강화(정진)>빅데이터플랫폼및네트워크구축,hwp,saybrkd-corpus-20260630/data/openfiscaldata/saybrkd/2023/2023162543001332604421.hwp,True,172544,ok,11,counted_rhwp_lossy_utf16,,returncode=0; output_head='\n오류: HWP 파싱 실패 - 유효하지 않은 파일: DocInfo 오류: DocInfo IO 오류: UTF-16 디코딩 실패: invalid utf-16: lone surrogate found\n',/tmp/rhwp_lossy/target/release/rhwp,rhwp v0.7.17,byte_reader_read_utf16_string_from_utf16_lossy,18
UOPKOBSA01_saybrkd,uopkobsa01:2023:162:1400:1434:419,과학기술정보통신부_미래선진원자로핵심요소기술개발사업(R&D).hwp,2023,과학기술정보통신부>과학기술>과학기술연구개발>원자력 진흥>원자력연구개발사업>미래선진원자로핵심요소기술개발사업(R&D),hwp,saybrkd-corpus-20260630/data/openfiscaldata/saybrkd/2023/2023162546011551434419.hwp,True,524800,ok,18,counted_rhwp_lossy_utf16,,returncode=0; output_head='\n오류: HWP 파싱 실패 - 유효하지 않은 파일: DocInfo 오류: DocInfo IO 오류: UTF-16 디코딩 실패: invalid utf-16: lone surrogate found\n',/tmp/rhwp_lossy/target/release/rhwp,rhwp v0.7.17,byte_reader_read_utf16_string_from_utf16_lossy,25
UOPKOBSA01_saybrkd,uopkobsa01:2023:162:1400:1434:426,과학기술정보통신부_사용후핵연료 처리기술 고도화 연구개발사업(R&D).hwp,2023,과학기술정보통신부>과학기술>과학기술연구개발>원자력 진흥>원자력연구개발사업>사용후핵연료 처리기술 고도화 연구개발사업(R&D),hwp,saybrkd-corpus-20260630/data/openfiscaldata/saybrkd/2023/2023162546011551434426.hwp,True,180736,ok,16,counted_rhwp_lossy_utf16,,returncode=0; output_head='\n오류: HWP 파싱 실패 - 유효하지 않은 파일: DocInfo 오류: DocInfo IO 오류: UTF-16 디코딩 실패: invalid utf-16: lone surrogate found\n',/tmp/rhwp_lossy/target/release/rhwp,rhwp v0.7.17,byte_reader_read_utf16_string_from_utf16_lossy,24
UOPKOBSA01_saybrkd,uopkobsa01:2023:162:2600:2605:302,과학기술정보통신부_민간의 첨단 초거대 인공지능 활용 지원.hwp,2023,과학기술정보통신부>통신>정보통신>인공지능데이터진흥>디지털플랫폼정부 인프라 활용>민간의 첨단 초거대 인공지능 활용 지원,hwp,saybrkd-corpus-20260630/data/openfiscaldata/saybrkd/2023/2023162543001332605302.hwp,True,173056,ok,11,counted_rhwp_lossy_utf16,,returncode=0; output_head='\n오류: HWP 파싱 실패 - 유효하지 않은 파일: DocInfo 오류: DocInfo IO 오류: UTF-16 디코딩 실패: invalid utf-16: lone surrogate found\n',/tmp/rhwp_lossy/target/release/rhwp,rhwp v0.7.17,byte_reader_read_utf16_string_from_utf16_lossy,20
UOPKOBSA01_saybrkd,uopkobsa01:2023:162:1400:1434:421,과학기술정보통신부_미래원자력기술시설장비구축활용사업(R&D).hwp,2023,과학기술정보통신부>과학기술>과학기술연구개발>원자력 진흥>원자력연구개발사업>미래원자력기술시설장비구축활용사업(R&D),hwp,saybrkd-corpus-20260630/data/openfiscaldata/saybrkd/2023/2023162546011551434421.hwp,True,266752,ok,12,counted_rhwp_lossy_utf16,,returncode=0; output_head='\n오류: HWP 파싱 실패 - 유효하지 않은 파일: DocInfo 오류: DocInfo IO 오류: UTF-16 디코딩 실패: invalid utf-16: lone surrogate found\n',/tmp/rhwp_lossy/target/release/rhwp,rhwp v0.7.17,byte_reader_read_utf16_string_from_utf16_lossy,20
UOPKOBSA01_saybrkd,uopkobsa01:2023:162:7100:7176:204,과학기술정보통신부_ICT연구개발전담기관운영비.hwp,2023,과학기술정보통신부>통신>정보통신>정보통신행정지원>기금운영비>ICT연구개발전담기관운영비,hwp,saybrkd-corpus-20260630/data/openfiscaldata/saybrkd/2023/2023162543001337176204.hwp,True,165376,ok,8,counted_rhwp_lossy_utf16,,returncode=0; output_head='\n오류: HWP 파싱 실패 - 유효하지 않은 파일: DocInfo 오류: DocInfo IO 오류: UTF-16 디코딩 실패: invalid utf-16: lone surrogate found\n',/tmp/rhwp_lossy/target/release/rhwp,rhwp v0.7.17,byte_reader_read_utf16_string_from_utf16_lossy,13
UOPKOBSA01_saybrkd,uopkobsa01:2023:162:1100:1141:500,과학기술정보통신부_디지털콘텐츠산업생태계활성화(정보화).hwp,2023,과학기술정보통신부>문화및관광>문화예술>콘텐츠방송산업육성>콘텐츠 진흥>디지털콘텐츠산업생태계활성화(정보화),hwp,saybrkd-corpus-20260630/data/openfiscaldata/saybrkd/2023/2023162564000611141500.hwp,True,177664,ok,12,counted_rhwp_lossy_utf16,,returncode=0; output_head='\n오류: HWP 파싱 실패 - 유효하지 않은 파일: DocInfo 오류: DocInfo IO 오류: UTF-16 디코딩 실패: invalid utf-16: lone surrogate found\n',/tmp/rhwp_lossy/target/release/rhwp,rhwp v0.7.17,byte_reader_read_utf16_string_from_utf16_lossy,22
UOPKOBSA01_saybrkd,uopkobsa01:2023:162:1200:1233:302,과학기술정보통신부_UN ESCAP ICT개발 센터지원(정보화).hwp,2023,과학기술정보통신부>문화및관광>문화예술>정보통신방송국제협력>정보통신국제협력>UN ESCAP ICT개발 센터지원(정보화),hwp,saybrkd-corpus-20260630/data/openfiscaldata/saybrkd/2023/2023162564000611233302.hwp,True,265216,ok,10,counted_rhwp_lossy_utf16,,returncode=0; output_head='\n오류: HWP 파싱 실패 - 유효하지 않은 파일: DocInfo 오류: DocInfo IO 오류: UTF-16 디코딩 실패: invalid utf-16: lone surrogate found\n',/tmp/rhwp_lossy/target/release/rhwp,rhwp v0.7.17,byte_reader_read_utf16_string_from_utf16_lossy,12
UOPKOBSA01_saybrkd,uopkobsa01:2023:162:1100:1139:402,"과학기술정보통신부_국제핵융합실험로 공동개발사업(기금,R&D).hwp",2023,"과학기술정보통신부>과학기술>과학기술연구개발>미래유망원천기술개발>국제핵융합실험로공동개발사업>국제핵융합실험로 공동개발사업(기금,R&D)",hwp,saybrkd-corpus-20260630/data/openfiscaldata/saybrkd/2023/2023162546011551139402.hwp,True,340480,ok,13,counted_rhwp_lossy_utf16,,returncode=0; output_head='\n오류: HWP 파싱 실패 - 유효하지 않은 파일: DocInfo 오류: DocInfo IO 오류: UTF-16 디코딩 실패: invalid utf-16: lone surrogate found\n',/tmp/rhwp_lossy/target/release/rhwp,rhwp v0.7.17,byte_reader_read_utf16_string_from_utf16_lossy,17
UOPKOBSA01_saybrkd,uopkobsa01:2023:162:1200:1232:301,과학기술정보통신부_정보통신방송 해외진출지원.hwp,2023,과학기술정보통신부>문화및관광>문화예술>정보통신방송국제협력>방송통신서비스해외진출>정보통신방송 해외진출지원,hwp,saybrkd-corpus-20260630/data/openfiscaldata/saybrkd/2023/2023162564000611232301.hwp,True,175104,ok,13,counted_rhwp_lossy_utf16,,returncode=0; output_head='\n오류: HWP 파싱 실패 - 유효하지 않은 파일: DocInfo 오류: DocInfo IO 오류: UTF-16 디코딩 실패: invalid utf-16: lone surrogate found\n',/tmp/rhwp_lossy/target/release/rhwp,rhwp v0.7.17,byte_reader_read_utf16_string_from_utf16_lossy,16
UOPKOBSA01_saybrkd,uopkobsa01:2023:162:1400:1434:305,과학기술정보통신부_연구로 판형핵연료 수출 핵심기술 개발 및 실증사업(R&D).hwp,2023,과학기술정보통신부>과학기술>과학기술연구개발>원자력 진흥>원자력연구개발사업>연구로 판형핵연료 수출 핵심기술 개발 및 실증사업(R&D),hwp,saybrkd-corpus-20260630/data/openfiscaldata/saybrkd/2023/2023162546011551434305.hwp,True,1150464,ok,17,counted_rhwp_lossy_utf16,,returncode=0; output_head='\n오류: HWP 파싱 실패 - 유효하지 않은 파일: DocInfo 오류: DocInfo IO 오류: UTF-16 디코딩 실패: invalid utf-16: lone surrogate found\n',/tmp/rhwp_lossy/target/release/rhwp,rhwp v0.7.17,byte_reader_read_utf16_string_from_utf16_lossy,37
UOPKOBSA01_saybrkd,uopkobsa01:2023:162:1100:1141:308,과학기술정보통신부_디지털콘텐츠기업경쟁력강화.hwp,2023,과학기술정보통신부>문화및관광>문화예술>콘텐츠방송산업육성>콘텐츠 진흥>디지털콘텐츠기업경쟁력강화,hwp,saybrkd-corpus-20260630/data/openfiscaldata/saybrkd/2023/2023162564000611141308.hwp,True,176640,ok,13,counted_rhwp_lossy_utf16,,returncode=0; output_head='\n오류: HWP 파싱 실패 - 유효하지 않은 파일: DocInfo 오류: DocInfo IO 오류: UTF-16 디코딩 실패: invalid utf-16: lone surrogate found\n',/tmp/rhwp_lossy/target/release/rhwp,rhwp v0.7.17,byte_reader_read_utf16_string_from_utf16_lossy,25
UOPKOBSA01_saybrkd,uopkobsa01:2023:162:1100:1140:301,과학기술정보통신부_디지털미디어산업 육성기반 구축(정보화).hwp,2023,과학기술정보통신부>문화및관광>문화예술>콘텐츠방송산업육성>방송산업육성기반구축>디지털미디어산업 육성기반 구축(정보화),hwp,saybrkd-corpus-20260630/data/openfiscaldata/saybrkd/2023/2023162564000611140301.hwp,True,577536,ok,22,counted_rhwp_lossy_utf16,,returncode=0; output_head='\n오류: HWP 파싱 실패 - 유효하지 않은 파일: DocInfo 오류: DocInfo IO 오류: UTF-16 디코딩 실패: invalid utf-16: lone surrogate found\n',/tmp/rhwp_lossy/target/release/rhwp,rhwp v0.7.17,byte_reader_read_utf16_string_from_utf16_lossy,35
UOPKOBSA01_saybrkd,uopkobsa01:2023:162:1400:1434:422,과학기술정보통신부_가동원전 안전성 향상 핵심기술 개발사업(R&D).hwp,2023,과학기술정보통신부>과학기술>과학기술연구개발>원자력 진흥>원자력연구개발사업>가동원전 안전성 향상 핵심기술 개발사업(R&D),hwp,saybrkd-corpus-20260630/data/openfiscaldata/saybrkd/2023/2023162546011551434422.hwp,True,788480,ok,16,counted_rhwp_lossy_utf16,,returncode=0; output_head='\n오류: HWP 파싱 실패 - 유효하지 않은 파일: DocInfo 오류: DocInfo IO 오류: UTF-16 디코딩 실패: invalid utf-16: lone surrogate found\n',/tmp/rhwp_lossy/target/release/rhwp,rhwp v0.7.17,byte_reader_read_utf16_string_from_utf16_lossy,19
UOPKOBSA01_saybrkd,uopkobsa01:2023:162:2300:2333:304,과학기술정보통신부_디지털 융합보안 기반 확충.hwp,2023,과학기술정보통신부>통신>정보통신>정보보호및활용>정보보호산업기반확충(정진)>디지털 융합보안 기반 확충,hwp,saybrkd-corpus-20260630/data/openfiscaldata/saybrkd/2023/2023162543001332333304.hwp,True,1669632,ok,22,counted_rhwp_lossy_utf16,,returncode=0; output_head='\n오류: HWP 파싱 실패 - 유효하지 않은 파일: DocInfo 오류: DocInfo IO 오류: UTF-16 디코딩 실패: invalid utf-16: lone surrogate found\n',/tmp/rhwp_lossy/target/release/rhwp,rhwp v0.7.17,byte_reader_read_utf16_string_from_utf16_lossy,54
UOPKOBSA01_saybrkd,uopkobsa01:2023:162:2600:2605:301,과학기술정보통신부_국가 데이터·서비스 연계 API기반 구축.hwp,2023,과학기술정보통신부>통신>정보통신>인공지능데이터진흥>디지털플랫폼정부 인프라 활용>국가 데이터·서비스 연계 API기반 구축,hwp,saybrkd-corpus-20260630/data/openfiscaldata/saybrkd/2023/2023162543001332605301.hwp,True,1123840,ok,14,counted_rhwp_lossy_utf16,,returncode=0; output_head='\n오류: HWP 파싱 실패 - 유효하지 않은 파일: DocInfo 오류: DocInfo IO 오류: UTF-16 디코딩 실패: invalid utf-16: lone surrogate found\n',/tmp/rhwp_lossy/target/release/rhwp,rhwp v0.7.17,byte_reader_read_utf16_string_from_utf16_lossy,30
UOPKOBSA01_saybrkd,uopkobsa01:2023:162:1400:1434:301,과학기술정보통신부_사용후핵연료 저장·처분 안전성 확보를 위한 핵심기술개발 사업(R&D).hwp,2023,과학기술정보통신부>과학기술>과학기술연구개발>원자력 진흥>원자력연구개발사업>사용후핵연료 저장·처분 안전성 확보를 위한 핵심기술개발 사업(R&D),hwp,saybrkd-corpus-20260630/data/openfiscaldata/saybrkd/2023/2023162546011551434301.hwp,True,1835520,ok,30,counted_rhwp_lossy_utf16,,returncode=0; output_head='\n오류: HWP 파싱 실패 - 유효하지 않은 파일: DocInfo 오류: DocInfo IO 오류: UTF-16 디코딩 실패: invalid utf-16: lone surrogate found\n',/tmp/rhwp_lossy/target/release/rhwp,rhwp v0.7.17,byte_reader_read_utf16_string_from_utf16_lossy,67
UOPKOBSA01_saybrkd,uopkobsa01:2023:162:1400:1434:409,과학기술정보통신부_원자력기초연구지원사업(R&D).hwp,2023,과학기술정보통신부>과학기술>과학기술연구개발>원자력 진흥>원자력연구개발사업>원자력기초연구지원사업(R&D),hwp,saybrkd-corpus-20260630/data/openfiscaldata/saybrkd/2023/2023162546011551434409.hwp,True,231936,ok,10,counted_rhwp_lossy_utf16,,returncode=0; output_head='\n오류: HWP 파싱 실패 - 유효하지 않은 파일: DocInfo 오류: DocInfo IO 오류: UTF-16 디코딩 실패: invalid utf-16: lone surrogate found\n',/tmp/rhwp_lossy/target/release/rhwp,rhwp v0.7.17,byte_reader_read_utf16_string_from_utf16_lossy,15
UOPKOBSA01_saybrkd,uopkobsa01:2023:162:1200:1233:301,과학기술정보통신부_국제회의개최및국제기구활동지원.hwp,2023,과학기술정보통신부>문화및관광>문화예술>정보통신방송국제협력>정보통신국제협력>국제회의개최및국제기구활동지원,hwp,saybrkd-corpus-20260630/data/openfiscaldata/saybrkd/2023/2023162564000611233301.hwp,True,212992,ok,20,counted_rhwp_lossy_utf16,,returncode=0; output_head='\n오류: HWP 파싱 실패 - 유효하지 않은 파일: DocInfo 오류: DocInfo IO 오류: UTF-16 디코딩 실패: invalid utf-16: lone surrogate found\n',/tmp/rhwp_lossy/target/release/rhwp,rhwp v0.7.17,byte_reader_read_utf16_string_from_utf16_lossy,31
UOPKOBSA01_saybrkd,uopkobsa01:2023:162:1400:1431:307,과학기술정보통신부_저소득층 디지털방송 시청지원.hwp,2023,과학기술정보통신부>문화및관광>문화예술>디지털방송전환기반구축>디지털방송전환>저소득층 디지털방송 시청지원,hwp,saybrkd-corpus-20260630/data/openfiscaldata/saybrkd/2023/2023162564000611431307.hwp,True,1118720,ok,16,counted_rhwp_lossy_utf16,,returncode=0; output_head='\n오류: HWP 파싱 실패 - 유효하지 않은 파일: DocInfo 오류: DocInfo IO 오류: UTF-16 디코딩 실패: invalid utf-16: lone surrogate found\n',/tmp/rhwp_lossy/target/release/rhwp,rhwp v0.7.17,byte_reader_read_utf16_string_from_utf16_lossy,41
UOPKOBSA01_saybrkd,uopkobsa01:2023:162:1400:1434:303,과학기술정보통신부_고준위폐기물 관리 차세대 혁신 기술개발사업(R&D).hwp,2023,과학기술정보통신부>과학기술>과학기술연구개발>원자력 진흥>원자력연구개발사업>고준위폐기물 관리 차세대 혁신 기술개발사업(R&D),hwp,saybrkd-corpus-20260630/data/openfiscaldata/saybrkd/2023/2023162546011551434303.hwp,True,416768,ok,17,counted_rhwp_lossy_utf16,,returncode=0; output_head='\n오류: HWP 파싱 실패 - 유효하지 않은 파일: DocInfo 오류: DocInfo IO 오류: UTF-16 디코딩 실패: invalid utf-16: lone surrogate found\n',/tmp/rhwp_lossy/target/release/rhwp,rhwp v0.7.17,byte_reader_read_utf16_string_from_utf16_lossy,36
UOPKOBSA01_saybrkd,uopkobsa01:2023:162:1100:1141:305,과학기술정보통신부_VR·AR콘텐츠산업육성.hwp,2023,과학기술정보통신부>문화및관광>문화예술>콘텐츠방송산업육성>콘텐츠 진흥>VR·AR콘텐츠산업육성,hwp,saybrkd-corpus-20260630/data/openfiscaldata/saybrkd/2023/2023162564000611141305.hwp,True,188416,ok,16,counted_rhwp_lossy_utf16,,returncode=0; output_head='\n오류: HWP 파싱 실패 - 유효하지 않은 파일: DocInfo 오류: DocInfo IO 오류: UTF-16 디코딩 실패: invalid utf-16: lone surrogate found\n',/tmp/rhwp_lossy/target/release/rhwp,rhwp v0.7.17,byte_reader_read_utf16_string_from_utf16_lossy,53
UOPKOBSA01_saybrkd,uopkobsa01:2023:162:2400:2433:313,과학기술정보통신부_지역통신망고도화(정보화).hwp,2023,과학기술정보통신부>통신>방송통신>통신정책지원>네트워크기반조성>지역통신망고도화(정보화),hwp,saybrkd-corpus-20260630/data/openfiscaldata/saybrkd/2023/2023162564001312433313.hwp,True,169984,ok,9,counted_rhwp_lossy_utf16,,returncode=0; output_head='\n오류: HWP 파싱 실패 - 유효하지 않은 파일: DocInfo 오류: DocInfo IO 오류: UTF-16 디코딩 실패: invalid utf-16: lone surrogate found\n',/tmp/rhwp_lossy/target/release/rhwp,rhwp v0.7.17,byte_reader_read_utf16_string_from_utf16_lossy,11
UOPKOBSA01_saybrkd,uopkobsa01:2023:162:1100:1139:303,과학기술정보통신부_ICT 창의기업 육성.hwp,2023,과학기술정보통신부>문화및관광>문화예술>콘텐츠방송산업육성>방송통신중소기업육성기반조성>ICT 창의기업 육성,hwp,saybrkd-corpus-20260630/data/openfiscaldata/saybrkd/2023/2023162564000611139303.hwp,True,185856,ok,16,counted_rhwp_lossy_utf16,,returncode=0; output_head='\n오류: HWP 파싱 실패 - 유효하지 않은 파일: DocInfo 오류: DocInfo IO 오류: UTF-16 디코딩 실패: invalid utf-16: lone surrogate found\n',/tmp/rhwp_lossy/target/release/rhwp,rhwp v0.7.17,byte_reader_read_utf16_string_from_utf16_lossy,47
UOPKOBSA01_saybrkd,uopkobsa01:2023:162:7200:7276:202,과학기술정보통신부_인건비.hwp,2023,과학기술정보통신부>문화및관광>문화예술>방송통신발전기금운영비>기금운영비>인건비,hwp,saybrkd-corpus-20260630/data/openfiscaldata/saybrkd/2023/2023162564000617276202.hwp,True,159744,ok,7,counted_rhwp_lossy_utf16,,returncode=0; output_head='\n오류: HWP 파싱 실패 - 유효하지 않은 파일: DocInfo 오류: DocInfo IO 오류: UTF-16 디코딩 실패: invalid utf-16: lone surrogate found\n',/tmp/rhwp_lossy/target/release/rhwp,rhwp v0.7.17,byte_reader_read_utf16_string_from_utf16_lossy,10
UOPKOBSA01_saybrkd,uopkobsa01:2023:162:1600:1632:314,과학기술정보통신부_전파기반중소기업전자파대책기술지원.hwp,2023,과학기술정보통신부>문화및관광>문화예술>정보통신방송기반조성>전파방송산업 활성화>전파기반중소기업전자파대책기술지원,hwp,saybrkd-corpus-20260630/data/openfiscaldata/saybrkd/2023/2023162564000611632314.hwp,True,1851904,ok,22,counted_rhwp_lossy_utf16,,returncode=0; output_head='\n오류: HWP 파싱 실패 - 유효하지 않은 파일: DocInfo 오류: DocInfo IO 오류: UTF-16 디코딩 실패: invalid utf-16: lone surrogate found\n',/tmp/rhwp_lossy/target/release/rhwp,rhwp v0.7.17,byte_reader_read_utf16_string_from_utf16_lossy,38
UOPKOBSA01_saybrkd,uopkobsa01:2023:162:7200:7276:200,과학기술정보통신부_기금관리비.hwp,2023,과학기술정보통신부>문화및관광>문화예술>방송통신발전기금운영비>기금운영비>기금관리비,hwp,saybrkd-corpus-20260630/data/openfiscaldata/saybrkd/2023/2023162564000617276200.hwp,True,166400,ok,7,counted_rhwp_lossy_utf16,,returncode=0; output_head='\n오류: HWP 파싱 실패 - 유효하지 않은 파일: DocInfo 오류: DocInfo IO 오류: UTF-16 디코딩 실패: invalid utf-16: lone surrogate found\n',/tmp/rhwp_lossy/target/release/rhwp,rhwp v0.7.17,byte_reader_read_utf16_string_from_utf16_lossy,12
UOPKOBSA01_saybrkd,uopkobsa01:2023:162:1400:1434:424,과학기술정보통신부_중수로 안전관리 기술개발 사업(R&D).hwp,2023,과학기술정보통신부>과학기술>과학기술연구개발>원자력 진흥>원자력연구개발사업>중수로 안전관리 기술개발 사업(R&D),hwp,saybrkd-corpus-20260630/data/openfiscaldata/saybrkd/2023/2023162546011551434424.hwp,True,863232,ok,13,counted_rhwp_lossy_utf16,,returncode=0; output_head='\n오류: HWP 파싱 실패 - 유효하지 않은 파일: DocInfo 오류: DocInfo IO 오류: UTF-16 디코딩 실패: invalid utf-16: lone surrogate found\n',/tmp/rhwp_lossy/target/release/rhwp,rhwp v0.7.17,byte_reader_read_utf16_string_from_utf16_lossy,29
UOPKOBSA01_saybrkd,uopkobsa01:2023:162:2400:2431:407,과학기술정보통신부_이용자전화사기대응체계구축.hwp,2023,과학기술정보통신부>통신>방송통신>통신정책지원>공정경쟁및이용자보호(방발)>이용자전화사기대응체계구축,hwp,saybrkd-corpus-20260630/data/openfiscaldata/saybrkd/2023/2023162564001312431407.hwp,True,168448,ok,9,counted_rhwp_lossy_utf16,,returncode=0; output_head='\n오류: HWP 파싱 실패 - 유효하지 않은 파일: DocInfo 오류: DocInfo IO 오류: UTF-16 디코딩 실패: invalid utf-16: lone surrogate found\n',/tmp/rhwp_lossy/target/release/rhwp,rhwp v0.7.17,byte_reader_read_utf16_string_from_utf16_lossy,13
UOPKOBSA01_saybrkd,uopkobsa01:2023:162:2600:2602:305,과학기술정보통신부_인공지능학습용데이터구축.hwp,2023,과학기술정보통신부>통신>정보통신>인공지능데이터진흥>AI경쟁력강화(정진)>인공지능학습용데이터구축,hwp,saybrkd-corpus-20260630/data/openfiscaldata/saybrkd/2023/2023162543001332602305.hwp,True,4794880,ok,11,counted_rhwp_lossy_utf16,,returncode=0; output_head='\n오류: HWP 파싱 실패 - 유효하지 않은 파일: DocInfo 오류: DocInfo IO 오류: UTF-16 디코딩 실패: invalid utf-16: lone surrogate found\n',/tmp/rhwp_lossy/target/release/rhwp,rhwp v0.7.17,byte_reader_read_utf16_string_from_utf16_lossy,51
UOPKOBSA01_saybrkd,uopkobsa01:2023:162:9700:9721:972,과학기술정보통신부_비통화금융기관예치.hwp,2023,과학기술정보통신부>문화및관광>문화예술>여유자금운용>비통화금융기관예치>비통화금융기관예치,hwp,saybrkd-corpus-20260630/data/openfiscaldata/saybrkd/2023/2023162564000619721972.hwp,True,163840,ok,5,counted_rhwp_lossy_utf16,,returncode=0; output_head='\n오류: HWP 파싱 실패 - 유효하지 않은 파일: DocInfo 오류: DocInfo IO 오류: UTF-16 디코딩 실패: invalid utf-16: lone surrogate found\n',/tmp/rhwp_lossy/target/release/rhwp,rhwp v0.7.17,byte_reader_read_utf16_string_from_utf16_lossy,7
UOPKOBSA01_saybrkd,uopkobsa01:2023:162:2200:2232:320,과학기술정보통신부_정보통신창의인재양성.hwp,2023,과학기술정보통신부>통신>정보통신>SW산업진흥>SW융합인력양성>정보통신창의인재양성,hwp,saybrkd-corpus-20260630/data/openfiscaldata/saybrkd/2023/2023162543001332232320.hwp,True,220672,ok,24,counted_rhwp_lossy_utf16,,returncode=0; output_head='\n오류: HWP 파싱 실패 - 유효하지 않은 파일: DocInfo 오류: DocInfo IO 오류: UTF-16 디코딩 실패: invalid utf-16: lone surrogate found\n',/tmp/rhwp_lossy/target/release/rhwp,rhwp v0.7.17,byte_reader_read_utf16_string_from_utf16_lossy,122
UOPKOBSA01_saybrkd,uopkobsa01:2023:162:3200:3231:305,과학기술정보통신부_소외계층통신접근권보장.hwp,2023,과학기술정보통신부>문화및관광>문화예술>이용자보호및공정경쟁>소외계층지원>소외계층통신접근권보장,hwp,saybrkd-corpus-20260630/data/openfiscaldata/saybrkd/2023/2023162564000613231305.hwp,True,522752,ok,10,counted_rhwp_lossy_utf16,,returncode=0; output_head='\n오류: HWP 파싱 실패 - 유효하지 않은 파일: DocInfo 오류: DocInfo IO 오류: UTF-16 디코딩 실패: invalid utf-16: lone surrogate found\n',/tmp/rhwp_lossy/target/release/rhwp,rhwp v0.7.17,byte_reader_read_utf16_string_from_utf16_lossy,25
UOPKOBSA01_saybrkd,uopkobsa01:2023:162:9700:9711:971,과학기술정보통신부_통화금융기관예치.hwp,2023,과학기술정보통신부>문화및관광>문화예술>여유자금운용>통화금융기관예치>통화금융기관예치,hwp,saybrkd-corpus-20260630/data/openfiscaldata/saybrkd/2023/2023162564000619711971.hwp,True,158208,ok,5,counted_rhwp_lossy_utf16,,returncode=0; output_head='\n오류: HWP 파싱 실패 - 유효하지 않은 파일: DocInfo 오류: DocInfo IO 오류: UTF-16 디코딩 실패: invalid utf-16: lone surrogate found\n',/tmp/rhwp_lossy/target/release/rhwp,rhwp v0.7.17,byte_reader_read_utf16_string_from_utf16_lossy,9
UOPKOBSA01_saybrkd,uopkobsa01:2023:162:9000:9001:902,과학기술정보통신부_공공자금관리기금(총괄계정) 예수이자상환.hwp,2023,과학기술정보통신부>문화및관광>문화예술>기금간거래>공공자금관리기금 예탁>공공자금관리기금(총괄계정) 예수이자상환,hwp,saybrkd-corpus-20260630/data/openfiscaldata/saybrkd/2023/2023162564000619001902.hwp,True,162304,ok,6,counted_rhwp_lossy_utf16,,returncode=0; output_head='\n오류: HWP 파싱 실패 - 유효하지 않은 파일: DocInfo 오류: DocInfo IO 오류: UTF-16 디코딩 실패: invalid utf-16: lone surrogate found\n',/tmp/rhwp_lossy/target/release/rhwp,rhwp v0.7.17,byte_reader_read_utf16_string_from_utf16_lossy,15
UOPKOBSA01_saybrkd,uopkobsa01:2023:162:2600:2602:327,과학기술정보통신부_AI융합 지역특화산업 지원(정보화).hwp,2023,과학기술정보통신부>통신>정보통신>인공지능데이터진흥>AI경쟁력강화(정진)>AI융합 지역특화산업 지원(정보화),hwp,saybrkd-corpus-20260630/data/openfiscaldata/saybrkd/2023/2023162543001332602327.hwp,True,2937344,ok,17,counted_rhwp_lossy_utf16,,returncode=0; output_head='\n오류: HWP 파싱 실패 - 유효하지 않은 파일: DocInfo 오류: DocInfo IO 오류: UTF-16 디코딩 실패: invalid utf-16: lone surrogate found\n',/tmp/rhwp_lossy/target/release/rhwp,rhwp v0.7.17,byte_reader_read_utf16_string_from_utf16_lossy,45
UOPKOBSA01_saybrkd,uopkobsa01:2023:162:1400:1434:427,과학기술정보통신부_혁신형 소형모듈원자로(i-SMR) 기술개발사업(R&D).hwp,2023,과학기술정보통신부>과학기술>과학기술연구개발>원자력 진흥>원자력연구개발사업>혁신형 소형모듈원자로(i-SMR) 기술개발사업(R&D),hwp,saybrkd-corpus-20260630/data/openfiscaldata/saybrkd/2023/2023162546011551434427.hwp,True,1238528,ok,31,counted_rhwp_lossy_utf16,,returncode=0; output_head='\n오류: HWP 파싱 실패 - 유효하지 않은 파일: DocInfo 오류: DocInfo IO 오류: UTF-16 디코딩 실패: invalid utf-16: lone surrogate found\n',/tmp/rhwp_lossy/target/release/rhwp,rhwp v0.7.17,byte_reader_read_utf16_string_from_utf16_lossy,67
UOPKOBSA01_saybrkd,uopkobsa01:2023:162:1600:1631:310,과학기술정보통신부_주파수 수급 및 정비체계 구축.hwp,2023,과학기술정보통신부>문화및관광>문화예술>정보통신방송기반조성>주파수활용여건조성>주파수 수급 및 정비체계 구축,hwp,saybrkd-corpus-20260630/data/openfiscaldata/saybrkd/2023/2023162564000611631310.hwp,True,951808,ok,26,counted_rhwp_lossy_utf16,,returncode=0; output_head='\n오류: HWP 파싱 실패 - 유효하지 않은 파일: DocInfo 오류: DocInfo IO 오류: UTF-16 디코딩 실패: invalid utf-16: lone surrogate found\n',/tmp/rhwp_lossy/target/release/rhwp,rhwp v0.7.17,byte_reader_read_utf16_string_from_utf16_lossy,79
UOPKOBSA01_saybrkd,uopkobsa01:2023:162:2400:2431:408,과학기술정보통신부_통신시장 경쟁상황 및 품질평가.hwp,2023,과학기술정보통신부>통신>방송통신>통신정책지원>공정경쟁및이용자보호(방발)>통신시장 경쟁상황 및 품질평가,hwp,saybrkd-corpus-20260630/data/openfiscaldata/saybrkd/2023/2023162564001312431408.hwp,True,343040,ok,16,counted_rhwp_lossy_utf16,,returncode=0; output_head='\n오류: HWP 파싱 실패 - 유효하지 않은 파일: DocInfo 오류: DocInfo IO 오류: UTF-16 디코딩 실패: invalid utf-16: lone surrogate found\n',/tmp/rhwp_lossy/target/release/rhwp,rhwp v0.7.17,byte_reader_read_utf16_string_from_utf16_lossy,27
UOPKOBSA01_saybrkd,uopkobsa01:2023:162:2500:2534:301,과학기술정보통신부_방송통신국가표준화체계구축및활성화(정보화).hwp,2023,과학기술정보통신부>통신>방송통신>전파활용방송서비스산업>전파연구기반조성>방송통신국가표준화체계구축및활성화(정보화),hwp,saybrkd-corpus-20260630/data/openfiscaldata/saybrkd/2023/2023162564001312534301.hwp,True,168960,ok,9,counted_rhwp_lossy_utf16,,returncode=0; output_head='\n오류: HWP 파싱 실패 - 유효하지 않은 파일: DocInfo 오류: DocInfo IO 오류: UTF-16 디코딩 실패: invalid utf-16: lone surrogate found\n',/tmp/rhwp_lossy/target/release/rhwp,rhwp v0.7.17,byte_reader_read_utf16_string_from_utf16_lossy,17
UOPKOBSA01_saybrkd,uopkobsa01:2023:162:2500:2532:301,과학기술정보통신부_주파수회수및재배치손실보상(정보화).hwp,2023,과학기술정보통신부>통신>방송통신>전파활용방송서비스산업>주파수회수및재배치손실보상(방발)>주파수회수및재배치손실보상(정보화),hwp,saybrkd-corpus-20260630/data/openfiscaldata/saybrkd/2023/2023162564001312532301.hwp,True,492544,ok,21,counted_rhwp_lossy_utf16,,returncode=0; output_head='\n오류: HWP 파싱 실패 - 유효하지 않은 파일: DocInfo 오류: DocInfo IO 오류: UTF-16 디코딩 실패: invalid utf-16: lone surrogate found\n',/tmp/rhwp_lossy/target/release/rhwp,rhwp v0.7.17,byte_reader_read_utf16_string_from_utf16_lossy,32
UOPKOBSA01_saybrkd,uopkobsa01:2023:162:2100:2133:305,과학기술정보통신부_민관협력기반ICT스타트업육성(R&D).hwp,2023,과학기술정보통신부>통신>정보통신>정보통신융합산업>ICT사업화지원(방발)>민관협력기반ICT스타트업육성(R&D),hwp,saybrkd-corpus-20260630/data/openfiscaldata/saybrkd/2023/2023162564001332133305.hwp,True,176128,ok,10,counted_rhwp_lossy_utf16,,returncode=0; output_head='\n오류: HWP 파싱 실패 - 유효하지 않은 파일: DocInfo 오류: DocInfo IO 오류: UTF-16 디코딩 실패: invalid utf-16: lone surrogate found\n',/tmp/rhwp_lossy/target/release/rhwp,rhwp v0.7.17,byte_reader_read_utf16_string_from_utf16_lossy,18
UOPKOBSA01_saybrkd,uopkobsa01:2023:162:2000:2032:302,과학기술정보통신부_인터넷 이용환경 고도화(정보화).hwp,2023,과학기술정보통신부>통신>정보통신>인터넷융합산업>인터넷이용환경고도화(방발)>인터넷 이용환경 고도화(정보화),hwp,saybrkd-corpus-20260630/data/openfiscaldata/saybrkd/2023/2023162564001332032302.hwp,True,185856,ok,13,counted_rhwp_lossy_utf16,,returncode=0; output_head='\n오류: HWP 파싱 실패 - 유효하지 않은 파일: DocInfo 오류: DocInfo IO 오류: UTF-16 디코딩 실패: invalid utf-16: lone surrogate found\n',/tmp/rhwp_lossy/target/release/rhwp,rhwp v0.7.17,byte_reader_read_utf16_string_from_utf16_lossy,24
UOPKOBSA01_saybrkd,uopkobsa01:2023:162:2500:2531:301,과학기술정보통신부_복합전파환경에서의국민건강보호기반구축(R&D).hwp,2023,과학기술정보통신부>통신>방송통신>전파활용방송서비스산업>전파방송산업 활성화(방발)>복합전파환경에서의국민건강보호기반구축(R&D),hwp,saybrkd-corpus-20260630/data/openfiscaldata/saybrkd/2023/2023162564001312531301.hwp,True,710656,ok,11,counted_rhwp_lossy_utf16,,returncode=0; output_head='\n오류: HWP 파싱 실패 - 유효하지 않은 파일: DocInfo 오류: DocInfo IO 오류: UTF-16 디코딩 실패: invalid utf-16: lone surrogate found\n',/tmp/rhwp_lossy/target/release/rhwp,rhwp v0.7.17,byte_reader_read_utf16_string_from_utf16_lossy,34
UOPKOBSA01_saybrkd,uopkobsa01:2023:162:2400:2431:302,과학기술정보통신부_공정경쟁 및 이용자보호 환경조성(방발)(정보화).hwp,2023,과학기술정보통신부>통신>방송통신>통신정책지원>공정경쟁및이용자보호(방발)>공정경쟁 및 이용자보호 환경조성(방발)(정보화),hwp,saybrkd-corpus-20260630/data/openfiscaldata/saybrkd/2023/2023162564001312431302.hwp,True,336896,ok,25,counted_rhwp_lossy_utf16,,returncode=0; output_head='\n오류: HWP 파싱 실패 - 유효하지 않은 파일: DocInfo 오류: DocInfo IO 오류: UTF-16 디코딩 실패: invalid utf-16: lone surrogate found\n',/tmp/rhwp_lossy/target/release/rhwp,rhwp v0.7.17,byte_reader_read_utf16_string_from_utf16_lossy,52
UOPKOBSA01_saybrkd,uopkobsa01:2023:162:1400:1434:304,과학기술정보통신부_고리1호기 기기／설비활용 원전 안전기술 실증사업(R&D).hwp,2023,과학기술정보통신부>과학기술>과학기술연구개발>원자력 진흥>원자력연구개발사업>고리1호기 기기/설비활용 원전 안전기술 실증사업(R&D),hwp,saybrkd-corpus-20260630/data/openfiscaldata/saybrkd/2023/2023162546011551434304.hwp,True,1459200,ok,20,counted_rhwp_lossy_utf16,,returncode=0; output_head='\n오류: HWP 파싱 실패 - 유효하지 않은 파일: DocInfo 오류: DocInfo IO 오류: UTF-16 디코딩 실패: invalid utf-16: lone surrogate found\n',/tmp/rhwp_lossy/target/release/rhwp,rhwp v0.7.17,byte_reader_read_utf16_string_from_utf16_lossy,39
UOPKOBSA01_saybrkd,uopkobsa01:2023:162:2000:2032:304,과학기술정보통신부_ICT 진흥 및 혁신 기반조성(R&D).hwp,2023,과학기술정보통신부>통신>정보통신>인터넷융합산업>인터넷이용환경고도화(방발)>ICT 진흥 및 혁신 기반조성(R&D),hwp,saybrkd-corpus-20260630/data/openfiscaldata/saybrkd/2023/2023162564001332032304.hwp,True,176640,ok,12,counted_rhwp_lossy_utf16,,returncode=0; output_head='\n오류: HWP 파싱 실패 - 유효하지 않은 파일: DocInfo 오류: DocInfo IO 오류: UTF-16 디코딩 실패: invalid utf-16: lone surrogate found\n',/tmp/rhwp_lossy/target/release/rhwp,rhwp v0.7.17,byte_reader_read_utf16_string_from_utf16_lossy,34
UOPKOBSA01_saybrkd,uopkobsa01:2023:162:2500:2531:308,과학기술정보통신부_5G와 방송망 연동을 통한 신규미디어서비스 기술개발(R&D).hwp,2023,과학기술정보통신부>통신>방송통신>전파활용방송서비스산업>전파방송산업 활성화(방발)>5G와 방송망 연동을 통한 신규미디어서비스 기술개발(R&D),hwp,saybrkd-corpus-20260630/data/openfiscaldata/saybrkd/2023/2023162564001312531308.hwp,True,2288128,ok,14,counted_rhwp_lossy_utf16,,returncode=0; output_head='\n오류: HWP 파싱 실패 - 유효하지 않은 파일: DocInfo 오류: DocInfo IO 오류: UTF-16 디코딩 실패: invalid utf-16: lone surrogate found\n',/tmp/rhwp_lossy/target/release/rhwp,rhwp v0.7.17,byte_reader_read_utf16_string_from_utf16_lossy,42
UOPKOBSA01_saybrkd,uopkobsa01:2023:162:2100:2132:409,과학기술정보통신부_양자암호통신 집적화 및 전송기술 고도화(R&D).hwp,2023,과학기술정보통신부>통신>정보통신>정보통신융합산업>콘텐츠디바이스기술개발(방발)>양자암호통신 집적화 및 전송기술 고도화(R&D),hwp,saybrkd-corpus-20260630/data/openfiscaldata/saybrkd/2023/2023162564001332132409.hwp,True,916992,ok,11,counted_rhwp_lossy_utf16,,returncode=0; output_head='\n오류: HWP 파싱 실패 - 유효하지 않은 파일: DocInfo 오류: DocInfo IO 오류: UTF-16 디코딩 실패: invalid utf-16: lone surrogate found\n',/tmp/rhwp_lossy/target/release/rhwp,rhwp v0.7.17,byte_reader_read_utf16_string_from_utf16_lossy,27
UOPKOBSA01_saybrkd,uopkobsa01:2023:162:2100:2132:408,과학기술정보통신부_ICT첨단유망기술육성(R&D).hwp,2023,과학기술정보통신부>통신>정보통신>정보통신융합산업>콘텐츠디바이스기술개발(방발)>ICT첨단유망기술육성(R&D),hwp,saybrkd-corpus-20260630/data/openfiscaldata/saybrkd/2023/2023162564001332132408.hwp,True,542208,ok,15,counted_rhwp_lossy_utf16,,returncode=0; output_head='\n오류: HWP 파싱 실패 - 유효하지 않은 파일: DocInfo 오류: DocInfo IO 오류: UTF-16 디코딩 실패: invalid utf-16: lone surrogate found\n',/tmp/rhwp_lossy/target/release/rhwp,rhwp v0.7.17,byte_reader_read_utf16_string_from_utf16_lossy,31
UOPKOBSA01_saybrkd,uopkobsa01:2023:162:2500:2534:302,과학기술정보통신부_밀리미터파적합성평가시험시설구축.hwp,2023,과학기술정보통신부>통신>방송통신>전파활용방송서비스산업>전파연구기반조성>밀리미터파적합성평가시험시설구축,hwp,saybrkd-corpus-20260630/data/openfiscaldata/saybrkd/2023/2023162564001312534302.hwp,True,163840,ok,8,counted_rhwp_lossy_utf16,,returncode=0; output_head='\n오류: HWP 파싱 실패 - 유효하지 않은 파일: DocInfo 오류: DocInfo IO 오류: UTF-16 디코딩 실패: invalid utf-16: lone surrogate found\n',/tmp/rhwp_lossy/target/release/rhwp,rhwp v0.7.17,byte_reader_read_utf16_string_from_utf16_lossy,20
UOPKOBSA01_saybrkd,uopkobsa01:2023:162:2100:2133:304,과학기술정보통신부_정보통신방송혁신인재양성(R&D).hwp,2023,과학기술정보통신부>통신>정보통신>정보통신융합산업>ICT사업화지원(방발)>정보통신방송혁신인재양성(R&D),hwp,saybrkd-corpus-20260630/data/openfiscaldata/saybrkd/2023/2023162564001332133304.hwp,True,278528,ok,36,counted_rhwp_lossy_utf16,,returncode=0; output_head='\n오류: HWP 파싱 실패 - 유효하지 않은 파일: DocInfo 오류: DocInfo IO 오류: UTF-16 디코딩 실패: invalid utf-16: lone surrogate found\n',/tmp/rhwp_lossy/target/release/rhwp,rhwp v0.7.17,byte_reader_read_utf16_string_from_utf16_lossy,24
UOPKOBSA01_saybrkd,uopkobsa01:2023:162:2000:2032:310,과학기술정보통신부_사물인터넷신산업육성선도(정보화).hwp,2023,과학기술정보통신부>통신>정보통신>인터넷융합산업>인터넷이용환경고도화(방발)>사물인터넷신산업육성선도(정보화),hwp,saybrkd-corpus-20260630/data/openfiscaldata/saybrkd/2023/2023162564001332032310.hwp,True,945664,ok,17,counted_rhwp_lossy_utf16,,returncode=0; output_head='\n오류: HWP 파싱 실패 - 유효하지 않은 파일: DocInfo 오류: DocInfo IO 오류: UTF-16 디코딩 실패: invalid utf-16: lone surrogate found\n',/tmp/rhwp_lossy/target/release/rhwp,rhwp v0.7.17,byte_reader_read_utf16_string_from_utf16_lossy,35
UOPKOBSA01_saybrkd,uopkobsa01:2023:162:2000:2032:401,과학기술정보통신부_지능형 초연결망 인프라 기반조성.hwp,2023,과학기술정보통신부>통신>정보통신>인터넷융합산업>인터넷이용환경고도화(방발)>지능형 초연결망 인프라 기반조성,hwp,saybrkd-corpus-20260630/data/openfiscaldata/saybrkd/2023/2023162564001332032401.hwp,True,246784,ok,17,counted_rhwp_lossy_utf16,,returncode=0; output_head='\n오류: HWP 파싱 실패 - 유효하지 않은 파일: DocInfo 오류: DocInfo IO 오류: UTF-16 디코딩 실패: invalid utf-16: lone surrogate found\n',/tmp/rhwp_lossy/target/release/rhwp,rhwp v0.7.17,byte_reader_read_utf16_string_from_utf16_lossy,21
UOPKOBSA01_saybrkd,uopkobsa01:2023:162:2500:2532:302,과학기술정보통신부_산업생활주파수활용기반구축(정보화).hwp,2023,과학기술정보통신부>통신>방송통신>전파활용방송서비스산업>주파수회수및재배치손실보상(방발)>산업생활주파수활용기반구축(정보화),hwp,saybrkd-corpus-20260630/data/openfiscaldata/saybrkd/2023/2023162564001312532302.hwp,True,198656,ok,14,counted_rhwp_lossy_utf16,,returncode=0; output_head='\n오류: HWP 파싱 실패 - 유효하지 않은 파일: DocInfo 오류: DocInfo IO 오류: UTF-16 디코딩 실패: invalid utf-16: lone surrogate found\n',/tmp/rhwp_lossy/target/release/rhwp,rhwp v0.7.17,byte_reader_read_utf16_string_from_utf16_lossy,25
UOPKOBSA01_saybrkd,uopkobsa01:2023:162:2500:2531:302,과학기술정보통신부_방송장비산업인프라구축(정보화).hwp,2023,과학기술정보통신부>통신>방송통신>전파활용방송서비스산업>전파방송산업 활성화(방발)>방송장비산업인프라구축(정보화),hwp,saybrkd-corpus-20260630/data/openfiscaldata/saybrkd/2023/2023162564001312531302.hwp,True,277504,ok,16,counted_rhwp_lossy_utf16,,returncode=0; output_head='\n오류: HWP 파싱 실패 - 유효하지 않은 파일: DocInfo 오류: DocInfo IO 오류: UTF-16 디코딩 실패: invalid utf-16: lone surrogate found\n',/tmp/rhwp_lossy/target/release/rhwp,rhwp v0.7.17,byte_reader_read_utf16_string_from_utf16_lossy,41
UOPKOBSA01_saybrkd,uopkobsa01:2023:162:7600:7602:302,과학기술정보통신부_정보통신기획평가원 기획평가관리비(방발)(R&D).hwp,2023,과학기술정보통신부>통신>정보통신>연구개발기획평가>정보통신 기획평가>정보통신기획평가원 기획평가관리비(방발)(R&D),hwp,saybrkd-corpus-20260630/data/openfiscaldata/saybrkd/2023/2023162564001337602302.hwp,True,176128,ok,8,counted_rhwp_lossy_utf16,,returncode=0; output_head='\n오류: HWP 파싱 실패 - 유효하지 않은 파일: DocInfo 오류: DocInfo IO 오류: UTF-16 디코딩 실패: invalid utf-16: lone surrogate found\n',/tmp/rhwp_lossy/target/release/rhwp,rhwp v0.7.17,byte_reader_read_utf16_string_from_utf16_lossy,16
UOPKOBSA01_saybrkd,uopkobsa01:2023:162:2500:2531:303,과학기술정보통신부_지상파를 활용한 재난경보서비스 도입.hwp,2023,과학기술정보통신부>통신>방송통신>전파활용방송서비스산업>전파방송산업 활성화(방발)>지상파를 활용한 재난경보서비스 도입,hwp,saybrkd-corpus-20260630/data/openfiscaldata/saybrkd/2023/2023162564001312531303.hwp,True,2604544,ok,14,counted_rhwp_lossy_utf16,,returncode=0; output_head='\n오류: HWP 파싱 실패 - 유효하지 않은 파일: DocInfo 오류: DocInfo IO 오류: UTF-16 디코딩 실패: invalid utf-16: lone surrogate found\n',/tmp/rhwp_lossy/target/release/rhwp,rhwp v0.7.17,byte_reader_read_utf16_string_from_utf16_lossy,55
UOPKOBSA01_saybrkd,uopkobsa01:2023:162:2100:2132:301,"과학기술정보통신부_방송통신산업기술개발(R&D,정보화).hwp",2023,"과학기술정보통신부>통신>정보통신>정보통신융합산업>콘텐츠디바이스기술개발(방발)>방송통신산업기술개발(R&D,정보화)",hwp,saybrkd-corpus-20260630/data/openfiscaldata/saybrkd/2023/2023162564001332132301.hwp,True,1238528,ok,20,counted_rhwp_lossy_utf16,,returncode=0; output_head='\n오류: HWP 파싱 실패 - 유효하지 않은 파일: DocInfo 오류: DocInfo IO 오류: UTF-16 디코딩 실패: invalid utf-16: lone surrogate found\n',/tmp/rhwp_lossy/target/release/rhwp,rhwp v0.7.17,byte_reader_read_utf16_string_from_utf16_lossy,58
UOPKOBSA01_saybrkd,uopkobsa01:2023:162:2600:2602:312,과학기술정보통신부_디지털인프라(SW) 진단 및 개선(정보화).hwp,2023,과학기술정보통신부>통신>정보통신>인공지능데이터진흥>AI경쟁력강화(방발)>디지털인프라(SW) 진단 및 개선(정보화),hwp,saybrkd-corpus-20260630/data/openfiscaldata/saybrkd/2023/2023162564001332602312.hwp,True,988672,ok,11,counted_rhwp_lossy_utf16,,returncode=0; output_head='\n오류: HWP 파싱 실패 - 유효하지 않은 파일: DocInfo 오류: DocInfo IO 오류: UTF-16 디코딩 실패: invalid utf-16: lone surrogate found\n',/tmp/rhwp_lossy/target/release/rhwp,rhwp v0.7.17,byte_reader_read_utf16_string_from_utf16_lossy,46
UOPKOBSA01_saybrkd,uopkobsa01:2023:162:2100:2135:301,과학기술정보통신부_한국전자통신연구원연구개발지원(R&D).hwp,2023,과학기술정보통신부>통신>정보통신>정보통신융합산업>출연연 연구개발지원(R&D)>한국전자통신연구원연구개발지원(R&D),hwp,saybrkd-corpus-20260630/data/openfiscaldata/saybrkd/2023/2023162564001332135301.hwp,True,1863680,ok,18,counted_rhwp_lossy_utf16,,returncode=0; output_head='\n오류: HWP 파싱 실패 - 유효하지 않은 파일: DocInfo 오류: DocInfo IO 오류: UTF-16 디코딩 실패: invalid utf-16: lone surrogate found\n',/tmp/rhwp_lossy/target/release/rhwp,rhwp v0.7.17,byte_reader_read_utf16_string_from_utf16_lossy,39
UOPKOBSA01_saybrkd,uopkobsa01:2023:162:2100:2133:301,과학기술정보통신부_ICTR&D혁신바우처지원(R&D).hwp,2023,과학기술정보통신부>통신>정보통신>정보통신융합산업>ICT사업화지원(방발)>ICTR&D혁신바우처지원(R&D),hwp,saybrkd-corpus-20260630/data/openfiscaldata/saybrkd/2023/2023162564001332133301.hwp,True,1566720,ok,15,counted_rhwp_lossy_utf16,,returncode=0; output_head='\n오류: HWP 파싱 실패 - 유효하지 않은 파일: DocInfo 오류: DocInfo IO 오류: UTF-16 디코딩 실패: invalid utf-16: lone surrogate found\n',/tmp/rhwp_lossy/target/release/rhwp,rhwp v0.7.17,byte_reader_read_utf16_string_from_utf16_lossy,43
UOPKOBSA01_saybrkd,uopkobsa01:2025:094:5800:5804:310,산업통상자원부_수소생산기지 구축.hwp,2025,산업통상자원부>산업·중소기업및에너지>에너지및자원개발>에너지기술기반확충>기반구축>수소생산기지 구축,hwp,saybrkd-corpus-20260630/data/openfiscaldata/saybrkd/2025/2025094236011155804310.hwp,True,83968,ok,11,counted_rhwp_lossy_utf16,,returncode=0; output_head='\n오류: HWP 파싱 실패 - 유효하지 않은 파일: DocInfo 오류: DocInfo IO 오류: UTF-16 디코딩 실패: invalid utf-16: lone surrogate found\n',/tmp/rhwp_lossy/target/release/rhwp,rhwp v0.7.17,byte_reader_read_utf16_string_from_utf16_lossy,7
UOPKOBSA01_saybrkd,uopkobsa01:2025:094:5800:5804:301,산업통상자원부_수소생산기지 구축 지원.hwp,2025,산업통상자원부>산업·중소기업및에너지>에너지및자원개발>에너지기술기반확충>기반구축>수소생산기지 구축 지원,hwp,saybrkd-corpus-20260630/data/openfiscaldata/saybrkd/2025/2025094236021155804301.hwp,True,76288,ok,9,counted_rhwp_lossy_utf16,,returncode=0; output_head='\n오류: HWP 파싱 실패 - 유효하지 않은 파일: DocInfo 오류: DocInfo IO 오류: UTF-16 디코딩 실패: invalid utf-16: lone surrogate found\n',/tmp/rhwp_lossy/target/release/rhwp,rhwp v0.7.17,byte_reader_read_utf16_string_from_utf16_lossy,5
UOPKOBSA01_saybrkd,uopkobsa01:2023:162:2600:2604:301,과학기술정보통신부_데이터기반산업경쟁력강화.hwp,2023,과학기술정보통신부>통신>정보통신>인공지능데이터진흥>데이터산업경쟁력강화(방발)>데이터기반산업경쟁력강화,hwp,saybrkd-corpus-20260630/data/openfiscaldata/saybrkd/2023/2023162564001332604301.hwp,True,206336,ok,16,counted_rhwp_lossy_utf16,,returncode=0; output_head='\n오류: HWP 파싱 실패 - 유효하지 않은 파일: DocInfo 오류: DocInfo IO 오류: UTF-16 디코딩 실패: invalid utf-16: lone surrogate found\n',/tmp/rhwp_lossy/target/release/rhwp,rhwp v0.7.17,byte_reader_read_utf16_string_from_utf16_lossy,64
UOPKOBSA01_saybrkd,uopkobsa01:2025:094:5100:5139:301,산업통상자원부_지역에너지절약 시설보조(자율계정).hwp,2025,산업통상자원부>산업·중소기업및에너지>에너지및자원개발>에너지자원정책>에너지이용합리화>지역에너지절약 시설보조(자율계정),hwp,saybrkd-corpus-20260630/data/openfiscaldata/saybrkd/2025/2025094236011155139301.hwp,True,81920,ok,9,counted_rhwp_lossy_utf16,,returncode=0; output_head='\n오류: HWP 파싱 실패 - 유효하지 않은 파일: DocInfo 오류: DocInfo IO 오류: UTF-16 디코딩 실패: invalid utf-16: lone surrogate found\n',/tmp/rhwp_lossy/target/release/rhwp,rhwp v0.7.17,byte_reader_read_utf16_string_from_utf16_lossy,5
UOPKOBSA01_saybrkd,uopkobsa01:2023:162:1400:1434:420,과학기술정보통신부_연구로시스템수출지원기술개발및고도화사업(R&D).hwp,2023,과학기술정보통신부>과학기술>과학기술연구개발>원자력 진흥>원자력연구개발사업>연구로시스템수출지원기술개발및고도화사업(R&D),hwp,saybrkd-corpus-20260630/data/openfiscaldata/saybrkd/2023/2023162546011551434420.hwp,True,6563840,ok,14,counted_rhwp_lossy_utf16,,returncode=0; output_head='\n오류: HWP 파싱 실패 - 유효하지 않은 파일: DocInfo 오류: DocInfo IO 오류: UTF-16 디코딩 실패: invalid utf-16: lone surrogate found\n',/tmp/rhwp_lossy/target/release/rhwp,rhwp v0.7.17,byte_reader_read_utf16_string_from_utf16_lossy,67
UOPKOBSA01_saybrkd,uopkobsa01:2025:094:2700:2733:447,산업통상자원부_인천경제자유구역전시컨벤션센터건립(BTL).hwp,2025,산업통상자원부>산업·중소기업및에너지>산업혁신지원>경제자유구역사업추진>경제자유구역지원>인천경제자유구역전시컨벤션센터건립(BTL),hwp,saybrkd-corpus-20260630/data/openfiscaldata/saybrkd/2025/2025094236021172733447.hwp,True,83456,ok,9,counted_rhwp_lossy_utf16,,returncode=0; output_head='\n오류: HWP 파싱 실패 - 유효하지 않은 파일: DocInfo 오류: DocInfo IO 오류: UTF-16 디코딩 실패: invalid utf-16: lone surrogate found\n',/tmp/rhwp_lossy/target/release/rhwp,rhwp v0.7.17,byte_reader_read_utf16_string_from_utf16_lossy,8
UOPKOBSA01_saybrkd,uopkobsa01:2025:094:3300:3333:301,산업통상자원부_기계방산 제조 디지털전환(DX) 지원센터.hwp,2025,산업통상자원부>산업·중소기업및에너지>산업혁신지원>지역경제활성화>기업입지환경개선>기계방산 제조 디지털전환(DX) 지원센터,hwp,saybrkd-corpus-20260630/data/openfiscaldata/saybrkd/2025/2025094236021173333301.hwp,True,76800,ok,7,counted_rhwp_lossy_utf16,,returncode=0; output_head='\n오류: HWP 파싱 실패 - 유효하지 않은 파일: DocInfo 오류: DocInfo IO 오류: UTF-16 디코딩 실패: invalid utf-16: lone surrogate found\n',/tmp/rhwp_lossy/target/release/rhwp,rhwp v0.7.17,byte_reader_read_utf16_string_from_utf16_lossy,7
UOPKOBSA01_saybrkd,uopkobsa01:2023:162:2500:2534:402,과학기술정보통신부_방송통신정보시스템구축및운영(정보화).hwp,2023,과학기술정보통신부>통신>방송통신>전파활용방송서비스산업>전파연구기반조성>방송통신정보시스템구축및운영(정보화),hwp,saybrkd-corpus-20260630/data/openfiscaldata/saybrkd/2023/2023162564001312534402.hwp,True,3111424,ok,17,counted_rhwp_lossy_utf16,,returncode=0; output_head='\n오류: HWP 파싱 실패 - 유효하지 않은 파일: DocInfo 오류: DocInfo IO 오류: UTF-16 디코딩 실패: invalid utf-16: lone surrogate found\n',/tmp/rhwp_lossy/target/release/rhwp,rhwp v0.7.17,byte_reader_read_utf16_string_from_utf16_lossy,55
UOPKOBSA01_saybrkd,uopkobsa01:2025:094:3300:3333:302,산업통상자원부_제조특화 초거대 제조AI 서비스 개발 및 실증.hwp,2025,산업통상자원부>산업·중소기업및에너지>산업혁신지원>지역경제활성화>기업입지환경개선>제조특화 초거대 제조AI 서비스 개발 및 실증,hwp,saybrkd-corpus-20260630/data/openfiscaldata/saybrkd/2025/2025094236021173333302.hwp,True,77312,ok,7,counted_rhwp_lossy_utf16,,returncode=0; output_head='\n오류: HWP 파싱 실패 - 유효하지 않은 파일: DocInfo 오류: DocInfo IO 오류: UTF-16 디코딩 실패: invalid utf-16: lone surrogate found\n',/tmp/rhwp_lossy/target/release/rhwp,rhwp v0.7.17,byte_reader_read_utf16_string_from_utf16_lossy,4
UOPKOBSA01_saybrkd,uopkobsa01:2025:094:3300:3362:332,산업통상자원부_지방주도형투자일자리지원.hwp,2025,산업통상자원부>산업·중소기업및에너지>산업혁신지원>지역경제활성화>지역산업경쟁력강화>지방주도형투자일자리지원,hwp,saybrkd-corpus-20260630/data/openfiscaldata/saybrkd/2025/2025094236021173362332.hwp,True,88064,ok,10,counted_rhwp_lossy_utf16,,returncode=0; output_head='\n오류: HWP 파싱 실패 - 유효하지 않은 파일: DocInfo 오류: DocInfo IO 오류: UTF-16 디코딩 실패: invalid utf-16: lone surrogate found\n',/tmp/rhwp_lossy/target/release/rhwp,rhwp v0.7.17,byte_reader_read_utf16_string_from_utf16_lossy,6
UOPKOBSA01_saybrkd,uopkobsa01:2025:094:4900:4901:301,산업통상자원부_외국교육연구기관 등 유치지원.hwp,2025,산업통상자원부>산업·중소기업및에너지>산업혁신지원>외국인투자유치활성화>외국인투자유치활성화>외국교육연구기관 등 유치지원,hwp,saybrkd-corpus-20260630/data/openfiscaldata/saybrkd/2025/2025094236021174901301.hwp,True,102400,ok,13,counted_rhwp_lossy_utf16,,returncode=0; output_head='\n오류: HWP 파싱 실패 - 유효하지 않은 파일: DocInfo 오류: DocInfo IO 오류: UTF-16 디코딩 실패: invalid utf-16: lone surrogate found\n',/tmp/rhwp_lossy/target/release/rhwp,rhwp v0.7.17,byte_reader_read_utf16_string_from_utf16_lossy,11
UOPKOBSA01_saybrkd,uopkobsa01:2025:094:3300:3362:316,산업통상자원부_한국산업기술진흥원 기획평가관리비(지특)(R&D).hwp,2025,산업통상자원부>산업·중소기업및에너지>산업혁신지원>지역경제활성화>지역산업경쟁력강화>한국산업기술진흥원 기획평가관리비(지특)(R&D),hwp,saybrkd-corpus-20260630/data/openfiscaldata/saybrkd/2025/2025094236021173362316.hwp,True,75776,ok,7,counted_rhwp_lossy_utf16,,returncode=0; output_head='\n오류: HWP 파싱 실패 - 유효하지 않은 파일: DocInfo 오류: DocInfo IO 오류: UTF-16 디코딩 실패: invalid utf-16: lone surrogate found\n',/tmp/rhwp_lossy/target/release/rhwp,rhwp v0.7.17,byte_reader_read_utf16_string_from_utf16_lossy,6
UOPKOBSA01_saybrkd,uopkobsa01:2025:094:2700:2733:301,산업통상자원부_경제자유구역기획단운영.hwp,2025,산업통상자원부>교통및물류>물류등기타>경제자유구역사업추진>경제자유구역지원>경제자유구역기획단운영,hwp,saybrkd-corpus-20260630/data/openfiscaldata/saybrkd/2025/2025094236021262733301.hwp,True,88576,ok,10,counted_rhwp_lossy_utf16,,returncode=0; output_head='\n오류: HWP 파싱 실패 - 유효하지 않은 파일: DocInfo 오류: DocInfo IO 오류: UTF-16 디코딩 실패: invalid utf-16: lone surrogate found\n',/tmp/rhwp_lossy/target/release/rhwp,rhwp v0.7.17,byte_reader_read_utf16_string_from_utf16_lossy,8
UOPKOBSA01_saybrkd,uopkobsa01:2025:094:3500:3551:366,산업통상자원부_해양부유쓰레기수거처리용친환경(LNG-수소)선박개발 및 실증(R&D).hwp,2025,산업통상자원부>산업·중소기업및에너지>산업혁신지원>주력산업진흥>수송기기기술개발>해양부유쓰레기수거처리용친환경(LNG-수소)선박개발 및 실증(R&D),hwp,saybrkd-corpus-20260630/data/openfiscaldata/saybrkd/2025/2025094236021173551366.hwp,True,322048,ok,13,counted_rhwp_lossy_utf16,,returncode=0; output_head='\n오류: HWP 파싱 실패 - 유효하지 않은 파일: DocInfo 오류: DocInfo IO 오류: UTF-16 디코딩 실패: invalid utf-16: lone surrogate found\n',/tmp/rhwp_lossy/target/release/rhwp,rhwp v0.7.17,byte_reader_read_utf16_string_from_utf16_lossy,8
UOPKOBSA01_saybrkd,uopkobsa01:2025:094:3300:3362:308,산업통상자원부_산업집적지경쟁력강화(R&D).hwp,2025,산업통상자원부>산업·중소기업및에너지>산업혁신지원>지역경제활성화>지역산업경쟁력강화>산업집적지경쟁력강화(R&D),hwp,saybrkd-corpus-20260630/data/openfiscaldata/saybrkd/2025/2025094236021173362308.hwp,True,371712,ok,16,counted_rhwp_lossy_utf16,,returncode=0; output_head='\n오류: HWP 파싱 실패 - 유효하지 않은 파일: DocInfo 오류: DocInfo IO 오류: UTF-16 디코딩 실패: invalid utf-16: lone surrogate found\n',/tmp/rhwp_lossy/target/release/rhwp,rhwp v0.7.17,byte_reader_read_utf16_string_from_utf16_lossy,14
UOPKOBSA01_saybrkd,uopkobsa01:2025:094:4900:4901:304,산업통상자원부_첨단투자지구 활성화를 위한 기반 조성.hwp,2025,산업통상자원부>산업·중소기업및에너지>산업혁신지원>외국인투자유치활성화>외국인투자유치활성화>첨단투자지구 활성화를 위한 기반 조성,hwp,saybrkd-corpus-20260630/data/openfiscaldata/saybrkd/2025/2025094236021174901304.hwp,True,256000,ok,10,counted_rhwp_lossy_utf16,,returncode=0; output_head='\n오류: HWP 파싱 실패 - 유효하지 않은 파일: DocInfo 오류: DocInfo IO 오류: UTF-16 디코딩 실패: invalid utf-16: lone surrogate found\n',/tmp/rhwp_lossy/target/release/rhwp,rhwp v0.7.17,byte_reader_read_utf16_string_from_utf16_lossy,8
UOPKOBSA01_saybrkd,uopkobsa01:2023:162:2400:2433:301,과학기술정보통신부_네트워크 인프라 산업육성(정보화).hwp,2023,과학기술정보통신부>통신>방송통신>통신정책지원>네트워크기반조성>네트워크 인프라 산업육성(정보화),hwp,saybrkd-corpus-20260630/data/openfiscaldata/saybrkd/2023/2023162564001312433301.hwp,True,584704,ok,40,counted_rhwp_lossy_utf16,,returncode=0; output_head='\n오류: HWP 파싱 실패 - 유효하지 않은 파일: DocInfo 오류: DocInfo IO 오류: UTF-16 디코딩 실패: invalid utf-16: lone surrogate found\n',/tmp/rhwp_lossy/target/release/rhwp,rhwp v0.7.17,byte_reader_read_utf16_string_from_utf16_lossy,125
UOPKOBSA01_saybrkd,uopkobsa01:2023:162:2000:2032:305,과학기술정보통신부_초연결 지능형 연구개발망 구축운영(R&D).hwp,2023,과학기술정보통신부>통신>정보통신>인터넷융합산업>인터넷이용환경고도화(방발)>초연결 지능형 연구개발망 구축운영(R&D),hwp,saybrkd-corpus-20260630/data/openfiscaldata/saybrkd/2023/2023162564001332032305.hwp,True,4445696,ok,11,counted_rhwp_lossy_utf16,,returncode=0; output_head='\n오류: HWP 파싱 실패 - 유효하지 않은 파일: DocInfo 오류: DocInfo IO 오류: UTF-16 디코딩 실패: invalid utf-16: lone surrogate found\n',/tmp/rhwp_lossy/target/release/rhwp,rhwp v0.7.17,byte_reader_read_utf16_string_from_utf16_lossy,64
UOPKOBSA01_saybrkd,uopkobsa01:2025:094:3300:3362:319,산업통상자원부_지역혁신클러스터육성.hwp,2025,산업통상자원부>산업·중소기업및에너지>산업혁신지원>지역경제활성화>지역산업경쟁력강화>지역혁신클러스터육성,hwp,saybrkd-corpus-20260630/data/openfiscaldata/saybrkd/2025/2025094236021173362319.hwp,True,256512,ok,12,counted_rhwp_lossy_utf16,,returncode=0; output_head='\n오류: HWP 파싱 실패 - 유효하지 않은 파일: DocInfo 오류: DocInfo IO 오류: UTF-16 디코딩 실패: invalid utf-16: lone surrogate found\n',/tmp/rhwp_lossy/target/release/rhwp,rhwp v0.7.17,byte_reader_read_utf16_string_from_utf16_lossy,12
UOPKOBSA01_saybrkd,uopkobsa01:2025:094:4900:4901:302,산업통상자원부_투자유치기반조성.hwp,2025,산업통상자원부>산업·중소기업및에너지>산업혁신지원>외국인투자유치활성화>외국인투자유치활성화>투자유치기반조성,hwp,saybrkd-corpus-20260630/data/openfiscaldata/saybrkd/2025/2025094236021174901302.hwp,True,447488,ok,18,counted_rhwp_lossy_utf16,,returncode=0; output_head='\n오류: HWP 파싱 실패 - 유효하지 않은 파일: DocInfo 오류: DocInfo IO 오류: UTF-16 디코딩 실패: invalid utf-16: lone surrogate found\n',/tmp/rhwp_lossy/target/release/rhwp,rhwp v0.7.17,byte_reader_read_utf16_string_from_utf16_lossy,14
UOPKOBSA01_saybrkd,uopkobsa01:2025:094:3300:3362:351,산업통상자원부_메가시티협력 첨단산업 육성지원(R&D).hwp,2025,산업통상자원부>산업·중소기업및에너지>산업혁신지원>지역경제활성화>지역산업경쟁력강화>메가시티협력 첨단산업 육성지원(R&D),hwp,saybrkd-corpus-20260630/data/openfiscaldata/saybrkd/2025/2025094236021173362351.hwp,True,443904,ok,11,counted_rhwp_lossy_utf16,,returncode=0; output_head='\n오류: HWP 파싱 실패 - 유효하지 않은 파일: DocInfo 오류: DocInfo IO 오류: UTF-16 디코딩 실패: invalid utf-16: lone surrogate found\n',/tmp/rhwp_lossy/target/release/rhwp,rhwp v0.7.17,byte_reader_read_utf16_string_from_utf16_lossy,11
UOPKOBSA01_saybrkd,uopkobsa01:2025:094:3300:3334:151,산업통상자원부_지방시대위원회인건비.hwp,2025,산업통상자원부>산업·중소기업및에너지>산업혁신지원>지역경제활성화>지방시대위원회운영>지방시대위원회인건비,hwp,saybrkd-corpus-20260630/data/openfiscaldata/saybrkd/2025/2025094236021173334151.hwp,True,69120,ok,6,counted_rhwp_lossy_utf16,,returncode=0; output_head='\n오류: HWP 파싱 실패 - 유효하지 않은 파일: DocInfo 오류: DocInfo IO 오류: UTF-16 디코딩 실패: invalid utf-16: lone surrogate found\n',/tmp/rhwp_lossy/target/release/rhwp,rhwp v0.7.17,byte_reader_read_utf16_string_from_utf16_lossy,4
UOPKOBSA01_saybrkd,uopkobsa01:2025:094:2700:2733:409,산업통상자원부_기타 기반시설 지원.hwp,2025,산업통상자원부>교통및물류>물류등기타>경제자유구역사업추진>경제자유구역지원>기타 기반시설 지원,hwp,saybrkd-corpus-20260630/data/openfiscaldata/saybrkd/2025/2025094236021262733409.hwp,True,89600,ok,14,counted_rhwp_lossy_utf16,,returncode=0; output_head='\n오류: HWP 파싱 실패 - 유효하지 않은 파일: DocInfo 오류: DocInfo IO 오류: UTF-16 디코딩 실패: invalid utf-16: lone surrogate found\n',/tmp/rhwp_lossy/target/release/rhwp,rhwp v0.7.17,byte_reader_read_utf16_string_from_utf16_lossy,8
UOPKOBSA01_saybrkd,uopkobsa01:2025:094:3300:3362:301,산업통상자원부_지역혁신클러스터육성(R&D).hwp,2025,산업통상자원부>산업·중소기업및에너지>산업혁신지원>지역경제활성화>지역산업경쟁력강화>지역혁신클러스터육성(R&D),hwp,saybrkd-corpus-20260630/data/openfiscaldata/saybrkd/2025/2025094236021173362301.hwp,True,260608,ok,14,counted_rhwp_lossy_utf16,,returncode=0; output_head='\n오류: HWP 파싱 실패 - 유효하지 않은 파일: DocInfo 오류: DocInfo IO 오류: UTF-16 디코딩 실패: invalid utf-16: lone surrogate found\n',/tmp/rhwp_lossy/target/release/rhwp,rhwp v0.7.17,byte_reader_read_utf16_string_from_utf16_lossy,11
UOPKOBSA01_saybrkd,uopkobsa01:2025:094:3300:3362:301,산업통상자원부_지역혁신클러스터육성(R&D)(세종).hwp,2025,산업통상자원부>산업·중소기업및에너지>산업혁신지원>지역경제활성화>지역산업경쟁력강화>지역혁신클러스터육성(R&D)(세종),hwp,saybrkd-corpus-20260630/data/openfiscaldata/saybrkd/2025/2025094236041173362301.hwp,True,259584,ok,14,counted_rhwp_lossy_utf16,,returncode=0; output_head='\n오류: HWP 파싱 실패 - 유효하지 않은 파일: DocInfo 오류: DocInfo IO 오류: UTF-16 디코딩 실패: invalid utf-16: lone surrogate found\n',/tmp/rhwp_lossy/target/release/rhwp,rhwp v0.7.17,byte_reader_read_utf16_string_from_utf16_lossy,11
UOPKOBSA01_saybrkd,uopkobsa01:2025:094:2700:2733:415,산업통상자원부_주요기반시설지원.hwp,2025,산업통상자원부>교통및물류>물류등기타>경제자유구역사업추진>경제자유구역지원>주요기반시설지원,hwp,saybrkd-corpus-20260630/data/openfiscaldata/saybrkd/2025/2025094236021262733415.hwp,True,89600,ok,13,counted_rhwp_lossy_utf16,,returncode=0; output_head='\n오류: HWP 파싱 실패 - 유효하지 않은 파일: DocInfo 오류: DocInfo IO 오류: UTF-16 디코딩 실패: invalid utf-16: lone surrogate found\n',/tmp/rhwp_lossy/target/release/rhwp,rhwp v0.7.17,byte_reader_read_utf16_string_from_utf16_lossy,6
UOPKOBSA01_saybrkd,uopkobsa01:2025:094:3300:3372:301,산업통상자원부_지역혁신클러스터육성(R&D)(제주).hwp,2025,산업통상자원부>산업·중소기업및에너지>산업혁신지원>지역경제활성화>지역산업경쟁력강화>지역혁신클러스터육성(R&D)(제주),hwp,saybrkd-corpus-20260630/data/openfiscaldata/saybrkd/2025/2025094236031173372301.hwp,True,259584,ok,14,counted_rhwp_lossy_utf16,,returncode=0; output_head='\n오류: HWP 파싱 실패 - 유효하지 않은 파일: DocInfo 오류: DocInfo IO 오류: UTF-16 디코딩 실패: invalid utf-16: lone surrogate found\n',/tmp/rhwp_lossy/target/release/rhwp,rhwp v0.7.17,byte_reader_read_utf16_string_from_utf16_lossy,17
UOPKOBSA01_saybrkd,uopkobsa01:2025:094:3300:3363:306,산업통상자원부_지역투자촉진.hwp,2025,산업통상자원부>산업·중소기업및에너지>산업혁신지원>지역경제활성화>지역투자유치활성화>지역투자촉진,hwp,saybrkd-corpus-20260630/data/openfiscaldata/saybrkd/2025/2025094236021173363306.hwp,True,84992,ok,8,counted_rhwp_lossy_utf16,,returncode=0; output_head='\n오류: HWP 파싱 실패 - 유효하지 않은 파일: DocInfo 오류: DocInfo IO 오류: UTF-16 디코딩 실패: invalid utf-16: lone surrogate found\n',/tmp/rhwp_lossy/target/release/rhwp,rhwp v0.7.17,byte_reader_read_utf16_string_from_utf16_lossy,7
UOPKOBSA01_saybrkd,uopkobsa01:2025:094:3300:3375:345,산업통상자원부_스마트특성화기반구축(R&D)(제주).hwp,2025,산업통상자원부>산업·중소기업및에너지>산업혁신지원>지역경제활성화>지역산업거점기관지원>스마트특성화기반구축(R&D)(제주),hwp,saybrkd-corpus-20260630/data/openfiscaldata/saybrkd/2025/2025094236031173375345.hwp,True,324608,ok,12,counted_rhwp_lossy_utf16,,returncode=0; output_head='\n오류: HWP 파싱 실패 - 유효하지 않은 파일: DocInfo 오류: DocInfo IO 오류: UTF-16 디코딩 실패: invalid utf-16: lone surrogate found\n',/tmp/rhwp_lossy/target/release/rhwp,rhwp v0.7.17,byte_reader_read_utf16_string_from_utf16_lossy,7
UOPKOBSA01_saybrkd,uopkobsa01:2023:162:2200:2233:302,과학기술정보통신부_SW산업기반확충.hwp,2023,과학기술정보통신부>통신>정보통신>SW산업진흥>SW산업경쟁력강화(정진)>SW산업기반확충,hwp,saybrkd-corpus-20260630/data/openfiscaldata/saybrkd/2023/2023162543001332233302.hwp,True,1567232,ok,38,counted_rhwp_lossy_utf16,,returncode=0; output_head='\n오류: HWP 파싱 실패 - 유효하지 않은 파일: DocInfo 오류: DocInfo IO 오류: UTF-16 디코딩 실패: invalid utf-16: lone surrogate found\n',/tmp/rhwp_lossy/target/release/rhwp,rhwp v0.7.17,byte_reader_read_utf16_string_from_utf16_lossy,187
UOPKOBSA01_saybrkd,uopkobsa01:2025:094:3500:3535:301,산업통상자원부_생활산업경쟁력강화.hwp,2025,산업통상자원부>산업·중소기업및에너지>산업혁신지원>주력산업진흥>섬유패션생활용품산업육성>생활산업경쟁력강화,hwp,saybrkd-corpus-20260630/data/openfiscaldata/saybrkd/2025/2025094236021173535301.hwp,True,86528,ok,12,counted_rhwp_lossy_utf16,,returncode=0; output_head='\n오류: HWP 파싱 실패 - 유효하지 않은 파일: DocInfo 오류: DocInfo IO 오류: UTF-16 디코딩 실패: invalid utf-16: lone surrogate found\n',/tmp/rhwp_lossy/target/release/rhwp,rhwp v0.7.17,byte_reader_read_utf16_string_from_utf16_lossy,8
UOPKOBSA01_saybrkd,uopkobsa01:2025:094:2700:2733:302,산업통상자원부_구역청투자유치지원.hwp,2025,산업통상자원부>교통및물류>물류등기타>경제자유구역사업추진>경제자유구역지원>구역청투자유치지원,hwp,saybrkd-corpus-20260630/data/openfiscaldata/saybrkd/2025/2025094236021262733302.hwp,True,89600,ok,11,counted_rhwp_lossy_utf16,,returncode=0; output_head='\n오류: HWP 파싱 실패 - 유효하지 않은 파일: DocInfo 오류: DocInfo IO 오류: UTF-16 디코딩 실패: invalid utf-16: lone surrogate found\n',/tmp/rhwp_lossy/target/release/rhwp,rhwp v0.7.17,byte_reader_read_utf16_string_from_utf16_lossy,9
UOPKOBSA01_saybrkd,uopkobsa01:2025:094:3300:3363:307,산업통상자원부_지역투자촉진(세종).hwp,2025,산업통상자원부>산업·중소기업및에너지>산업혁신지원>지역경제활성화>지역투자유치활성화>지역투자촉진(세종),hwp,saybrkd-corpus-20260630/data/openfiscaldata/saybrkd/2025/2025094236041173363307.hwp,True,75776,ok,8,counted_rhwp_lossy_utf16,,returncode=0; output_head='\n오류: HWP 파싱 실패 - 유효하지 않은 파일: DocInfo 오류: DocInfo IO 오류: UTF-16 디코딩 실패: invalid utf-16: lone surrogate found\n',/tmp/rhwp_lossy/target/release/rhwp,rhwp v0.7.17,byte_reader_read_utf16_string_from_utf16_lossy,6
UOPKOBSA01_saybrkd,uopkobsa01:2025:094:1100:1139:301,산업통상자원부_지역전문가양성및공급.hwp,2025,산업통상자원부>산업·중소기업및에너지>무역및투자유치>무역진흥>수출역량강화>지역전문가양성및공급,hwp,saybrkd-corpus-20260630/data/openfiscaldata/saybrkd/2025/2025094239001131139301.hwp,True,82432,ok,14,counted_rhwp_lossy_utf16,,returncode=0; output_head='\n오류: HWP 파싱 실패 - 유효하지 않은 파일: DocInfo 오류: DocInfo IO 오류: UTF-16 디코딩 실패: invalid utf-16: lone surrogate found\n',/tmp/rhwp_lossy/target/release/rhwp,rhwp v0.7.17,byte_reader_read_utf16_string_from_utf16_lossy,7
UOPKOBSA01_saybrkd,uopkobsa01:2025:094:3300:3362:301,산업통상자원부_산학융합지구조성사업.hwp,2025,산업통상자원부>산업·중소기업및에너지>산업혁신지원>지역경제활성화>지역산업경쟁력강화>산학융합지구조성사업,hwp,saybrkd-corpus-20260630/data/openfiscaldata/saybrkd/2025/2025094239001173362301.hwp,True,100864,ok,11,counted_rhwp_lossy_utf16,,returncode=0; output_head='\n오류: HWP 파싱 실패 - 유효하지 않은 파일: DocInfo 오류: DocInfo IO 오류: UTF-16 디코딩 실패: invalid utf-16: lone surrogate found\n',/tmp/rhwp_lossy/target/release/rhwp,rhwp v0.7.17,byte_reader_read_utf16_string_from_utf16_lossy,7
UOPKOBSA01_saybrkd,uopkobsa01:2025:094:3300:3362:305,산업통상자원부_지역균형발전지원.hwp,2025,산업통상자원부>산업·중소기업및에너지>산업혁신지원>지역경제활성화>지역산업경쟁력강화>지역균형발전지원,hwp,saybrkd-corpus-20260630/data/openfiscaldata/saybrkd/2025/2025094236021173362305.hwp,True,155136,ok,28,counted_rhwp_lossy_utf16,,returncode=0; output_head='\n오류: HWP 파싱 실패 - 유효하지 않은 파일: DocInfo 오류: DocInfo IO 오류: UTF-16 디코딩 실패: invalid utf-16: lone surrogate found\n',/tmp/rhwp_lossy/target/release/rhwp,rhwp v0.7.17,byte_reader_read_utf16_string_from_utf16_lossy,22
UOPKOBSA01_saybrkd,uopkobsa01:2025:094:5100:5139:301,산업통상자원부_지역에너지절약 시설보조(제주).hwp,2025,산업통상자원부>산업·중소기업및에너지>에너지및자원개발>에너지자원정책>에너지이용합리화>지역에너지절약 시설보조(제주),hwp,saybrkd-corpus-20260630/data/openfiscaldata/saybrkd/2025/2025094236031155139301.hwp,True,81408,ok,9,counted_rhwp_lossy_utf16,,returncode=0; output_head='\n오류: HWP 파싱 실패 - 유효하지 않은 파일: DocInfo 오류: DocInfo IO 오류: UTF-16 디코딩 실패: invalid utf-16: lone surrogate found\n',/tmp/rhwp_lossy/target/release/rhwp,rhwp v0.7.17,byte_reader_read_utf16_string_from_utf16_lossy,7
UOPKOBSA01_saybrkd,uopkobsa01:2025:094:3300:3333:305,산업통상자원부_산업단지환경조성.hwp,2025,산업통상자원부>산업·중소기업및에너지>산업혁신지원>지역경제활성화>기업입지환경개선>산업단지환경조성,hwp,saybrkd-corpus-20260630/data/openfiscaldata/saybrkd/2025/2025094236021173333305.hwp,True,125952,ok,19,counted_rhwp_lossy_utf16,,returncode=0; output_head='\n오류: HWP 파싱 실패 - 유효하지 않은 파일: DocInfo 오류: DocInfo IO 오류: UTF-16 디코딩 실패: invalid utf-16: lone surrogate found\n',/tmp/rhwp_lossy/target/release/rhwp,rhwp v0.7.17,byte_reader_read_utf16_string_from_utf16_lossy,17
UOPKOBSA01_saybrkd,uopkobsa01:2023:162:2500:2534:303,과학기술정보통신부_우주전파환경 관측 인프라 고도화.hwp,2023,과학기술정보통신부>통신>방송통신>전파활용방송서비스산업>전파연구기반조성>우주전파환경 관측 인프라 고도화,hwp,saybrkd-corpus-20260630/data/openfiscaldata/saybrkd/2023/2023162564001312534303.hwp,True,6118912,ok,18,counted_rhwp_lossy_utf16,,returncode=0; output_head='\n오류: HWP 파싱 실패 - 유효하지 않은 파일: DocInfo 오류: DocInfo IO 오류: UTF-16 디코딩 실패: invalid utf-16: lone surrogate found\n',/tmp/rhwp_lossy/target/release/rhwp,rhwp v0.7.17,byte_reader_read_utf16_string_from_utf16_lossy,81
UOPKOBSA01_saybrkd,uopkobsa01:2025:094:3300:3365:345,산업통상자원부_스마트특성화 기반구축(R&D).hwp,2025,산업통상자원부>산업·중소기업및에너지>산업혁신지원>지역경제활성화>지역산업거점기관지원>스마트특성화 기반구축(R&D),hwp,saybrkd-corpus-20260630/data/openfiscaldata/saybrkd/2025/2025094236021173365345.hwp,True,330752,ok,16,counted_rhwp_lossy_utf16,,returncode=0; output_head='\n오류: HWP 파싱 실패 - 유효하지 않은 파일: DocInfo 오류: DocInfo IO 오류: UTF-16 디코딩 실패: invalid utf-16: lone surrogate found\n',/tmp/rhwp_lossy/target/release/rhwp,rhwp v0.7.17,byte_reader_read_utf16_string_from_utf16_lossy,11
UOPKOBSA01_saybrkd,uopkobsa01:2025:094:3300:3334:302,산업통상자원부_지방시대위원회지원.hwp,2025,산업통상자원부>산업·중소기업및에너지>산업혁신지원>지역경제활성화>지방시대위원회운영>지방시대위원회지원,hwp,saybrkd-corpus-20260630/data/openfiscaldata/saybrkd/2025/2025094236021173334302.hwp,True,85504,ok,12,counted_rhwp_lossy_utf16,,returncode=0; output_head='\n오류: HWP 파싱 실패 - 유효하지 않은 파일: DocInfo 오류: DocInfo IO 오류: UTF-16 디코딩 실패: invalid utf-16: lone surrogate found\n',/tmp/rhwp_lossy/target/release/rhwp,rhwp v0.7.17,byte_reader_read_utf16_string_from_utf16_lossy,22
UOPKOBSA01_saybrkd,uopkobsa01:2023:162:1600:1632:308,과학기술정보통신부_전파기반 신산업 창출 및 중소기업 육성.hwp,2023,과학기술정보통신부>문화및관광>문화예술>정보통신방송기반조성>전파방송산업 활성화>전파기반 신산업 창출 및 중소기업 육성,hwp,saybrkd-corpus-20260630/data/openfiscaldata/saybrkd/2023/2023162564000611632308.hwp,True,17539584,ok,41,counted_rhwp_lossy_utf16,,returncode=0; output_head='\n오류: HWP 파싱 실패 - 유효하지 않은 파일: DocInfo 오류: DocInfo IO 오류: UTF-16 디코딩 실패: invalid utf-16: lone surrogate found\n',/tmp/rhwp_lossy/target/release/rhwp,rhwp v0.7.17,byte_reader_read_utf16_string_from_utf16_lossy,163
UOPKOBSA01_saybrkd,uopkobsa01:2023:162:2500:2533:411,과학기술정보통신부_전파교란국가대응체계구축및고도화사업.hwp,2023,과학기술정보통신부>통신>방송통신>전파활용방송서비스산업>전파이용질서확립(방발)>전파교란국가대응체계구축및고도화사업,hwp,saybrkd-corpus-20260630/data/openfiscaldata/saybrkd/2023/2023162564001312533411.hwp,True,7325184,ok,25,counted_rhwp_lossy_utf16,,returncode=0; output_head='\n오류: HWP 파싱 실패 - 유효하지 않은 파일: DocInfo 오류: DocInfo IO 오류: UTF-16 디코딩 실패: invalid utf-16: lone surrogate found\n',/tmp/rhwp_lossy/target/release/rhwp,rhwp v0.7.17,byte_reader_read_utf16_string_from_utf16_lossy,103
UOPKOBSA01_saybrkd,uopkobsa01:2023:162:1200:1232:303,과학기술정보통신부_개도국 정보통신방송 개발협력지원(ODA).hwp,2023,과학기술정보통신부>문화및관광>문화예술>정보통신방송국제협력>방송통신서비스해외진출>개도국 정보통신방송 개발협력지원(ODA),hwp,saybrkd-corpus-20260630/data/openfiscaldata/saybrkd/2023/2023162564000611232303.hwp,True,4972544,ok,38,counted_rhwp_lossy_utf16,,returncode=0; output_head='\n오류: HWP 파싱 실패 - 유효하지 않은 파일: DocInfo 오류: DocInfo IO 오류: UTF-16 디코딩 실패: invalid utf-16: lone surrogate found\n',/tmp/rhwp_lossy/target/release/rhwp,rhwp v0.7.17,byte_reader_read_utf16_string_from_utf16_lossy,110
UOPKOBSA01_saybrkd,uopkobsa01:2023:162:2600:2602:311,과학기술정보통신부_클라우드컴퓨팅산업육성(정보화).hwp,2023,과학기술정보통신부>통신>정보통신>인공지능데이터진흥>AI경쟁력강화(방발)>클라우드컴퓨팅산업육성(정보화),hwp,saybrkd-corpus-20260630/data/openfiscaldata/saybrkd/2023/2023162564001332602311.hwp,True,4998144,ok,24,counted_rhwp_lossy_utf16,,returncode=0; output_head='\n오류: HWP 파싱 실패 - 유효하지 않은 파일: DocInfo 오류: DocInfo IO 오류: UTF-16 디코딩 실패: invalid utf-16: lone surrogate found\n',/tmp/rhwp_lossy/target/release/rhwp,rhwp v0.7.17,byte_reader_read_utf16_string_from_utf16_lossy,100
UOPKOBSA01_saybrkd,uopkobsa01:2023:162:1100:1131:301,과학기술정보통신부_방송콘텐츠 진흥.hwp,2023,과학기술정보통신부>문화및관광>문화예술>콘텐츠방송산업육성>방송통신콘텐츠진흥>방송콘텐츠 진흥,hwp,saybrkd-corpus-20260630/data/openfiscaldata/saybrkd/2023/2023162564000611131301.hwp,True,21744640,ok,46,counted_rhwp_lossy_utf16,,returncode=0; output_head='\n오류: HWP 파싱 실패 - 유효하지 않은 파일: DocInfo 오류: DocInfo IO 오류: UTF-16 디코딩 실패: invalid utf-16: lone surrogate found\n',/tmp/rhwp_lossy/target/release/rhwp,rhwp v0.7.17,byte_reader_read_utf16_string_from_utf16_lossy,275
UOPKOBSA01_saybrkd,uopkobsa01:2023:162:1600:1640:300,과학기술정보통신부_국제과학비즈니스벨트조성(R&D).hwp,2023,과학기술정보통신부>과학기술>과학기술연구지원>과학기술기반조성>국제과학비즈니스벨트조성>국제과학비즈니스벨트조성(R&D),hwp,saybrkd-corpus-20260630/data/openfiscaldata/saybrkd/2023/2023162110001521640300.hwp,True,95470080,ok,38,counted_rhwp_lossy_utf16,,returncode=0; output_head='\n오류: HWP 파싱 실패 - 유효하지 않은 파일: DocInfo 오류: DocInfo IO 오류: UTF-16 디코딩 실패: invalid utf-16: lone surrogate found\n',/tmp/rhwp_lossy/target/release/rhwp,rhwp v0.7.17,byte_reader_read_utf16_string_from_utf16_lossy,275
